direction,seed,model,case_id,lineage,true,pred
TCGA_to_CPTAC,11,coral_pca_hgb,ee6a535c-2e04-4bd8-9031-b47c8c8147b0,LUAD,5.537334267018537,5.239353345381032
TCGA_to_CPTAC,11,coral_pca_hgb,31934600-36d6-40eb-88bf-31daa639d039,UCEC,4.060443010546419,4.440886467205236
TCGA_to_CPTAC,11,coral_pca_hgb,fecd8f3c-cbd8-4338-a37e-feca7c6c6fa9,STAD,3.784189633918261,3.3695812241481273
TCGA_to_CPTAC,11,coral_pca_hgb,74efa0d9-d95e-4192-804e-cbbc3ad6f362,STAD,5.030437921392435,4.331863230983919
TCGA_to_CPTAC,11,coral_pca_hgb,068174d5-0001-421a-bec9-80f2519051d4,LUAD,3.688879454113936,3.2857139785030762
TCGA_to_CPTAC,11,coral_pca_hgb,5a88652c-cc2f-44c8-9e61-e89d46222743,KIRC,4.290459441148391,3.591566301682969
TCGA_to_CPTAC,11,coral_pca_hgb,da1fdb3c-3031-4072-8ca8-96f1729ac276,PAAD,3.784189633918261,3.5142170111769464
TCGA_to_CPTAC,11,coral_pca_hgb,b13078a6-3fef-4cde-82dd-87293145e7fb,SKCM,5.332718793265369,4.769360561298545
TCGA_to_CPTAC,11,coral_pca_hgb,55fd764e-86cd-4b01-a229-16d050dc2f42,LUAD,2.8903717578961645,4.162880342059422
TCGA_to_CPTAC,11,coral_pca_hgb,3a3096e8-b39e-4fab-b4fd-817b47ebcbfe,SKCM,5.429345628954441,4.886892458047939
TCGA_to_CPTAC,11,coral_pca_hgb,640401d4-b2fe-44e7-8274-2da074008d33,PAAD,3.688879454113936,2.9919017601612095
TCGA_to_CPTAC,11,coral_pca_hgb,67e289f3-5395-4f2c-b1d2-344bd988b92a,KIRC,3.58351893845611,3.3312671746674343
TCGA_to_CPTAC,11,coral_pca_hgb,806e0d02-98db-4d71-80bf-be2bf96c37f5,STAD,4.465908118654584,4.495622147976174
TCGA_to_CPTAC,11,coral_pca_hgb,2573f4bb-998a-4424-b241-3ada0627a92e,GBM,4.007333185232471,3.915558299166754
TCGA_to_CPTAC,11,coral_pca_hgb,5705efcc-b48f-435c-8a28-9e0d407ecadd,UCEC,3.737669618283368,4.695982406790437
TCGA_to_CPTAC,11,coral_pca_hgb,1adb616b-b665-4c33-8a8e-f7578210d6ba,LAML,1.6094379124341005,2.8828788324915284
TCGA_to_CPTAC,11,coral_pca_hgb,7f7ef420-a91c-41ce-896a-c9578d6bfc19,UCEC,8.24380842366528,4.903865678358648
TCGA_to_CPTAC,11,coral_pca_hgb,bc56ad74-5819-4adf-9236-97e41819bcd7,STAD,3.912023005428146,4.529987580852133
TCGA_to_CPTAC,11,coral_pca_hgb,b433f833-ac58-4092-b0e7-79ac3dd04019,UCEC,3.688879454113936,4.608082226166786
TCGA_to_CPTAC,11,coral_pca_hgb,73dc07fe-554e-4236-a927-1ed9fe86a6c5,KIRC,3.610917912644224,3.9666018971958152
TCGA_to_CPTAC,11,coral_pca_hgb,6ccd405f-3fbc-4db4-86b9-90b11e1e745b,KIRC,3.091042453358316,2.9882044826403558
TCGA_to_CPTAC,11,coral_pca_hgb,bd2dab4e-ee4b-4477-af13-ecfccb9c3523,LUAD,4.060443010546419,5.006930053677016
TCGA_to_CPTAC,11,coral_pca_hgb,deebd369-6b93-4704-9288-b4ee8e737eaf,KIRC,2.70805020110221,3.2059386169138206
TCGA_to_CPTAC,11,coral_pca_hgb,21b90e4b-f173-4fb6-b702-5c00d2d3ca46,UCEC,3.5263605246161616,3.9278770778623993
TCGA_to_CPTAC,11,coral_pca_hgb,70715733-5926-4c67-96d4-7d46e0dd2d65,STAD,5.43372200355424,4.576135264378284
TCGA_to_CPTAC,11,coral_pca_hgb,baf87a40-f648-4491-b84f-53284a654d76,LUAD,4.060443010546419,4.688439970707917
TCGA_to_CPTAC,11,coral_pca_hgb,dd0b8083-0403-4334-9f3e-04c8cd9ab108,PAAD,3.6375861597263857,3.5500394707638705
TCGA_to_CPTAC,11,coral_pca_hgb,94661b36-0cc8-4541-a160-a508c384a0b9,UCEC,6.175867270105761,6.255815622316055
TCGA_to_CPTAC,11,coral_pca_hgb,a9a75565-4e4d-4fe1-8775-a51bc98418b5,LUAD,5.225746673713202,4.617158866065386
TCGA_to_CPTAC,11,coral_pca_hgb,860584c4-94e9-455b-96c0-833414095091,LUAD,3.970291913552122,5.013220784839543
TCGA_to_CPTAC,11,coral_pca_hgb,a2a050e0-23b8-45ae-888e-010874616996,LUAD,3.912023005428146,4.014516825627377
TCGA_to_CPTAC,11,coral_pca_hgb,12293b79-43ca-4bb5-9045-ccdf2e232e1e,LAML,2.079441541679836,3.0711683908623852
TCGA_to_CPTAC,11,coral_pca_hgb,e1bd6dfa-0567-46e7-991c-63eefaf5bd7a,GBM,3.6635616461296463,4.0494685771276355
TCGA_to_CPTAC,11,coral_pca_hgb,3ef461af-dc04-4186-948d-64919cd2ce5a,SKCM,5.44673737166631,3.9001493899054376
TCGA_to_CPTAC,11,coral_pca_hgb,f654095f-1ee8-48bf-b679-87a9824e95f6,SKCM,4.68213122712422,4.539682458790098
TCGA_to_CPTAC,11,coral_pca_hgb,83cb7840-8d02-408d-a7c2-b446f991cfa3,KIRC,4.382026634673881,4.076694863250045
TCGA_to_CPTAC,11,coral_pca_hgb,94cbe28d-112e-435a-914a-b15b8024801c,LAML,2.19722457733622,2.4849032310555965
TCGA_to_CPTAC,11,coral_pca_hgb,da025419-688f-4ec3-b06e-17c8b1236f65,LUAD,7.00033446027523,5.549981995072109
TCGA_to_CPTAC,11,coral_pca_hgb,7122b61f-7819-444a-8785-5a861c798839,LAML,1.0986122886681096,2.494261244260356
TCGA_to_CPTAC,11,coral_pca_hgb,3569f880-3672-4b78-b675-c1c2c0a43d1a,PAAD,3.828641396489095,3.84833958866822
TCGA_to_CPTAC,11,coral_pca_hgb,6f288d20-3ebf-4aef-9803-94ecf17d2afe,LAML,1.791759469228055,1.4713917324396582
TCGA_to_CPTAC,11,coral_pca_hgb,a587c48a-28fb-43b2-8b6c-90218f864f26,KIRC,3.688879454113936,3.7816035807147808
TCGA_to_CPTAC,11,coral_pca_hgb,9515599a-b3f8-4a11-b9ae-ba2f2c291396,LAML,2.079441541679836,1.824998501131836
TCGA_to_CPTAC,11,coral_pca_hgb,a4359891-3763-41c7-b973-7843952f03d8,UCEC,6.455198563340122,5.913537376566722
TCGA_to_CPTAC,11,coral_pca_hgb,2806de44-6c61-4375-a632-4874b5172269,LUAD,5.123963979403259,4.511052475166428
TCGA_to_CPTAC,11,coral_pca_hgb,c162cd70-4f27-4361-94f5-882259f41522,LUAD,5.634789603169249,4.240689970845482
TCGA_to_CPTAC,11,coral_pca_hgb,b201a4f3-ec74-473b-b945-1e0bd7a380e1,LAML,0.0,1.3161038742991875
TCGA_to_CPTAC,11,coral_pca_hgb,000ead0d-abf5-4606-be04-1ea31b999840,KIRC,4.04305126783455,3.6591774893140103
TCGA_to_CPTAC,11,coral_pca_hgb,56405df5-417b-461e-9ee4-6b439f798628,GBM,3.7612001156935615,4.204387285491636
TCGA_to_CPTAC,11,coral_pca_hgb,8eb888ed-42e4-4109-8636-4e43503728d9,KIRC,4.394449154672439,3.954150277025481
TCGA_to_CPTAC,11,coral_pca_hgb,ad24d74d-bb4a-47d8-abb2-23a686c5a9f0,STAD,5.407171771460119,4.67624325867099
TCGA_to_CPTAC,11,coral_pca_hgb,ac8e2fc8-bc1d-4f27-ab22-8aad40059bbf,UCEC,2.5649493574615367,3.5836735482824715
TCGA_to_CPTAC,11,coral_pca_hgb,ee230fa2-b736-4609-9693-6893f847b088,LAML,0.0,2.4039049183355914
TCGA_to_CPTAC,11,coral_pca_hgb,ec361919-69f8-4f31-b9cb-c6ee3978e4db,LAML,0.6931471805599453,1.5710351797792774
TCGA_to_CPTAC,11,coral_pca_hgb,2185a81c-d225-4aa6-95e5-b3dcfd4ebe99,SKCM,5.828945617610208,4.4869371788846335
TCGA_to_CPTAC,11,coral_pca_hgb,0ca627b8-1b3f-4bf3-9626-1129fbe0b59d,UCEC,3.555348061489413,4.405764661031403
TCGA_to_CPTAC,11,coral_pca_hgb,decd7489-bb2e-44a2-b934-2f962c5a7f41,LUAD,4.532599493153256,3.750278017144244
TCGA_to_CPTAC,11,coral_pca_hgb,a8497a35-c24a-4068-8bd7-3766503b5514,LAML,2.8903717578961645,1.5401419219468273
TCGA_to_CPTAC,11,coral_pca_hgb,71d68d14-e1ec-4d01-9a9a-2f2a2f8e4297,PAAD,3.6375861597263857,3.828217378584046
TCGA_to_CPTAC,11,coral_pca_hgb,669caded-109b-422e-9c91-2de87edfd052,PAAD,3.555348061489413,2.2400859318227013
TCGA_to_CPTAC,11,coral_pca_hgb,12246e82-cb5f-4b7e-a6bd-a120e000db49,KIRC,4.04305126783455,3.856457943152291
TCGA_to_CPTAC,11,coral_pca_hgb,4cd359fb-e797-43da-a606-49a6a9dceaf5,PAAD,3.784189633918261,4.026620745963016
TCGA_to_CPTAC,11,coral_pca_hgb,f3315152-5d90-42db-80c9-6814eced11e4,UCEC,8.153925132007862,7.0850935965224355
TCGA_to_CPTAC,11,coral_pca_hgb,d594864c-bca6-4546-b6ba-dfc3e4bbe7e5,KIRC,2.302585092994046,3.6021461702321953
TCGA_to_CPTAC,11,coral_pca_hgb,dedb2add-52d8-46a5-b599-c72b594359c2,KIRC,3.7612001156935615,3.6506880765482026
TCGA_to_CPTAC,11,coral_pca_hgb,e8844b92-9bc9-4c66-aa27-f3e85d3726e9,UCEC,4.532599493153256,5.059090004178379
TCGA_to_CPTAC,11,coral_pca_hgb,47392441-298b-41fc-9ea4-f0016fe557b6,LAML,1.0986122886681096,2.904091342382815
TCGA_to_CPTAC,11,coral_pca_hgb,27ca5c16-7cdd-4686-bde9-d73174b880dd,SKCM,8.442685139241176,5.201557478589112
TCGA_to_CPTAC,11,coral_pca_hgb,6a2d2162-a1b1-4e19-858d-48954aaa8988,KIRC,4.127134385045092,3.7463582155362376
TCGA_to_CPTAC,11,coral_pca_hgb,5837265c-c788-447c-8b3a-f579601f9129,UCEC,7.240649694255466,5.669949365972751
TCGA_to_CPTAC,11,coral_pca_hgb,fff30c7d-6f71-406e-bd2e-432505160d17,LAML,0.6931471805599453,1.8183048028349402
TCGA_to_CPTAC,11,coral_pca_hgb,32ba878b-54af-4ddf-84a8-bb5cd3512125,LUAD,4.844187086458591,4.796359985242831
TCGA_to_CPTAC,11,coral_pca_hgb,cfc61554-67b2-4ab4-813c-5f9b72bc325e,LUAD,3.951243718581428,4.5163023746313105
TCGA_to_CPTAC,11,coral_pca_hgb,283e6ba3-2654-4cbb-b57f-c0a63f4c2bbf,LUAD,3.6635616461296463,4.633599763976911
TCGA_to_CPTAC,11,coral_pca_hgb,f9b986ec-8cee-4a2e-8722-947f6919f05b,LUAD,3.49650756146648,4.523367241122774
TCGA_to_CPTAC,11,coral_pca_hgb,e6dd953b-28db-43a8-a4f1-9bf260082107,LUAD,5.594711379601839,5.339891396968022
TCGA_to_CPTAC,11,coral_pca_hgb,1ce20f47-9c4b-4f56-acd5-55bfbf4f8ddd,UCEC,4.356708826689592,4.589637390584604
TCGA_to_CPTAC,11,coral_pca_hgb,c3bac0c5-cf3d-4544-ba9d-493063db708b,UCEC,6.548219102762372,5.543089581372048
TCGA_to_CPTAC,11,coral_pca_hgb,4e43ac55-304c-45f8-96e7-d9eb4394cd42,UCEC,3.970291913552122,4.877062411386561
TCGA_to_CPTAC,11,coral_pca_hgb,3383252d-984e-4c7e-a4fe-f6d596f58d60,STAD,4.174387269895637,4.017212217600643
TCGA_to_CPTAC,11,coral_pca_hgb,9bc58e66-fb76-46c1-8c4a-1bd059ff3990,UCEC,3.80666248977032,4.56482576308725
TCGA_to_CPTAC,11,coral_pca_hgb,e37fddac-49ed-4611-9638-49db1ffb5e66,UCEC,6.997595982981927,6.141565720779898
TCGA_to_CPTAC,11,coral_pca_hgb,00f68c7d-e493-4f18-91b5-7849797e28e0,GBM,3.49650756146648,4.0092194238306185
TCGA_to_CPTAC,11,coral_pca_hgb,a5e6fccb-a183-40d2-af7f-4c7aff3f9720,GBM,4.143134726391533,4.0448996676326745
TCGA_to_CPTAC,11,coral_pca_hgb,322a57c2-82ef-45cd-986d-759bb3916919,GBM,4.262679877041316,4.273916408370336
TCGA_to_CPTAC,11,coral_pca_hgb,95ab4d14-342d-45d7-96c1-cdd37165b761,LUAD,3.555348061489413,4.025518338079085
TCGA_to_CPTAC,11,coral_pca_hgb,c9df1d97-09c5-4a8c-acfd-ba82daf44e40,LAML,2.302585092994046,2.612505002515383
TCGA_to_CPTAC,11,coral_pca_hgb,e371d470-6f0d-4725-8170-db8785149ee9,GBM,2.9444389791664403,3.9688407018935847
TCGA_to_CPTAC,11,coral_pca_hgb,0098512b-ea4a-4896-8619-c00fc3c4ec11,STAD,4.394449154672439,4.360924846356711
TCGA_to_CPTAC,11,coral_pca_hgb,f3e8e047-a18b-47a2-8c3b-60b34ebe54f7,PAAD,3.367295829986474,3.109064184989196
TCGA_to_CPTAC,11,coral_pca_hgb,29bdc26b-fa87-46ae-a507-755efbe1fbd7,UCEC,3.044522437723423,4.330402397648666
TCGA_to_CPTAC,11,coral_pca_hgb,6ff701cd-7efc-4bac-93a6-7b27d2974d89,KIRC,4.442651256490317,3.8915271031655445
TCGA_to_CPTAC,11,coral_pca_hgb,28b53966-665f-4b11-85c9-ff31f1fc3f1f,LUAD,6.642486801367256,5.152153048563885
TCGA_to_CPTAC,11,coral_pca_hgb,50a08980-5885-4936-936c-a3fcb2d7b44b,STAD,4.836281906951478,4.343013411185848
TCGA_to_CPTAC,11,coral_pca_hgb,1e887511-098d-4cd6-818e-aa1087118d7c,LUAD,5.545177444479562,5.029329110917099
TCGA_to_CPTAC,11,coral_pca_hgb,be212ea8-2c88-4265-b9d5-9823e79c7f8f,SKCM,4.955827057601261,5.160741825390202
TCGA_to_CPTAC,11,coral_pca_hgb,d9b06a3b-a098-45a2-9b13-c86fd8c14b28,SKCM,7.91862865334224,6.1539762487683864
TCGA_to_CPTAC,11,coral_pca_hgb,5ecbf75e-5f00-4df5-9632-e3e139ee00ce,UCEC,4.418840607796598,4.204358393429208
TCGA_to_CPTAC,11,coral_pca_hgb,206f20bb-c212-4a26-967a-5b3700f322be,GBM,3.58351893845611,4.155281355584872
TCGA_to_CPTAC,11,coral_pca_hgb,570d34b4-1b20-4124-9086-5e4f678ad64d,LUAD,4.700480365792417,5.050455803570787
TCGA_to_CPTAC,11,coral_pca_hgb,7be06965-dab8-4557-b7fc-982546301f0c,KIRC,4.07753744390572,4.141083453795959
TCGA_to_CPTAC,11,coral_pca_hgb,052ed1a3-b3bf-4f89-995b-bb1c51f9dd3f,STAD,4.5217885770490405,4.4516812406739055
TCGA_to_CPTAC,11,coral_pca_hgb,21b33512-73c8-4d7f-a6ce-a07133b9c1ed,KIRC,2.639057329615259,3.8336056211794918
TCGA_to_CPTAC,11,coral_pca_hgb,057d0d06-872c-455c-bb25-408233ebcf68,LUAD,3.258096538021482,4.143648821030153
TCGA_to_CPTAC,11,coral_pca_hgb,ed9c82fb-ed4d-4254-a078-20a34cf82283,GBM,3.8918202981106265,4.0776719907203365
TCGA_to_CPTAC,11,coral_pca_hgb,c359d07b-0379-44af-ac0a-e57c0de129f3,LUAD,4.836281906951478,4.916374326170363
TCGA_to_CPTAC,11,coral_pca_hgb,470c0968-2a15-4068-9112-e05ffd772f6b,SKCM,5.198497031265826,4.5877428763250805
TCGA_to_CPTAC,11,coral_pca_hgb,af85d94e-6352-4baf-9fc4-9dc8d7ded612,KIRC,1.791759469228055,3.9538610389566924
TCGA_to_CPTAC,11,coral_pca_hgb,d7eebf1c-fd62-4b8a-8464-a4cad682e120,SKCM,5.739792912179234,4.695881507408779
TCGA_to_CPTAC,11,coral_pca_hgb,2b30ee57-9fec-4b82-84d8-d3b03ccac9cd,LUAD,5.91350300563827,5.457231311987901
TCGA_to_CPTAC,11,coral_pca_hgb,e3c9b4b7-b53b-4893-8d5d-e44d8325f58a,UCEC,7.040536390215956,6.367185943320494
TCGA_to_CPTAC,11,coral_pca_hgb,634fd016-a443-4a8e-9faa-fef8c4c47903,UCEC,8.773384596776648,7.0973623946374955
TCGA_to_CPTAC,11,coral_pca_hgb,d76edac2-3d31-4c9b-bdf8-9a96a9dcf61b,STAD,4.6443908991413725,3.3940152860292403
TCGA_to_CPTAC,11,coral_pca_hgb,10547ce0-4d20-406f-90e2-88dc483fe81f,GBM,3.58351893845611,3.775033314040884
TCGA_to_CPTAC,11,coral_pca_hgb,b71d54cf-9e98-4963-9219-62bc308ed4fb,LAML,0.0,1.745766346866707
TCGA_to_CPTAC,11,coral_pca_hgb,552fdf86-691a-4c08-b917-e0bae420c008,SKCM,4.919980925828125,5.102681141144758
TCGA_to_CPTAC,11,coral_pca_hgb,ad237fe4-e404-4ea0-b0c7-046a1c80da46,GBM,3.332204510175204,3.8863691822681057
TCGA_to_CPTAC,11,coral_pca_hgb,3fd15d88-5bf0-413d-b674-30aa7bcafd79,SKCM,6.274762021241939,4.927609218373106
TCGA_to_CPTAC,11,coral_pca_hgb,1c5f10ce-d248-404e-be55-bf8e37db0240,LUAD,5.69035945432406,4.315436155072511
TCGA_to_CPTAC,11,coral_pca_hgb,f73beb1f-3b3e-45a6-a4af-2b33e39fe3d0,UCEC,3.258096538021482,4.845040369698462
TCGA_to_CPTAC,11,coral_pca_hgb,cefebaa2-f118-40ef-8a54-7608691ebf6f,UCEC,4.68213122712422,4.660409634404703
TCGA_to_CPTAC,11,coral_pca_hgb,a404f9b8-278a-449f-ab02-3e97fd734e99,LUAD,3.970291913552122,4.009175595448497
TCGA_to_CPTAC,11,coral_pca_hgb,7bc5d87a-b2be-4c1f-a7c8-c7cbdea964ca,LUAD,3.80666248977032,4.41890789873877
TCGA_to_CPTAC,11,coral_pca_hgb,61ca5e2a-1809-4970-a50f-07698816ef85,LUAD,3.091042453358316,4.626389726571512
TCGA_to_CPTAC,11,coral_pca_hgb,7e18715d-3d61-431b-94f5-4d20bbaa4fa1,KIRC,4.158883083359672,3.8082437148659407
TCGA_to_CPTAC,11,coral_pca_hgb,1e5c5b1b-3450-4a1f-9e92-bf522b47f23f,PAAD,4.564348191467836,4.093355409126962
TCGA_to_CPTAC,11,coral_pca_hgb,851e6d64-d753-4eae-a115-7d0100cd15a5,KIRC,2.70805020110221,3.636130283616299
TCGA_to_CPTAC,11,coral_pca_hgb,f9a63d56-94cb-4f15-ac35-7c59a08f4104,GBM,3.367295829986474,4.217357663204163
TCGA_to_CPTAC,11,coral_pca_hgb,0701e7c9-898f-4cc3-9b8a-855bef549781,UCEC,4.174387269895637,4.897241782460544
TCGA_to_CPTAC,11,coral_pca_hgb,1570eaf1-9b92-4506-9df0-9ae9a704a731,KIRC,3.737669618283368,3.9546209066187665
TCGA_to_CPTAC,11,coral_pca_hgb,441b356e-c446-44ff-905b-9b3d7a909542,LAML,1.791759469228055,1.5554283051058924
TCGA_to_CPTAC,11,coral_pca_hgb,943fe5a1-b65c-4387-bca2-4f5f8758a344,SKCM,6.077642243349034,4.572774697301298
TCGA_to_CPTAC,11,coral_pca_hgb,16fbe029-3b4f-45c9-849e-20ad7d7b8f1f,PAAD,3.1780538303479458,3.1251863066184726
TCGA_to_CPTAC,11,coral_pca_hgb,765fa8a8-2587-4f0f-9a24-9cac41274a6b,SKCM,5.313205979041787,4.668926272974258
TCGA_to_CPTAC,11,coral_pca_hgb,701a562c-7ab4-4125-ab77-ab0318f2e8a6,UCEC,6.2324480165505225,5.89013318261832
TCGA_to_CPTAC,11,coral_pca_hgb,aeacd3ad-eb06-4ecb-b621-2f05236a0e6c,UCEC,6.104793232414985,5.508833481060628
TCGA_to_CPTAC,11,coral_pca_hgb,1d7a842b-b567-4d55-b6ee-e63299439671,KIRC,2.302585092994046,4.416356039454717
TCGA_to_CPTAC,11,coral_pca_hgb,1cc16118-4102-4d74-af7d-a5ec14940ee2,UCEC,3.332204510175204,4.820435050999623
TCGA_to_CPTAC,11,coral_pca_hgb,cabb8504-1154-4e08-a277-5243cb431673,GBM,5.068904202220232,4.013463338123226
TCGA_to_CPTAC,11,coral_pca_hgb,f5d49b71-3e7e-4e9c-bf29-f592bf25a941,LUAD,6.206575926724928,5.584797684269596
TCGA_to_CPTAC,11,coral_pca_hgb,10f04ae9-9ada-402c-b321-6dc3805117ba,UCEC,6.089044875446846,6.736063990436981
TCGA_to_CPTAC,11,coral_pca_hgb,aab2dce5-b3ba-4054-b157-23f50833c434,STAD,4.634728988229636,5.8106008926551125
TCGA_to_CPTAC,11,coral_pca_hgb,2fa24d27-4b12-483f-a808-9f09c2ce5cd0,LUAD,5.420534999272286,4.3333319041863145
TCGA_to_CPTAC,11,coral_pca_hgb,410107f6-cd09-487b-94b8-379ab6df711e,SKCM,5.545177444479562,5.7874605895115065
TCGA_to_CPTAC,11,coral_pca_hgb,c43e357e-8156-4999-8972-d6c007a88033,KIRC,4.290459441148391,3.982969092875503
TCGA_to_CPTAC,11,coral_pca_hgb,9a0072b7-7bde-43b3-a4da-fb5ff9d10f4f,LUAD,4.663439094112067,4.627241335826118
TCGA_to_CPTAC,11,coral_pca_hgb,165c0f04-97db-43c4-9f13-2c28d1858483,LUAD,5.594711379601839,4.343228289143481
TCGA_to_CPTAC,11,coral_pca_hgb,01b7ac35-49e3-48db-a081-2971b807445f,PAAD,2.833213344056216,2.0993382118376487
TCGA_to_CPTAC,11,coral_pca_hgb,f037cda9-3c05-4778-b235-01c2a95dc432,STAD,7.5883236773352225,5.336989928427622
TCGA_to_CPTAC,11,coral_pca_hgb,f1cb89b0-b67b-47c2-89d5-58aecc44c679,LUAD,6.285998094508865,4.69428977203351
TCGA_to_CPTAC,11,coral_pca_hgb,337a57f3-964d-4d73-9566-236aefde3cfa,STAD,3.6635616461296463,4.770588229244676
TCGA_to_CPTAC,11,coral_pca_hgb,70cbdd42-987d-4bae-916a-dff62013351a,KIRC,4.406719247264253,3.728281464335665
TCGA_to_CPTAC,11,coral_pca_hgb,1005a908-ad6c-456e-bc6a-a9b2f108e0e8,LAML,2.5649493574615367,1.7371187392446892
TCGA_to_CPTAC,11,coral_pca_hgb,bbf0c378-fb77-4768-be2b-da741ded8cab,LUAD,5.272999558563747,4.952522475225733
TCGA_to_CPTAC,11,coral_pca_hgb,56f7cdc6-da79-4f9c-ab72-cefe6fa55255,UCEC,5.030437921392435,4.654144352382335
TCGA_to_CPTAC,11,coral_pca_hgb,db1f6497-d75d-4911-b1b3-32f97632ca3e,LUAD,6.543911845564792,5.8641231559926625
TCGA_to_CPTAC,11,coral_pca_hgb,c32a1f65-7805-4c46-97c9-8e68054c90c0,UCEC,4.219507705176107,4.554219950233315
TCGA_to_CPTAC,11,coral_pca_hgb,e81835c9-4a39-4a60-b3e2-7184409ef91c,UCEC,3.610917912644224,3.7769539923385707
TCGA_to_CPTAC,11,coral_pca_hgb,b1956981-fe29-4443-bca2-448d5b497160,STAD,4.174387269895637,4.604577540579639
TCGA_to_CPTAC,11,coral_pca_hgb,ad688008-ae8d-4bfd-99ab-24998a2c248c,KIRC,3.8501476017100575,3.7687573951419098
TCGA_to_CPTAC,11,coral_pca_hgb,8b0ed6bd-7eea-4a99-b901-a0a8a858d97a,GBM,3.784189633918261,4.378576999151486
TCGA_to_CPTAC,11,coral_pca_hgb,c6c75c5d-b3c9-4918-8dc2-02849933cd3c,KIRC,4.158883083359672,4.423290368514583
TCGA_to_CPTAC,11,coral_pca_hgb,accb52e6-eb07-4da7-9cd4-318b7e2f4c18,LUAD,4.584967478670572,4.741789359880764
TCGA_to_CPTAC,11,coral_pca_hgb,e8bc3792-92f6-4924-8047-9f805afb4b04,KIRC,3.87120101090789,3.778295084118663
TCGA_to_CPTAC,11,coral_pca_hgb,a3cbd921-6680-46d3-8de5-db5bcb94228d,LUAD,4.07753744390572,4.764834312489027
TCGA_to_CPTAC,11,coral_pca_hgb,7a1dfdd0-effb-4ade-ae0c-a7a0892c778d,LUAD,5.75890177387728,5.464661744402764
TCGA_to_CPTAC,11,coral_pca_hgb,bde4d324-c7f2-43d7-a7c2-a6b6a2fd5f43,SKCM,4.941642422609304,4.392173458461584
TCGA_to_CPTAC,11,coral_pca_hgb,101487c1-51d5-45a0-abdf-26bce13b5381,STAD,3.091042453358316,3.1089324093068895
TCGA_to_CPTAC,11,coral_pca_hgb,477d73a2-9776-46fb-9075-5d62e8cda29b,UCEC,5.953243334287785,4.8061534061086135
TCGA_to_CPTAC,11,coral_pca_hgb,2dada08c-59a5-4379-9ee4-e2565d883f93,KIRC,4.0943445622221,3.478043542529874
TCGA_to_CPTAC,11,coral_pca_hgb,4c241b93-c11c-4802-94a7-07f125267ba3,LUAD,6.008813185442595,5.176350994576093
TCGA_to_CPTAC,11,coral_pca_hgb,89b2249f-eb4c-4e81-a844-f7fcf1a25cd0,PAAD,3.218875824868201,4.016849916807514
TCGA_to_CPTAC,11,coral_pca_hgb,d8ef8a50-9276-4733-a15c-ad0fdc0b2910,LUAD,5.442417710521793,5.178343327517775
TCGA_to_CPTAC,11,coral_pca_hgb,73244fee-63ed-4612-90ef-6d60c0c2a525,UCEC,5.831882477283517,4.673207305281919
TCGA_to_CPTAC,11,coral_pca_hgb,1f36d950-331b-4746-97a4-94cd6f56aa55,GBM,4.394449154672439,4.352147464909386
TCGA_to_CPTAC,11,coral_pca_hgb,7d6a423b-b75d-4da7-a63d-a1f432e140aa,LUAD,6.333279628139691,5.63877609988032
TCGA_to_CPTAC,11,coral_pca_hgb,8b7561bf-62c1-4e8a-a4c6-292d4eee645d,SKCM,5.58724865840025,4.073971317508797
TCGA_to_CPTAC,11,coral_pca_hgb,61665776-139e-450f-bc64-eaf29bd7ff25,KIRC,3.8501476017100575,3.6833145261099696
TCGA_to_CPTAC,11,coral_pca_hgb,cea895e0-5c06-40af-a63e-7df271d750a1,LAML,1.6094379124341005,2.420801185858629
TCGA_to_CPTAC,11,coral_pca_hgb,b9ad2bb6-8d21-474a-8cd1-2a4c49a169ec,KIRC,2.4849066497880004,3.550093394135652
TCGA_to_CPTAC,11,coral_pca_hgb,aec3c953-dd96-402f-807f-9be99d8a8aeb,PAAD,3.8918202981106265,3.9707411730843423
TCGA_to_CPTAC,11,coral_pca_hgb,b250838a-9af9-44c0-97e2-67a677f05a2a,LUAD,4.948759890378168,5.944181845514531
TCGA_to_CPTAC,11,coral_pca_hgb,15d22e08-fede-4cda-8239-4056834d516f,STAD,6.920671504248683,6.966464751007724
TCGA_to_CPTAC,11,coral_pca_hgb,b75b5b06-a90a-460d-924e-245ec4414aa1,PAAD,4.23410650459726,4.588326165864908
TCGA_to_CPTAC,11,coral_pca_hgb,6346c8f8-18e4-4a0d-9247-3e9b40f24f17,UCEC,4.060443010546419,4.610754410531761
TCGA_to_CPTAC,11,coral_pca_hgb,55749713-adac-43a3-9929-db85f66b2c11,KIRC,4.204692619390966,4.687507464614429
TCGA_to_CPTAC,11,coral_pca_hgb,9b0b658d-6fba-4c5f-b80e-748f26aebb0e,SKCM,3.737669618283368,3.8098146996507487
TCGA_to_CPTAC,11,coral_pca_hgb,0dc87806-1645-4a09-a314-067b49ff1bf5,STAD,7.1049654482698426,5.28286559124928
TCGA_to_CPTAC,11,coral_pca_hgb,ba67964a-2738-4d95-bf42-8e2217ab4dc5,LUAD,5.288267030694535,4.76535660034312
TCGA_to_CPTAC,11,coral_pca_hgb,096db53f-0a45-4778-a58f-4cf1de04c7d0,UCEC,3.737669618283368,3.974394293505318
TCGA_to_CPTAC,11,coral_pca_hgb,e76a3513-b8d8-43f6-bc1b-30e44f0cbac4,PAAD,2.995732273553991,3.071749033287772
TCGA_to_CPTAC,11,coral_pca_hgb,fd0cd324-0557-4946-8ea9-55ad2032a31b,LUAD,6.139884552226255,5.237232411496288
TCGA_to_CPTAC,11,coral_pca_hgb,bab46316-532b-4444-9a46-d70b63b878fb,PAAD,3.258096538021482,3.9404302618405187
TCGA_to_CPTAC,11,coral_pca_hgb,fed33fff-0310-42ad-a7dc-d563792f18cc,PAAD,3.713572066704308,3.8434907111558223
TCGA_to_CPTAC,11,coral_pca_hgb,f5407aed-7150-41dd-82f0-f28975ee028a,UCEC,8.57602797713713,5.967946994540667
TCGA_to_CPTAC,11,coral_pca_hgb,51b21d04-1e46-4131-bbe4-40338731de99,GBM,4.158883083359672,4.497682127970359
TCGA_to_CPTAC,11,coral_pca_hgb,2a389115-1c85-46bf-be0f-72928ef33796,GBM,3.9889840465642745,4.207719701307582
TCGA_to_CPTAC,11,coral_pca_hgb,07626e0a-d98b-418d-8a6c-a0f310a1cfa6,STAD,3.5263605246161616,4.567115535827275
TCGA_to_CPTAC,11,coral_pca_hgb,f0e3f73a-1897-43d6-9593-a4bc321a1e98,SKCM,4.174387269895637,6.097584802366298
TCGA_to_CPTAC,11,coral_pca_hgb,400e94ed-2c26-4ef3-a232-a45781a1bf9f,PAAD,3.091042453358316,4.083883409287056
TCGA_to_CPTAC,11,coral_pca_hgb,e79e01ec-8857-4f55-9be4-452ee07a943d,LAML,1.6094379124341005,1.7736784596925748
TCGA_to_CPTAC,11,coral_pca_hgb,93d91f8f-3267-43f8-9ca2-13579156980d,UCEC,4.553876891600541,5.220698875488751
TCGA_to_CPTAC,11,coral_pca_hgb,d5c17945-5255-4055-9d35-1d2a01535932,UCEC,4.262679877041316,4.454029734258814
TCGA_to_CPTAC,11,coral_pca_hgb,aba43d9a-4044-44ce-8e33-37ea62f64cb9,LUAD,3.828641396489095,4.187461817042977
TCGA_to_CPTAC,11,coral_pca_hgb,2bdac74b-c588-4697-8d91-705456d205fe,LUAD,6.333279628139691,5.7964498425590785
TCGA_to_CPTAC,11,coral_pca_hgb,bbe755dc-7740-43c5-96c1-45a845119008,UCEC,6.957497370876951,5.090609320808094
TCGA_to_CPTAC,11,coral_pca_hgb,325f0d77-8f5a-499f-b6b4-92e2ad0b3cab,KIRC,3.951243718581428,4.621930340717125
TCGA_to_CPTAC,11,coral_pca_hgb,4c055580-81e1-48e6-bb81-f607b393b053,GBM,3.4657359027997265,4.233647236257451
TCGA_to_CPTAC,11,coral_pca_hgb,a4df1609-fc13-4478-b44e-1f554138b300,LUAD,5.389071729816501,6.1281461655990785
TCGA_to_CPTAC,11,coral_pca_hgb,82be1f2b-8b39-40c5-87cd-a2c9986442ab,LAML,0.0,1.3603681436113773
TCGA_to_CPTAC,11,coral_pca_hgb,75488b4b-c67c-4c3a-85ea-782551f23cd9,SKCM,5.857933154483459,4.6273660065556115
TCGA_to_CPTAC,11,coral_pca_hgb,aba224a6-8ab2-4720-bc7a-efe0b3a863e1,PAAD,3.951243718581428,3.9297283952557716
TCGA_to_CPTAC,11,coral_pca_hgb,7a661ada-b3e1-4e6d-af43-1d4ed3ed6ef1,LUAD,3.5263605246161616,3.8432709149679143
TCGA_to_CPTAC,11,coral_pca_hgb,cecdc0b2-5587-4061-b290-3496fdc4dde6,LUAD,5.214935757608986,4.869282321082014
TCGA_to_CPTAC,11,coral_pca_hgb,5690ba19-ef88-4bce-b275-27f715cc44d4,KIRC,3.9318256327243257,4.024641998824067
TCGA_to_CPTAC,11,coral_pca_hgb,88f54acc-2a39-409a-bb4b-17eeea0d59c7,LAML,2.19722457733622,3.6591542762273623
TCGA_to_CPTAC,11,coral_pca_hgb,3058d791-5c14-43d3-96e7-caa33b5982dc,LUAD,5.5909869805108565,5.600212252315499
TCGA_to_CPTAC,11,coral_pca_hgb,edb559d9-0468-4321-9e97-937b6f3ecd14,PAAD,3.258096538021482,4.704161608654324
TCGA_to_CPTAC,11,coral_pca_hgb,2919ad54-7676-43cc-b51f-d0a9ad709c70,KIRC,3.9318256327243257,4.043007167844132
TCGA_to_CPTAC,11,coral_pca_hgb,8b973d84-1c02-473e-b1fd-40047dc13405,UCEC,5.214935757608986,5.424248419993166
TCGA_to_CPTAC,11,coral_pca_hgb,1189e5ba-02b2-4c0c-8195-0244cffaae70,PAAD,3.6635616461296463,3.3880395808782735
TCGA_to_CPTAC,11,coral_pca_hgb,26916898-5a19-46a9-927a-3776a7f41404,KIRC,3.6375861597263857,3.869057062808088
TCGA_to_CPTAC,11,coral_pca_hgb,f8614e58-809d-4496-a54e-8f1a1303c202,LUAD,5.541263545158426,4.858323211751337
TCGA_to_CPTAC,11,coral_pca_hgb,51f39708-5443-4037-90b0-864e25c20388,LUAD,6.244166900663736,5.395953304506024
TCGA_to_CPTAC,11,coral_pca_hgb,ad27cdac-3975-46e8-8ec7-3c624661c18e,STAD,4.23410650459726,4.441220227818119
TCGA_to_CPTAC,11,coral_pca_hgb,9a1261ff-dd9d-4ed2-b4e9-e0124b0212f6,STAD,3.258096538021482,3.274457723105382
TCGA_to_CPTAC,11,coral_pca_hgb,48fc4c94-cdc4-467b-b4e9-3646c7f01b4f,PAAD,5.916202062607435,5.650934465945615
TCGA_to_CPTAC,11,coral_pca_hgb,12ad98c8-dace-4d24-a529-224efbe3a419,KIRC,4.31748811353631,4.1764943775180585
TCGA_to_CPTAC,11,coral_pca_hgb,f9edc86e-cf3a-464c-b50c-2139de003957,GBM,3.970291913552122,4.1562599787734404
TCGA_to_CPTAC,11,coral_pca_hgb,d00a5d22-92b1-445b-83eb-73409012528f,GBM,3.49650756146648,3.2980001645979957
TCGA_to_CPTAC,11,coral_pca_hgb,cd422268-87eb-492a-ae54-b8b1f769af35,SKCM,5.472270673671475,5.132403035238448
TCGA_to_CPTAC,11,coral_pca_hgb,d4224b25-86fd-4f09-ad0c-f6bdf1e0018a,KIRC,4.23410650459726,3.930771158788811
TCGA_to_CPTAC,11,coral_pca_hgb,3491e1f7-0c09-42f8-b20f-2a6d32426c64,LUAD,6.040254711277414,5.464951903445544
TCGA_to_CPTAC,11,coral_pca_hgb,3588bd0a-acb3-4eec-aea7-903a2e2d9c6a,GBM,3.80666248977032,4.655837959401512
TCGA_to_CPTAC,11,coral_pca_hgb,ecbe76d2-fd29-4160-85b5-1f60bb4e0ae4,SKCM,7.338888133838879,4.761641585108992
TCGA_to_CPTAC,11,coral_pca_hgb,4f2d6706-3231-4cc0-81a0-b9229a23acbd,GBM,8.137980454452139,4.147171025768543
TCGA_to_CPTAC,11,coral_pca_hgb,c6953ff1-355b-4b83-8e9d-4dae4a293bf1,KIRC,5.683579767338681,4.041283133113963
TCGA_to_CPTAC,11,coral_pca_hgb,b909628b-0523-4542-92a4-5d55b940a544,SKCM,6.679599185844383,5.347997885331484
TCGA_to_CPTAC,11,coral_pca_hgb,6c5d5475-c22c-464c-abe1-3ea94bc80538,LUAD,5.389071729816501,5.13903734507779
TCGA_to_CPTAC,11,coral_pca_hgb,919aff9b-9579-4c48-a8aa-5e51b5a47d6f,LUAD,5.123963979403259,4.8470044364102485
TCGA_to_CPTAC,11,coral_pca_hgb,029e2f23-a4a4-4529-a428-336025bcc059,GBM,4.204692619390966,4.888353257899624
TCGA_to_CPTAC,11,coral_pca_hgb,13310f38-a002-437e-8de2-332b0b10d0c0,LUAD,3.951243718581428,4.0897724056480875
TCGA_to_CPTAC,11,coral_pca_hgb,0d4450ac-b44f-4b9b-a41e-c2ed8ba3e3b2,LUAD,5.493061443340548,4.67805129872548
TCGA_to_CPTAC,11,coral_pca_hgb,fcea94a8-32f5-4021-8d27-b4d03e8bb3f7,PAAD,2.3978952727983707,1.9357597457777067
TCGA_to_CPTAC,11,coral_pca_hgb,4f65a41a-32ab-4b78-aff4-f8c1316687ad,GBM,3.8918202981106265,4.228257008745751
TCGA_to_CPTAC,11,coral_pca_hgb,334570b2-e044-4b40-a229-190561fefd04,UCEC,5.627621113690637,4.040950860073466
TCGA_to_CPTAC,11,coral_pca_hgb,ed69df53-631b-4c3a-af08-e502cc64129a,PAAD,2.70805020110221,2.4816488135360815
TCGA_to_CPTAC,11,coral_pca_hgb,629dc6f4-9e1c-4265-9fd6-838ca8222792,KIRC,4.204692619390966,4.056268729245544
TCGA_to_CPTAC,11,coral_pca_hgb,99765d2a-864c-4cf3-826b-4094d6dc5915,UCEC,5.940171252720432,6.000064975804551
TCGA_to_CPTAC,11,coral_pca_hgb,922ba915-5f64-49fe-95a6-e37afdeb06bd,UCEC,3.6375861597263857,3.9945117876052842
TCGA_to_CPTAC,11,coral_pca_hgb,7630c4b5-dfae-4e59-95bc-31ef8f853b2f,LUAD,5.627621113690637,3.9911942921451473
TCGA_to_CPTAC,11,coral_pca_hgb,d4cf7bc6-5c0e-432f-9db7-659c3a2f40b5,LUAD,3.58351893845611,4.114506484682454
TCGA_to_CPTAC,11,coral_pca_hgb,a629e6ae-5baf-41b8-957e-7657559dd9ec,GBM,4.23410650459726,4.842823674301289
TCGA_to_CPTAC,11,coral_pca_hgb,d907b370-8df0-43dd-aa9f-09cd4221b246,LAML,2.772588722239781,2.323608671959844
TCGA_to_CPTAC,11,coral_pca_hgb,1320a98a-2eb4-4ad8-9277-4769b974098a,GBM,3.970291913552122,4.115415839829248
TCGA_to_CPTAC,11,coral_pca_hgb,116436ce-6250-43b1-8fd2-2ebdb3ea9186,UCEC,6.063785208687608,3.9716213565919465
TCGA_to_CPTAC,11,coral_pca_hgb,60cf1724-5fc8-4c3a-850b-ce3778147c91,KIRC,4.727387818712341,5.339846555483181
TCGA_to_CPTAC,11,coral_pca_hgb,2002a835-b0bf-4b96-9bb5-e55b9588c3d1,GBM,4.04305126783455,3.9320458878286324
TCGA_to_CPTAC,11,coral_pca_hgb,a9b6aaac-fd52-4bb4-a2fd-384ff34d276d,GBM,3.713572066704308,3.779802225849334
TCGA_to_CPTAC,11,coral_pca_hgb,8c419fff-89f2-4ad1-aede-7c2602614ed5,LUAD,4.477336814478207,3.6053169497990103
TCGA_to_CPTAC,11,coral_pca_hgb,295393ef-f637-4783-89c2-c9ce7635c030,GBM,4.330733340286331,3.6266156880633895
TCGA_to_CPTAC,11,coral_pca_hgb,832d8529-0cb1-427d-a613-adb7cb8f33bc,PAAD,3.1354942159291497,3.394714265180743
TCGA_to_CPTAC,11,coral_pca_hgb,f8f3df64-54c1-4d1a-8ea7-c371b01c2ef6,LUAD,6.124683390894205,4.654624739437063
TCGA_to_CPTAC,11,coral_pca_hgb,efab6f4b-779e-44d1-afaf-221b4727bbe9,LAML,2.639057329615259,2.4931877770609936
TCGA_to_CPTAC,11,coral_pca_hgb,7e5cc2ed-2a9d-469f-a311-c4b3fec4b50f,STAD,4.804021044733257,4.653964267106432
TCGA_to_CPTAC,11,coral_pca_hgb,ae481eb3-8f9d-42cd-a431-6f289c8a8779,LUAD,5.683579767338681,5.025799760511902
TCGA_to_CPTAC,11,coral_pca_hgb,d52a195d-7d63-4eb6-81c2-3c473ba57979,KIRC,3.7612001156935615,4.3661348030016125
TCGA_to_CPTAC,11,coral_pca_hgb,4116957b-9204-4f4c-89ab-404024995258,LUAD,5.598421958998375,3.9903707805998647
TCGA_to_CPTAC,11,coral_pca_hgb,9ff6d022-6e23-4f44-a480-1b61929e6ee3,KIRC,4.382026634673881,4.1052853871929
TCGA_to_CPTAC,11,coral_pca_hgb,6cafa126-7f2b-4d7f-bb81-b5378a70332b,STAD,7.197435354096591,6.77304328362913
TCGA_to_CPTAC,11,coral_pca_hgb,b6613b37-f76a-4ab4-a3c0-5131f0f53800,STAD,5.081404364984463,4.865307760857464
TCGA_to_CPTAC,11,coral_pca_hgb,39d27765-3927-4e3a-9c35-62a7587c1fbf,STAD,4.941642422609304,5.166369889292951
TCGA_to_CPTAC,11,coral_pca_hgb,6cb217d6-0e12-49d0-ad8d-df926ec3bf78,KIRC,4.31748811353631,4.49522533379123
TCGA_to_CPTAC,11,coral_pca_hgb,5834eec7-9816-4056-9723-c6a194714b37,STAD,7.927324360309794,7.863166347585214
TCGA_to_CPTAC,11,coral_pca_hgb,c615b7df-0d08-47e1-81b5-0b40dc6a28b3,UCEC,2.772588722239781,4.170042822454536
TCGA_to_CPTAC,11,coral_pca_hgb,a52eaa9e-0dad-460b-9c5e-aca0d8783b28,SKCM,4.23410650459726,5.013455570357781
TCGA_to_CPTAC,11,coral_pca_hgb,e06f2917-d31e-4cde-a76a-15c55638da95,UCEC,5.081404364984463,4.67337044924603
TCGA_to_CPTAC,11,coral_pca_hgb,833d8601-fbb4-4cea-9e2f-8a2a2740ec40,PAAD,3.555348061489413,4.1701502509014
TCGA_to_CPTAC,11,coral_pca_hgb,b896446f-6d9b-4f4a-85c3-83cfcf592d23,STAD,4.836281906951478,4.560812526323539
TCGA_to_CPTAC,11,coral_pca_hgb,de1701fa-ca4c-4104-b8e2-ca3c10bf516e,PAAD,2.833213344056216,3.8973067425476935
TCGA_to_CPTAC,11,coral_pca_hgb,1eec8bfd-1ab9-4569-b635-c47bce7702f1,GBM,4.02535169073515,4.092772388016583
TCGA_to_CPTAC,11,coral_pca_hgb,006931bb-f5b1-4aa4-b0a8-af517a912db0,LUAD,4.543294782270004,4.154141286787324
TCGA_to_CPTAC,11,coral_pca_hgb,142a1357-f1e8-40b9-82cf-f29577058598,GBM,3.970291913552122,4.273460552503772
TCGA_to_CPTAC,11,coral_pca_hgb,80a555be-d22c-4aeb-bff1-107e795092ee,KIRC,3.688879454113936,3.6567244283890536
TCGA_to_CPTAC,11,coral_pca_hgb,46be30d5-b623-4469-a1d3-fbc76a62cca5,LUAD,3.555348061489413,5.192877921662238
TCGA_to_CPTAC,11,coral_pca_hgb,0f60265d-3f04-4a5f-82d4-8e6e661a118e,KIRC,6.1779441140506,4.187225609770884
TCGA_to_CPTAC,11,coral_pca_hgb,7473e962-9fc9-4595-bcbf-73b7a8b3bdcb,SKCM,5.153291594497779,5.33217452515192
TCGA_to_CPTAC,11,coral_pca_hgb,3bbefb92-0868-42e2-962f-be22b354f155,GBM,2.3978952727983707,3.5455201816679325
TCGA_to_CPTAC,11,coral_pca_hgb,afe1c491-8144-449d-85e6-9922222144ab,LAML,1.791759469228055,2.729008994064046
TCGA_to_CPTAC,11,coral_pca_hgb,8f92cdf0-f3c5-482c-aaa0-2b63d84bcb17,SKCM,5.2574953720277815,6.047703883248444
TCGA_to_CPTAC,11,coral_pca_hgb,383c6940-9268-4d63-b9ed-335dd9ab4f89,GBM,4.290459441148391,3.7534664083477898
TCGA_to_CPTAC,11,coral_pca_hgb,45ce258a-9334-44ed-b4e7-2b492d6dc984,PAAD,4.3694478524670215,3.9957211218159334
TCGA_to_CPTAC,11,coral_pca_hgb,763e0702-8379-4b5e-95d1-a84f412c51e7,KIRC,4.127134385045092,3.4219249860358696
TCGA_to_CPTAC,11,coral_pca_hgb,4d0e0181-cb87-4363-aadb-aaf620f068f7,STAD,5.081404364984463,3.2615242158094304
TCGA_to_CPTAC,11,coral_pca_hgb,ff527151-6797-414e-8760-edcb73306a28,LUAD,5.849324779946859,5.5388676689172565
TCGA_to_CPTAC,11,coral_pca_hgb,e3729fcb-42c2-4399-af32-43aff52d228a,SKCM,5.87493073085203,5.301132829853188
TCGA_to_CPTAC,11,coral_pca_hgb,f5e76690-c986-4d9c-95c5-ddb0f4dfa5d4,LUAD,3.737669618283368,5.082235595014413
TCGA_to_CPTAC,11,coral_pca_hgb,419b7ce5-dec7-4cd2-b087-fe5d4fc0efee,UCEC,4.02535169073515,4.045579316725432
TCGA_to_CPTAC,11,coral_pca_hgb,0d81506b-7823-4ef2-8c94-d8fa624a51a1,KIRC,4.442651256490317,4.325331190747875
TCGA_to_CPTAC,11,coral_pca_hgb,6642db77-e866-4adb-9462-88b9f4605738,SKCM,4.382026634673881,5.781184344624718
TCGA_to_CPTAC,11,coral_pca_hgb,66baf8bb-278b-4a83-a971-71b394fb4630,UCEC,4.060443010546419,4.528116233001539
TCGA_to_CPTAC,11,coral_pca_hgb,936f72b9-e16d-448b-b6ba-23078dd211b8,PAAD,3.295836866004329,3.6878481599304975
TCGA_to_CPTAC,11,coral_pca_hgb,31867570-3c3c-4a03-aafe-0d3d2517e60b,STAD,4.634728988229636,4.528394555910845
TCGA_to_CPTAC,11,coral_pca_hgb,be0f4ef1-7ce9-48aa-931c-6c8cf99c4687,PAAD,3.688879454113936,3.6378689641975224
TCGA_to_CPTAC,11,coral_pca_hgb,9694fc41-ffe4-4bdc-bb66-38f876c69abe,UCEC,4.07753744390572,4.399549681633126
TCGA_to_CPTAC,11,coral_pca_hgb,1f026705-0da4-4250-9405-1c0c3f31f943,KIRC,4.31748811353631,3.589804106776202
TCGA_to_CPTAC,11,coral_pca_hgb,8919013d-01db-4469-b0a6-553dd25fda6d,LUAD,4.564348191467836,4.442366790114965
TCGA_to_CPTAC,11,coral_pca_hgb,e93c0cc7-f8ab-4fd2-9ed8-59592022626d,PAAD,3.610917912644224,4.24487459026457
TCGA_to_CPTAC,11,coral_pca_hgb,d55137b1-a388-4f21-a50f-3b3ddeb2edba,LUAD,3.784189633918261,6.052785581115236
TCGA_to_CPTAC,11,coral_pca_hgb,325984b4-c283-4b06-aeb8-8f1c76b44dc3,PAAD,3.8918202981106265,3.8113111584090333
TCGA_to_CPTAC,11,coral_pca_hgb,e82a496d-03a9-4a40-aa04-dc4a2a77bbcd,PAAD,2.3978952727983707,4.122611180254125
TCGA_to_CPTAC,11,coral_pca_hgb,6b0f230f-91ea-4eb9-a89e-66f3cd82db59,STAD,6.684611727667927,5.169214123108715
TCGA_to_CPTAC,11,coral_pca_hgb,5c8c45da-5e10-4d89-8a46-c382f122f3c1,GBM,3.970291913552122,4.1167940825538105
TCGA_to_CPTAC,11,coral_pca_hgb,4403f02b-7f2b-4c80-9feb-69f8790a261f,PAAD,3.367295829986474,3.3626871908919727
TCGA_to_CPTAC,11,coral_pca_hgb,03d5ad3c-83cc-4480-82fa-f781e5c70fb6,GBM,3.9318256327243257,3.6765339167232987
TCGA_to_CPTAC,11,coral_pca_hgb,3fe419a9-e0a7-49b5-bdf5-caa2a06aa82b,KIRC,4.762173934797756,3.305377492605341
TCGA_to_CPTAC,11,coral_pca_hgb,1e03b5f5-572f-423c-a7c4-14914248a834,LAML,0.0,1.5596449467868243
TCGA_to_CPTAC,11,coral_pca_hgb,d8c7cd89-9716-4137-a564-7013a86f7b91,GBM,4.5217885770490405,4.102383400124658
TCGA_to_CPTAC,11,coral_pca_hgb,21b7f29a-1195-4625-b8b8-51352733d5d9,UCEC,3.4657359027997265,4.3446310016513845
TCGA_to_CPTAC,11,coral_pca_hgb,6e1a997b-bd33-4702-8556-58f17ac0fa4f,LUAD,6.282266746896006,4.862863755232549
TCGA_to_CPTAC,11,coral_pca_hgb,f8a5b06c-653d-4a39-a3cd-72ad2784ebd7,PAAD,3.1354942159291497,3.365697720174721
TCGA_to_CPTAC,11,coral_pca_hgb,cda51538-afb7-4428-9530-81ce928f0f98,GBM,3.6635616461296463,4.112114260417583
TCGA_to_CPTAC,11,coral_pca_hgb,a4940322-d9ba-4da0-8cd2-374ed60089b4,SKCM,5.262690188904886,4.335030903682612
TCGA_to_CPTAC,11,coral_pca_hgb,c1898677-7a92-48cf-a09f-71d91c1cf8dc,PAAD,3.295836866004329,3.89229067908115
TCGA_to_CPTAC,11,coral_pca_hgb,14cc3881-5460-4483-85c4-62b716895bfe,LUAD,3.610917912644224,4.2912665486516754
TCGA_to_CPTAC,11,coral_pca_hgb,9e12dd20-28f6-4704-82ab-a77c1a8e19d4,KIRC,4.394449154672439,3.552186430103215
TCGA_to_CPTAC,11,coral_pca_hgb,57b77987-c2ff-4b1c-a4fa-0c5b9c2b5171,SKCM,2.995732273553991,4.95238824116662
TCGA_to_CPTAC,11,coral_pca_hgb,5b42f039-e9ca-4f1e-ae33-e3656e5530eb,SKCM,4.04305126783455,5.7121018097946
TCGA_to_CPTAC,11,coral_pca_hgb,3a58efbf-2708-4f13-87ab-253d7d67ef52,GBM,4.262679877041316,4.378743850415553
TCGA_to_CPTAC,11,coral_pca_hgb,acb1fce1-0f75-48b4-98bd-4fe2a93d0cf0,PAAD,1.9459101490553128,2.4610491523039175
TCGA_to_CPTAC,11,coral_pca_hgb,003f4f85-3244-4132-8c9d-c29f09382269,LUAD,6.354370040797351,5.95861055179453
TCGA_to_CPTAC,11,coral_pca_hgb,985af43c-51b3-4da1-b0b9-7dc142b292df,SKCM,5.442417710521793,5.028565764603476
TCGA_to_CPTAC,11,coral_pca_hgb,c5e1950a-e724-4d42-bd0d-fb474921e04e,KIRC,3.828641396489095,4.431063983120753
TCGA_to_CPTAC,11,coral_pca_hgb,cb5f5f9e-7610-4adf-a688-92ddc0666770,KIRC,3.091042453358316,3.3385660364548406
TCGA_to_CPTAC,11,coral_pca_hgb,25a6f5cc-04ce-4fbd-9ffa-397443567353,KIRC,4.127134385045092,3.5394127840584293
TCGA_to_CPTAC,11,coral_pca_hgb,790311a4-0898-447f-b36a-05b46d91e307,LUAD,6.139884552226255,4.851276692519611
TCGA_to_CPTAC,11,coral_pca_hgb,93cea122-5f33-454f-add6-0a0be152b208,STAD,4.394449154672439,4.487234901583792
TCGA_to_CPTAC,11,coral_pca_hgb,d5a0b343-9855-4c18-a6ef-7f7141f8ec96,KIRC,4.204692619390966,3.8488034993597195
TCGA_to_CPTAC,11,coral_pca_hgb,7f61dd9d-0cec-46b5-9f5e-82b4131631f1,KIRC,4.290459441148391,3.7143518854293878
TCGA_to_CPTAC,11,coral_pca_hgb,80b433c2-530a-4589-8ddc-0124a61240d3,LAML,0.0,1.9360091360931415
TCGA_to_CPTAC,11,coral_pca_hgb,c617c6a9-f435-4660-9581-43d70167982e,GBM,7.152268856032539,3.6365505433596965
TCGA_to_CPTAC,11,coral_pca_hgb,4ee85d91-504d-4389-ab5a-e37b2cebdbcf,UCEC,3.610917912644224,3.262576049240832
TCGA_to_CPTAC,11,coral_pca_hgb,9659c59a-0f56-4c97-a447-d1f8c6fe4e52,LUAD,4.248495242049359,5.022647258591767
TCGA_to_CPTAC,11,coral_pca_hgb,8d3ea3ee-ece0-4423-b2d0-54b0c3c4928c,PAAD,2.995732273553991,3.2819477681917295
TCGA_to_CPTAC,11,coral_pca_hgb,fa0189f8-d0ab-447e-a6b5-9a3a46f40f9b,STAD,4.736198448394496,4.555532525763036
TCGA_to_CPTAC,11,coral_pca_hgb,45707f19-75ff-4a03-8c36-48cb0459422e,STAD,7.285506548522786,8.005223702703546
TCGA_to_CPTAC,11,coral_pca_hgb,5c49db48-7e22-44f5-89bc-5cd75ba4c05a,LUAD,1.791759469228055,3.1961243834266835
TCGA_to_CPTAC,11,coral_pca_hgb,91d03cbf-e9cf-4079-bf79-64890dfc9eb9,STAD,6.922643891475888,4.46656121189692
TCGA_to_CPTAC,11,coral_pca_hgb,ab61f8ca-638c-4f04-bf0f-9dc5559b8fec,GBM,3.1354942159291497,4.159508055773365
TCGA_to_CPTAC,11,coral_pca_hgb,9a2afc64-13b5-472d-9317-7ce61057ea0a,SKCM,6.583409222158765,4.1774429394295485
TCGA_to_CPTAC,11,coral_pca_hgb,0319896f-294b-4c76-853a-17592698a88c,LUAD,3.4339872044851463,4.385549949903993
TCGA_to_CPTAC,11,coral_pca_hgb,6fa5110e-1804-4c24-a171-07355b11eb26,LUAD,6.393590753950631,5.200828279330425
TCGA_to_CPTAC,11,coral_pca_hgb,5718a50d-332c-4882-8736-2ca8989946dd,GBM,2.079441541679836,3.740648560262952
TCGA_to_CPTAC,11,coral_pca_hgb,dcf6aa37-ba86-4ba5-bf56-7dd7104c2e30,LUAD,5.793013608384144,5.547568388624411
TCGA_to_CPTAC,11,coral_pca_hgb,edb73d4e-b5cf-4979-9456-659903087561,KIRC,3.970291913552122,3.7127403073334095
TCGA_to_CPTAC,11,coral_pca_hgb,d3c23e4c-b635-4416-b026-368b82fb1883,LUAD,4.941642422609304,5.192262967203828
TCGA_to_CPTAC,11,coral_pca_hgb,283c0205-7a59-4b8b-a4b5-0151d68ab045,UCEC,6.056784013228625,4.696833265486259
TCGA_to_CPTAC,11,coral_pca_hgb,739e221f-cc31-45b8-a440-0a0ed44fd15f,UCEC,5.805134968916488,4.5769619302545195
TCGA_to_CPTAC,11,coral_pca_hgb,211bc56d-ce9d-43ab-add5-850b13c35f50,UCEC,3.258096538021482,3.749533887197792
TCGA_to_CPTAC,11,coral_pca_hgb,a05cf25f-dc52-4d99-9a8c-9178f17c99fa,GBM,3.828641396489095,4.672402778940291
TCGA_to_CPTAC,11,coral_pca_hgb,14fda5d2-2c7b-432c-a8ee-ed5df037327a,SKCM,6.450470422144176,5.145183583290485
TCGA_to_CPTAC,11,coral_pca_hgb,b7c8962e-7b20-4fc5-896e-9861ebc524bb,LUAD,5.497168225293202,5.4251459108325175
TCGA_to_CPTAC,11,coral_pca_hgb,e897318d-6d4d-4bcb-8a47-332a2070aab7,KIRC,3.713572066704308,3.6855813902462122
TCGA_to_CPTAC,11,coral_pca_hgb,3d6b543f-d0d4-4efe-b010-011e17602243,LAML,0.0,1.9696406046401334
TCGA_to_CPTAC,11,coral_pca_hgb,4d3961ec-f73a-42ce-90cd-3ca8720c96c1,GBM,3.80666248977032,4.2566502654055425
TCGA_to_CPTAC,11,coral_pca_hgb,a3958fd8-24c9-4253-91d4-97704f44c0ed,SKCM,5.942799375126701,5.215063836221931
TCGA_to_CPTAC,11,coral_pca_hgb,46098b0b-a53e-425a-abc0-73561c447ea1,LUAD,5.468060141135132,4.446499349030533
TCGA_to_CPTAC,11,coral_pca_hgb,bbc25ce8-d6cf-4920-a60b-a7eea2182f64,LUAD,6.16541785423142,5.73151216234533
TCGA_to_CPTAC,11,coral_pca_hgb,3f92c203-a319-46a6-a627-8027070961fc,LUAD,3.4339872044851463,4.318761773750666
TCGA_to_CPTAC,11,coral_pca_hgb,609a220b-498e-4f7e-b30e-224755de1090,LUAD,4.007333185232471,4.190693972364945
TCGA_to_CPTAC,11,coral_pca_hgb,6797b09b-588e-4362-adfd-25265ce2f301,KIRC,3.912023005428146,3.8048473357771337
TCGA_to_CPTAC,11,coral_pca_hgb,838cd4b5-7c3a-4794-9909-b48b21fafef6,GBM,4.219507705176107,4.135837044377905
TCGA_to_CPTAC,11,coral_pca_hgb,d95d6aa8-e85b-4a03-aee0-395afd04573b,SKCM,7.429520842786462,5.148542599297178
TCGA_to_CPTAC,11,coral_pca_hgb,e8b0327e-7721-4310-9382-1c57c62c8b73,KIRC,3.8918202981106265,3.901388611875296
TCGA_to_CPTAC,11,coral_pca_hgb,d38c0dff-86d0-4733-a982-4f25b56dc915,LAML,2.4849066497880004,2.0459427763670166
TCGA_to_CPTAC,11,coral_pca_hgb,85a832ca-97ce-459f-a8f2-9fa7960ea366,GBM,3.295836866004329,2.9752424057816573
TCGA_to_CPTAC,11,coral_pca_hgb,6fa5ca34-3966-4cfb-a81d-cfefda46c5fc,SKCM,4.934473933130692,3.7831458812076146
TCGA_to_CPTAC,11,coral_pca_hgb,a7b5ecd7-d16b-4c41-87d7-881c3d53d185,KIRC,4.0943445622221,3.7825513946467155
TCGA_to_CPTAC,11,coral_pca_hgb,08b1070c-1562-4465-9c0c-670274d70f74,PAAD,3.091042453358316,3.7351189172182484
TCGA_to_CPTAC,11,coral_pca_hgb,67b00b4a-c675-4838-9779-897d4687a9af,LAML,0.6931471805599453,2.032952716985781
TCGA_to_CPTAC,11,coral_pca_hgb,8710ce04-6b7f-4e37-adc0-0df1f2798b30,LUAD,6.470799503782602,6.082113746064236
TCGA_to_CPTAC,11,coral_pca_hgb,2bd2a5ce-c7e7-427d-94c1-6d9f76b35e7f,STAD,4.189654742026425,3.8631527525914486
TCGA_to_CPTAC,11,coral_pca_hgb,27623cf1-4afb-44a1-a194-b761579c439b,GBM,3.912023005428146,3.572083067906364
TCGA_to_CPTAC,11,coral_pca_hgb,913c4d57-b5b5-4824-860a-36e756fd08bb,LUAD,3.610917912644224,4.933170477685753
TCGA_to_CPTAC,11,coral_pca_hgb,9d08fec4-6c97-4863-b653-28f02c2a8a90,LUAD,5.342334251964811,4.997436191889177
TCGA_to_CPTAC,11,coral_pca_hgb,e8ca3e74-4d65-4612-8f70-c7fde1dfdd27,GBM,3.1780538303479458,3.736383909353947
TCGA_to_CPTAC,11,coral_pca_hgb,92cd0551-2e78-466d-a84e-8d0d525fff39,KIRC,3.912023005428146,3.6752142989567744
TCGA_to_CPTAC,11,coral_pca_hgb,aa8049c3-dd40-46d3-b204-c30618bdfbe8,STAD,7.201916317531627,7.116758173323076
TCGA_to_CPTAC,11,coral_pca_hgb,f4a6f999-60a3-40e3-858b-6e7aa1738c3a,UCEC,6.7580945044277305,5.415292813962303
TCGA_to_CPTAC,11,coral_pca_hgb,2382164a-14fb-425e-aa73-7c55d19ba038,GBM,3.610917912644224,4.455224535870936
TCGA_to_CPTAC,11,coral_pca_hgb,8767d970-812a-4828-aaa1-0b9ff956dffc,LUAD,5.247024072160486,4.628340841408219
TCGA_to_CPTAC,11,coral_pca_hgb,096f93d8-ede7-4f5e-b427-84347170ec88,GBM,2.9444389791664403,3.944015544453635
TCGA_to_CPTAC,11,coral_pca_hgb,a08b347f-76f9-454d-8800-d4ed138e22ba,SKCM,3.555348061489413,4.8086912034551945
TCGA_to_CPTAC,11,coral_pca_hgb,e15384a3-a3a9-421e-89b7-0ba1af9d71ae,UCEC,6.008813185442595,5.546830836444788
TCGA_to_CPTAC,11,coral_pca_hgb,0b3c2410-43ea-4b7b-b896-ad5e852b8ec5,SKCM,5.123963979403259,5.132060727041402
TCGA_to_CPTAC,11,coral_pca_hgb,08f997e1-8249-4c31-ae8a-bd165f5ad29e,KIRC,3.737669618283368,3.7026104819529486
TCGA_to_CPTAC,11,coral_pca_hgb,740733c7-5b6c-4dbd-8f20-6bb748f7b97c,STAD,3.58351893845611,4.737305022173381
TCGA_to_CPTAC,11,coral_pca_hgb,58858fd8-7092-491b-b324-a7ce3b0bc2f1,KIRC,3.5263605246161616,3.6995563903330355
TCGA_to_CPTAC,11,coral_pca_hgb,8d1035ae-7b5c-41db-b31b-2d9512a12137,KIRC,4.04305126783455,3.611314604355596
TCGA_to_CPTAC,11,coral_pca_hgb,dc0c495f-9f70-4931-8652-77a260f7b052,UCEC,3.6375861597263857,4.0240912325723315
TCGA_to_CPTAC,11,coral_pca_hgb,5564d5ac-8d33-46f4-a60e-8520d7b0d1ed,SKCM,4.499809670330265,4.712412620616443
TCGA_to_CPTAC,11,coral_pca_hgb,51c96955-042f-4eb2-820f-d2c096ab4394,KIRC,3.8918202981106265,4.083451292967045
TCGA_to_CPTAC,11,coral_pca_hgb,8ea640ce-796c-44cf-bef2-42d7057a9e22,STAD,3.332204510175204,3.531372707432508
TCGA_to_CPTAC,11,coral_pca_hgb,6ecb8620-9dca-4f78-abf7-a8ab6403385a,LAML,1.3862943611198906,1.8444377853321388
TCGA_to_CPTAC,11,coral_pca_hgb,d84bfa68-63b1-4c84-848d-8b473638f970,KIRC,4.477336814478207,4.256041032516684
TCGA_to_CPTAC,11,coral_pca_hgb,28690bb0-71b6-4ea2-871a-98b572c08b02,GBM,4.060443010546419,3.990660942089986
TCGA_to_CPTAC,11,coral_pca_hgb,d012ecb9-911b-4701-a9ed-c0a971f602f0,LAML,2.19722457733622,2.3366890497697805
TCGA_to_CPTAC,11,coral_pca_hgb,e6de6156-a66b-49b9-87b6-c38707f41d35,GBM,3.912023005428146,4.176436828173033
TCGA_to_CPTAC,11,coral_pca_hgb,a5fa1602-d98b-4953-b549-902ec3f4cdcb,PAAD,1.3862943611198906,1.84894159645339
TCGA_to_CPTAC,11,coral_pca_hgb,d033c229-acc6-4272-8aa6-286e086ff328,STAD,5.662960480135946,5.0367958754965985
TCGA_to_CPTAC,11,coral_pca_hgb,2a901029-a9d7-41a7-829d-b9c102a6d157,KIRC,4.394449154672439,3.9129104102957992
TCGA_to_CPTAC,11,coral_pca_hgb,c471fc2f-f9b6-41c1-81d3-0f572595dc14,GBM,3.8918202981106265,4.083227680697998
TCGA_to_CPTAC,11,coral_pca_hgb,f6c78eb3-ec15-441e-b3d2-e01c412e37d8,KIRC,3.80666248977032,3.210461957985458
TCGA_to_CPTAC,11,coral_pca_hgb,26f5c62f-fe00-46c9-8058-8604c0f37e57,KIRC,3.970291913552122,4.196368810852864
TCGA_to_CPTAC,11,coral_pca_hgb,add9546c-edc2-4989-b283-4645199abb70,STAD,4.418840607796598,4.055778550221089
TCGA_to_CPTAC,11,coral_pca_hgb,0b587b8e-173c-4f03-be2b-13a1d7aa4d4b,KIRC,4.04305126783455,3.7286854031970864
TCGA_to_CPTAC,11,coral_pca_hgb,8be8aafe-ccd7-437f-aa68-09c4bc248d1d,KIRC,4.394449154672439,3.893495478098454
TCGA_to_CPTAC,11,coral_pca_hgb,560ead79-1f9d-4e1c-a937-fb5cf63f0f77,LAML,0.6931471805599453,1.2691362956723513
TCGA_to_CPTAC,11,coral_pca_hgb,90318dda-7722-45d9-a102-cc84e1d3f1bf,LAML,0.0,2.353453623867282
TCGA_to_CPTAC,11,coral_pca_hgb,188f9191-e4e2-4b00-80cf-c1e1424580a7,PAAD,2.833213344056216,2.204496044840889
TCGA_to_CPTAC,11,coral_pca_hgb,c167fef9-16f4-43c8-b1fa-3d78ee4f54ec,STAD,4.189654742026425,5.010965569683079
TCGA_to_CPTAC,11,coral_pca_hgb,4aac63c8-293e-434e-912d-8627e3547349,UCEC,4.31748811353631,3.9066091829182326
TCGA_to_CPTAC,11,coral_pca_hgb,17b628fa-e1e4-4055-9d27-a41e109c8ce2,STAD,4.787491742782046,4.532082797850096
TCGA_to_CPTAC,11,coral_pca_hgb,aa76081e-91cd-48f4-947d-fa7d5c3424a5,SKCM,5.2574953720277815,6.3198039224443106
TCGA_to_CPTAC,11,coral_pca_hgb,b5715e52-71fa-4127-aa0f-9a180d5f3537,GBM,4.477336814478207,2.7952016219265072
TCGA_to_CPTAC,11,coral_pca_hgb,b75eef43-e157-428d-8cef-198f5593165b,UCEC,3.80666248977032,4.583596852624684
TCGA_to_CPTAC,11,coral_pca_hgb,d2ca9e9b-405f-4c74-91aa-f4cd3c44c0f5,KIRC,3.9318256327243257,3.451705112081939
TCGA_to_CPTAC,11,coral_pca_hgb,67a45a2e-fe13-4322-935c-ea3c66037477,SKCM,5.389071729816501,4.80163682612934
TCGA_to_CPTAC,11,coral_pca_hgb,abdc7dd0-4060-49ae-a304-5cb39e3f40bf,STAD,5.37989735354046,4.437038554933553
TCGA_to_CPTAC,11,coral_pca_hgb,8df9a63c-5d21-45d7-929f-4b52b6222f2d,PAAD,2.833213344056216,3.0454137584826357
TCGA_to_CPTAC,11,coral_pca_hgb,d28c7ed6-339d-49d7-b571-9dd08019ff67,UCEC,6.38856140554563,4.645609235229233
TCGA_to_CPTAC,11,coral_pca_hgb,471de2ac-b30a-473a-bb14-bc21a15d71aa,GBM,4.204692619390966,3.748342608635431
TCGA_to_CPTAC,11,coral_pca_hgb,f85a6b6f-f3cb-49f6-a285-3bc3705ae3fb,LUAD,5.886104031450156,6.496644163326499
TCGA_to_CPTAC,11,coral_pca_hgb,2a1607aa-ca64-4363-a6a4-44596c82996b,GBM,3.951243718581428,4.559882120819929
TCGA_to_CPTAC,11,coral_pca_hgb,3a420b74-ac84-470e-99f1-811cbc37ac5e,KIRC,0.0,4.284867893991655
TCGA_to_CPTAC,11,coral_pca_hgb,dd2d4fc9-3422-4548-85fe-43e5b8da5ed3,LUAD,3.970291913552122,4.373191379058996
TCGA_to_CPTAC,11,coral_pca_hgb,c5395745-12b3-4310-95fb-b1bf44a70ac3,GBM,3.912023005428146,3.431048468127263
TCGA_to_CPTAC,11,coral_pca_hgb,73b19657-c3ed-4aae-9347-446dabe41cdc,STAD,5.170483995038151,5.077451095197746
TCGA_to_CPTAC,11,coral_pca_hgb,5a2e37fb-9b1d-4b24-9931-04717f279b66,KIRC,4.04305126783455,3.8626776357392476
TCGA_to_CPTAC,11,coral_pca_hgb,f60e48f3-fde3-4f35-8b57-cdab659671ac,LUAD,3.7612001156935615,4.317869597990569
TCGA_to_CPTAC,11,coral_pca_hgb,6cd85f15-79df-45b5-acda-b938eb35fccb,GBM,4.007333185232471,4.09505707753779
TCGA_to_CPTAC,11,coral_pca_hgb,09662b44-b90a-4adb-99c0-1a0d85fe5892,UCEC,6.539585955617669,5.826128982867851
TCGA_to_CPTAC,11,coral_pca_hgb,024bde91-ea3e-4157-83c4-8482801b00dc,UCEC,7.01571242048723,6.853104758467578
TCGA_to_CPTAC,11,coral_pca_hgb,996413b0-bbd5-4df5-9222-6dfb57c53c58,GBM,4.770684624465665,3.9852560118004443
TCGA_to_CPTAC,11,coral_pca_hgb,96a87267-2168-4c71-8b0b-84510401f5c3,SKCM,7.170119543449628,3.9546334333187647
TCGA_to_CPTAC,11,coral_pca_hgb,d15476b6-6679-41de-bff7-07c5d1f0efb0,LUAD,3.970291913552122,4.398475121916723
TCGA_to_CPTAC,11,coral_pca_hgb,217a5718-a04e-4225-b362-98d2825b1617,PAAD,1.9459101490553128,2.176696443192048
TCGA_to_CPTAC,11,coral_pca_hgb,21d09db9-f853-48d3-b132-d07c122cf06c,LUAD,3.218875824868201,4.020132314995045
TCGA_to_CPTAC,11,coral_pca_hgb,bcd93ccc-bc50-4526-b4df-6f64a56a1442,LUAD,4.795790545596741,5.2531322992198906
TCGA_to_CPTAC,11,coral_pca_hgb,272d222a-761f-4543-86d0-37457731a3a5,UCEC,4.007333185232471,3.7572988400687715
TCGA_to_CPTAC,11,coral_pca_hgb,b8355bf5-6037-4f5f-a277-237a6917a23e,KIRC,4.454347296253507,3.8022536974272882
TCGA_to_CPTAC,11,coral_pca_hgb,d617590c-0326-47c4-a327-103c2f82c999,PAAD,2.5649493574615367,2.8781756206334963
TCGA_to_CPTAC,11,coral_pca_hgb,b8f09d8d-2806-4d9a-b44c-8c949bc30e38,LUAD,5.556828061699537,5.9030569809219635
TCGA_to_CPTAC,11,coral_pca_hgb,a1f9f50a-90b9-400c-b5a1-70e8703930cf,GBM,3.8501476017100575,4.009548854527411
TCGA_to_CPTAC,11,coral_pca_hgb,e442a093-73b3-4e8a-807f-f7248584e194,UCEC,4.59511985013459,4.745227220334117
TCGA_to_CPTAC,11,coral_pca_hgb,3765c3e7-06e9-46e2-ae5d-5b53a65cfab8,UCEC,3.49650756146648,4.791999508856152
TCGA_to_CPTAC,11,coral_pca_hgb,3f74668a-15a0-4d28-b6df-6a4a04f5e2af,UCEC,6.186208623900494,5.287278642630663
TCGA_to_CPTAC,11,coral_pca_hgb,56e57d72-3b6b-4b70-bbd2-eb4b96e10ba4,LUAD,5.8888779583328805,5.595694066893374
TCGA_to_CPTAC,11,coral_pca_hgb,d3953640-1289-45a1-9db2-61283f586a50,UCEC,6.411818267709897,6.541214605719866
TCGA_to_CPTAC,11,coral_pca_hgb,898145a7-1b98-42af-ab38-4cacedf77eed,STAD,4.219507705176107,2.6873114694281925
TCGA_to_CPTAC,11,coral_pca_hgb,68536e88-5ed0-4dc3-a739-2ce9e2141b06,UCEC,3.6375861597263857,4.4243047181359625
TCGA_to_CPTAC,11,coral_pca_hgb,b9ef0612-99fc-4bcd-9836-ef1f806b96f6,SKCM,8.432070937999402,5.026413920991732
TCGA_to_CPTAC,11,coral_pca_hgb,4ba11f85-5f18-4db9-af0f-c0da0b78f500,LUAD,3.1354942159291497,4.952597208864342
TCGA_to_CPTAC,11,coral_pca_hgb,8b2a6dec-ef47-4561-bc2f-7f107164bfb5,SKCM,5.529429087511423,3.7547213844410257
TCGA_to_CPTAC,11,coral_pca_hgb,5f7accb9-d655-45fb-bae0-d8cd02c11285,PAAD,3.367295829986474,3.691328746488241
TCGA_to_CPTAC,11,coral_pca_hgb,d8319145-589b-4ec3-9618-7c17f3081457,GBM,3.951243718581428,4.127991778688957
TCGA_to_CPTAC,11,coral_pca_hgb,18b6d2e0-e7ec-4697-8ed4-3e5d0af83e92,KIRC,4.174387269895637,3.682604731679814
TCGA_to_CPTAC,11,coral_pca_hgb,f49c9a22-c113-4dc9-b0f9-2e9c48dda1c7,LAML,0.0,2.7755110107966234
TCGA_to_CPTAC,11,coral_pca_hgb,2dad8ca6-2a98-479a-8637-83451765c2e9,UCEC,3.828641396489095,4.967151344151736
TCGA_to_CPTAC,11,coral_pca_hgb,9619589a-2dd4-4678-bf42-5e79f6bebd77,KIRC,4.532599493153256,3.512102709647575
TCGA_to_CPTAC,11,coral_pca_hgb,a17f8659-6748-4195-80cf-e3adcbe3c711,LAML,2.302585092994046,2.2636156091681037
TCGA_to_CPTAC,11,coral_pca_hgb,faf4ac5d-1873-495c-86d4-7a9760f06339,PAAD,2.995732273553991,2.9716137141022774
TCGA_to_CPTAC,11,coral_pca_hgb,600ec637-0fa7-4e57-83e8-2c4149393507,GBM,4.04305126783455,4.034472783158457
TCGA_to_CPTAC,11,coral_pca_hgb,2e23ce47-7882-442a-be6b-3fdd7b5cf978,KIRC,4.23410650459726,3.6666937151391132
TCGA_to_CPTAC,11,coral_pca_hgb,40b75d78-3d5d-455d-9b71-e22ec45ede70,LAML,2.079441541679836,2.291312176791828
TCGA_to_CPTAC,11,coral_pca_hgb,5676110c-4af9-4c08-bf42-7dd0005b3237,UCEC,3.80666248977032,4.416115985297489
TCGA_to_CPTAC,11,coral_pca_hgb,df6fa6ae-4858-45bc-ac10-fc23f90a4d2f,LAML,0.0,1.8287160153084194
TCGA_to_CPTAC,11,coral_pca_hgb,53e3396f-6b38-457b-83f9-bf9ab2c47ffc,SKCM,6.77078942390898,3.6222478127977444
TCGA_to_CPTAC,11,coral_pca_hgb,a25d1047-ac0f-40db-b6aa-c6f219eb48da,LUAD,5.030437921392435,4.393855414436504
TCGA_to_CPTAC,11,coral_pca_hgb,5071d75d-cd23-419b-96d3-0f0a241e00e9,PAAD,3.8918202981106265,3.2768936524542354
TCGA_to_CPTAC,11,coral_pca_hgb,9e846f74-e69f-41d3-a6ec-a189a27152ec,LUAD,5.442417710521793,4.708053959387977
TCGA_to_CPTAC,11,coral_pca_hgb,115316f6-389a-40e8-a219-0e8fafea9313,PAAD,3.58351893845611,4.364668397587785
TCGA_to_CPTAC,11,coral_pca_hgb,bb32a75f-8129-4549-9635-9dc67e610a80,LUAD,3.6375861597263857,4.818803101736489
TCGA_to_CPTAC,11,coral_pca_hgb,8d20890e-d4eb-40d1-8122-3cb26e302894,LUAD,5.2832037287379885,4.275173606259823
TCGA_to_CPTAC,11,coral_pca_hgb,d73b1616-f3eb-462e-bf33-345872fee45b,LUAD,5.220355825078325,4.055435427076436
TCGA_to_CPTAC,11,coral_pca_hgb,66a03ac1-5404-414b-bcc7-79a6d2968995,STAD,4.007333185232471,3.806292954602545
TCGA_to_CPTAC,11,coral_pca_hgb,6c28fff9-68e9-465f-bebb-7574901e333c,LUAD,5.41610040220442,4.994889268248879
TCGA_to_CPTAC,11,coral_pca_hgb,9969f301-603b-477c-8236-b4ac5227fa52,LUAD,5.860786223465865,5.55475153303825
TCGA_to_CPTAC,11,coral_pca_hgb,aa62b9ec-062b-41c9-abb4-c7217f259c06,KIRC,4.04305126783455,3.9801150123595113
TCGA_to_CPTAC,11,coral_pca_hgb,9472ff86-d792-4c1c-aedb-596c572ae602,UCEC,4.174387269895637,4.6437454905526145
TCGA_to_CPTAC,11,coral_pca_hgb,723bc859-7672-4990-8166-46d093547cca,LUAD,6.133398042996649,5.960294844493617
TCGA_to_CPTAC,11,coral_pca_hgb,65835e17-0795-4ee9-88ee-cf4961244905,GBM,3.4339872044851463,4.087359112865758
TCGA_to_CPTAC,11,coral_pca_hgb,2a4870eb-8cc1-4b11-8eff-dbd23888e6a6,SKCM,3.49650756146648,5.047117731237965
TCGA_to_CPTAC,11,coral_pca_hgb,8200b6fd-87a0-4671-bcf6-390b196c925f,LAML,2.4849066497880004,0.9929293485424964
TCGA_to_CPTAC,11,coral_pca_hgb,8fa9bcdc-aedc-491e-b1e9-727a18ca7e28,LUAD,5.983936280687191,5.828558023248253
TCGA_to_CPTAC,11,coral_pca_hgb,3bba88bf-3a0c-4788-940f-5407b9e86971,PAAD,1.3862943611198906,3.6197498343897223
TCGA_to_CPTAC,11,coral_pca_hgb,17e6c62f-cc0c-4e13-a80c-f9bd6c2cfb0d,KIRC,3.9318256327243257,3.6605946732875423
TCGA_to_CPTAC,11,coral_pca_hgb,29293995-2b78-4920-a1c5-b8202f399ba3,LUAD,5.575949103146316,5.26260105187817
TCGA_to_CPTAC,11,coral_pca_hgb,fab863a1-138e-4caf-8489-409d05511795,UCEC,4.23410650459726,5.087941676094637
TCGA_to_CPTAC,11,coral_pca_hgb,0d0cffd8-81b5-4c1d-8012-658c0f6f0c42,UCEC,5.84354441703136,6.8864256647472
TCGA_to_CPTAC,11,coral_pca_hgb,03a973ea-08dd-42c1-9411-afcb831e660f,GBM,3.9318256327243257,4.1088842754068144
TCGA_to_CPTAC,11,coral_pca_hgb,20843547-185c-4067-b314-698cadf7aea8,PAAD,4.0943445622221,4.215776120217755
TCGA_to_CPTAC,11,coral_pca_hgb,f70289e1-fa88-4df1-9df7-0820d0190544,STAD,7.628031126930335,5.69568830105861
TCGA_to_CPTAC,11,coral_pca_hgb,3964a6e8-fba3-47f6-a7ca-26bbd4a368f6,LUAD,3.8918202981106265,3.2972396004820825
TCGA_to_CPTAC,11,coral_pca_hgb,1f66bbbf-7909-47d0-9ea4-d5209cbcb951,LUAD,3.688879454113936,4.326897100528353
TCGA_to_CPTAC,11,coral_pca_hgb,c954ffd0-f64f-4cee-a802-48e0960f7910,KIRC,3.713572066704308,3.727675554254756
TCGA_to_CPTAC,11,coral_pca_hgb,4762e4eb-bed9-43b9-a5d9-ebe93c0f7541,LUAD,5.288267030694535,4.905877334014222
TCGA_to_CPTAC,11,coral_pca_hgb,22bf70fe-df81-4764-97a7-96177b1df246,PAAD,3.828641396489095,4.123917520505298
TCGA_to_CPTAC,11,coral_pca_hgb,1a63871a-d1ce-4ecd-904c-99f7814a7c41,GBM,3.49650756146648,3.1823292652203232
TCGA_to_CPTAC,11,coral_pca_hgb,d8e65106-8e35-4e03-b72b-26a6517b9fed,STAD,4.442651256490317,4.23849369536148
TCGA_to_CPTAC,11,coral_pca_hgb,591733c5-3190-493a-8e56-b7e471473e22,UCEC,4.330733340286331,4.582052370187291
TCGA_to_CPTAC,11,coral_pca_hgb,239a5fbb-0145-46f6-8ec3-2a96a04011dd,KIRC,4.574710978503383,4.106766381939399
TCGA_to_CPTAC,11,coral_pca_hgb,1272f46b-0d75-496b-8f06-cb659d9e22a7,UCEC,7.1308988302963465,4.395416411807689
TCGA_to_CPTAC,11,coral_pca_hgb,e0c39f59-1297-4c0a-9478-77e5c7207230,LUAD,5.19295685089021,5.198210473349985
TCGA_to_CPTAC,11,coral_pca_hgb,7d06a2e9-e095-4b1e-9fb8-4ca085e4bf3b,STAD,7.086737934510577,7.176373554672026
TCGA_to_CPTAC,11,coral_pca_hgb,f3068c13-3f95-41eb-95cc-ea69bcea83ad,KIRC,3.80666248977032,3.6229544330640593
TCGA_to_CPTAC,11,coral_pca_hgb,4d1aed21-c2b2-4048-97ae-beb40bc0a42d,UCEC,5.6937321388027,4.6308329810490525
TCGA_to_CPTAC,11,coral_pca_hgb,52153098-f1b2-47fe-ba4e-88ce6d51a6ca,KIRC,4.276666119016055,3.84796624269639
TCGA_to_CPTAC,11,coral_pca_hgb,ceae0345-0b5a-475f-8133-5fffcb81f3d0,KIRC,4.653960350157523,4.469988304889294
TCGA_to_CPTAC,11,coral_pca_hgb,0960f27b-1262-4bbe-a8f8-a2aec454f5c6,PAAD,3.87120101090789,3.9948232264495758
TCGA_to_CPTAC,11,coral_pca_hgb,2f9e1f15-769a-43e3-a68d-dde243883422,KIRC,4.219507705176107,3.5089523125888795
TCGA_to_CPTAC,11,coral_pca_hgb,8d1b6812-9c39-4e83-b6d4-8091f9ff6018,LUAD,4.8283137373023015,4.379519636169805
TCGA_to_CPTAC,11,coral_pca_hgb,94cb5c05-8175-4f44-83b9-c52f51218eb8,LAML,0.0,1.4060867128859804
TCGA_to_CPTAC,11,coral_pca_hgb,964ad18c-9452-405d-969f-c9f40af48b4c,UCEC,5.983936280687191,5.022393209677567
TCGA_to_CPTAC,11,coral_pca_hgb,f87b09a1-ad59-4c29-b306-73ed26f38a1a,UCEC,4.02535169073515,4.441798878064328
TCGA_to_CPTAC,11,coral_pca_hgb,c710e51c-2da0-4b7f-9b0a-aecdee7b1338,STAD,7.252053951852813,7.337001574115692
TCGA_to_CPTAC,11,coral_pca_hgb,d53bb16c-51b6-4ed0-a1aa-bc88a7894e2c,LUAD,5.916202062607435,4.753842386921768
TCGA_to_CPTAC,11,coral_pca_hgb,9abc1155-520d-4d48-b8cf-b4482fc96055,LAML,0.6931471805599453,1.6914615783004971
TCGA_to_CPTAC,11,coral_pca_hgb,aec84142-419a-45c2-8aff-dfeec5065447,KIRC,3.970291913552122,3.6186659383415782
TCGA_to_CPTAC,11,coral_pca_hgb,a36d7130-dd34-4ae2-b425-c94a889983e7,SKCM,6.018593214496234,4.9189327201195
TCGA_to_CPTAC,11,coral_pca_hgb,44d4ed0f-204b-40ce-9345-72ac30f6a3a1,KIRC,4.465908118654584,4.001162315274144
TCGA_to_CPTAC,11,coral_pca_hgb,461ace29-0e87-4ec4-adf2-bbaace06fefa,STAD,4.330733340286331,4.07555614782554
TCGA_to_CPTAC,11,coral_pca_hgb,ca540923-722b-4ecd-9590-57ec28619dde,GBM,4.007333185232471,3.9845009513023193
TCGA_to_CPTAC,11,coral_pca_hgb,dbeb0624-b7ec-4555-a3af-6760c5b5e774,KIRC,4.204692619390966,3.464646031391618
TCGA_to_CPTAC,11,coral_pca_hgb,e352d7cd-0a13-4938-ab19-3843371a0de4,GBM,4.127134385045092,3.6106319928764967
TCGA_to_CPTAC,11,coral_pca_hgb,dd64c107-1f1c-4d3a-b047-557b58000c0a,PAAD,3.295836866004329,3.2090026698612144
TCGA_to_CPTAC,11,coral_pca_hgb,27663cb9-cfab-4234-88a1-09a1973a9f25,GBM,3.8918202981106265,3.2564520135647586
TCGA_to_CPTAC,11,coral_pca_hgb,55b8785a-3771-459e-bc48-170cec9cd105,KIRC,1.6094379124341005,3.6912259906500653
TCGA_to_CPTAC,11,coral_pca_hgb,a1da2f64-5a24-4e6b-abc1-e70aae23082c,GBM,3.9318256327243257,4.50978455511182
TCGA_to_CPTAC,11,coral_pca_hgb,ea6afb24-0804-42f4-ad6f-d0782080d255,LAML,1.0986122886681096,2.1865410502792355
TCGA_to_CPTAC,11,coral_pca_hgb,94fd2f4b-4624-4c77-b02e-8943cffcabd1,LUAD,3.58351893845611,4.619256889398636
TCGA_to_CPTAC,11,coral_pca_hgb,1e0b4933-9668-4002-bb85-8e68b794de56,PAAD,3.4657359027997265,3.300997591060348
TCGA_to_CPTAC,11,coral_pca_hgb,410b95b4-6d38-4c25-91ad-c09f2c34325b,LUAD,3.6375861597263857,4.315863099420013
TCGA_to_CPTAC,11,coral_pca_hgb,6f0fb9d7-64b5-4737-913c-1ac7d2a116a9,PAAD,4.07753744390572,2.92627018549887
TCGA_to_CPTAC,11,coral_pca_hgb,1dc55aee-9c92-44c4-a9e4-36aa1b0f9a4f,LAML,0.6931471805599453,1.1894331011971055
TCGA_to_CPTAC,11,coral_pca_hgb,667b18b4-6a55-4a08-a83b-e5f47f3f4a31,LUAD,5.030437921392435,4.484944092026707
TCGA_to_CPTAC,11,coral_pca_hgb,595dbf48-2238-41fc-9c78-d1b483560b01,LUAD,5.117993812416755,4.179552730847217
TCGA_to_CPTAC,11,coral_pca_hgb,8dca2f9c-208b-4d06-a588-0cafd175be7e,LUAD,5.030437921392435,5.507609454358882
TCGA_to_CPTAC,11,coral_pca_hgb,a248db42-2ca8-47fb-a4dd-9622ae192b21,UCEC,3.912023005428146,4.126328155040977
TCGA_to_CPTAC,11,coral_pca_hgb,be3bdde4-f6cf-4f33-b142-53f75151e8a1,LUAD,5.488937726156687,5.848228033509721
TCGA_to_CPTAC,11,coral_pca_hgb,cbbf7057-ee9e-40ef-8d09-03112bdfb16a,SKCM,5.860786223465865,4.960531263101067
TCGA_to_CPTAC,11,coral_pca_hgb,e3d6192c-2812-481a-89f7-29365e1cd546,LAML,1.791759469228055,1.8289162737835267
TCGA_to_CPTAC,11,coral_pca_hgb,3a4afbe7-60d6-4a0d-8166-56a04ff127b0,UCEC,4.691347882229144,4.7490904310460635
TCGA_to_CPTAC,11,coral_pca_hgb,a162aaa1-45e3-4294-90c2-1e2cd8a8b356,LUAD,6.1463292576688975,4.743982053668441
TCGA_to_CPTAC,11,coral_pca_hgb,41078a19-092c-4930-a3f4-eca47256622e,LUAD,2.19722457733622,3.989852383298423
TCGA_to_CPTAC,11,coral_pca_hgb,9cc09304-d998-4697-a38a-8b02325974a6,GBM,4.02535169073515,3.8566304463205516
TCGA_to_CPTAC,11,coral_pca_hgb,1a53c571-af1d-4c79-be44-180cc79e0d4f,GBM,4.262679877041316,3.7380467797809054
TCGA_to_CPTAC,11,coral_pca_hgb,560b15ee-4b09-46da-8b7c-b9bf49b603e8,LAML,3.044522437723423,2.189061623353096
TCGA_to_CPTAC,11,coral_pca_hgb,a264aed4-ea3c-4646-9860-8cf154b92e61,LUAD,3.4011973816621555,5.049441614630462
TCGA_to_CPTAC,11,coral_pca_hgb,b1114673-0f13-4265-98d8-21c5714d91a4,KIRC,4.0943445622221,3.538001733183182
TCGA_to_CPTAC,11,coral_pca_hgb,f4cb32e3-e748-41b1-962d-5fdc7732d094,UCEC,4.304065093204169,4.875045203043979
TCGA_to_CPTAC,11,coral_pca_hgb,0576d76b-d37c-4df6-9cdd-6397a900c282,PAAD,3.555348061489413,2.4971134276224505
TCGA_to_CPTAC,11,coral_pca_hgb,97b41ddc-6f1c-444f-88c9-69a3473f6f2f,SKCM,4.158883083359672,3.997262751954841
TCGA_to_CPTAC,11,coral_pca_hgb,626bfe63-0c8d-4ff6-95cb-861b3aed92c8,STAD,4.007333185232471,3.871147960209507
TCGA_to_CPTAC,11,coral_pca_hgb,3786f038-882f-4e77-9243-0a0fc4c781b6,STAD,4.6443908991413725,4.416188854951119
TCGA_to_CPTAC,11,coral_pca_hgb,3424fe9d-9fa9-4ed3-b7c5-6414f121b1f1,STAD,4.304065093204169,5.543824396173267
TCGA_to_CPTAC,11,coral_pca_hgb,cfc3dba9-b0bd-498c-b8fc-33b80a7af835,KIRC,4.007333185232471,4.292419479272572
TCGA_to_CPTAC,11,coral_pca_hgb,2c0c3637-9705-45bf-a0fd-b2018248efe6,UCEC,3.7612001156935615,4.807899567691855
TCGA_to_CPTAC,11,coral_pca_hgb,d9ddbe8f-ed12-4672-963f-0b39dea269a5,LAML,1.6094379124341005,3.9136209387864747
TCGA_to_CPTAC,11,coral_pca_hgb,bbff8865-eaa8-400d-babd-f441e677f74a,UCEC,4.290459441148391,4.711497605018613
TCGA_to_CPTAC,11,coral_pca_hgb,7e317f34-e8a7-4803-beb2-470d5c2ee93f,LUAD,5.262690188904886,4.7814535200183705
TCGA_to_CPTAC,11,coral_pca_hgb,24ccb786-b8f2-4dfd-a065-a928f240d79e,PAAD,3.8501476017100575,2.9076751736834368
TCGA_to_CPTAC,11,coral_pca_hgb,cbe84d4e-9d2c-4d4a-b6e9-138c195f7529,GBM,2.8903717578961645,3.891535399808539
TCGA_to_CPTAC,11,coral_pca_hgb,9cf7c4e3-7257-4dbd-81c0-c5419f80104f,PAAD,3.828641396489095,3.933723177446499
TCGA_to_CPTAC,11,coral_pca_hgb,27ef0aed-1415-4994-9439-bf339a02e190,STAD,5.017279836814924,5.513049834183755
TCGA_to_CPTAC,11,coral_pca_hgb,a38f3241-9477-4790-aba0-af946d056cff,KIRC,2.5649493574615367,3.826599219302099
TCGA_to_CPTAC,11,coral_pca_hgb,49ec4eb6-da3d-4a69-913e-61b115e21860,LAML,2.4849066497880004,2.283743369833674
TCGA_to_CPTAC,11,coral_pca_hgb,4a21fc0b-d84d-4bc3-be3b-b2c0b14b97be,GBM,3.610917912644224,4.0611592973368875
TCGA_to_CPTAC,11,coral_pca_hgb,95d0e985-cdb7-4a85-a82d-60e008ce7be1,PAAD,2.5649493574615367,3.15905570753109
TCGA_to_CPTAC,11,coral_pca_hgb,ec39dfe2-ef68-40b1-9fdf-f51febb000f2,LUAD,5.068904202220232,4.525421913912346
TCGA_to_CPTAC,11,coral_pca_hgb,5cf30e66-765b-410f-89ca-3181a0c68f4b,STAD,7.175489713624222,6.543926398567433
TCGA_to_CPTAC,11,coral_pca_hgb,324bf8cd-d84f-4b9e-87ff-4dc73c7cdc0c,GBM,3.4011973816621555,4.216035974296508
TCGA_to_CPTAC,11,coral_pca_hgb,4f153585-dd6f-46a1-aa46-2c96af88ed69,UCEC,4.574710978503383,3.8939231932602953
TCGA_to_CPTAC,11,coral_pca_hgb,a94807e0-0212-4c5a-b666-74ac828b3791,PAAD,3.7612001156935615,4.355479989534761
TCGA_to_CPTAC,11,coral_pca_hgb,2e653fba-5d9b-446f-af7f-a986e39ed713,GBM,3.610917912644224,4.106326962693574
TCGA_to_CPTAC,11,coral_pca_hgb,f1aadf48-b132-48fd-9106-4a01670114e0,LUAD,5.153291594497779,4.528662170484808
TCGA_to_CPTAC,11,coral_pca_hgb,75216209-b267-45a1-9a79-a219a1551bdf,KIRC,4.007333185232471,3.8614339706895078
TCGA_to_CPTAC,11,coral_pca_hgb,3145c74e-cbb9-491f-8ee8-dcbdb69e1b8d,KIRC,4.31748811353631,3.898774920874753
TCGA_to_CPTAC,11,coral_pca_hgb,aed5f6f0-405e-4a77-914a-21f7c6c69cb6,KIRC,4.0943445622221,3.8222160920593007
TCGA_to_CPTAC,11,coral_pca_hgb,1309999e-853f-4f99-84a2-1095e674f5ae,PAAD,2.639057329615259,2.1420110182022505
TCGA_to_CPTAC,11,coral_pca_hgb,abc71fa9-9b79-4653-8457-abd01c4b6515,STAD,6.285998094508865,5.7133815411255355
TCGA_to_CPTAC,11,coral_pca_hgb,4d3ea8f7-10fe-4a79-a8db-7eca535633ef,PAAD,3.4657359027997265,3.682380240479395
TCGA_to_CPTAC,11,coral_pca_hgb,f5c8b225-a9a3-4b22-a924-311c2d24deb6,STAD,4.442651256490317,3.4142796073796635
TCGA_to_CPTAC,11,coral_pca_hgb,968bf5f1-4d6f-49dc-98ef-83f3fe1af90d,STAD,6.511745329644728,6.95514362058434
TCGA_to_CPTAC,11,coral_pca_hgb,ddaeb900-6184-4341-b060-0fdc6f505dd9,GBM,4.04305126783455,4.211774765724879
TCGA_to_CPTAC,11,coral_pca_hgb,5ecaec09-4b90-4b14-beeb-1d419d299a83,KIRC,3.7612001156935615,4.005674056158004
TCGA_to_CPTAC,11,coral_pca_hgb,3eac8f1b-790c-44e8-80b3-dd3180155ba3,LUAD,5.513428746164983,5.368553386075093
TCGA_to_CPTAC,11,coral_pca_hgb,b3c53319-899d-40dc-ae82-dd5742fad7ab,LUAD,3.6635616461296463,4.98936466299583
TCGA_to_CPTAC,11,coral_pca_hgb,2de04061-dc28-4a5f-a3ad-4918b9d91ed6,UCEC,3.8501476017100575,5.473511694719262
TCGA_to_CPTAC,11,coral_pca_hgb,06055207-d5ba-4b0e-a6d7-81bcf2bbd149,GBM,3.737669618283368,4.429910465647214
TCGA_to_CPTAC,11,coral_pca_hgb,84ef7524-1855-4f82-be9e-86b2856edfea,LAML,1.3862943611198906,3.4609629237435304
TCGA_to_CPTAC,11,coral_pca_hgb,10308f8f-5298-4a66-9bf9-eb6a18c1923d,UCEC,4.23410650459726,4.325246077798181
TCGA_to_CPTAC,11,coral_pca_hgb,6116ed25-e657-440d-a5b5-24dcd90b0bb5,PAAD,3.49650756146648,4.167431725195918
TCGA_to_CPTAC,11,coral_pca_hgb,db515089-ad32-4cdb-805a-3e5a967160a9,UCEC,6.424869023905388,6.614532718233892
TCGA_to_CPTAC,11,coral_pca_hgb,b5ecafc8-1af5-4df8-ae50-ad9eb47438e8,LUAD,4.709530201312334,4.850550137248537
TCGA_to_CPTAC,11,coral_pca_hgb,cf5958a0-6d7d-42ad-bd00-bc8662094753,SKCM,6.54965074223381,5.518265749406651
TCGA_to_CPTAC,11,coral_pca_hgb,208b87e8-f96f-419c-a659-c94a1b4c12b7,LUAD,5.616771097666572,5.155062571787088
TCGA_to_CPTAC,11,coral_pca_hgb,67dc4c49-7f69-4c1e-99e9-bf123ace3188,KIRC,4.430816798843313,3.818128560763438
TCGA_to_CPTAC,11,coral_pca_hgb,87713dd6-8d05-48df-ab20-87b149f04d8f,SKCM,4.553876891600541,4.3169281439179175
TCGA_to_CPTAC,11,coral_pca_hgb,ba8f974d-af1c-41bb-8099-d6bcffabe908,KIRC,3.6635616461296463,3.517509618832968
TCGA_to_CPTAC,11,coral_pca_hgb,80d78949-3a93-4e71-b987-a43d7c159576,KIRC,4.394449154672439,3.916971992282998
TCGA_to_CPTAC,11,coral_pca_hgb,dc371c9c-9ea3-4d19-969e-34b9c7b3ada2,LUAD,5.945420608606575,5.459573854129942
TCGA_to_CPTAC,11,coral_pca_hgb,0735f7c2-9a70-4762-a0a3-ed5dbe29d360,KIRC,4.143134726391533,3.9158762243644767
TCGA_to_CPTAC,11,coral_pca_hgb,e5e10337-3ac9-494a-9aef-8289dda9792e,SKCM,5.0369526024136295,4.164177217631842
TCGA_to_CPTAC,11,coral_pca_hgb,ed61276b-272d-4cd7-9f2d-754b1ed3ed66,LAML,2.079441541679836,1.6952771831816742
TCGA_to_CPTAC,11,coral_pca_hgb,f53d22a7-314a-48c0-b8b1-9799149ccc1e,KIRC,3.4339872044851463,3.7897798454114016
TCGA_to_CPTAC,11,coral_pca_hgb,bd1490a7-6de4-4808-afcb-37ed06cb9e34,UCEC,4.07753744390572,4.684317789869639
TCGA_to_CPTAC,11,coral_pca_hgb,75a61754-30e9-4ad0-9c20-5761b9bbc4ab,LAML,0.6931471805599453,1.9733093594950137
TCGA_to_CPTAC,11,coral_pca_hgb,f6c36f17-9f45-4f79-9432-99995251078a,LUAD,6.954638864880987,5.657297130124543
TCGA_to_CPTAC,11,coral_pca_hgb,aa9aafea-74cd-4899-ba61-95889c8d235b,SKCM,4.74493212836325,4.808194976140663
TCGA_to_CPTAC,11,coral_pca_hgb,785aebb1-a760-4167-9076-53024e317d04,LUAD,5.2574953720277815,2.992939676603708
TCGA_to_CPTAC,11,coral_pca_hgb,04cde2d0-d063-4a24-a0b3-fb8c03034293,LAML,2.19722457733622,2.237618722965034
TCGA_to_CPTAC,11,coral_pca_hgb,4e415b68-e0ed-4ff2-951c-970d117cce74,STAD,3.8918202981106265,3.35448435599161
TCGA_to_CPTAC,11,coral_pca_hgb,1c2653e9-8ba9-40da-a0f6-f5f06508d26a,LUAD,5.19295685089021,5.553812552608666
TCGA_to_CPTAC,11,coral_pca_hgb,1478d7af-6fbe-4c4f-b5b7-997b7d9cec75,PAAD,3.5263605246161616,4.2562836030559605
TCGA_to_CPTAC,11,coral_pca_hgb,c0e5c699-9195-4312-9fa5-bac797bf7809,LUAD,3.1354942159291497,4.170236789875169
TCGA_to_CPTAC,11,coral_pca_hgb,67765864-02e0-4f94-a13b-a28be10bfd30,STAD,4.394449154672439,5.064717362536539
TCGA_to_CPTAC,11,coral_pca_hgb,ddd99c12-5f7a-4240-a835-86971ac219c6,SKCM,5.831882477283517,4.826765528271299
TCGA_to_CPTAC,11,coral_pca_hgb,ac8eb54a-5f1b-4838-8231-0ca6f0eceb8f,SKCM,6.8501261661455,5.206983646166149
TCGA_to_CPTAC,11,coral_pca_hgb,2cb6ca17-edc8-4b84-896b-dc8a3aca5e25,KIRC,3.295836866004329,3.687140386777248
TCGA_to_CPTAC,11,coral_pca_hgb,eaa674d3-9d0e-4563-b31f-6a27ed86460e,SKCM,5.43372200355424,5.3637267451693615
TCGA_to_CPTAC,11,coral_pca_hgb,60b6d64b-fc4c-4b52-9b65-287dc4db9c7d,GBM,3.295836866004329,4.459380469188135
TCGA_to_CPTAC,11,coral_pca_hgb,c94de5fb-4fcf-46f0-a4f1-41a88f557770,UCEC,3.295836866004329,3.6480554151633964
TCGA_to_CPTAC,11,coral_pca_hgb,03e25765-6e83-46f7-a4da-c0fdf753e336,LAML,0.6931471805599453,1.965527478420484
TCGA_to_CPTAC,11,coral_pca_hgb,31828179-fd00-4918-96b7-01b7c894e22d,KIRC,4.406719247264253,3.8487686170731807
TCGA_to_CPTAC,11,coral_pca_hgb,2a971d49-1fcc-40eb-a02b-0736a0929f43,UCEC,4.158883083359672,4.8293544342063
TCGA_to_CPTAC,11,coral_pca_hgb,fcb92ce9-d9f4-423b-bf9e-02bcd5be561e,GBM,3.688879454113936,4.20190711492127
TCGA_to_CPTAC,11,coral_pca_hgb,8d7e2397-0ca5-40c8-9e77-cb44205c6391,SKCM,5.966146739123692,4.45728489912288
TCGA_to_CPTAC,11,coral_pca_hgb,e6ac9549-7257-4733-ad48-048e991f8bcb,UCEC,3.5263605246161616,4.102340672690647
TCGA_to_CPTAC,11,coral_pca_hgb,a270e912-5fda-4f46-8450-a77dc78ce53f,GBM,3.4011973816621555,4.173705735429462
TCGA_to_CPTAC,11,coral_pca_hgb,e2908e1f-34ed-4dac-b408-49eeaef72859,PAAD,3.713572066704308,3.3984747769783668
TCGA_to_CPTAC,11,coral_pca_hgb,c9c01ce2-2ffa-44ca-85b4-c6ee1d1d7ce8,LUAD,5.14166355650266,4.87334019683179
TCGA_to_CPTAC,11,coral_pca_hgb,1e7c8c8e-4c3c-429b-b34e-34677f07d1a4,LUAD,5.25227342804663,4.962395788936596
TCGA_to_CPTAC,11,coral_pca_hgb,947a6de8-a1fe-41f3-9568-2311f9fa341b,KIRC,3.951243718581428,4.0603841313171465
TCGA_to_CPTAC,11,coral_pca_hgb,793fc068-7121-43e1-aab4-d9e4c4459422,UCEC,3.610917912644224,4.323203485269634
TCGA_to_CPTAC,11,coral_pca_hgb,fd0d710f-aacc-45b6-ad9e-cc10b5c4a9b1,KIRC,4.143134726391533,4.518615147994414
TCGA_to_CPTAC,11,coral_pca_hgb,adeb86f4-17ca-4ab1-b5aa-30ea0f5bdf56,PAAD,3.091042453358316,3.365150222950117
TCGA_to_CPTAC,11,coral_pca_hgb,e5a96d45-78da-40a8-a599-b02b44a8a4ff,STAD,4.969813299576001,4.693455366513154
TCGA_to_CPTAC,11,coral_pca_hgb,a2b1fbcd-95c5-4916-b5e4-c516e29b2812,LAML,2.5649493574615367,1.7025547884398935
TCGA_to_CPTAC,11,coral_pca_hgb,d34a2f8f-5ffe-4c07-b0c7-755c0a42ab3d,PAAD,3.5263605246161616,3.9516413865148583
TCGA_to_CPTAC,11,coral_pca_hgb,423ab312-1482-428f-9b52-fc3169706e03,UCEC,0.6931471805599453,3.323202056190744
TCGA_to_CPTAC,11,coral_pca_hgb,de5e52da-6727-4fa3-8ada-88b31cf4b894,STAD,4.127134385045092,4.616151836218555
TCGA_to_CPTAC,11,coral_pca_hgb,53d5cace-2ade-48d6-8285-242c7b78a50f,GBM,3.4339872044851463,4.041885155206699
TCGA_to_CPTAC,11,coral_pca_hgb,cab6920d-01dc-4afc-a038-0a4a751abb85,GBM,4.0943445622221,4.237306176951338
TCGA_to_CPTAC,11,coral_pca_hgb,b288852f-66f5-4949-bc13-883e634313fc,PAAD,3.5263605246161616,4.171865370351467
TCGA_to_CPTAC,11,coral_pca_hgb,28f945a3-24f8-4d70-870c-4087a892cf4e,STAD,4.882801922586371,4.68841852986032
TCGA_to_CPTAC,11,coral_pca_hgb,530a241d-798c-4c3b-93ba-5cff08469d25,PAAD,3.332204510175204,3.1698274390402434
TCGA_to_CPTAC,11,coral_pca_hgb,78a36c6a-fa58-401a-97e8-b34f6e7d0ada,UCEC,4.262679877041316,4.525827220362486
TCGA_to_CPTAC,11,coral_pca_hgb,7e896789-d5ab-4ea7-96d5-9c62b26b116f,PAAD,0.0,3.293865728892402
TCGA_to_CPTAC,11,coral_pca_hgb,6ca8c6e0-50f3-4008-a9c0-cbfe4e984690,KIRC,4.110873864173311,3.497398623811164
TCGA_to_CPTAC,11,coral_pca_hgb,da18b31a-48dd-4bea-bced-d98a3e4cc1b0,KIRC,4.060443010546419,3.8341683122668315
TCGA_to_CPTAC,11,coral_pca_hgb,03222b71-46a2-4bb4-ba2e-bcc9e658328c,KIRC,3.044522437723423,3.2405888193217436
TCGA_to_CPTAC,11,coral_pca_hgb,79ea2d3a-7ab5-4312-a09d-ff7571057e64,UCEC,3.9889840465642745,3.700312870933012
TCGA_to_CPTAC,11,coral_pca_hgb,dbab1830-176e-4f3a-a094-1a4301a70a7d,PAAD,3.4339872044851463,2.8391134053286757
TCGA_to_CPTAC,11,coral_pca_hgb,96d07a2f-3e31-4858-b074-b0ee4794f1ab,PAAD,3.8918202981106265,3.241064472272975
TCGA_to_CPTAC,11,coral_pca_hgb,4ae395b9-0a62-40dc-b476-ad60aa70991a,KIRC,4.248495242049359,3.7294263296666847
TCGA_to_CPTAC,11,coral_pca_hgb,5a94eb3d-5475-4866-9632-90871da82950,KIRC,2.995732273553991,3.829365129256404
TCGA_to_CPTAC,11,coral_pca_hgb,1f04dddd-e6be-4bd9-b269-6425e648af18,LUAD,4.204692619390966,4.77340248297673
TCGA_to_CPTAC,11,coral_pca_hgb,5ef77197-57b7-45ab-97dc-f83ec4e4dbec,SKCM,6.234410725718371,4.685669642432237
TCGA_to_CPTAC,11,coral_pca_hgb,fed70927-708c-479e-942c-139414370672,KIRC,4.290459441148391,3.837839716533721
TCGA_to_CPTAC,11,coral_pca_hgb,061b9248-7ef1-47f1-9893-9958451ad9ab,LUAD,4.143134726391533,4.8282589867317895
TCGA_to_CPTAC,11,coral_pca_hgb,686f29ae-cc52-4297-adba-496bebf01bd0,STAD,7.174724309836376,6.819804482966023
TCGA_to_CPTAC,11,coral_pca_hgb,911b53d3-2a6c-490e-b1ea-c2990b9ad26a,UCEC,3.6375861597263857,4.1242998569798806
TCGA_to_CPTAC,11,coral_pca_hgb,e8502263-1775-4703-b55b-6829f9fe5f12,SKCM,6.373319789577012,4.104923752555022
TCGA_to_CPTAC,11,coral_pca_hgb,d61d94aa-48c0-4521-8964-33c211e70b17,KIRC,3.1354942159291497,3.7178368259816437
TCGA_to_CPTAC,11,coral_pca_hgb,c0607363-1082-4ce9-a642-e9b2b903ae88,UCEC,7.825644732219989,4.451505767119769
TCGA_to_CPTAC,11,coral_pca_hgb,3e40979a-47c3-4695-b264-f95c23f45815,LUAD,5.25227342804663,5.388331530085318
TCGA_to_CPTAC,11,coral_pca_hgb,7bee0fd7-7834-4a47-81aa-5595f01c9598,UCEC,6.666956792429207,5.47325632967174
TCGA_to_CPTAC,11,coral_pca_hgb,ecd86bbc-cf55-4103-95c8-a84cc80386c4,STAD,4.110873864173311,4.442250347612468
TCGA_to_CPTAC,11,coral_pca_hgb,82ac2853-17a0-446c-90b0-307a72c961d1,KIRC,3.688879454113936,3.7504004642106477
TCGA_to_CPTAC,11,coral_pca_hgb,b914a2f6-5b6c-4d76-ae72-c73b9f27fd10,GBM,3.4657359027997265,4.312791018497363
TCGA_to_CPTAC,11,coral_pca_hgb,989a6ba5-bc91-4216-be64-a7222c9d09eb,UCEC,6.587550014824796,5.703385766517242
TCGA_to_CPTAC,11,coral_pca_hgb,bc3c604c-c599-4749-b809-6e602a73e247,LUAD,6.133398042996649,4.785560085593967
TCGA_to_CPTAC,11,coral_pca_hgb,3c0035cc-7cf7-4319-a5d2-79c79c4fe9f5,PAAD,3.4339872044851463,3.674760821775214
TCGA_to_CPTAC,11,coral_pca_hgb,89b89fb6-91e8-4ab3-8672-c108791a95e2,LAML,2.079441541679836,2.209812464766515
TCGA_to_CPTAC,11,coral_pca_hgb,0f55287e-8522-4ca2-a6f1-c42d912ee980,LUAD,5.777652323222656,4.4731898359420335
TCGA_to_CPTAC,11,coral_pca_hgb,7bb379a4-433c-434a-a0b9-20c9c2140fea,STAD,5.209486152841421,4.086251311200531
TCGA_to_CPTAC,11,coral_pca_hgb,211ee1d0-e7e1-42d4-928a-0ac580041459,STAD,4.812184355372417,3.9533594483049432
TCGA_to_CPTAC,11,coral_pca_hgb,76a8fbb7-fbfd-48e8-868f-18e2092f5a6f,GBM,4.382026634673881,4.331602327325737
TCGA_to_CPTAC,11,coral_pca_hgb,8e044f20-ff60-47ab-b547-fbee99155c4a,LUAD,4.430816798843313,4.676724638985952
TCGA_to_CPTAC,11,coral_pca_hgb,f1c368cd-17d0-4c42-b6da-ce7e048c3b92,STAD,7.529406457837013,5.473653251823682
TCGA_to_CPTAC,11,coral_pca_hgb,75196629-c99b-475e-ac48-da4385b66b2f,KIRC,4.204692619390966,3.9494999039389724
TCGA_to_CPTAC,11,coral_pca_hgb,bcfe9a22-3a4f-4509-ab3a-9783046e227b,STAD,4.48863636973214,4.199725345566666
TCGA_to_CPTAC,11,coral_pca_hgb,46d91cd2-e013-4734-a625-4a536c1cc394,LAML,2.4849066497880004,2.252751978200965
TCGA_to_CPTAC,11,coral_pca_hgb,457097a8-e85b-453a-903d-7d992e70c1c8,LUAD,3.80666248977032,3.6780755341887774
TCGA_to_CPTAC,11,coral_pca_hgb,82f50b8c-08c7-4049-b505-ed339cf56d5f,UCEC,3.951243718581428,4.4921737047594075
TCGA_to_CPTAC,11,coral_pca_hgb,e934d5aa-b172-4aec-8d9c-66445a714864,UCEC,7.742402021815781,5.278229170132435
TCGA_to_CPTAC,11,coral_pca_hgb,c7b9cd75-21c0-4c73-b81c-addbf9692409,SKCM,6.403574197934815,4.839929888123217
TCGA_to_CPTAC,11,coral_pca_hgb,2a251856-efd3-46a4-a014-f9f2d5b34934,STAD,4.941642422609304,4.4222693281485315
TCGA_to_CPTAC,11,coral_pca_hgb,8ac14112-6cfb-4fd8-879e-20f52ae5f0c9,PAAD,2.995732273553991,3.9034434769170634
TCGA_to_CPTAC,11,coral_pca_hgb,33e86505-24af-422a-8e24-c5d72a38b5d4,KIRC,4.127134385045092,3.7002042180556263
TCGA_to_CPTAC,11,coral_pca_hgb,a36ca64b-7fb0-4a2f-b4a3-f94adf4c9aac,GBM,3.58351893845611,4.155193521033472
TCGA_to_CPTAC,11,coral_pca_hgb,43f21ccb-f860-4388-b392-998ea9d885cf,KIRC,4.248495242049359,4.041746508714225
TCGA_to_CPTAC,11,coral_pca_hgb,737ba428-f248-4bf5-af78-076bd15dcfac,SKCM,4.330733340286331,5.832148263507744
TCGA_to_CPTAC,11,coral_pca_hgb,7dcec877-8975-4c73-982f-f255833e5b4f,KIRC,2.772588722239781,3.71625264702892
TCGA_to_CPTAC,11,coral_pca_hgb,c5cec8ae-6f0f-43aa-8655-a4894d0f5bcd,UCEC,3.912023005428146,4.9862859294977255
TCGA_to_CPTAC,11,coral_pca_hgb,c9486a50-8d6f-4871-b4c4-692e0da5803e,LUAD,3.1354942159291497,4.376276090235888
TCGA_to_CPTAC,11,coral_pca_hgb,3d9ab180-73ab-4938-890f-cf345bfd4cf9,GBM,3.8918202981106265,4.090800616490995
TCGA_to_CPTAC,11,coral_pca_hgb,7c447876-0247-4e9d-8117-167645c0cc54,LUAD,3.828641396489095,3.334977530744266
TCGA_to_CPTAC,11,coral_pca_hgb,5d4927ad-56fc-43db-804a-3ddd738bd377,STAD,4.983606621708336,4.9620322417152565
TCGA_to_CPTAC,11,coral_pca_hgb,0841a5fd-d084-4a33-abd5-4c43e4d3b8d1,LAML,0.0,2.4212317268099124
TCGA_to_CPTAC,11,coral_pca_hgb,7db1cbd2-5e57-42a0-a0d1-4b83faf3f3fd,GBM,3.610917912644224,3.6723807745353443
TCGA_to_CPTAC,11,coral_pca_hgb,6acf365b-19ce-4c97-92dd-865540a47e67,GBM,3.912023005428146,4.4671529066277005
TCGA_to_CPTAC,11,coral_pca_hgb,a8cc5f98-315b-43b6-9a5f-b08e65fad32a,KIRC,4.219507705176107,4.0630957469097915
TCGA_to_CPTAC,11,coral_pca_hgb,facdff3b-2340-4a44-9178-c5c172c904e9,LUAD,5.0238805208462765,4.585394621570359
TCGA_to_CPTAC,11,coral_pca_hgb,61d83f5b-b534-44b0-9d0b-668c4e0a08ef,KIRC,4.02535169073515,4.020555859184647
TCGA_to_CPTAC,11,coral_pca_hgb,1827eb4b-38f3-45b5-a833-156ba748c784,GBM,3.9889840465642745,3.7746412139669214
TCGA_to_CPTAC,11,coral_pca_hgb,ceec9e64-83fc-48ce-b7cd-bbab1b9ad14d,LUAD,6.940222469119639,5.363003518778297
TCGA_to_CPTAC,11,coral_pca_hgb,36ae1bce-49a9-4818-8529-94ae62a1b0c2,KIRC,3.4011973816621555,3.857039543475636
TCGA_to_CPTAC,11,coral_pca_hgb,38affdde-33c9-4f8b-8987-6e158bc47651,LAML,0.6931471805599453,2.251213210760815
TCGA_to_CPTAC,11,coral_pca_hgb,f657a037-4662-4a2e-9701-c2c7edd1a007,LUAD,3.784189633918261,4.112201154031479
TCGA_to_CPTAC,11,coral_pca_hgb,3b417f44-bc66-4989-8a74-bee69e7f4050,LUAD,3.9889840465642745,5.180653231826536
TCGA_to_CPTAC,11,coral_pca_hgb,585406a5-dfa4-4fc1-8055-28c384364ced,GBM,4.532599493153256,5.462609953087397
TCGA_to_CPTAC,11,coral_pca_hgb,acd5a8b2-d94f-4bcc-9b28-9c865ac2c38c,SKCM,5.955837369464831,5.0545421453748665
TCGA_to_CPTAC,11,coral_pca_hgb,67c1aa6e-0bc7-40e2-9742-8f73be3ed450,LUAD,2.19722457733622,3.879874783495013
TCGA_to_CPTAC,11,coral_pca_hgb,18a9bb46-62fa-4994-9014-fe8dadbcea2a,STAD,7.385851078125209,6.846214403989831
TCGA_to_CPTAC,11,coral_pca_hgb,5249c627-50f9-4dea-a90d-d2ea66e2a8e1,LUAD,4.875197323201151,5.032787163439518
TCGA_to_CPTAC,11,coral_pca_hgb,f9f0c320-a695-4e5c-b1e9-8b6d013a0a9b,PAAD,3.5263605246161616,3.0982464590275742
TCGA_to_CPTAC,11,coral_pca_hgb,a041936f-13f2-4695-a82c-2ace07f4771a,PAAD,3.332204510175204,3.960450722882958
TCGA_to_CPTAC,11,coral_pca_hgb,28f942e9-6519-4c6d-b5c5-1c413a070260,LAML,1.0986122886681096,2.9056926941513432
TCGA_to_CPTAC,11,coral_pca_hgb,0bc3a409-1a2e-4e3e-85d4-6fab4c473274,LUAD,5.8522024797744745,6.068310770764013
TCGA_to_CPTAC,11,coral_pca_hgb,1e02bc53-0628-4734-a8da-274c34ecb778,UCEC,3.8918202981106265,4.616252381609345
TCGA_to_CPTAC,11,coral_pca_hgb,42eb928b-b51e-4618-aec1-d62d35600c66,LAML,0.0,3.7265860251507608
TCGA_to_CPTAC,11,coral_pca_hgb,8cf7fd21-a16f-426d-b722-53edc5161f89,UCEC,4.189654742026425,4.330858174584647
TCGA_to_CPTAC,11,coral_pca_hgb,0cd4fca6-78d2-4260-9b8f-ef953e2d3d9e,LAML,3.091042453358316,2.232288571938405
TCGA_to_CPTAC,11,coral_pca_hgb,7ae9f40d-0dad-4328-905e-836d4ac81e34,LAML,2.3978952727983707,1.8907541914234025
TCGA_to_CPTAC,11,coral_pca_hgb,6b0f4d36-78bb-4afc-a440-8c193bd4e8ce,GBM,3.4011973816621555,4.219006970321972
TCGA_to_CPTAC,11,coral_pca_hgb,892a5650-f576-4977-9c03-257f45320f09,LUAD,6.16541785423142,5.802688504690405
TCGA_to_CPTAC,11,coral_pca_hgb,e2b3a450-6215-4b4b-a77d-10b539023b2d,UCEC,3.091042453358316,3.5972315505085413
TCGA_to_CPTAC,11,coral_pca_hgb,7d12cd36-6ca4-4c18-ba16-84733930f54c,STAD,4.219507705176107,5.093580556315962
TCGA_to_CPTAC,11,coral_pca_hgb,aab3ec09-561f-40ab-9795-9e85bea6e639,LAML,1.3862943611198906,1.5517049788261819
TCGA_to_CPTAC,11,coral_pca_hgb,8722cdbf-a4c2-4561-9860-ff20f4ba19bb,KIRC,3.4657359027997265,3.859794654360969
TCGA_to_CPTAC,11,coral_pca_hgb,c803d226-20e9-446b-82a6-504d3efaae9c,STAD,4.61512051684126,4.60204423159293
TCGA_to_CPTAC,11,coral_pca_hgb,dae1c4f2-9740-4a59-b3e3-c4a6bd0b51c9,SKCM,3.784189633918261,4.93446008991164
TCGA_to_CPTAC,11,coral_pca_hgb,c02e2a7b-1ce1-4827-ba77-807e087e3797,KIRC,3.784189633918261,4.0883806278029295
TCGA_to_CPTAC,11,coral_pca_hgb,8220be9e-ca4d-4a48-b48a-06c0b223700e,KIRC,3.5263605246161616,3.976752650382146
TCGA_to_CPTAC,11,coral_pca_hgb,6661b131-717e-458c-907a-8040f8ccea74,LUAD,5.645446897643238,4.999222114001088
TCGA_to_CPTAC,11,coral_pca_hgb,bf3941c0-1430-4b99-8d2e-b0e685cbf0b1,LUAD,5.87493073085203,4.7659993038557475
TCGA_to_CPTAC,11,coral_pca_hgb,45ded902-e7b6-4eeb-9e24-f1a179f14a85,PAAD,3.9889840465642745,4.149474797552269
TCGA_to_CPTAC,11,coral_pca_hgb,59bc2126-843a-4454-889f-074fd69fe04f,KIRC,3.610917912644224,4.314157798124071
TCGA_to_CPTAC,11,coral_pca_hgb,58447c8d-2e24-4f06-b477-c8a5785ed852,LUAD,5.910796644040527,4.186015758065511
TCGA_to_CPTAC,11,coral_pca_hgb,132c8ce3-b670-43c6-9ba1-4be9188cedce,GBM,3.5263605246161616,4.027977704611834
TCGA_to_CPTAC,11,coral_pca_hgb,f60f6cfa-6dbb-4803-a9f2-ec4d0bc3ae33,UCEC,4.007333185232471,4.217068485717245
TCGA_to_CPTAC,11,coral_pca_hgb,8fcbe28c-3fe2-4001-8f43-1ba964e4288b,LUAD,5.968707559985366,6.425988036465895
TCGA_to_CPTAC,11,coral_pca_hgb,54803fe4-6b87-4a4d-bb22-de20342e8929,KIRC,3.9318256327243257,3.890584364692066
TCGA_to_CPTAC,11,coral_pca_hgb,a12b206e-2906-45ee-92fd-ba09bda930d5,LUAD,4.912654885736052,4.700159923729998
TCGA_to_CPTAC,11,coral_pca_hgb,523e74ac-9928-4c28-858e-20522b09f8c4,STAD,5.153291594497779,4.144531567844449
TCGA_to_CPTAC,11,coral_pca_hgb,a6e56a10-6df3-4ae2-a638-7e27b73508b6,LUAD,3.332204510175204,3.9673989448261993
TCGA_to_CPTAC,11,coral_pca_hgb,f8ced7cc-1962-4825-b63e-da8a1fb42cf2,GBM,3.87120101090789,4.233935481076465
TCGA_to_CPTAC,11,coral_pca_hgb,a176d63e-e9ac-4fe0-8906-051adc48a898,KIRC,3.912023005428146,3.7476469743181986
TCGA_to_CPTAC,11,coral_pca_hgb,04a924cf-5105-4867-902a-5165a1adaff0,LAML,2.5649493574615367,2.040527907786692
TCGA_to_CPTAC,11,coral_pca_hgb,780768e8-9147-4341-bf93-7a5f945cb33c,SKCM,5.459585514144159,5.507417471767377
TCGA_to_CPTAC,11,coral_pca_hgb,e34afb7a-43e1-4bcc-b266-7d12a9018d58,KIRC,4.219507705176107,3.688079570746721
TCGA_to_CPTAC,11,coral_pca_hgb,176ac1b2-7111-4950-a7bc-1edc3254854f,LUAD,5.3612921657094255,5.198783621620754
TCGA_to_CPTAC,11,coral_pca_hgb,79a06ec2-2593-4576-9f65-f4aaa60180ea,KIRC,3.4339872044851463,3.7850035177639207
TCGA_to_CPTAC,11,coral_pca_hgb,28e559bc-16f6-42f5-b2ee-7d6e78fed5b2,LAML,0.6931471805599453,1.8322136267854976
TCGA_to_CPTAC,11,coral_pca_hgb,3348ec86-9b46-4f5b-85ad-1a126385b695,KIRC,3.044522437723423,3.988963829332176
TCGA_to_CPTAC,11,coral_pca_hgb,aadb8624-dbd7-424a-ab0b-ed326c088c70,KIRC,3.713572066704308,4.039286412156376
TCGA_to_CPTAC,11,coral_pca_hgb,8b323efd-18a5-4a3a-b9ee-0e9f3be15736,UCEC,5.1298987149230735,3.918275351375949
TCGA_to_CPTAC,11,coral_pca_hgb,6f62c1fc-9a57-4922-908f-8562418503ef,LUAD,2.5649493574615367,4.440039981475033
TCGA_to_CPTAC,11,coral_pca_hgb,8cbe97bb-599e-4b06-9346-aad9c8f51839,SKCM,5.204006687076795,5.370884997818737
TCGA_to_CPTAC,11,coral_pca_hgb,15c75ba8-a995-46e3-a7d8-a54fbf310bc0,PAAD,3.367295829986474,4.057601219505209
TCGA_to_CPTAC,11,coral_pca_hgb,c9ad5d9f-b268-4116-9735-710a8f22c117,UCEC,4.174387269895637,4.460348492575457
TCGA_to_CPTAC,11,coral_pca_hgb,3597ec54-15ef-4727-8628-7413e1c70b88,KIRC,3.4011973816621555,3.7533489780298415
TCGA_to_CPTAC,11,coral_pca_hgb,929e18d5-41fa-4ee2-957f-2812e4501b93,KIRC,4.584967478670572,4.334953385842279
TCGA_to_CPTAC,11,coral_pca_hgb,f54ddbc9-5251-4db0-ba83-0dae7d2ce40c,GBM,0.0,2.186839554438934
TCGA_to_CPTAC,11,coral_pca_hgb,525aa05b-d7e1-4147-974a-a30b7cafb0cb,SKCM,5.921578419643816,4.393654416877452
TCGA_to_CPTAC,11,coral_pca_hgb,ca055248-952a-470d-8b42-a55535176cd8,GBM,4.060443010546419,3.9191634334867285
TCGA_to_CPTAC,11,coral_pca_hgb,e877fa30-5518-47ec-8f8e-0c70679e5d47,SKCM,6.253828811575473,4.705606659697639
TCGA_to_CPTAC,11,coral_pca_hgb,0b1a28a3-bccf-46ef-a723-2b72398cf520,GBM,3.610917912644224,3.8443423167315314
TCGA_to_CPTAC,11,coral_pca_hgb,060c90ec-9339-4be9-ae2a-a0ae82feaf56,KIRC,2.772588722239781,3.257438281456419
TCGA_to_CPTAC,11,coral_pca_hgb,8577ef8a-f071-49cc-8158-05dfc52f3c70,KIRC,4.143134726391533,3.690685117365682
TCGA_to_CPTAC,11,coral_pca_hgb,e35a48a7-4773-459c-b90c-8a79a0716184,KIRC,4.394449154672439,3.5492403498455403
TCGA_to_CPTAC,11,coral_pca_hgb,da2fcf60-1e83-4d6b-8527-702bf3e2c2dc,GBM,4.0943445622221,4.035598811232651
TCGA_to_CPTAC,11,coral_pca_hgb,caf7ccbe-e17a-4dcd-a6a3-aaa9848a9858,UCEC,3.713572066704308,4.509568360891289
TCGA_to_CPTAC,11,coral_pca_hgb,2c779d6c-f661-4621-9e3b-f9705da342a1,UCEC,3.9889840465642745,4.52472499743513
TCGA_to_CPTAC,11,coral_pca_hgb,584c6d9b-fd81-47db-b9a8-1cf0bb8bc102,STAD,4.143134726391533,4.979689800084929
TCGA_to_CPTAC,11,coral_pca_hgb,63e31d69-8193-483e-b87d-7b89614e0248,PAAD,3.1780538303479458,3.6840983414693023
TCGA_to_CPTAC,11,coral_pca_hgb,6505022e-f2c9-4aa9-9904-27adcfe63f74,UCEC,7.232010331664759,4.069481526765351
TCGA_to_CPTAC,11,coral_pca_hgb,690378f3-e38a-4b25-8489-05a3b4bd40b6,KIRC,2.079441541679836,3.6402797719571236
TCGA_to_CPTAC,11,coral_pca_hgb,5d990ed9-53e4-49c5-aeea-ae2ef30128ec,LUAD,5.402677381872279,5.156632984683032
TCGA_to_CPTAC,11,coral_pca_hgb,bc3db21c-1430-4123-980f-a696dac5ee3d,LUAD,3.713572066704308,4.704739736382964
TCGA_to_CPTAC,11,coral_pca_hgb,32ac4fe4-38b2-4ca1-9754-c2c74300b4bf,LUAD,4.653960350157523,4.538798350382842
TCGA_to_CPTAC,11,coral_pca_hgb,76c9445c-7512-4e51-ac92-cbbc87e2a29a,KIRC,3.7612001156935615,3.632093619573778
TCGA_to_CPTAC,11,coral_pca_hgb,dc7add32-3201-4727-a88c-a86c18150970,PAAD,3.4011973816621555,3.6082959002509947
TCGA_to_CPTAC,11,coral_pca_hgb,25e0c2a0-75e9-4dcd-ada6-54394dd3d640,KIRC,4.060443010546419,3.9328267399547636
TCGA_to_CPTAC,11,coral_pca_hgb,0345c668-0597-49a9-80b6-17cc9cc9cae7,GBM,4.07753744390572,3.9692637742719743
TCGA_to_CPTAC,11,coral_pca_hgb,598b1977-3935-41eb-96bc-ac3938cc4e05,UCEC,6.3784261836515865,6.301706799199901
TCGA_to_CPTAC,11,coral_pca_hgb,f674a0fe-66bc-4b0f-a12c-e025655f8a64,KIRC,3.4339872044851463,3.5662801490482194
TCGA_to_CPTAC,11,coral_pca_hgb,1224a13c-4806-4649-a101-2fd219fb91d1,SKCM,4.290459441148391,4.970175307564595
TCGA_to_CPTAC,11,coral_pca_hgb,eb57d6a2-55c1-47dd-96a9-5a7d011cb987,STAD,4.04305126783455,4.9160217371150825
TCGA_to_CPTAC,11,coral_pca_hgb,d84f3320-60b0-4362-b5ae-7b1b120979a2,LUAD,4.997212273764115,4.523114918055296
TCGA_to_CPTAC,11,coral_pca_hgb,fc9d8045-d918-4860-a134-c520de7c3e55,UCEC,5.14166355650266,5.088475322001068
TCGA_to_CPTAC,11,coral_pca_hgb,5657ec01-7e1d-4f50-9053-12919f134f14,PAAD,4.204692619390966,4.163073036135358
TCGA_to_CPTAC,11,coral_pca_hgb,19f3ac85-8452-4b14-943c-eefad5541599,PAAD,3.49650756146648,3.950989772827027
TCGA_to_CPTAC,11,coral_pca_hgb,b69c9d3a-4691-4073-be53-c1bc43248fdd,KIRC,3.87120101090789,4.323858173253018
TCGA_to_CPTAC,11,coral_pca_hgb,c1314846-7acd-4d94-a073-0ffe5cddb595,GBM,3.9318256327243257,3.83406239212241
TCGA_to_CPTAC,11,coral_pca_hgb,f27f501e-e5ef-4b1b-8b90-8a771263a536,LUAD,3.6635616461296463,4.050118442512073
TCGA_to_CPTAC,11,coral_pca_hgb,f05dc58e-c9dc-48fc-bf07-e0aca961797a,LUAD,5.308267697401205,4.604796628121405
TCGA_to_CPTAC,11,coral_pca_hgb,0449aa40-ee66-45c5-baa7-db48dbcc7702,LUAD,5.262690188904886,4.870541405626954
TCGA_to_CPTAC,11,coral_pca_hgb,2586a0d7-90b6-403a-9025-5c0edeb34c87,UCEC,3.4011973816621555,4.675710522829896
TCGA_to_CPTAC,11,coral_pca_hgb,ba8852b9-17a7-4df1-9765-68e58fa74004,PAAD,2.4849066497880004,1.4374314970452082
TCGA_to_CPTAC,11,coral_pca_hgb,2f344e9f-478a-40a2-99c9-3435fd0b9bbe,KIRC,4.787491742782046,4.123039825566684
TCGA_to_CPTAC,11,coral_pca_hgb,c6986891-9238-441e-a0f2-471a49928ff8,LUAD,4.406719247264253,4.672692758825151
TCGA_to_CPTAC,11,coral_pca_hgb,1dbbaca3-e501-4aff-80b2-0acaa5ba0e42,UCEC,4.248495242049359,4.371206711165838
TCGA_to_CPTAC,11,coral_pca_hgb,e8df42d8-58bc-4c43-b18b-5b23f5e61508,PAAD,3.6375861597263857,3.5731832887683144
TCGA_to_CPTAC,11,coral_pca_hgb,b9aedaec-788a-4f8f-8d56-773745b802b9,UCEC,3.218875824868201,4.0438825976330115
TCGA_to_CPTAC,11,coral_pca_hgb,09023877-f316-4848-8b99-219d943d4a2f,LUAD,3.6635616461296463,4.5740580410376355
TCGA_to_CPTAC,11,coral_pca_hgb,65945565-0607-4dcc-ab84-6233a9b3156b,LAML,1.3862943611198906,1.5832256829452567
TCGA_to_CPTAC,11,coral_pca_hgb,ac592baa-036a-4405-8cee-20e21510d9e1,UCEC,4.110873864173311,4.1936861151466385
TCGA_to_CPTAC,11,coral_pca_hgb,eb5a0f5a-1615-4f4a-b3dd-1eb573cfd1c0,LUAD,6.415096959171596,5.543967364415992
TCGA_to_CPTAC,11,coral_pca_hgb,b72c2731-af94-4df9-8ba1-f12f5076892c,UCEC,3.367295829986474,4.775103336581731
TCGA_to_CPTAC,11,coral_pca_hgb,23e43d0f-e4e7-4acb-a066-30007da13521,STAD,4.02535169073515,4.713537889165843
TCGA_to_CPTAC,23,coral_pca_hgb,2de04061-dc28-4a5f-a3ad-4918b9d91ed6,UCEC,3.8501476017100575,4.575477204676066
TCGA_to_CPTAC,23,coral_pca_hgb,a8f54b7a-bd04-4e5e-8db7-5698baec0c4a,LAML,0.0,1.0364197756273794
TCGA_to_CPTAC,23,coral_pca_hgb,f7229f5e-a898-45fc-8423-b264edeb37d8,LAML,1.3862943611198906,0.83126993304001
TCGA_to_CPTAC,23,coral_pca_hgb,24ccb786-b8f2-4dfd-a065-a928f240d79e,PAAD,3.8501476017100575,2.2430208681738946
TCGA_to_CPTAC,23,coral_pca_hgb,178f9a51-566a-446d-a28c-2d16aee4d42a,UCEC,4.304065093204169,5.389429144953339
TCGA_to_CPTAC,23,coral_pca_hgb,b1114673-0f13-4265-98d8-21c5714d91a4,KIRC,4.0943445622221,4.104774178382449
TCGA_to_CPTAC,23,coral_pca_hgb,a49c8868-66dd-404d-94c5-2fe4e59fbab5,PAAD,4.787491742782046,4.813738942197012
TCGA_to_CPTAC,23,coral_pca_hgb,95a1e062-c59c-4351-8ffa-02973a35441e,SKCM,4.465908118654584,4.8425557669893395
TCGA_to_CPTAC,23,coral_pca_hgb,dbab1830-176e-4f3a-a094-1a4301a70a7d,PAAD,3.4339872044851463,3.0188540143274647
TCGA_to_CPTAC,23,coral_pca_hgb,fbb0dc0d-6314-40ea-bc43-0cbf3b710dbe,GBM,4.290459441148391,3.9369750499675087
TCGA_to_CPTAC,23,coral_pca_hgb,e06f2917-d31e-4cde-a76a-15c55638da95,UCEC,5.081404364984463,4.30908942929954
TCGA_to_CPTAC,23,coral_pca_hgb,f73beb1f-3b3e-45a6-a4af-2b33e39fe3d0,UCEC,3.258096538021482,4.3639261456110265
TCGA_to_CPTAC,23,coral_pca_hgb,e2ec60db-be44-4b4b-a519-6320231f7be9,PAAD,3.912023005428146,3.3724117497325774
TCGA_to_CPTAC,23,coral_pca_hgb,cc761597-8e99-48a2-967e-b5f9f1cb8135,UCEC,8.567315800819449,8.316807387648424
TCGA_to_CPTAC,23,coral_pca_hgb,28f945a3-24f8-4d70-870c-4087a892cf4e,STAD,4.882801922586371,4.471494041061545
TCGA_to_CPTAC,23,coral_pca_hgb,29293995-2b78-4920-a1c5-b8202f399ba3,LUAD,5.575949103146316,5.273331709012641
TCGA_to_CPTAC,23,coral_pca_hgb,1eb5bc85-d2df-4c99-8076-747d24074416,PAAD,3.49650756146648,2.0130229900619097
TCGA_to_CPTAC,23,coral_pca_hgb,7dc0de32-017f-482a-92bc-682836e728b7,STAD,5.075173815233827,5.819362487147552
TCGA_to_CPTAC,23,coral_pca_hgb,80d14fd9-4413-4fce-9d75-f7ec4711e285,KIRC,4.454347296253507,3.9781365462648446
TCGA_to_CPTAC,23,coral_pca_hgb,47f854f1-993a-47bc-a461-82336e4ad880,STAD,4.74493212836325,4.904800751766637
TCGA_to_CPTAC,23,coral_pca_hgb,0d9a5fb2-066a-44f1-8e85-3bcefd32496c,LAML,2.079441541679836,2.0682658163819547
TCGA_to_CPTAC,23,coral_pca_hgb,8cbe97bb-599e-4b06-9346-aad9c8f51839,SKCM,5.204006687076795,6.036767500285945
TCGA_to_CPTAC,23,coral_pca_hgb,727aded8-f047-485f-b9cc-edd54aa940af,UCEC,3.4011973816621555,4.807336579210028
TCGA_to_CPTAC,23,coral_pca_hgb,d61d94aa-48c0-4521-8964-33c211e70b17,KIRC,3.1354942159291497,3.8651672235490544
TCGA_to_CPTAC,23,coral_pca_hgb,922ba915-5f64-49fe-95a6-e37afdeb06bd,UCEC,3.6375861597263857,4.251240559464785
TCGA_to_CPTAC,23,coral_pca_hgb,4d90e871-0ea9-4067-bed6-c32647e5f323,GBM,4.007333185232471,4.137119487807872
TCGA_to_CPTAC,23,coral_pca_hgb,b13abb7a-7188-4e06-8b8b-381dfd63e03c,KIRC,4.158883083359672,4.001973349966394
TCGA_to_CPTAC,23,coral_pca_hgb,7a313a73-4463-4c42-b8b6-1e045134fc99,GBM,4.248495242049359,4.5754523328397525
TCGA_to_CPTAC,23,coral_pca_hgb,d61e6cdb-82b0-46f8-bc18-71e337ae305c,GBM,3.737669618283368,3.795986573065971
TCGA_to_CPTAC,23,coral_pca_hgb,7473e962-9fc9-4595-bcbf-73b7a8b3bdcb,SKCM,5.153291594497779,5.322862436223975
TCGA_to_CPTAC,23,coral_pca_hgb,46abfc84-7bf3-46e1-9e95-1ad76553ba9b,UCEC,3.784189633918261,4.506423462493096
TCGA_to_CPTAC,23,coral_pca_hgb,16b182b9-f1be-4973-b6dc-0407d8c88d01,LUAD,3.713572066704308,4.310219303310376
TCGA_to_CPTAC,23,coral_pca_hgb,8722cdbf-a4c2-4561-9860-ff20f4ba19bb,KIRC,3.4657359027997265,3.8282723252774864
TCGA_to_CPTAC,23,coral_pca_hgb,f14d42c3-7028-49f7-956b-8cf41cc0d8e3,UCEC,6.380122536899765,4.728540341031096
TCGA_to_CPTAC,23,coral_pca_hgb,9a1261ff-dd9d-4ed2-b4e9-e0124b0212f6,STAD,3.258096538021482,3.4100162502712794
TCGA_to_CPTAC,23,coral_pca_hgb,db515089-ad32-4cdb-805a-3e5a967160a9,UCEC,6.424869023905388,7.066429864305789
TCGA_to_CPTAC,23,coral_pca_hgb,3fefb339-ed11-4bf8-8a32-6b51247ca537,SKCM,6.795705775173515,5.31657300521957
TCGA_to_CPTAC,23,coral_pca_hgb,b5ecafc8-1af5-4df8-ae50-ad9eb47438e8,LUAD,4.709530201312334,4.634126186813522
TCGA_to_CPTAC,23,coral_pca_hgb,ba8f974d-af1c-41bb-8099-d6bcffabe908,KIRC,3.6635616461296463,3.4633343919446147
TCGA_to_CPTAC,23,coral_pca_hgb,f674a0fe-66bc-4b0f-a12c-e025655f8a64,KIRC,3.4339872044851463,3.6156244406596763
TCGA_to_CPTAC,23,coral_pca_hgb,e6ac9549-7257-4733-ad48-048e991f8bcb,UCEC,3.5263605246161616,4.095052001377403
TCGA_to_CPTAC,23,coral_pca_hgb,dc0c495f-9f70-4931-8652-77a260f7b052,UCEC,3.6375861597263857,3.95817850724916
TCGA_to_CPTAC,23,coral_pca_hgb,cfcc9898-8778-4913-a64f-fdff1297e9ec,UCEC,4.5217885770490405,3.6611012823596147
TCGA_to_CPTAC,23,coral_pca_hgb,b71d54cf-9e98-4963-9219-62bc308ed4fb,LAML,0.0,1.362708693794114
TCGA_to_CPTAC,23,coral_pca_hgb,1224a13c-4806-4649-a101-2fd219fb91d1,SKCM,4.290459441148391,5.172078696271495
TCGA_to_CPTAC,23,coral_pca_hgb,4946b095-1252-477d-b5ad-cc57a0e03089,LUAD,5.808142489980444,6.2782371354428355
TCGA_to_CPTAC,23,coral_pca_hgb,6dfe739a-4bff-4494-b336-d52e1f8704bc,KIRC,4.382026634673881,3.9784533943227767
TCGA_to_CPTAC,23,coral_pca_hgb,45669b98-2d82-41e1-9c1d-0de3f98cebe1,PAAD,3.1780538303479458,3.780440800794592
TCGA_to_CPTAC,23,coral_pca_hgb,a6e48442-0ae4-4507-81cc-8f2e50aa5438,LAML,1.3862943611198906,2.6535493538323864
TCGA_to_CPTAC,23,coral_pca_hgb,00bf9428-778d-456d-9c61-a0d46da7eef4,GBM,3.6375861597263857,4.260055419759984
TCGA_to_CPTAC,23,coral_pca_hgb,bb1a6a1e-a0fb-46d6-9de2-893efe6717df,GBM,3.713572066704308,4.008720051582915
TCGA_to_CPTAC,23,coral_pca_hgb,116436ce-6250-43b1-8fd2-2ebdb3ea9186,UCEC,6.063785208687608,4.145949329600918
TCGA_to_CPTAC,23,coral_pca_hgb,bbe755dc-7740-43c5-96c1-45a845119008,UCEC,6.957497370876951,5.643686049439691
TCGA_to_CPTAC,23,coral_pca_hgb,2f344e9f-478a-40a2-99c9-3435fd0b9bbe,KIRC,4.787491742782046,4.3630300784466165
TCGA_to_CPTAC,23,coral_pca_hgb,25863969-852d-408e-bd62-98e0df9e4b3a,KIRC,4.060443010546419,3.9399330369476058
TCGA_to_CPTAC,23,coral_pca_hgb,dae1c4f2-9740-4a59-b3e3-c4a6bd0b51c9,SKCM,3.784189633918261,4.596589506634213
TCGA_to_CPTAC,23,coral_pca_hgb,c91e8fc4-22d0-45e5-81b1-256c02cf2550,GBM,4.007333185232471,4.019346614881226
TCGA_to_CPTAC,23,coral_pca_hgb,c9eb6c1e-3df1-4c94-93b2-fdec7eb0412f,LUAD,5.529429087511423,5.430872902997053
TCGA_to_CPTAC,23,coral_pca_hgb,e46562b6-3f3e-4886-ade9-43a35cc05c79,KIRC,3.912023005428146,3.7730163485615154
TCGA_to_CPTAC,23,coral_pca_hgb,bb2d3adc-0cf3-4c28-b854-893cb0903180,KIRC,2.3978952727983707,3.5931769679947485
TCGA_to_CPTAC,23,coral_pca_hgb,c5a61a3e-2e35-40c2-aa83-5f90040dfc53,SKCM,5.513428746164983,5.139221085140523
TCGA_to_CPTAC,23,coral_pca_hgb,50a08980-5885-4936-936c-a3fcb2d7b44b,STAD,4.836281906951478,4.939822568273645
TCGA_to_CPTAC,23,coral_pca_hgb,457bf0f5-b411-401b-8dac-2ad1283f469e,UCEC,6.338594078203183,6.530489084832459
TCGA_to_CPTAC,23,coral_pca_hgb,fd0d710f-aacc-45b6-ad9e-cc10b5c4a9b1,KIRC,4.143134726391533,4.119566459535186
TCGA_to_CPTAC,23,coral_pca_hgb,b72c2731-af94-4df9-8ba1-f12f5076892c,UCEC,3.367295829986474,4.36798320763091
TCGA_to_CPTAC,23,coral_pca_hgb,accb52e6-eb07-4da7-9cd4-318b7e2f4c18,LUAD,4.584967478670572,4.391001283540752
TCGA_to_CPTAC,23,coral_pca_hgb,0b3c2410-43ea-4b7b-b896-ad5e852b8ec5,SKCM,5.123963979403259,5.368062890371323
TCGA_to_CPTAC,23,coral_pca_hgb,bbc25ce8-d6cf-4920-a60b-a7eea2182f64,LUAD,6.16541785423142,6.017054048018612
TCGA_to_CPTAC,23,coral_pca_hgb,e2307982-2357-4195-8ebf-602da2d6ff07,GBM,3.912023005428146,4.2160441742913815
TCGA_to_CPTAC,23,coral_pca_hgb,3348ec86-9b46-4f5b-85ad-1a126385b695,KIRC,3.044522437723423,3.798588919366726
TCGA_to_CPTAC,23,coral_pca_hgb,13310f38-a002-437e-8de2-332b0b10d0c0,LUAD,3.951243718581428,4.863353577476086
TCGA_to_CPTAC,23,coral_pca_hgb,31ceaaeb-8186-4d4f-8981-d192368ad39a,UCEC,9.069698042173716,5.088149172207632
TCGA_to_CPTAC,23,coral_pca_hgb,37957266-33b1-4787-8733-fde83f219c3e,SKCM,4.859812404361672,4.746414822437428
TCGA_to_CPTAC,23,coral_pca_hgb,5faeb971-265c-44ea-ac81-1c9b92da0abd,LAML,1.0986122886681096,1.9725637162433969
TCGA_to_CPTAC,23,coral_pca_hgb,5834eec7-9816-4056-9723-c6a194714b37,STAD,7.927324360309794,7.531076056463637
TCGA_to_CPTAC,23,coral_pca_hgb,135ccd52-ece1-442a-aa8e-a155dffc2333,LAML,1.6094379124341005,1.1384233569015196
TCGA_to_CPTAC,23,coral_pca_hgb,94cbe28d-112e-435a-914a-b15b8024801c,LAML,2.19722457733622,2.3632009192721273
TCGA_to_CPTAC,23,coral_pca_hgb,aec84142-419a-45c2-8aff-dfeec5065447,KIRC,3.970291913552122,4.061210988045728
TCGA_to_CPTAC,23,coral_pca_hgb,c9df1d97-09c5-4a8c-acfd-ba82daf44e40,LAML,2.302585092994046,1.6494370293131748
TCGA_to_CPTAC,23,coral_pca_hgb,9515599a-b3f8-4a11-b9ae-ba2f2c291396,LAML,2.079441541679836,1.412054765252935
TCGA_to_CPTAC,23,coral_pca_hgb,92cd0551-2e78-466d-a84e-8d0d525fff39,KIRC,3.912023005428146,3.968947795276285
TCGA_to_CPTAC,23,coral_pca_hgb,32604160-2eef-4cba-8fe1-5fc4869f7f3a,LUAD,4.727387818712341,4.13612588673326
TCGA_to_CPTAC,23,coral_pca_hgb,bcd93ccc-bc50-4526-b4df-6f64a56a1442,LUAD,4.795790545596741,5.78900134365201
TCGA_to_CPTAC,23,coral_pca_hgb,66a03ac1-5404-414b-bcc7-79a6d2968995,STAD,4.007333185232471,3.5887758586408354
TCGA_to_CPTAC,23,coral_pca_hgb,851e6d64-d753-4eae-a115-7d0100cd15a5,KIRC,2.70805020110221,4.329992054860547
TCGA_to_CPTAC,23,coral_pca_hgb,f9a63d56-94cb-4f15-ac35-7c59a08f4104,GBM,3.367295829986474,3.9101756217387926
TCGA_to_CPTAC,23,coral_pca_hgb,f8ced7cc-1962-4825-b63e-da8a1fb42cf2,GBM,3.87120101090789,3.940496061088251
TCGA_to_CPTAC,23,coral_pca_hgb,8e0139b1-3121-4d6b-8252-744618cdbf08,LUAD,6.6293632534374485,5.26538804151301
TCGA_to_CPTAC,23,coral_pca_hgb,5959a640-1b1d-4016-ae24-715f98c9f28b,SKCM,5.093750200806762,4.3958240805321
TCGA_to_CPTAC,23,coral_pca_hgb,1632bbd5-d5ba-42e4-aee4-c8637991a892,PAAD,3.80666248977032,3.133501911959726
TCGA_to_CPTAC,23,coral_pca_hgb,46be30d5-b623-4469-a1d3-fbc76a62cca5,LUAD,3.555348061489413,4.853867424541907
TCGA_to_CPTAC,23,coral_pca_hgb,3569f880-3672-4b78-b675-c1c2c0a43d1a,PAAD,3.828641396489095,3.797918601662954
TCGA_to_CPTAC,23,coral_pca_hgb,8fcbe28c-3fe2-4001-8f43-1ba964e4288b,LUAD,5.968707559985366,6.40495370442523
TCGA_to_CPTAC,23,coral_pca_hgb,7dccdaf9-f427-49e8-93fe-0a5dcf375db8,UCEC,6.431331081933479,5.070470612303582
TCGA_to_CPTAC,23,coral_pca_hgb,1e7c8c8e-4c3c-429b-b34e-34677f07d1a4,LUAD,5.25227342804663,5.711516641171917
TCGA_to_CPTAC,23,coral_pca_hgb,898145a7-1b98-42af-ab38-4cacedf77eed,STAD,4.219507705176107,2.4240366766152603
TCGA_to_CPTAC,23,coral_pca_hgb,a587c48a-28fb-43b2-8b6c-90218f864f26,KIRC,3.688879454113936,3.8944021576431718
TCGA_to_CPTAC,23,coral_pca_hgb,80327e65-e924-4293-82b5-bd538b5910bf,LUAD,6.100318952020064,6.946479470789092
TCGA_to_CPTAC,23,coral_pca_hgb,585406a5-dfa4-4fc1-8055-28c384364ced,GBM,4.532599493153256,4.493872246826869
TCGA_to_CPTAC,23,coral_pca_hgb,f5742de5-fbc8-4f83-8e30-38e0cb522c09,SKCM,3.218875824868201,5.036814881599724
TCGA_to_CPTAC,23,coral_pca_hgb,211ee1d0-e7e1-42d4-928a-0ac580041459,STAD,4.812184355372417,3.633960476751521
TCGA_to_CPTAC,23,coral_pca_hgb,9163a2fc-913d-4fab-b988-5955bee93843,GBM,3.87120101090789,4.132103069869184
TCGA_to_CPTAC,23,coral_pca_hgb,40772685-f6c1-4133-9457-c2f8a9446fa1,LUAD,5.886104031450156,4.938705540985708
TCGA_to_CPTAC,23,coral_pca_hgb,7be06965-dab8-4557-b7fc-982546301f0c,KIRC,4.07753744390572,3.808001130556315
TCGA_to_CPTAC,23,coral_pca_hgb,f890b55a-bf86-45fa-96bd-43197b8ddc1c,STAD,6.822197390620491,6.848749088095014
TCGA_to_CPTAC,23,coral_pca_hgb,90318dda-7722-45d9-a102-cc84e1d3f1bf,LAML,0.0,1.6752573658305059
TCGA_to_CPTAC,23,coral_pca_hgb,739e221f-cc31-45b8-a440-0a0ed44fd15f,UCEC,5.805134968916488,5.204940841833437
TCGA_to_CPTAC,23,coral_pca_hgb,5bc6682f-914a-477d-9977-4b82d0e67183,PAAD,3.1780538303479458,3.1767685323907346
TCGA_to_CPTAC,23,coral_pca_hgb,d0b1c7e5-5b7c-467e-b9d9-8970267f3d45,UCEC,3.8918202981106265,3.3377723704352555
TCGA_to_CPTAC,23,coral_pca_hgb,793fc068-7121-43e1-aab4-d9e4c4459422,UCEC,3.610917912644224,4.103988071927824
TCGA_to_CPTAC,23,coral_pca_hgb,d7f19a25-e379-4977-8be7-19daefb60acc,KIRC,2.8903717578961645,2.6504805525601234
TCGA_to_CPTAC,23,coral_pca_hgb,abb96546-1f43-47e2-b845-e5d0fc8ded39,SKCM,3.555348061489413,5.080329607014825
TCGA_to_CPTAC,23,coral_pca_hgb,bc3c604c-c599-4749-b809-6e602a73e247,LUAD,6.133398042996649,5.024560054179046
TCGA_to_CPTAC,23,coral_pca_hgb,c167fef9-16f4-43c8-b1fa-3d78ee4f54ec,STAD,4.189654742026425,4.182264868205871
TCGA_to_CPTAC,23,coral_pca_hgb,3f92c203-a319-46a6-a627-8027070961fc,LUAD,3.4339872044851463,4.4526042966366886
TCGA_to_CPTAC,23,coral_pca_hgb,94836681-1b93-4677-a046-df3572c984f3,STAD,5.983936280687191,5.141939601994918
TCGA_to_CPTAC,23,coral_pca_hgb,a7ba08ce-72a9-475a-9aa3-77a79c31c737,KIRC,3.828641396489095,4.10808063764536
TCGA_to_CPTAC,23,coral_pca_hgb,e82a496d-03a9-4a40-aa04-dc4a2a77bbcd,PAAD,2.3978952727983707,4.228475387663599
TCGA_to_CPTAC,23,coral_pca_hgb,fd0cd324-0557-4946-8ea9-55ad2032a31b,LUAD,6.139884552226255,5.444255729877114
TCGA_to_CPTAC,23,coral_pca_hgb,64a43fad-5906-4c02-875e-37590ba66935,KIRC,3.367295829986474,3.6681463322498384
TCGA_to_CPTAC,23,coral_pca_hgb,6e1a997b-bd33-4702-8556-58f17ac0fa4f,LUAD,6.282266746896006,6.027995012380069
TCGA_to_CPTAC,23,coral_pca_hgb,0a1cacd2-aa13-4357-af06-cc91757b2a28,UCEC,4.007333185232471,5.149801846664472
TCGA_to_CPTAC,23,coral_pca_hgb,91b44700-a698-4427-8238-cb0c58c31a7d,UCEC,4.219507705176107,4.253055372058213
TCGA_to_CPTAC,23,coral_pca_hgb,d9ddbe8f-ed12-4672-963f-0b39dea269a5,LAML,1.6094379124341005,2.6443076050280805
TCGA_to_CPTAC,23,coral_pca_hgb,57b28192-8454-4ec2-914e-9228456d8648,KIRC,4.0943445622221,3.610113881376054
TCGA_to_CPTAC,23,coral_pca_hgb,1afc3a78-4e91-485c-93e1-43f17738f530,KIRC,4.189654742026425,3.945456207893276
TCGA_to_CPTAC,23,coral_pca_hgb,2072611a-334b-4fb2-8559-d038ffb5fa69,LUAD,5.937536205082426,5.202403221992869
TCGA_to_CPTAC,23,coral_pca_hgb,2ce53fd9-c1a9-4a43-9c66-ee4364450cdc,GBM,3.8918202981106265,4.209148345949171
TCGA_to_CPTAC,23,coral_pca_hgb,08fa3691-bacc-45fb-83a8-cd269cb7afbd,STAD,4.77912349311153,4.582729263399976
TCGA_to_CPTAC,23,coral_pca_hgb,ddd99c12-5f7a-4240-a835-86971ac219c6,SKCM,5.831882477283517,5.070185049827123
TCGA_to_CPTAC,23,coral_pca_hgb,4d3ea8f7-10fe-4a79-a8db-7eca535633ef,PAAD,3.4657359027997265,3.3358214287834693
TCGA_to_CPTAC,23,coral_pca_hgb,0103db96-3e58-485c-bb9f-37b8a1f966e1,GBM,4.204692619390966,4.308551648431649
TCGA_to_CPTAC,23,coral_pca_hgb,86f0f35a-5de0-4c7d-bd63-56141d40f09d,GBM,3.87120101090789,4.73214060402738
TCGA_to_CPTAC,23,coral_pca_hgb,548052b1-d4a4-42cf-8dfd-3910bdd5289c,KIRC,2.833213344056216,3.7041618100172933
TCGA_to_CPTAC,23,coral_pca_hgb,165c0f04-97db-43c4-9f13-2c28d1858483,LUAD,5.594711379601839,4.182780753664855
TCGA_to_CPTAC,23,coral_pca_hgb,4c055580-81e1-48e6-bb81-f607b393b053,GBM,3.4657359027997265,4.110739210225838
TCGA_to_CPTAC,23,coral_pca_hgb,d7eebf1c-fd62-4b8a-8464-a4cad682e120,SKCM,5.739792912179234,5.141105769755764
TCGA_to_CPTAC,23,coral_pca_hgb,d7db2e26-ca72-40e3-8399-69407a6dc9f1,SKCM,8.471358655072438,5.105136306393161
TCGA_to_CPTAC,23,coral_pca_hgb,79a06ec2-2593-4576-9f65-f4aaa60180ea,KIRC,3.4339872044851463,4.051137833276724
TCGA_to_CPTAC,23,coral_pca_hgb,7d9c6344-0761-4e25-9c34-b5a15faec02c,KIRC,2.5649493574615367,3.564485277226558
TCGA_to_CPTAC,23,coral_pca_hgb,27905585-0e1d-4f5d-9635-eb37dfbf9219,LUAD,3.784189633918261,4.8249283437786215
TCGA_to_CPTAC,23,coral_pca_hgb,7cb81ac8-33c5-4a38-bddf-68699f40b022,LUAD,7.213768308118642,5.820099532018415
TCGA_to_CPTAC,23,coral_pca_hgb,e79e01ec-8857-4f55-9be4-452ee07a943d,LAML,1.6094379124341005,0.7587280781698962
TCGA_to_CPTAC,23,coral_pca_hgb,03a973ea-08dd-42c1-9411-afcb831e660f,GBM,3.9318256327243257,4.184971572281311
TCGA_to_CPTAC,23,coral_pca_hgb,ba4f0ba9-f184-458e-81ba-9c4b1c521336,GBM,3.9318256327243257,4.450043518101223
TCGA_to_CPTAC,23,coral_pca_hgb,ca540923-722b-4ecd-9590-57ec28619dde,GBM,4.007333185232471,3.872068857420744
TCGA_to_CPTAC,23,coral_pca_hgb,052ed1a3-b3bf-4f89-995b-bb1c51f9dd3f,STAD,4.5217885770490405,4.9065943631705355
TCGA_to_CPTAC,23,coral_pca_hgb,f394b247-c55b-4d72-b07b-20dfc1f70818,SKCM,6.073044534100405,5.149127985705845
TCGA_to_CPTAC,23,coral_pca_hgb,45ce258a-9334-44ed-b4e7-2b492d6dc984,PAAD,4.3694478524670215,4.2996913735231725
TCGA_to_CPTAC,23,coral_pca_hgb,bb039a50-909b-439b-ad8d-4abf711e4a42,PAAD,3.6635616461296463,4.066838614807125
TCGA_to_CPTAC,23,coral_pca_hgb,aa767a6a-fb5f-4020-bb7f-7d3984182a11,PAAD,4.04305126783455,3.9678920592207487
TCGA_to_CPTAC,23,coral_pca_hgb,c803d226-20e9-446b-82a6-504d3efaae9c,STAD,4.61512051684126,5.1161414687010565
TCGA_to_CPTAC,23,coral_pca_hgb,afb7729c-4ee9-4a64-8382-422dc3d8052f,UCEC,3.367295829986474,4.331839511024094
TCGA_to_CPTAC,23,coral_pca_hgb,a2b1fbcd-95c5-4916-b5e4-c516e29b2812,LAML,2.5649493574615367,1.5897800526614456
TCGA_to_CPTAC,23,coral_pca_hgb,bbffcd51-e154-4d7b-8d27-6183f5083653,KIRC,1.3862943611198906,2.72274212825157
TCGA_to_CPTAC,23,coral_pca_hgb,221cd6a8-09f1-4987-a669-80c219e8b6b7,UCEC,3.970291913552122,4.093976157376092
TCGA_to_CPTAC,23,coral_pca_hgb,423ab312-1482-428f-9b52-fc3169706e03,UCEC,0.6931471805599453,3.701197201476989
TCGA_to_CPTAC,23,coral_pca_hgb,145bb8e8-6f84-47bc-9430-f3108b8814e9,STAD,4.663439094112067,4.229289394524103
TCGA_to_CPTAC,23,coral_pca_hgb,740733c7-5b6c-4dbd-8f20-6bb748f7b97c,STAD,3.58351893845611,4.410467785189991
TCGA_to_CPTAC,23,coral_pca_hgb,aab2dce5-b3ba-4054-b157-23f50833c434,STAD,4.634728988229636,5.254599619935585
TCGA_to_CPTAC,23,coral_pca_hgb,f7d27f30-33bc-4261-9192-9e6c31416859,KIRC,3.044522437723423,3.929276243460402
TCGA_to_CPTAC,23,coral_pca_hgb,d27e77b9-f8b2-413a-a7b3-05a8248b74db,UCEC,6.837332814685591,4.373670551780321
TCGA_to_CPTAC,23,coral_pca_hgb,61665776-139e-450f-bc64-eaf29bd7ff25,KIRC,3.8501476017100575,4.0701654202820094
TCGA_to_CPTAC,23,coral_pca_hgb,e3d6192c-2812-481a-89f7-29365e1cd546,LAML,1.791759469228055,1.2331897432155898
TCGA_to_CPTAC,23,coral_pca_hgb,070f4283-176a-492e-b418-ebf292cd37d6,LUAD,4.31748811353631,3.9762410384267675
TCGA_to_CPTAC,23,coral_pca_hgb,b69c9d3a-4691-4073-be53-c1bc43248fdd,KIRC,3.87120101090789,4.283197287411576
TCGA_to_CPTAC,23,coral_pca_hgb,920b70b3-265f-4c67-afe5-079b073cab03,KIRC,2.9444389791664403,3.7604934318369962
TCGA_to_CPTAC,23,coral_pca_hgb,f7a66ec4-8e60-4bdc-acc7-98506e3024d2,SKCM,6.061456918928017,5.703115198130009
TCGA_to_CPTAC,23,coral_pca_hgb,905abef2-91b3-4148-9f9e-8c229d51ceea,LAML,1.6094379124341005,1.7766376851745993
TCGA_to_CPTAC,23,coral_pca_hgb,5cf30e66-765b-410f-89ca-3181a0c68f4b,STAD,7.175489713624222,6.780941730530453
TCGA_to_CPTAC,23,coral_pca_hgb,cf806878-386b-4416-a840-96d104ecb123,PAAD,3.49650756146648,3.686890110166634
TCGA_to_CPTAC,23,coral_pca_hgb,c0607363-1082-4ce9-a642-e9b2b903ae88,UCEC,7.825644732219989,4.864400821913743
TCGA_to_CPTAC,23,coral_pca_hgb,b0077f58-1edb-416d-9ce6-120113a80f11,LUAD,3.218875824868201,3.938167560580712
TCGA_to_CPTAC,23,coral_pca_hgb,2c0c3637-9705-45bf-a0fd-b2018248efe6,UCEC,3.7612001156935615,5.125980726390743
TCGA_to_CPTAC,23,coral_pca_hgb,ad24d74d-bb4a-47d8-abb2-23a686c5a9f0,STAD,5.407171771460119,4.491030816177455
TCGA_to_CPTAC,23,coral_pca_hgb,976bdbec-86ba-4313-a4a9-6278a5952b60,LAML,1.9459101490553128,1.3754470088537223
TCGA_to_CPTAC,23,coral_pca_hgb,c9c01ce2-2ffa-44ca-85b4-c6ee1d1d7ce8,LUAD,5.14166355650266,5.202514670486375
TCGA_to_CPTAC,23,coral_pca_hgb,4eb22f79-aeae-4f22-998e-6ce471d16281,PAAD,3.80666248977032,3.7487670927992527
TCGA_to_CPTAC,23,coral_pca_hgb,e1590b08-4308-4288-8ecf-6b5e9d7628f8,LAML,0.0,2.6143475730029255
TCGA_to_CPTAC,23,coral_pca_hgb,8b323efd-18a5-4a3a-b9ee-0e9f3be15736,UCEC,5.1298987149230735,4.125300565323277
TCGA_to_CPTAC,23,coral_pca_hgb,9ad4ac6e-d770-4614-af1e-80a285599bdc,LUAD,3.58351893845611,4.571717485384292
TCGA_to_CPTAC,23,coral_pca_hgb,3f0a6d27-8085-424c-926c-ee88b61ebadb,KIRC,4.02535169073515,4.337739971785271
TCGA_to_CPTAC,23,coral_pca_hgb,b7c8962e-7b20-4fc5-896e-9861ebc524bb,LUAD,5.497168225293202,5.345993877810662
TCGA_to_CPTAC,23,coral_pca_hgb,5e187cc7-19b2-4c53-999e-ea09117bb972,LAML,1.791759469228055,1.940064559121141
TCGA_to_CPTAC,23,coral_pca_hgb,40311512-c531-402f-900a-222e4572296e,KIRC,4.454347296253507,4.892247422491151
TCGA_to_CPTAC,23,coral_pca_hgb,9659c59a-0f56-4c97-a447-d1f8c6fe4e52,LUAD,4.248495242049359,4.922142563313297
TCGA_to_CPTAC,23,coral_pca_hgb,52153098-f1b2-47fe-ba4e-88ce6d51a6ca,KIRC,4.276666119016055,4.021124030358017
TCGA_to_CPTAC,23,coral_pca_hgb,1e349b03-b60a-4b5a-b093-2a7cee6ad645,LUAD,6.785587645007929,5.501091884844615
TCGA_to_CPTAC,23,coral_pca_hgb,494bc0e5-287a-4e6f-99fb-ea64e0dad14b,UCEC,3.5263605246161616,3.943082282341776
TCGA_to_CPTAC,23,coral_pca_hgb,7c8f8901-bdb3-4ce7-a841-ae3a7f70f2a1,LAML,2.19722457733622,2.035099032494493
TCGA_to_CPTAC,23,coral_pca_hgb,872dc350-1ca9-4910-a76e-e244d9636f46,KIRC,3.555348061489413,4.029606027740434
TCGA_to_CPTAC,23,coral_pca_hgb,9a855f83-cdce-48a8-9cb4-7604ebebde7d,SKCM,4.394449154672439,5.133983743393096
TCGA_to_CPTAC,23,coral_pca_hgb,b914a2f6-5b6c-4d76-ae72-c73b9f27fd10,GBM,3.4657359027997265,4.074346213066571
TCGA_to_CPTAC,23,coral_pca_hgb,9abc1155-520d-4d48-b8cf-b4482fc96055,LAML,0.6931471805599453,0.6014122749052713
TCGA_to_CPTAC,23,coral_pca_hgb,9ff6d022-6e23-4f44-a480-1b61929e6ee3,KIRC,4.382026634673881,4.3296690811537255
TCGA_to_CPTAC,23,coral_pca_hgb,cb5f5f9e-7610-4adf-a688-92ddc0666770,KIRC,3.091042453358316,3.10618993704904
TCGA_to_CPTAC,23,coral_pca_hgb,44d4ed0f-204b-40ce-9345-72ac30f6a3a1,KIRC,4.465908118654584,3.5726399418043915
TCGA_to_CPTAC,23,coral_pca_hgb,dec53f07-b7e7-4f9b-be33-a7121c1973c1,SKCM,6.413458957167357,5.786928738643711
TCGA_to_CPTAC,23,coral_pca_hgb,98c51a04-d042-47a0-aeeb-f62e4f1eebac,KIRC,3.1780538303479458,4.185016371912676
TCGA_to_CPTAC,23,coral_pca_hgb,470c0968-2a15-4068-9112-e05ffd772f6b,SKCM,5.198497031265826,4.377667601451428
TCGA_to_CPTAC,23,coral_pca_hgb,2fd1e216-d78d-4adc-baac-c250e8e804d0,SKCM,5.60947179518496,4.726711073865522
TCGA_to_CPTAC,23,coral_pca_hgb,e35a48a7-4773-459c-b90c-8a79a0716184,KIRC,4.394449154672439,3.81766614160711
TCGA_to_CPTAC,23,coral_pca_hgb,a7b5ecd7-d16b-4c41-87d7-881c3d53d185,KIRC,4.0943445622221,3.878466957494757
TCGA_to_CPTAC,23,coral_pca_hgb,daee5d73-fddd-4446-a233-f67a6d7bf351,STAD,6.913737350659685,6.67789710758318
TCGA_to_CPTAC,23,coral_pca_hgb,31867570-3c3c-4a03-aafe-0d3d2517e60b,STAD,4.634728988229636,4.555395194268847
TCGA_to_CPTAC,23,coral_pca_hgb,584c6d9b-fd81-47db-b9a8-1cf0bb8bc102,STAD,4.143134726391533,4.220481751051396
TCGA_to_CPTAC,23,coral_pca_hgb,a7ac541e-35c7-41a2-ba31-1d7a6b22e0ae,LUAD,4.3694478524670215,4.807305634048833
TCGA_to_CPTAC,23,coral_pca_hgb,272d222a-761f-4543-86d0-37457731a3a5,UCEC,4.007333185232471,4.476695666952864
TCGA_to_CPTAC,23,coral_pca_hgb,2a901029-a9d7-41a7-829d-b9c102a6d157,KIRC,4.394449154672439,4.032931361743488
TCGA_to_CPTAC,23,coral_pca_hgb,9694fc41-ffe4-4bdc-bb66-38f876c69abe,UCEC,4.07753744390572,4.543317699951417
TCGA_to_CPTAC,23,coral_pca_hgb,3145c74e-cbb9-491f-8ee8-dcbdb69e1b8d,KIRC,4.31748811353631,4.161875581257519
TCGA_to_CPTAC,23,coral_pca_hgb,5a88652c-cc2f-44c8-9e61-e89d46222743,KIRC,4.290459441148391,3.940009163340143
TCGA_to_CPTAC,23,coral_pca_hgb,f5d49b71-3e7e-4e9c-bf29-f592bf25a941,LUAD,6.206575926724928,6.027200893881596
TCGA_to_CPTAC,23,coral_pca_hgb,3e80dfe2-d623-44c4-824f-2a4d4082ccbf,SKCM,2.995732273553991,4.891670360014745
TCGA_to_CPTAC,23,coral_pca_hgb,ccda57c6-999c-4dce-95f1-1fb84b762f0b,PAAD,3.828641396489095,3.8546450868302995
TCGA_to_CPTAC,23,coral_pca_hgb,aab3ec09-561f-40ab-9795-9e85bea6e639,LAML,1.3862943611198906,1.3739167762561657
TCGA_to_CPTAC,23,coral_pca_hgb,d323006f-800e-42d1-95ce-1c6e167eabdc,LUAD,2.639057329615259,4.197095322412169
TCGA_to_CPTAC,23,coral_pca_hgb,61c4a631-c7cd-4411-b5d6-f55e584faf6d,PAAD,3.8501476017100575,4.024368003147856
TCGA_to_CPTAC,23,coral_pca_hgb,780293db-9419-45b4-8e57-2c659f31a252,UCEC,2.3978952727983707,3.7992880903631376
TCGA_to_CPTAC,23,coral_pca_hgb,74489848-29f7-4d54-9ad9-3c13b01d5b25,KIRC,3.784189633918261,3.963249647101604
TCGA_to_CPTAC,23,coral_pca_hgb,337a57f3-964d-4d73-9566-236aefde3cfa,STAD,3.6635616461296463,4.65704793649661
TCGA_to_CPTAC,23,coral_pca_hgb,417c1659-201c-4d1d-99bf-c28c986c559d,LUAD,4.691347882229144,5.375749263733006
TCGA_to_CPTAC,23,coral_pca_hgb,c5bbcff5-d3d9-46d6-8cf7-5aa7b080ffb4,KIRC,4.0943445622221,3.7480414011604815
TCGA_to_CPTAC,23,coral_pca_hgb,aadb8624-dbd7-424a-ab0b-ed326c088c70,KIRC,3.713572066704308,3.9089031773408185
TCGA_to_CPTAC,23,coral_pca_hgb,1562ff6a-080c-4b58-ba3a-9fdf50a5eaf6,LUAD,6.126869184114185,5.5393021734572265
TCGA_to_CPTAC,23,coral_pca_hgb,17b628fa-e1e4-4055-9d27-a41e109c8ce2,STAD,4.787491742782046,4.271332613217144
TCGA_to_CPTAC,23,coral_pca_hgb,6e8374c8-7868-4eb0-9408-c99665cb3f5c,KIRC,3.58351893845611,3.7836333338488344
TCGA_to_CPTAC,23,coral_pca_hgb,0bc3a409-1a2e-4e3e-85d4-6fab4c473274,LUAD,5.8522024797744745,6.556363766900993
TCGA_to_CPTAC,23,coral_pca_hgb,d00a5d22-92b1-445b-83eb-73409012528f,GBM,3.49650756146648,3.303001107762964
TCGA_to_CPTAC,23,coral_pca_hgb,56a920a1-d089-4e40-a155-d2a6c0ec6716,UCEC,4.189654742026425,4.850714136187027
TCGA_to_CPTAC,23,coral_pca_hgb,5676110c-4af9-4c08-bf42-7dd0005b3237,UCEC,3.80666248977032,4.278618173779852
TCGA_to_CPTAC,23,coral_pca_hgb,90f61e50-ab0a-4532-9ef9-bed69d990cf7,LAML,2.19722457733622,1.5737718293737366
TCGA_to_CPTAC,23,coral_pca_hgb,fd5a734c-4bb5-433e-a6b0-b060f64e2836,KIRC,3.58351893845611,3.385394815684659
TCGA_to_CPTAC,23,coral_pca_hgb,b8bda40b-9820-47a9-abb4-4ebcb2cf8b62,PAAD,2.639057329615259,3.959380510849006
TCGA_to_CPTAC,23,coral_pca_hgb,b9ad2bb6-8d21-474a-8cd1-2a4c49a169ec,KIRC,2.4849066497880004,3.8562485878638464
TCGA_to_CPTAC,23,coral_pca_hgb,a9b6aaac-fd52-4bb4-a2fd-384ff34d276d,GBM,3.713572066704308,3.896243402339982
TCGA_to_CPTAC,23,coral_pca_hgb,6fb0325b-7791-47a0-bfa4-109ae87dd320,LAML,2.19722457733622,1.7838683748072268
TCGA_to_CPTAC,23,coral_pca_hgb,ea6afb24-0804-42f4-ad6f-d0782080d255,LAML,1.0986122886681096,2.050709303258513
TCGA_to_CPTAC,23,coral_pca_hgb,2f77e19c-fd2d-465b-b9b7-5373542b62ae,LUAD,6.311734809152915,4.771556688171018
TCGA_to_CPTAC,23,coral_pca_hgb,5bbdafef-dde1-45c5-a2c9-433ce7b246a8,PAAD,4.406719247264253,5.552379835121432
TCGA_to_CPTAC,23,coral_pca_hgb,934bcf4a-60e2-4499-9685-4715246d2863,LAML,1.3862943611198906,2.938179489212396
TCGA_to_CPTAC,23,coral_pca_hgb,66baf8bb-278b-4a83-a971-71b394fb4630,UCEC,4.060443010546419,4.716284039199803
TCGA_to_CPTAC,23,coral_pca_hgb,c656a004-7ed7-459e-ac71-c9960c22fabc,SKCM,5.921578419643816,5.963569983499989
TCGA_to_CPTAC,23,coral_pca_hgb,edb73d4e-b5cf-4979-9456-659903087561,KIRC,3.970291913552122,3.7725306355614996
TCGA_to_CPTAC,23,coral_pca_hgb,1a180fc6-b37a-47de-862f-1991f3096536,LUAD,4.553876891600541,5.060226870102261
TCGA_to_CPTAC,23,coral_pca_hgb,31828179-fd00-4918-96b7-01b7c894e22d,KIRC,4.406719247264253,4.008159692679988
TCGA_to_CPTAC,23,coral_pca_hgb,dcef42be-8418-40ab-a0f1-560dad57f366,STAD,3.4657359027997265,3.5013423880869783
TCGA_to_CPTAC,23,coral_pca_hgb,46fd5848-ddb3-4cbf-97ce-c94d72910679,PAAD,2.8903717578961645,3.625371572952666
TCGA_to_CPTAC,23,coral_pca_hgb,a05cf25f-dc52-4d99-9a8c-9178f17c99fa,GBM,3.828641396489095,4.212257662180964
TCGA_to_CPTAC,23,coral_pca_hgb,780768e8-9147-4341-bf93-7a5f945cb33c,SKCM,5.459585514144159,5.560694037577372
TCGA_to_CPTAC,23,coral_pca_hgb,2f791c81-1325-4d3d-aa2f-fb07e80a71b3,LUAD,6.326149473155099,4.758845671465351
TCGA_to_CPTAC,23,coral_pca_hgb,a2a050e0-23b8-45ae-888e-010874616996,LUAD,3.912023005428146,4.145703019702171
TCGA_to_CPTAC,23,coral_pca_hgb,208b87e8-f96f-419c-a659-c94a1b4c12b7,LUAD,5.616771097666572,4.873249522124792
TCGA_to_CPTAC,23,coral_pca_hgb,cfc3dba9-b0bd-498c-b8fc-33b80a7af835,KIRC,4.007333185232471,4.152871920764239
TCGA_to_CPTAC,23,coral_pca_hgb,32b7854e-de74-42d6-a4ce-f4b304956ee9,LUAD,4.7535901911063645,5.4521277609956655
TCGA_to_CPTAC,23,coral_pca_hgb,ddaab412-1171-4704-8960-85d85835e219,UCEC,6.3784261836515865,6.257748474695359
TCGA_to_CPTAC,23,coral_pca_hgb,f5304568-14d3-4085-a5c2-401e8ab7c880,PAAD,1.6094379124341005,2.5904864814006494
TCGA_to_CPTAC,23,coral_pca_hgb,e9c07fec-3b81-4446-b848-c5eea4a3c1a9,LAML,2.70805020110221,1.9877625142328925
TCGA_to_CPTAC,23,coral_pca_hgb,325984b4-c283-4b06-aeb8-8f1c76b44dc3,PAAD,3.8918202981106265,4.159216473846235
TCGA_to_CPTAC,23,coral_pca_hgb,283c0205-7a59-4b8b-a4b5-0151d68ab045,UCEC,6.056784013228625,4.988645716552455
TCGA_to_CPTAC,23,coral_pca_hgb,1f66bbbf-7909-47d0-9ea4-d5209cbcb951,LUAD,3.688879454113936,4.246277158371288
TCGA_to_CPTAC,23,coral_pca_hgb,ee230fa2-b736-4609-9693-6893f847b088,LAML,0.0,2.44492892479572
TCGA_to_CPTAC,23,coral_pca_hgb,d0c3439b-2aae-4893-96c5-c925d2d8de6f,LUAD,3.713572066704308,4.464067213681017
TCGA_to_CPTAC,23,coral_pca_hgb,1b43d423-a9ae-46b4-8888-40e30c8bc17b,GBM,3.80666248977032,3.8555202814590244
TCGA_to_CPTAC,23,coral_pca_hgb,25a6f5cc-04ce-4fbd-9ffa-397443567353,KIRC,4.127134385045092,4.08505685923399
TCGA_to_CPTAC,23,coral_pca_hgb,a5422423-a260-4e1e-9b09-c8f4cab6abb5,UCEC,4.204692619390966,5.366495986003794
TCGA_to_CPTAC,23,coral_pca_hgb,c6c75c5d-b3c9-4918-8dc2-02849933cd3c,KIRC,4.158883083359672,4.598600461398808
TCGA_to_CPTAC,23,coral_pca_hgb,8cce8ac6-b14f-4ead-a0c9-d8a56c3dcf90,LUAD,5.3612921657094255,5.225648594647962
TCGA_to_CPTAC,23,coral_pca_hgb,0b587b8e-173c-4f03-be2b-13a1d7aa4d4b,KIRC,4.04305126783455,4.448763740148369
TCGA_to_CPTAC,23,coral_pca_hgb,ce26f122-5633-4cb4-b2ce-b2e7bb758462,PAAD,3.6635616461296463,4.262431495502943
TCGA_to_CPTAC,23,coral_pca_hgb,496fd801-05a6-4050-8d10-afb4603deff8,STAD,4.700480365792417,4.4006250320633455
TCGA_to_CPTAC,23,coral_pca_hgb,c471fc2f-f9b6-41c1-81d3-0f572595dc14,GBM,3.8918202981106265,4.0218250871375245
TCGA_to_CPTAC,23,coral_pca_hgb,2e2659d5-540b-424b-aa0e-3389204a8b96,PAAD,2.8903717578961645,2.420099374560654
TCGA_to_CPTAC,23,coral_pca_hgb,7025c69a-f585-42be-9442-05ecc9f64985,KIRC,4.189654742026425,3.9468417947536207
TCGA_to_CPTAC,23,coral_pca_hgb,65835e17-0795-4ee9-88ee-cf4961244905,GBM,3.4339872044851463,4.304494740712842
TCGA_to_CPTAC,23,coral_pca_hgb,9969f301-603b-477c-8236-b4ac5227fa52,LUAD,5.860786223465865,5.801201665890353
TCGA_to_CPTAC,23,coral_pca_hgb,5657ec01-7e1d-4f50-9053-12919f134f14,PAAD,4.204692619390966,4.302062280371186
TCGA_to_CPTAC,23,coral_pca_hgb,80a555be-d22c-4aeb-bff1-107e795092ee,KIRC,3.688879454113936,4.019368795174934
TCGA_to_CPTAC,23,coral_pca_hgb,e1a2e058-fdf2-4f69-8a82-56b2731aaccc,UCEC,4.07753744390572,4.098725688107005
TCGA_to_CPTAC,23,coral_pca_hgb,fd2ff719-f1d6-43d1-a7b3-8e4e67da89ee,KIRC,4.343805421853684,4.162165578470798
TCGA_to_CPTAC,23,coral_pca_hgb,0f1da632-3874-42cc-930a-c8e5d1e64d71,STAD,5.6240175061873385,5.752486002748887
TCGA_to_CPTAC,23,coral_pca_hgb,667b18b4-6a55-4a08-a83b-e5f47f3f4a31,LUAD,5.030437921392435,4.034412285216409
TCGA_to_CPTAC,23,coral_pca_hgb,f474deeb-7246-42a4-87e8-4ad072c91de0,STAD,4.110873864173311,4.4097277664275385
TCGA_to_CPTAC,23,coral_pca_hgb,0576d76b-d37c-4df6-9cdd-6397a900c282,PAAD,3.555348061489413,3.458294282534834
TCGA_to_CPTAC,23,coral_pca_hgb,f657a037-4662-4a2e-9701-c2c7edd1a007,LUAD,3.784189633918261,4.7207391139735275
TCGA_to_CPTAC,23,coral_pca_hgb,e76a3513-b8d8-43f6-bc1b-30e44f0cbac4,PAAD,2.995732273553991,2.6593608226182726
TCGA_to_CPTAC,23,coral_pca_hgb,b29fe526-e170-47ae-827a-bb9df018a633,LUAD,3.828641396489095,4.243228884162378
TCGA_to_CPTAC,23,coral_pca_hgb,12126fde-c904-4b3b-81b4-083824d7a0d4,PAAD,3.4011973816621555,3.202621680936773
TCGA_to_CPTAC,23,coral_pca_hgb,ed7a77f8-41ad-4b25-b04a-6c362d8d78dd,UCEC,8.330140460246382,5.128386691390616
TCGA_to_CPTAC,23,coral_pca_hgb,6c037526-d975-4176-8e0c-a99375a84014,GBM,4.0943445622221,4.33016022906299
TCGA_to_CPTAC,23,coral_pca_hgb,bf2c7bd9-65d7-41af-84b5-41ffe6693547,KIRC,3.951243718581428,4.216379763865081
TCGA_to_CPTAC,23,coral_pca_hgb,51b2df4d-f6c7-4bea-b97f-1cffa6395109,UCEC,3.713572066704308,4.259225760068849
TCGA_to_CPTAC,23,coral_pca_hgb,3adf131b-c346-4e0b-a5f7-9f6bae103c9e,LAML,2.4849066497880004,2.0986858430611606
TCGA_to_CPTAC,23,coral_pca_hgb,06055207-d5ba-4b0e-a6d7-81bcf2bbd149,GBM,3.737669618283368,4.120825597702883
TCGA_to_CPTAC,23,coral_pca_hgb,d2f97b9f-30fc-48cf-8120-e7d1d3c4f71f,PAAD,3.295836866004329,2.8333666522598118
TCGA_to_CPTAC,23,coral_pca_hgb,04da17ab-6539-42a2-92fd-d2b3cf521970,LUAD,4.23410650459726,4.125174097804275
TCGA_to_CPTAC,23,coral_pca_hgb,3a7449d1-7761-4c8e-afc0-9968b1f33305,LUAD,1.6094379124341005,3.808758547741092
TCGA_to_CPTAC,23,coral_pca_hgb,149619ee-b1cf-4ff4-91aa-c773cbc35e33,UCEC,4.204692619390966,4.457989678532373
TCGA_to_CPTAC,23,coral_pca_hgb,bc8f9b37-2f05-4508-830f-9356b99313dd,UCEC,3.951243718581428,4.288847740804347
TCGA_to_CPTAC,23,coral_pca_hgb,a964c26c-0c5a-4410-b560-06a6c5f46577,UCEC,7.052721049232323,5.811757263032762
TCGA_to_CPTAC,23,coral_pca_hgb,25298107-387e-40d0-bdb0-3300d902fdf9,KIRC,3.091042453358316,3.8794736086760064
TCGA_to_CPTAC,23,coral_pca_hgb,bf1572f1-cdcc-4968-a937-937ba41df382,SKCM,5.187385805840755,5.74819053166676
TCGA_to_CPTAC,23,coral_pca_hgb,c9db5547-a37a-4556-92a6-fcc6a8837377,UCEC,4.174387269895637,3.8792792838629917
TCGA_to_CPTAC,23,coral_pca_hgb,5c0d8844-86ab-4191-a4ef-d352b970503e,LAML,1.9459101490553128,1.3159284321468987
TCGA_to_CPTAC,23,coral_pca_hgb,10b96620-545a-4d3f-bad4-b97a9d0835a2,LAML,2.079441541679836,1.9624172805762865
TCGA_to_CPTAC,23,coral_pca_hgb,cbbf7057-ee9e-40ef-8d09-03112bdfb16a,SKCM,5.860786223465865,4.4083481366549275
TCGA_to_CPTAC,23,coral_pca_hgb,1c785439-10fa-4810-9992-6fee541b7f31,STAD,4.787491742782046,3.5064992069661027
TCGA_to_CPTAC,23,coral_pca_hgb,aa8049c3-dd40-46d3-b204-c30618bdfbe8,STAD,7.201916317531627,6.558400366568004
TCGA_to_CPTAC,23,coral_pca_hgb,d0a2599d-ebd6-46c1-9c40-630c45d8a3c7,SKCM,7.633853559681768,5.898246825556796
TCGA_to_CPTAC,23,coral_pca_hgb,8f7bf749-60a0-4007-a75b-212e065d3e95,LUAD,4.74493212836325,4.587890046216166
TCGA_to_CPTAC,23,coral_pca_hgb,27663cb9-cfab-4234-88a1-09a1973a9f25,GBM,3.8918202981106265,3.59084928087154
TCGA_to_CPTAC,23,coral_pca_hgb,206f20bb-c212-4a26-967a-5b3700f322be,GBM,3.58351893845611,4.417619452347581
TCGA_to_CPTAC,23,coral_pca_hgb,d28c7ed6-339d-49d7-b571-9dd08019ff67,UCEC,6.38856140554563,4.339872273614476
TCGA_to_CPTAC,23,coral_pca_hgb,5735655b-b57a-4a27-8fbe-4e4a24150b1c,GBM,3.970291913552122,3.8218431358241762
TCGA_to_CPTAC,23,coral_pca_hgb,5b42f039-e9ca-4f1e-ae33-e3656e5530eb,SKCM,4.04305126783455,4.908110905124885
TCGA_to_CPTAC,23,coral_pca_hgb,21d09db9-f853-48d3-b132-d07c122cf06c,LUAD,3.218875824868201,4.105456257300413
TCGA_to_CPTAC,23,coral_pca_hgb,c06b2ea9-e346-4768-965b-a831db43e252,PAAD,3.555348061489413,3.5180676698343794
TCGA_to_CPTAC,23,coral_pca_hgb,4c241b93-c11c-4802-94a7-07f125267ba3,LUAD,6.008813185442595,4.734027592349054
TCGA_to_CPTAC,23,coral_pca_hgb,ad27cdac-3975-46e8-8ec7-3c624661c18e,STAD,4.23410650459726,4.878707304950458
TCGA_to_CPTAC,23,coral_pca_hgb,76a8fbb7-fbfd-48e8-868f-18e2092f5a6f,GBM,4.382026634673881,4.8212738724432
TCGA_to_CPTAC,23,coral_pca_hgb,f38abcfd-3c46-4ee9-a584-1570f918c04a,STAD,4.007333185232471,3.571566416613262
TCGA_to_CPTAC,23,coral_pca_hgb,87a4026f-90af-4dcb-96be-1be1f3b8797f,PAAD,3.4339872044851463,4.107189696966787
TCGA_to_CPTAC,23,coral_pca_hgb,0b1a28a3-bccf-46ef-a723-2b72398cf520,GBM,3.610917912644224,3.9213665856798943
TCGA_to_CPTAC,23,coral_pca_hgb,61ca5e2a-1809-4970-a50f-07698816ef85,LUAD,3.091042453358316,4.572112848180829
TCGA_to_CPTAC,23,coral_pca_hgb,5690ba19-ef88-4bce-b275-27f715cc44d4,KIRC,3.9318256327243257,3.9324499677998155
TCGA_to_CPTAC,23,coral_pca_hgb,a94807e0-0212-4c5a-b666-74ac828b3791,PAAD,3.7612001156935615,4.174089896524111
TCGA_to_CPTAC,23,coral_pca_hgb,32650542-2ce4-42f4-9a2e-5b35cb683f07,SKCM,6.192362489474872,5.750586298323632
TCGA_to_CPTAC,23,coral_pca_hgb,af85d94e-6352-4baf-9fc4-9dc8d7ded612,KIRC,1.791759469228055,3.8216897440035513
TCGA_to_CPTAC,23,coral_pca_hgb,68536e88-5ed0-4dc3-a739-2ce9e2141b06,UCEC,3.6375861597263857,4.7149723243323045
TCGA_to_CPTAC,23,coral_pca_hgb,f05dc58e-c9dc-48fc-bf07-e0aca961797a,LUAD,5.308267697401205,4.079062839549159
TCGA_to_CPTAC,23,coral_pca_hgb,8dd5d158-9030-407f-ab42-620b522542ee,SKCM,5.877735781779639,3.743843210698717
TCGA_to_CPTAC,23,coral_pca_hgb,8220be9e-ca4d-4a48-b48a-06c0b223700e,KIRC,3.5263605246161616,3.87344208218842
TCGA_to_CPTAC,23,coral_pca_hgb,2a95a68b-02da-401f-a231-f5b1f2b38e4f,LAML,3.688879454113936,4.978084530486695
TCGA_to_CPTAC,23,coral_pca_hgb,d15476b6-6679-41de-bff7-07c5d1f0efb0,LUAD,3.970291913552122,4.442028613634751
TCGA_to_CPTAC,23,coral_pca_hgb,1eec8bfd-1ab9-4569-b635-c47bce7702f1,GBM,4.02535169073515,3.917011510948973
TCGA_to_CPTAC,23,coral_pca_hgb,1309999e-853f-4f99-84a2-1095e674f5ae,PAAD,2.639057329615259,2.131134537205356
TCGA_to_CPTAC,23,coral_pca_hgb,92f19c41-33bb-4580-9871-51a6b27d6918,LAML,0.0,1.0818101106175668
TCGA_to_CPTAC,23,coral_pca_hgb,7dcec877-8975-4c73-982f-f255833e5b4f,KIRC,2.772588722239781,3.5714036073295694
TCGA_to_CPTAC,23,coral_pca_hgb,2a251856-efd3-46a4-a014-f9f2d5b34934,STAD,4.941642422609304,4.784951349572829
TCGA_to_CPTAC,23,coral_pca_hgb,2a8f8c3a-c699-4a5d-a454-f52183b87e18,LUAD,3.784189633918261,4.326384647401815
TCGA_to_CPTAC,23,coral_pca_hgb,142a1357-f1e8-40b9-82cf-f29577058598,GBM,3.970291913552122,3.992387740607418
TCGA_to_CPTAC,23,coral_pca_hgb,00b8b287-f156-4104-a476-16b69c9e6d91,STAD,3.332204510175204,2.9188475960762457
TCGA_to_CPTAC,23,coral_pca_hgb,c710e51c-2da0-4b7f-9b0a-aecdee7b1338,STAD,7.252053951852813,6.000574642438311
TCGA_to_CPTAC,23,coral_pca_hgb,21b90e4b-f173-4fb6-b702-5c00d2d3ca46,UCEC,3.5263605246161616,3.9554787190619467
TCGA_to_CPTAC,23,coral_pca_hgb,99e5132e-63b1-4adf-b0ae-65a8b1ee32e7,KIRC,2.3978952727983707,3.6404180041750425
TCGA_to_CPTAC,23,coral_pca_hgb,73f0fa81-42e4-40e4-902e-8f5a49a34d26,PAAD,4.248495242049359,3.159025219879493
TCGA_to_CPTAC,23,coral_pca_hgb,ef3523aa-fe7e-409a-a9fa-1779e914b0f9,UCEC,6.877296071497429,4.689268153418628
TCGA_to_CPTAC,23,coral_pca_hgb,806e0d02-98db-4d71-80bf-be2bf96c37f5,STAD,4.465908118654584,5.0767440012644185
TCGA_to_CPTAC,23,coral_pca_hgb,5a8d9153-8a12-4dbe-b83d-07d37a09dd75,LAML,2.19722457733622,1.3693069401133586
TCGA_to_CPTAC,23,coral_pca_hgb,b9aedaec-788a-4f8f-8d56-773745b802b9,UCEC,3.218875824868201,4.465535599175958
TCGA_to_CPTAC,23,coral_pca_hgb,acd5a8b2-d94f-4bcc-9b28-9c865ac2c38c,SKCM,5.955837369464831,5.504748060753135
TCGA_to_CPTAC,23,coral_pca_hgb,ded38a97-6598-436a-a061-f779297e5e0d,LUAD,5.087596335232384,4.571699436978399
TCGA_to_CPTAC,23,coral_pca_hgb,2c779d6c-f661-4621-9e3b-f9705da342a1,UCEC,3.9889840465642745,4.169247978146752
TCGA_to_CPTAC,23,coral_pca_hgb,6fb8c7ef-9be0-4cd9-a08e-2439c7864801,LUAD,6.035481432524756,5.685823554135777
TCGA_to_CPTAC,23,coral_pca_hgb,51f39708-5443-4037-90b0-864e25c20388,LUAD,6.244166900663736,5.221599578378721
TCGA_to_CPTAC,23,coral_pca_hgb,fdf3b627-8bb9-4f05-a01c-f6082eec4f20,LAML,1.9459101490553128,0.8727523199507226
TCGA_to_CPTAC,23,coral_pca_hgb,4e415b68-e0ed-4ff2-951c-970d117cce74,STAD,3.8918202981106265,3.8534632871115218
TCGA_to_CPTAC,23,coral_pca_hgb,947a6de8-a1fe-41f3-9568-2311f9fa341b,KIRC,3.951243718581428,4.371057791881867
TCGA_to_CPTAC,23,coral_pca_hgb,438ebff2-0d2d-4c29-958c-4d8a9833543a,UCEC,4.04305126783455,4.191929389207077
TCGA_to_CPTAC,23,coral_pca_hgb,1e5c5b1b-3450-4a1f-9e92-bf522b47f23f,PAAD,4.564348191467836,4.158644368897415
TCGA_to_CPTAC,23,coral_pca_hgb,e82a4187-ccdc-4934-a4dd-86730c0b6a26,LUAD,5.869296913133774,5.536502464160408
TCGA_to_CPTAC,23,coral_pca_hgb,46098b0b-a53e-425a-abc0-73561c447ea1,LUAD,5.468060141135132,4.311114471852794
TCGA_to_CPTAC,23,coral_pca_hgb,75488b4b-c67c-4c3a-85ea-782551f23cd9,SKCM,5.857933154483459,4.855845573885341
TCGA_to_CPTAC,23,coral_pca_hgb,a162aaa1-45e3-4294-90c2-1e2cd8a8b356,LUAD,6.1463292576688975,4.415420147494694
TCGA_to_CPTAC,23,coral_pca_hgb,28b53966-665f-4b11-85c9-ff31f1fc3f1f,LUAD,6.642486801367256,5.563577116260252
TCGA_to_CPTAC,23,coral_pca_hgb,e8b0327e-7721-4310-9382-1c57c62c8b73,KIRC,3.8918202981106265,4.123277637696466
TCGA_to_CPTAC,23,coral_pca_hgb,10547ce0-4d20-406f-90e2-88dc483fe81f,GBM,3.58351893845611,4.299853302597105
TCGA_to_CPTAC,23,coral_pca_hgb,38affdde-33c9-4f8b-8987-6e158bc47651,LAML,0.6931471805599453,2.7194817319377873
TCGA_to_CPTAC,23,coral_pca_hgb,ad688008-ae8d-4bfd-99ab-24998a2c248c,KIRC,3.8501476017100575,3.8567610830629047
TCGA_to_CPTAC,23,coral_pca_hgb,91c8eda3-ad8f-4a80-9f35-f6552f6452c0,GBM,3.218875824868201,3.9841082308868274
TCGA_to_CPTAC,23,coral_pca_hgb,e6de6156-a66b-49b9-87b6-c38707f41d35,GBM,3.912023005428146,4.207686287865102
TCGA_to_CPTAC,23,coral_pca_hgb,a4940322-d9ba-4da0-8cd2-374ed60089b4,SKCM,5.262690188904886,4.836248264352801
TCGA_to_CPTAC,23,coral_pca_hgb,c038d676-4ed6-448a-bcc2-c76e7ba80f75,GBM,3.951243718581428,4.364958444447176
TCGA_to_CPTAC,23,coral_pca_hgb,ba67964a-2738-4d95-bf42-8e2217ab4dc5,LUAD,5.288267030694535,4.971859062216536
TCGA_to_CPTAC,23,coral_pca_hgb,1adb616b-b665-4c33-8a8e-f7578210d6ba,LAML,1.6094379124341005,1.3413168131702775
TCGA_to_CPTAC,23,coral_pca_hgb,13226b4e-99e2-44fb-a58b-94fad7a7d275,GBM,3.912023005428146,3.824258640893208
TCGA_to_CPTAC,23,coral_pca_hgb,d76edac2-3d31-4c9b-bdf8-9a96a9dcf61b,STAD,4.6443908991413725,3.9242300282545055
TCGA_to_CPTAC,23,coral_pca_hgb,aa9aafea-74cd-4899-ba61-95889c8d235b,SKCM,4.74493212836325,5.194746240413783
TCGA_to_CPTAC,23,coral_pca_hgb,e9473087-ea4f-4197-ae8a-cd3f59c38aaa,LUAD,4.634728988229636,4.155923553143692
TCGA_to_CPTAC,23,coral_pca_hgb,bd2dab4e-ee4b-4477-af13-ecfccb9c3523,LUAD,4.060443010546419,5.056202883871247
TCGA_to_CPTAC,23,coral_pca_hgb,63ed186b-32da-4ca2-bd3b-27d7a7b17d1f,SKCM,4.787491742782046,4.8165661472283885
TCGA_to_CPTAC,23,coral_pca_hgb,2bdac74b-c588-4697-8d91-705456d205fe,LUAD,6.333279628139691,5.172351242920427
TCGA_to_CPTAC,23,coral_pca_hgb,dd0b8083-0403-4334-9f3e-04c8cd9ab108,PAAD,3.6375861597263857,3.1710028451181596
TCGA_to_CPTAC,23,coral_pca_hgb,461ace29-0e87-4ec4-adf2-bbaace06fefa,STAD,4.330733340286331,4.731439118143018
TCGA_to_CPTAC,23,coral_pca_hgb,e34efc80-0ac5-4f2b-8c1c-dd3a4176d544,KIRC,3.58351893845611,3.8726709391980503
TCGA_to_CPTAC,23,coral_pca_hgb,805792e9-858e-4e9e-84cf-3578f7470889,GBM,3.4011973816621555,3.789708402691901
TCGA_to_CPTAC,23,coral_pca_hgb,33809538-a292-4247-bdfe-26589656b09a,SKCM,6.541029999189903,4.364430930695801
TCGA_to_CPTAC,23,coral_pca_hgb,ad060611-9da4-488d-a9a2-0d53388d093e,LAML,2.772588722239781,2.1625122640886283
TCGA_to_CPTAC,23,coral_pca_hgb,f8a5b06c-653d-4a39-a3cd-72ad2784ebd7,PAAD,3.1354942159291497,3.084079042301938
TCGA_to_CPTAC,23,coral_pca_hgb,724477c3-2a3c-48cb-8a3d-38782f5225db,LUAD,5.429345628954441,5.201335588891152
TCGA_to_CPTAC,23,coral_pca_hgb,8710ce04-6b7f-4e37-adc0-0df1f2798b30,LUAD,6.470799503782602,6.22119099935693
TCGA_to_CPTAC,23,coral_pca_hgb,31934600-36d6-40eb-88bf-31daa639d039,UCEC,4.060443010546419,4.135080295563194
TCGA_to_CPTAC,23,coral_pca_hgb,964ad18c-9452-405d-969f-c9f40af48b4c,UCEC,5.983936280687191,5.226996332331331
TCGA_to_CPTAC,23,coral_pca_hgb,786e3d8a-7c2e-467f-9ce3-ac51ac35083a,SKCM,6.625392368007956,5.957243919566246
TCGA_to_CPTAC,23,coral_pca_hgb,fba6ddb5-f291-409c-9389-82e4637d62c0,KIRC,4.382026634673881,3.673636975428977
TCGA_to_CPTAC,23,coral_pca_hgb,785aebb1-a760-4167-9076-53024e317d04,LUAD,5.2574953720277815,3.5304480262743385
TCGA_to_CPTAC,23,coral_pca_hgb,db1f6497-d75d-4911-b1b3-32f97632ca3e,LUAD,6.543911845564792,5.818337023391854
TCGA_to_CPTAC,23,coral_pca_hgb,f9f0c320-a695-4e5c-b1e9-8b6d013a0a9b,PAAD,3.5263605246161616,3.585072044794675
TCGA_to_CPTAC,23,coral_pca_hgb,f53d22a7-314a-48c0-b8b1-9799149ccc1e,KIRC,3.4339872044851463,4.156177191313136
TCGA_to_CPTAC,23,coral_pca_hgb,b75eef43-e157-428d-8cef-198f5593165b,UCEC,3.80666248977032,3.838282336062776
TCGA_to_CPTAC,23,coral_pca_hgb,dfea15bc-20f4-4c35-bf8b-b212960dfa62,KIRC,4.3694478524670215,4.045227123948646
TCGA_to_CPTAC,23,coral_pca_hgb,bbf0c378-fb77-4768-be2b-da741ded8cab,LUAD,5.272999558563747,4.875719111799208
TCGA_to_CPTAC,23,coral_pca_hgb,a4dcabb2-3414-41e7-87f2-a7926ed625d8,LUAD,3.610917912644224,4.409373819496363
TCGA_to_CPTAC,23,coral_pca_hgb,3ef461af-dc04-4186-948d-64919cd2ce5a,SKCM,5.44673737166631,4.242685069346807
TCGA_to_CPTAC,23,coral_pca_hgb,23f9ba79-3234-4025-92a8-5dcd28971593,KIRC,4.02535169073515,4.137677509836183
TCGA_to_CPTAC,23,coral_pca_hgb,99765d2a-864c-4cf3-826b-4094d6dc5915,UCEC,5.940171252720432,6.110308749379487
TCGA_to_CPTAC,23,coral_pca_hgb,bf0d82a0-b477-488d-a1ad-8a05edc53b05,SKCM,3.4657359027997265,4.6331040502779235
TCGA_to_CPTAC,23,coral_pca_hgb,89cf62a5-3ce9-413b-b712-fc10ebc87a5c,LUAD,3.4011973816621555,4.364142352802056
TCGA_to_CPTAC,23,coral_pca_hgb,115316f6-389a-40e8-a219-0e8fafea9313,PAAD,3.58351893845611,3.8315066224696155
TCGA_to_CPTAC,23,coral_pca_hgb,86877ca3-33ae-45f2-99a9-7ca5c238c2d4,LUAD,3.4339872044851463,4.428013237045221
TCGA_to_CPTAC,23,coral_pca_hgb,3892e1d7-a1a3-40d6-bce6-1785cfa599d1,UCEC,3.4657359027997265,4.223637297087789
TCGA_to_CPTAC,23,coral_pca_hgb,e21968d0-4d72-4a83-88ce-4a8c13190b21,LAML,0.0,1.3864499860037935
TCGA_to_CPTAC,23,coral_pca_hgb,ae481eb3-8f9d-42cd-a431-6f289c8a8779,LUAD,5.683579767338681,4.689745889461604
TCGA_to_CPTAC,23,coral_pca_hgb,ddaeb900-6184-4341-b060-0fdc6f505dd9,GBM,4.04305126783455,3.9981399756002576
TCGA_to_CPTAC,23,coral_pca_hgb,5564d5ac-8d33-46f4-a60e-8520d7b0d1ed,SKCM,4.499809670330265,5.002947964018989
TCGA_to_CPTAC,23,coral_pca_hgb,600ec637-0fa7-4e57-83e8-2c4149393507,GBM,4.04305126783455,3.817072340349921
TCGA_to_CPTAC,23,coral_pca_hgb,a0d5a7b2-4c7f-4d19-bda1-1357d3b1d72b,KIRC,4.158883083359672,3.769389600900662
TCGA_to_CPTAC,23,coral_pca_hgb,73b19657-c3ed-4aae-9347-446dabe41cdc,STAD,5.170483995038151,5.413833641049666
TCGA_to_CPTAC,23,coral_pca_hgb,6797b09b-588e-4362-adfd-25265ce2f301,KIRC,3.912023005428146,3.90832261866782
TCGA_to_CPTAC,23,coral_pca_hgb,dedb2add-52d8-46a5-b599-c72b594359c2,KIRC,3.7612001156935615,3.662802965693959
TCGA_to_CPTAC,23,coral_pca_hgb,da025419-688f-4ec3-b06e-17c8b1236f65,LUAD,7.00033446027523,5.600174850953893
TCGA_to_CPTAC,23,coral_pca_hgb,595dbf48-2238-41fc-9c78-d1b483560b01,LUAD,5.117993812416755,4.392736426379507
TCGA_to_CPTAC,23,coral_pca_hgb,42b577f2-b28d-4116-92d5-95d31e34f33b,LUAD,4.007333185232471,5.267141926990618
TCGA_to_CPTAC,23,coral_pca_hgb,0b2f0141-88e1-4117-a668-f284ec7670ff,PAAD,4.3694478524670215,5.01582190365682
TCGA_to_CPTAC,23,coral_pca_hgb,057d0d06-872c-455c-bb25-408233ebcf68,LUAD,3.258096538021482,4.787171809656887
TCGA_to_CPTAC,23,coral_pca_hgb,8e044f20-ff60-47ab-b547-fbee99155c4a,LUAD,4.430816798843313,4.5813935892507756
TCGA_to_CPTAC,23,coral_pca_hgb,bcfe9a22-3a4f-4509-ab3a-9783046e227b,STAD,4.48863636973214,3.4721823784243098
TCGA_to_CPTAC,23,coral_pca_hgb,89b89fb6-91e8-4ab3-8672-c108791a95e2,LAML,2.079441541679836,1.4758993155288223
TCGA_to_CPTAC,23,coral_pca_hgb,da2fcf60-1e83-4d6b-8527-702bf3e2c2dc,GBM,4.0943445622221,4.2780978343935665
TCGA_to_CPTAC,23,coral_pca_hgb,cecdc0b2-5587-4061-b290-3496fdc4dde6,LUAD,5.214935757608986,5.10320441266201
TCGA_to_CPTAC,23,coral_pca_hgb,ecdc1d55-c44a-4d5b-a6da-2c6192411778,UCEC,5.552959584921617,6.599880338405907
TCGA_to_CPTAC,23,coral_pca_hgb,ba8852b9-17a7-4df1-9765-68e58fa74004,PAAD,2.4849066497880004,2.274245445815284
TCGA_to_CPTAC,23,coral_pca_hgb,ec5802af-a27e-42b2-afe5-c6378d78c997,GBM,4.189654742026425,4.343484704159544
TCGA_to_CPTAC,23,coral_pca_hgb,4d0e0181-cb87-4363-aadb-aaf620f068f7,STAD,5.081404364984463,3.445268419654511
TCGA_to_CPTAC,23,coral_pca_hgb,5ecbf75e-5f00-4df5-9632-e3e139ee00ce,UCEC,4.418840607796598,4.513755923235065
TCGA_to_CPTAC,23,coral_pca_hgb,3c0035cc-7cf7-4319-a5d2-79c79c4fe9f5,PAAD,3.4339872044851463,3.567883375712877
TCGA_to_CPTAC,23,coral_pca_hgb,074c8f3c-b4aa-4c10-ba83-2a874f88c478,UCEC,4.276666119016055,4.269275876469802
TCGA_to_CPTAC,23,coral_pca_hgb,f6c36f17-9f45-4f79-9432-99995251078a,LUAD,6.954638864880987,5.335354375337253
TCGA_to_CPTAC,23,coral_pca_hgb,facdff3b-2340-4a44-9178-c5c172c904e9,LUAD,5.0238805208462765,5.115403917279285
TCGA_to_CPTAC,23,coral_pca_hgb,e37fddac-49ed-4611-9638-49db1ffb5e66,UCEC,6.997595982981927,6.187730866774291
TCGA_to_CPTAC,23,coral_pca_hgb,c5d83fdb-5a16-44c2-b392-8deb1a3c5b57,GBM,4.219507705176107,4.300704562724987
TCGA_to_CPTAC,23,coral_pca_hgb,f0e3f73a-1897-43d6-9593-a4bc321a1e98,SKCM,4.174387269895637,5.8531782882203265
TCGA_to_CPTAC,23,coral_pca_hgb,5d4927ad-56fc-43db-804a-3ddd738bd377,STAD,4.983606621708336,4.990916403114025
TCGA_to_CPTAC,23,coral_pca_hgb,324bf8cd-d84f-4b9e-87ff-4dc73c7cdc0c,GBM,3.4011973816621555,4.225958986677405
TCGA_to_CPTAC,23,coral_pca_hgb,c617c6a9-f435-4660-9581-43d70167982e,GBM,7.152268856032539,3.9380119803755997
TCGA_to_CPTAC,23,coral_pca_hgb,217a5718-a04e-4225-b362-98d2825b1617,PAAD,1.9459101490553128,2.8639381140802547
TCGA_to_CPTAC,23,coral_pca_hgb,3a4afbe7-60d6-4a0d-8166-56a04ff127b0,UCEC,4.691347882229144,4.5041641356954845
TCGA_to_CPTAC,23,coral_pca_hgb,ba653b86-9aad-4d80-9db9-ffb0dd787ecb,KIRC,4.406719247264253,4.021334558619924
TCGA_to_CPTAC,23,coral_pca_hgb,d7c0e370-f778-4995-963a-7a55525b2d76,LUAD,3.4657359027997265,4.078783807146691
TCGA_to_CPTAC,23,coral_pca_hgb,7db1cbd2-5e57-42a0-a0d1-4b83faf3f3fd,GBM,3.610917912644224,4.109677755120304
TCGA_to_CPTAC,23,coral_pca_hgb,275b8372-f1bb-4291-8778-506d4b93c55c,KIRC,4.276666119016055,3.745906522323626
TCGA_to_CPTAC,23,coral_pca_hgb,e191a2d9-af97-43e6-a15c-a9ff85859436,LUAD,5.181783550292085,4.514168518879275
TCGA_to_CPTAC,23,coral_pca_hgb,32ac4fe4-38b2-4ca1-9754-c2c74300b4bf,LUAD,4.653960350157523,3.899767382394133
TCGA_to_CPTAC,23,coral_pca_hgb,477d73a2-9776-46fb-9075-5d62e8cda29b,UCEC,5.953243334287785,4.4531033079879165
TCGA_to_CPTAC,23,coral_pca_hgb,20ce6ed1-07d2-4218-8154-5e601f93868a,SKCM,5.683579767338681,6.098757419033543
TCGA_to_CPTAC,23,coral_pca_hgb,1e5eaf10-f6f1-4ab1-b0bf-fc3e0718b6bb,GBM,3.9889840465642745,3.7596723028890016
TCGA_to_CPTAC,23,coral_pca_hgb,edb559d9-0468-4321-9e97-937b6f3ecd14,PAAD,3.258096538021482,3.94718633146711
TCGA_to_CPTAC,23,coral_pca_hgb,ac8eb54a-5f1b-4838-8231-0ca6f0eceb8f,SKCM,6.8501261661455,5.674509301833349
TCGA_to_CPTAC,23,coral_pca_hgb,7e9b66d3-39c9-4cd4-b1ac-1cb132b97221,GBM,4.77912349311153,4.012682817028644
TCGA_to_CPTAC,23,coral_pca_hgb,3bba88bf-3a0c-4788-940f-5407b9e86971,PAAD,1.3862943611198906,4.041590702656057
TCGA_to_CPTAC,23,coral_pca_hgb,aa76081e-91cd-48f4-947d-fa7d5c3424a5,SKCM,5.2574953720277815,6.134238026691352
TCGA_to_CPTAC,23,coral_pca_hgb,60cf1724-5fc8-4c3a-850b-ce3778147c91,KIRC,4.727387818712341,3.7819707042402495
TCGA_to_CPTAC,23,coral_pca_hgb,c615b7df-0d08-47e1-81b5-0b40dc6a28b3,UCEC,2.772588722239781,4.1440370318895035
TCGA_to_CPTAC,23,coral_pca_hgb,8bb0727f-eb13-464a-a85f-3b6c59f4df52,UCEC,6.452048954437226,6.582124729517278
TCGA_to_CPTAC,23,coral_pca_hgb,4a40e29b-aaa0-4de4-949e-e4a5d6295bed,PAAD,4.394449154672439,3.8105033716318477
TCGA_to_CPTAC,23,coral_pca_hgb,6c28fff9-68e9-465f-bebb-7574901e333c,LUAD,5.41610040220442,5.731226425256168
TCGA_to_CPTAC,23,coral_pca_hgb,3a58efbf-2708-4f13-87ab-253d7d67ef52,GBM,4.262679877041316,4.4377194337935695
TCGA_to_CPTAC,23,coral_pca_hgb,552fdf86-691a-4c08-b917-e0bae420c008,SKCM,4.919980925828125,5.9648086820305295
TCGA_to_CPTAC,23,coral_pca_hgb,6f62c1fc-9a57-4922-908f-8562418503ef,LUAD,2.5649493574615367,4.1161852877055995
TCGA_to_CPTAC,23,coral_pca_hgb,08f997e1-8249-4c31-ae8a-bd165f5ad29e,KIRC,3.737669618283368,3.873970196182454
TCGA_to_CPTAC,23,coral_pca_hgb,1366e53c-ee49-4b2d-af12-28207cbf0c8e,LAML,0.0,1.7138971480909027
TCGA_to_CPTAC,23,coral_pca_hgb,669caded-109b-422e-9c91-2de87edfd052,PAAD,3.555348061489413,2.237014827916
TCGA_to_CPTAC,23,coral_pca_hgb,70cbdd42-987d-4bae-916a-dff62013351a,KIRC,4.406719247264253,3.7617990005487854
TCGA_to_CPTAC,23,coral_pca_hgb,ceae0345-0b5a-475f-8133-5fffcb81f3d0,KIRC,4.653960350157523,3.7041893528674303
TCGA_to_CPTAC,23,coral_pca_hgb,47392441-298b-41fc-9ea4-f0016fe557b6,LAML,1.0986122886681096,1.2229508067952495
TCGA_to_CPTAC,23,coral_pca_hgb,a3d3b5eb-500d-4859-97c5-71b6111326d3,LUAD,5.564520407322694,4.411222067431717
TCGA_to_CPTAC,23,coral_pca_hgb,e442a093-73b3-4e8a-807f-f7248584e194,UCEC,4.59511985013459,5.1974894664204765
TCGA_to_CPTAC,23,coral_pca_hgb,79f36624-b0ba-447c-bf25-ab63d701a878,LUAD,4.859812404361672,4.486872345176086
TCGA_to_CPTAC,23,coral_pca_hgb,1e0b4933-9668-4002-bb85-8e68b794de56,PAAD,3.4657359027997265,3.8234321970192178
TCGA_to_CPTAC,23,coral_pca_hgb,82be1f2b-8b39-40c5-87cd-a2c9986442ab,LAML,0.0,1.551282773032676
TCGA_to_CPTAC,23,coral_pca_hgb,95d0e985-cdb7-4a85-a82d-60e008ce7be1,PAAD,2.5649493574615367,3.7911427048220308
TCGA_to_CPTAC,23,coral_pca_hgb,d012ecb9-911b-4701-a9ed-c0a971f602f0,LAML,2.19722457733622,1.6700564012364767
TCGA_to_CPTAC,23,coral_pca_hgb,9b2c59b2-1828-449e-83fb-7471f7fcae3e,GBM,4.110873864173311,3.826275355623529
TCGA_to_CPTAC,23,coral_pca_hgb,2e23ce47-7882-442a-be6b-3fdd7b5cf978,KIRC,4.23410650459726,3.6988383239715272
TCGA_to_CPTAC,23,coral_pca_hgb,67d29568-8cdf-4b73-a942-9a882dd304a4,PAAD,3.6635616461296463,3.2933123288803805
TCGA_to_CPTAC,23,coral_pca_hgb,ac20b854-0a63-4ec1-abb6-d5874f15842f,LUAD,3.828641396489095,4.798095584394841
TCGA_to_CPTAC,23,coral_pca_hgb,84badbae-4a2b-41bc-a616-b085ac9e6fde,LUAD,3.737669618283368,4.033412205001445
TCGA_to_CPTAC,23,coral_pca_hgb,ddfcaa24-47d1-40e9-af66-3976d8b6bf2b,LUAD,5.19295685089021,5.527036667908373
TCGA_to_CPTAC,23,coral_pca_hgb,1663baf4-aed4-4ea9-893a-6517a67c4819,LUAD,5.564520407322694,6.193794397893827
TCGA_to_CPTAC,23,coral_pca_hgb,ad265919-d589-4b8a-a9fb-77cca95c59f7,PAAD,3.1354942159291497,3.7238434633740023
TCGA_to_CPTAC,23,coral_pca_hgb,842402de-519e-4588-ad49-19df18db899b,UCEC,7.147559271189454,4.575489144242845
TCGA_to_CPTAC,23,coral_pca_hgb,96a87267-2168-4c71-8b0b-84510401f5c3,SKCM,7.170119543449628,4.758663782661537
TCGA_to_CPTAC,23,coral_pca_hgb,df6fa6ae-4858-45bc-ac10-fc23f90a4d2f,LAML,0.0,1.6429985495247938
TCGA_to_CPTAC,23,coral_pca_hgb,54729c4f-cc5b-45ad-a054-5ae7f7670a19,SKCM,3.951243718581428,5.204915538278062
TCGA_to_CPTAC,23,coral_pca_hgb,239a5fbb-0145-46f6-8ec3-2a96a04011dd,KIRC,4.574710978503383,4.001933605068094
TCGA_to_CPTAC,23,coral_pca_hgb,27f50a79-6adb-4cf0-9a29-baa93304f8c7,SKCM,6.833031732786201,5.513159139773317
TCGA_to_CPTAC,23,coral_pca_hgb,fe9a6874-24df-48cf-9959-34e9f8472bb9,SKCM,6.102558594613569,5.853271022777024
TCGA_to_CPTAC,23,coral_pca_hgb,58527f80-ea44-43e8-b4cb-92ec72c28073,SKCM,4.204692619390966,4.259277409309709
TCGA_to_CPTAC,23,coral_pca_hgb,1b7325b9-6230-4c63-8b82-994d4096579a,SKCM,5.552959584921617,4.046045740382089
TCGA_to_CPTAC,23,coral_pca_hgb,efab6f4b-779e-44d1-afaf-221b4727bbe9,LAML,2.639057329615259,2.739260484138644
TCGA_to_CPTAC,23,coral_pca_hgb,9901a947-2d54-4002-ae24-a0839d6a50b3,STAD,4.356708826689592,4.459675295996412
TCGA_to_CPTAC,23,coral_pca_hgb,a9f3c3c8-d353-42b6-9efb-cfcd2f2c4dc1,GBM,3.4339872044851463,3.8406690533864962
TCGA_to_CPTAC,23,coral_pca_hgb,aafce599-e35c-480e-a765-829ebac1aa2c,LAML,1.3862943611198906,1.6334113239037455
TCGA_to_CPTAC,23,coral_pca_hgb,ed69df53-631b-4c3a-af08-e502cc64129a,PAAD,2.70805020110221,3.1944216756552413
TCGA_to_CPTAC,23,coral_pca_hgb,cb713a6c-8ff1-42ad-b7c7-70f96715b657,SKCM,6.318968113746434,4.865095146443238
TCGA_to_CPTAC,23,coral_pca_hgb,f4cb32e3-e748-41b1-962d-5fdc7732d094,UCEC,4.304065093204169,4.696732375105147
TCGA_to_CPTAC,23,coral_pca_hgb,908255a2-a118-4055-987a-2b5d84c13f8c,UCEC,3.58351893845611,3.9278615504034025
TCGA_to_CPTAC,23,coral_pca_hgb,cbe84d4e-9d2c-4d4a-b6e9-138c195f7529,GBM,2.8903717578961645,4.236450744135107
TCGA_to_CPTAC,23,coral_pca_hgb,aff52953-1e94-42d9-8a8e-70c585bbd24f,LUAD,3.610917912644224,4.747512896606886
TCGA_to_CPTAC,23,coral_pca_hgb,ba0fe300-d3f0-42fd-b609-3ee3d0e49d7b,LUAD,4.0943445622221,4.590526998908246
TCGA_to_CPTAC,23,coral_pca_hgb,8577ef8a-f071-49cc-8158-05dfc52f3c70,KIRC,4.143134726391533,4.232296866656608
TCGA_to_CPTAC,23,coral_pca_hgb,fa0189f8-d0ab-447e-a6b5-9a3a46f40f9b,STAD,4.736198448394496,4.817100740251911
TCGA_to_CPTAC,23,coral_pca_hgb,f9edc86e-cf3a-464c-b50c-2139de003957,GBM,3.970291913552122,4.171871092022546
TCGA_to_CPTAC,23,coral_pca_hgb,4f903d30-a16f-48d8-9142-6d43b6029793,KIRC,3.555348061489413,4.205503771076017
TCGA_to_CPTAC,23,coral_pca_hgb,d2ca9e9b-405f-4c74-91aa-f4cd3c44c0f5,KIRC,3.9318256327243257,3.0297370808327306
TCGA_to_CPTAC,23,coral_pca_hgb,6fa5ca34-3966-4cfb-a81d-cfefda46c5fc,SKCM,4.934473933130692,4.705816795307973
TCGA_to_CPTAC,23,coral_pca_hgb,003f4f85-3244-4132-8c9d-c29f09382269,LUAD,6.354370040797351,5.3988845130480625
TCGA_to_CPTAC,23,coral_pca_hgb,9619589a-2dd4-4678-bf42-5e79f6bebd77,KIRC,4.532599493153256,3.996052245690048
TCGA_to_CPTAC,23,coral_pca_hgb,f5407aed-7150-41dd-82f0-f28975ee028a,UCEC,8.57602797713713,6.820442804532145
TCGA_to_CPTAC,23,coral_pca_hgb,283e6ba3-2654-4cbb-b57f-c0a63f4c2bbf,LUAD,3.6635616461296463,4.658111300544392
TCGA_to_CPTAC,23,coral_pca_hgb,495ddbe3-b7ae-4eea-aed0-fb730c16a179,UCEC,7.032624261028007,5.580627259583756
TCGA_to_CPTAC,23,coral_pca_hgb,95ab4d14-342d-45d7-96c1-cdd37165b761,LUAD,3.555348061489413,4.218113763134492
TCGA_to_CPTAC,23,coral_pca_hgb,ec554409-d484-4325-9ff1-319a96824023,STAD,7.469654172932128,5.66195996649822
TCGA_to_CPTAC,23,coral_pca_hgb,d033c229-acc6-4272-8aa6-286e086ff328,STAD,5.662960480135946,5.636089675777727
TCGA_to_CPTAC,23,coral_pca_hgb,068174d5-0001-421a-bec9-80f2519051d4,LUAD,3.688879454113936,3.1259873978425152
TCGA_to_CPTAC,23,coral_pca_hgb,5dbbee0d-9829-4930-9e44-f21f06ea4849,LUAD,5.099866427824199,4.325444163485637
TCGA_to_CPTAC,23,coral_pca_hgb,0449aa40-ee66-45c5-baa7-db48dbcc7702,LUAD,5.262690188904886,4.967925420038167
TCGA_to_CPTAC,23,coral_pca_hgb,9cf7c4e3-7257-4dbd-81c0-c5419f80104f,PAAD,3.828641396489095,3.9650182560564358
TCGA_to_CPTAC,23,coral_pca_hgb,07eacca6-8691-436b-8a5b-b595b6388b5a,LUAD,5.529429087511423,4.969882667676957
TCGA_to_CPTAC,23,coral_pca_hgb,59122a43-606a-4669-806b-6747e0ac9985,LUAD,5.762051382780177,4.562541571504899
TCGA_to_CPTAC,23,coral_pca_hgb,32fc9aa9-a821-47cc-974b-5bcab2946b7d,UCEC,6.616065185132817,4.658235457918199
TCGA_to_CPTAC,23,coral_pca_hgb,e1bd6dfa-0567-46e7-991c-63eefaf5bd7a,GBM,3.6635616461296463,4.431433942594176
TCGA_to_CPTAC,23,coral_pca_hgb,79078337-7817-489e-ab6e-8ece8a90317e,LAML,2.4849066497880004,1.6539554742255995
TCGA_to_CPTAC,23,coral_pca_hgb,f5318241-1d15-41d9-be42-0c44558aa96b,KIRC,4.07753744390572,3.7497112308591127
TCGA_to_CPTAC,23,coral_pca_hgb,be818f7f-c64f-43d8-9285-37d3ce16a1b1,PAAD,3.688879454113936,3.738602439694045
TCGA_to_CPTAC,23,coral_pca_hgb,80b433c2-530a-4589-8ddc-0124a61240d3,LAML,0.0,2.2020222896045336
TCGA_to_CPTAC,23,coral_pca_hgb,c10d3941-3916-4311-841d-521f13b9019f,LAML,1.6094379124341005,2.415480041101943
TCGA_to_CPTAC,23,coral_pca_hgb,59773094-4807-414c-b714-be72ae3f4929,SKCM,4.955827057601261,5.474907378034402
TCGA_to_CPTAC,23,coral_pca_hgb,93d91f8f-3267-43f8-9ca2-13579156980d,UCEC,4.553876891600541,5.357552013978777
TCGA_to_CPTAC,23,coral_pca_hgb,f8614e58-809d-4496-a54e-8f1a1303c202,LUAD,5.541263545158426,4.77230044277238
TCGA_to_CPTAC,23,coral_pca_hgb,c31d703c-1fc4-444c-8eeb-b36f3b3a925c,SKCM,4.290459441148391,4.893552823669964
TCGA_to_CPTAC,23,coral_pca_hgb,2185a81c-d225-4aa6-95e5-b3dcfd4ebe99,SKCM,5.828945617610208,5.0582062107639265
TCGA_to_CPTAC,23,coral_pca_hgb,a4359891-3763-41c7-b973-7843952f03d8,UCEC,6.455198563340122,6.107680968646787
TCGA_to_CPTAC,23,coral_pca_hgb,d2050f37-d465-4094-b179-3258bb4efb35,LAML,1.0986122886681096,1.015758997804881
TCGA_to_CPTAC,23,coral_pca_hgb,09fe72db-06f2-41c5-ac0a-da920afc4441,STAD,4.007333185232471,3.550156869490947
TCGA_to_CPTAC,23,coral_pca_hgb,1a79cdc7-bf1c-46f0-bf8c-1ed0d8c5efe7,UCEC,6.843749949006225,4.96573028737126
TCGA_to_CPTAC,23,coral_pca_hgb,df705995-5310-43be-a3ef-d97ab439bc86,LUAD,5.513428746164983,5.196843179117637
TCGA_to_CPTAC,23,coral_pca_hgb,55fd764e-86cd-4b01-a229-16d050dc2f42,LUAD,2.8903717578961645,4.692261797279155
TCGA_to_CPTAC,23,coral_pca_hgb,837ed611-5452-4918-a04b-e6e46413a8f1,LUAD,3.295836866004329,5.054674535437398
TCGA_to_CPTAC,23,coral_pca_hgb,4d3961ec-f73a-42ce-90cd-3ca8720c96c1,GBM,3.80666248977032,3.6474390952059017
TCGA_to_CPTAC,23,coral_pca_hgb,63583ff6-1a97-425c-9b8a-63880e87c038,LUAD,5.181783550292085,4.2303633900518305
TCGA_to_CPTAC,23,coral_pca_hgb,2f9e1f15-769a-43e3-a68d-dde243883422,KIRC,4.219507705176107,3.9468803669404657
TCGA_to_CPTAC,23,coral_pca_hgb,6ad102f2-8920-4a5e-b9de-b36aca31b0a8,LAML,1.791759469228055,2.443228667971287
TCGA_to_CPTAC,23,coral_pca_hgb,d4f90900-3b81-4015-8e11-4b4525345063,LUAD,6.453624998892692,5.721612919183587
TCGA_to_CPTAC,23,coral_pca_hgb,00f68c7d-e493-4f18-91b5-7849797e28e0,GBM,3.49650756146648,3.92785873325037
TCGA_to_CPTAC,23,coral_pca_hgb,262b9dfc-3d6e-4e7d-9469-b9bae4f82393,KIRC,4.0943445622221,4.144546623429636
TCGA_to_CPTAC,23,coral_pca_hgb,8d3ea3ee-ece0-4423-b2d0-54b0c3c4928c,PAAD,2.995732273553991,3.644586045253682
TCGA_to_CPTAC,23,coral_pca_hgb,6cd85f15-79df-45b5-acda-b938eb35fccb,GBM,4.007333185232471,4.015847415790402
TCGA_to_CPTAC,23,coral_pca_hgb,c7b9cd75-21c0-4c73-b81c-addbf9692409,SKCM,6.403574197934815,5.433947547273967
TCGA_to_CPTAC,23,coral_pca_hgb,a5d05493-9f75-4207-8be0-49a876c31ab7,GBM,3.6375861597263857,3.9655731988419816
TCGA_to_CPTAC,23,coral_pca_hgb,3fd15d88-5bf0-413d-b674-30aa7bcafd79,SKCM,6.274762021241939,5.3986357130971045
TCGA_to_CPTAC,23,coral_pca_hgb,41e5107f-8e08-41cf-81ec-90f9d77acfc8,UCEC,3.688879454113936,3.9822105859521857
TCGA_to_CPTAC,23,coral_pca_hgb,64b1d4b2-5c65-4a5b-addd-9eb88eae3616,LAML,1.0986122886681096,1.3820287013638688
TCGA_to_CPTAC,23,coral_pca_hgb,ad10ee5e-8898-4dcb-83b1-dde30caeb23a,STAD,4.74493212836325,6.559759824520735
TCGA_to_CPTAC,23,coral_pca_hgb,6ca8c6e0-50f3-4008-a9c0-cbfe4e984690,KIRC,4.110873864173311,3.297801887586497
TCGA_to_CPTAC,23,coral_pca_hgb,c32a1f65-7805-4c46-97c9-8e68054c90c0,UCEC,4.219507705176107,4.291217627713096
TCGA_to_CPTAC,23,coral_pca_hgb,1570eaf1-9b92-4506-9df0-9ae9a704a731,KIRC,3.737669618283368,3.7332491051044525
TCGA_to_CPTAC,23,coral_pca_hgb,93c69ee1-2674-4611-a964-d1bf5a8bf7c5,LUAD,3.8501476017100575,4.233053894677896
TCGA_to_CPTAC,23,coral_pca_hgb,59ee99cb-b820-4ae2-9306-105205f1bcb8,LUAD,3.6635616461296463,4.228126028008877
TCGA_to_CPTAC,23,coral_pca_hgb,2586a0d7-90b6-403a-9025-5c0edeb34c87,UCEC,3.4011973816621555,3.585857973967256
TCGA_to_CPTAC,23,coral_pca_hgb,255ad40c-af6a-4157-95c8-2819031d64c0,LAML,2.302585092994046,1.9584046969833515
TCGA_to_CPTAC,23,coral_pca_hgb,75a61754-30e9-4ad0-9c20-5761b9bbc4ab,LAML,0.6931471805599453,1.1611784707199488
TCGA_to_CPTAC,23,coral_pca_hgb,2a4870eb-8cc1-4b11-8eff-dbd23888e6a6,SKCM,3.49650756146648,5.650620568293297
TCGA_to_CPTAC,23,coral_pca_hgb,cee9f947-e003-43dc-ac62-a57fcbd119db,SKCM,6.282266746896006,5.547855281231393
TCGA_to_CPTAC,23,coral_pca_hgb,aed5f6f0-405e-4a77-914a-21f7c6c69cb6,KIRC,4.0943445622221,3.5462206243212897
TCGA_to_CPTAC,23,coral_pca_hgb,09023877-f316-4848-8b99-219d943d4a2f,LUAD,3.6635616461296463,4.619091489436757
TCGA_to_CPTAC,23,coral_pca_hgb,5ee53fa7-8ebd-4ad8-9adc-affdd8b76bbb,PAAD,3.332204510175204,3.6821407726107487
TCGA_to_CPTAC,23,coral_pca_hgb,a12b206e-2906-45ee-92fd-ba09bda930d5,LUAD,4.912654885736052,5.080314766717515
TCGA_to_CPTAC,23,coral_pca_hgb,59bec2ab-08f4-4497-b5df-199e22a74eb4,PAAD,3.1354942159291497,2.7833238281204546
TCGA_to_CPTAC,23,coral_pca_hgb,283ab2dc-9469-4787-81a0-60f4b8aa8b56,UCEC,4.543294782270004,4.3501874072348015
TCGA_to_CPTAC,23,coral_pca_hgb,fa3bda9a-329f-4422-9c13-10c38f546862,PAAD,3.7612001156935615,3.6806117549985227
TCGA_to_CPTAC,23,coral_pca_hgb,8e57d0f0-c8f5-4aec-acd4-5c00a0b67c66,LUAD,3.6635616461296463,5.142393895553299
TCGA_to_CPTAC,23,coral_pca_hgb,82c51ffa-1a1d-466c-ba2f-3351e67fb285,GBM,3.8501476017100575,4.188418867273584
TCGA_to_CPTAC,23,coral_pca_hgb,fff30c7d-6f71-406e-bd2e-432505160d17,LAML,0.6931471805599453,1.8124410914180478
TCGA_to_CPTAC,23,coral_pca_hgb,ac22e80f-b824-4e37-8515-f67c9e0dbf69,SKCM,6.439350371100098,5.04255842777639
TCGA_to_CPTAC,23,coral_pca_hgb,37d2352d-e15e-4eb7-b3dc-c7c3801d5433,GBM,2.5649493574615367,3.93277497074472
TCGA_to_CPTAC,23,coral_pca_hgb,cad8f812-c1cd-4ad8-97cf-4aef0cda8b69,PAAD,3.332204510175204,4.226371488591134
TCGA_to_CPTAC,23,coral_pca_hgb,e59a7d58-adf4-4d05-8a7f-c3013285b568,GBM,3.784189633918261,3.7091332817799656
TCGA_to_CPTAC,23,coral_pca_hgb,b137313e-0200-4fb7-a151-3c2c76170dea,GBM,4.060443010546419,4.036391201760881
TCGA_to_CPTAC,23,coral_pca_hgb,96ddb2ea-c179-46d2-9676-4fa88dba1d93,GBM,3.737669618283368,3.8524434103832412
TCGA_to_CPTAC,23,coral_pca_hgb,796c409b-9a37-4a6c-a1e2-518ea3cd9fe7,GBM,4.219507705176107,4.0258014116011465
TCGA_to_CPTAC,23,coral_pca_hgb,8cf7fd21-a16f-426d-b722-53edc5161f89,UCEC,4.189654742026425,4.009726567118599
TCGA_to_CPTAC,23,coral_pca_hgb,5b45cc31-9f54-4838-a44c-fbbbcbdb3ef2,GBM,4.07753744390572,4.045124894234219
TCGA_to_CPTAC,23,coral_pca_hgb,e2908e1f-34ed-4dac-b408-49eeaef72859,PAAD,3.713572066704308,3.532470766656974
TCGA_to_CPTAC,23,coral_pca_hgb,6ff701cd-7efc-4bac-93a6-7b27d2974d89,KIRC,4.442651256490317,3.514339683137886
TCGA_to_CPTAC,23,coral_pca_hgb,e8ca3e74-4d65-4612-8f70-c7fde1dfdd27,GBM,3.1780538303479458,3.6624903218762768
TCGA_to_CPTAC,23,coral_pca_hgb,8074c528-f88a-42ad-b032-5dac5b408570,STAD,4.330733340286331,4.737846041673804
TCGA_to_CPTAC,23,coral_pca_hgb,d53bb16c-51b6-4ed0-a1aa-bc88a7894e2c,LUAD,5.916202062607435,5.298829107593908
TCGA_to_CPTAC,23,coral_pca_hgb,8d062625-5538-40f8-b2d1-ecc0f020fa66,UCEC,6.302618975744905,4.2682868794489375
TCGA_to_CPTAC,23,coral_pca_hgb,74efa0d9-d95e-4192-804e-cbbc3ad6f362,STAD,5.030437921392435,4.912056186579007
TCGA_to_CPTAC,23,coral_pca_hgb,29257f5c-1901-4771-af22-3e0c9ab46e53,STAD,4.532599493153256,3.680204628772197
TCGA_to_CPTAC,23,coral_pca_hgb,21b7f29a-1195-4625-b8b8-51352733d5d9,UCEC,3.4657359027997265,4.792935453407454
TCGA_to_CPTAC,23,coral_pca_hgb,cefebaa2-f118-40ef-8a54-7608691ebf6f,UCEC,4.68213122712422,4.526235924906338
TCGA_to_CPTAC,23,coral_pca_hgb,e9c6a699-88ec-4503-9918-5073f6fc2867,STAD,0.0,2.0427925700172707
TCGA_to_CPTAC,23,coral_pca_hgb,98bed41e-96ac-434b-90ad-cc7223998602,LUAD,5.846438775057724,4.875142317592734
TCGA_to_CPTAC,23,coral_pca_hgb,12246e82-cb5f-4b7e-a6bd-a120e000db49,KIRC,4.04305126783455,3.78451438574719
TCGA_to_CPTAC,23,coral_pca_hgb,3adc0fb8-8599-4590-a27e-1eb16bfe24f8,SKCM,6.2166061010848646,3.956083224447167
TCGA_to_CPTAC,23,coral_pca_hgb,640401d4-b2fe-44e7-8274-2da074008d33,PAAD,3.688879454113936,3.068375793024555
TCGA_to_CPTAC,23,coral_pca_hgb,abdc7dd0-4060-49ae-a304-5cb39e3f40bf,STAD,5.37989735354046,4.338132246498019
TCGA_to_CPTAC,23,coral_pca_hgb,ffef8d1d-f99d-4cc0-9f49-46488bfca131,UCEC,9.14686794902061,7.036282240803378
TCGA_to_CPTAC,23,coral_pca_hgb,3491e1f7-0c09-42f8-b20f-2a6d32426c64,LUAD,6.040254711277414,5.10224050652641
TCGA_to_CPTAC,23,coral_pca_hgb,0f0d4692-5e90-4cc6-bc4c-769baa3e3a1e,UCEC,3.610917912644224,4.371583371712661
TCGA_to_CPTAC,23,coral_pca_hgb,f0b030be-909d-4db1-9833-a49ed29c0dbd,UCEC,3.9318256327243257,4.515050625907305
TCGA_to_CPTAC,23,coral_pca_hgb,1a78ec58-fff4-448f-b0c0-06812d24f4f6,LUAD,5.91350300563827,4.852512165205787
TCGA_to_CPTAC,23,coral_pca_hgb,2890504d-6736-4b86-bdeb-0b9ab7efb9eb,GBM,3.8501476017100575,4.067617145943051
TCGA_to_CPTAC,23,coral_pca_hgb,a3958fd8-24c9-4253-91d4-97704f44c0ed,SKCM,5.942799375126701,4.880775911540875
TCGA_to_CPTAC,23,coral_pca_hgb,8df9a63c-5d21-45d7-929f-4b52b6222f2d,PAAD,2.833213344056216,3.835762996248617
TCGA_to_CPTAC,23,coral_pca_hgb,0a94d173-c451-4367-9e54-968bd0e0dc0b,LUAD,6.990256500493881,5.957998853604725
TCGA_to_CPTAC,23,coral_pca_hgb,4d349130-e42c-4be1-883c-692e48161e94,KIRC,4.343805421853684,3.8665180564698534
TCGA_to_CPTAC,23,coral_pca_hgb,838cd4b5-7c3a-4794-9909-b48b21fafef6,GBM,4.219507705176107,4.078671219384273
TCGA_to_CPTAC,23,coral_pca_hgb,1d9e5581-e821-4b6e-966e-bfc24301452f,UCEC,6.298949246855942,5.45557008277373
TCGA_to_CPTAC,23,coral_pca_hgb,670a5c28-6127-4b82-ac96-b66bd250131e,LUAD,4.143134726391533,4.930698204278563
TCGA_to_CPTAC,23,coral_pca_hgb,89b2249f-eb4c-4e81-a844-f7fcf1a25cd0,PAAD,3.218875824868201,3.8422176321473565
TCGA_to_CPTAC,23,coral_pca_hgb,c81a6460-3fc7-4de7-a86c-b4aeb8466740,UCEC,4.04305126783455,4.283933029846874
TCGA_to_CPTAC,23,coral_pca_hgb,ee6a535c-2e04-4bd8-9031-b47c8c8147b0,LUAD,5.537334267018537,5.415704928847791
TCGA_to_CPTAC,23,coral_pca_hgb,6f6e7593-fc84-48d8-afb6-4f8dfc025c6d,SKCM,5.513428746164983,4.799430844764325
TCGA_to_CPTAC,23,coral_pca_hgb,b56a7973-77c8-40c7-92f9-68332ec5e4d5,LUAD,6.710523109452428,5.413033821893998
TCGA_to_CPTAC,23,coral_pca_hgb,0098512b-ea4a-4896-8619-c00fc3c4ec11,STAD,4.394449154672439,4.644043434671633
TCGA_to_CPTAC,23,coral_pca_hgb,d497bd22-62ba-4a9c-8f0c-28aae3838c61,KIRC,3.4339872044851463,3.910840731191336
TCGA_to_CPTAC,23,coral_pca_hgb,438e5345-b54e-49e4-bad9-f1bc38839463,LUAD,5.272999558563747,5.8715494826387
TCGA_to_CPTAC,23,coral_pca_hgb,5b767817-54ae-459f-b1cf-837e09025e99,UCEC,5.683579767338681,4.077891993274962
TCGA_to_CPTAC,23,coral_pca_hgb,8e910c4c-482d-4d9e-b481-b0ab52985b51,PAAD,3.6375861597263857,3.6473066883693677
TCGA_to_CPTAC,23,coral_pca_hgb,779547af-ef6f-4874-bc90-60502618e5c4,LAML,2.079441541679836,2.001791931636528
TCGA_to_CPTAC,23,coral_pca_hgb,55b8785a-3771-459e-bc48-170cec9cd105,KIRC,1.6094379124341005,3.0679088138564947
TCGA_to_CPTAC,23,coral_pca_hgb,a041936f-13f2-4695-a82c-2ace07f4771a,PAAD,3.332204510175204,3.730343356065742
TCGA_to_CPTAC,23,coral_pca_hgb,66a68ccc-896f-42a9-a4fd-a21f16459b42,LAML,0.0,2.823895187948984
TCGA_to_CPTAC,23,coral_pca_hgb,88a86573-d508-4533-b8bf-fa3c9f40a3f4,PAAD,1.9459101490553128,1.8296693389016783
TCGA_to_CPTAC,23,coral_pca_hgb,989a6ba5-bc91-4216-be64-a7222c9d09eb,UCEC,6.587550014824796,4.978951910326616
TCGA_to_CPTAC,23,coral_pca_hgb,42c00ea2-17e5-4f68-af9f-8c1f1bebed25,GBM,3.1354942159291497,3.602628245635027
TCGA_to_CPTAC,23,coral_pca_hgb,f3517b3c-a935-428d-83be-f0b787642c63,UCEC,6.593044534142437,4.61029795188611
TCGA_to_CPTAC,23,coral_pca_hgb,12293b79-43ca-4bb5-9045-ccdf2e232e1e,LAML,2.079441541679836,2.421725163356161
TCGA_to_CPTAC,23,coral_pca_hgb,8be8aafe-ccd7-437f-aa68-09c4bc248d1d,KIRC,4.394449154672439,3.894524469204631
TCGA_to_CPTAC,23,coral_pca_hgb,3f3eba36-4776-4a57-82ed-67f67e0eab9c,UCEC,6.3835066348840055,6.043187135435796
TCGA_to_CPTAC,23,coral_pca_hgb,6b4e73cc-bb47-49dd-947c-67fee326abcd,STAD,6.042632833682381,5.487107613741473
TCGA_to_CPTAC,23,coral_pca_hgb,a16dcee2-ae49-42d9-93e3-fb4eb8c096a3,LAML,0.0,1.2802328202778834
TCGA_to_CPTAC,23,coral_pca_hgb,3a420b74-ac84-470e-99f1-811cbc37ac5e,KIRC,0.0,4.07945753398467
TCGA_to_CPTAC,23,coral_pca_hgb,8ea640ce-796c-44cf-bef2-42d7057a9e22,STAD,3.332204510175204,3.4788034284416156
TCGA_to_CPTAC,23,coral_pca_hgb,7f7ef420-a91c-41ce-896a-c9578d6bfc19,UCEC,8.24380842366528,5.181203725364965
TCGA_to_CPTAC,23,coral_pca_hgb,b3c53319-899d-40dc-ae82-dd5742fad7ab,LUAD,3.6635616461296463,5.151037633981996
TCGA_to_CPTAC,23,coral_pca_hgb,b001c1a7-7e7f-4251-adfb-19365b46f4ad,GBM,3.688879454113936,3.795315211178669
TCGA_to_CPTAC,23,coral_pca_hgb,441b356e-c446-44ff-905b-9b3d7a909542,LAML,1.791759469228055,1.0449766467228643
TCGA_to_CPTAC,23,coral_pca_hgb,943fe5a1-b65c-4387-bca2-4f5f8758a344,SKCM,6.077642243349034,5.330139842037048
TCGA_to_CPTAC,23,coral_pca_hgb,3ea51c8c-b420-4072-8575-3ec0d63f56e6,UCEC,3.737669618283368,3.8691828836614683
TCGA_to_CPTAC,23,coral_pca_hgb,c58427ae-4cc4-4f3f-994a-712e2f4a3217,STAD,7.049254841255837,6.7985820002604695
TCGA_to_CPTAC,23,coral_pca_hgb,af13031d-54d9-46c1-980d-d918ed14a938,LUAD,3.9889840465642745,4.269467237007365
TCGA_to_CPTAC,23,coral_pca_hgb,2dada08c-59a5-4379-9ee4-e2565d883f93,KIRC,4.0943445622221,3.8746582565208443
TCGA_to_CPTAC,23,coral_pca_hgb,bc56ad74-5819-4adf-9236-97e41819bcd7,STAD,3.912023005428146,4.584658067292359
TCGA_to_CPTAC,23,coral_pca_hgb,238acf00-08a2-46c4-abe6-175446f440dc,STAD,5.796057750765372,5.124910665377614
TCGA_to_CPTAC,23,coral_pca_hgb,860584c4-94e9-455b-96c0-833414095091,LUAD,3.970291913552122,4.927303612660555
TCGA_to_CPTAC,23,coral_pca_hgb,8b277d0f-f22a-4168-a189-5df2129c4ad2,LAML,0.6931471805599453,1.0356398783101528
TCGA_to_CPTAC,23,coral_pca_hgb,8c419fff-89f2-4ad1-aede-7c2602614ed5,LUAD,4.477336814478207,3.7528582086780933
TCGA_to_CPTAC,23,coral_pca_hgb,e8df42d8-58bc-4c43-b18b-5b23f5e61508,PAAD,3.6375861597263857,3.9157509163127737
TCGA_to_CPTAC,23,coral_pca_hgb,ecbe76d2-fd29-4160-85b5-1f60bb4e0ae4,SKCM,7.338888133838879,4.869912061345232
TCGA_to_CPTAC,23,coral_pca_hgb,6f288d20-3ebf-4aef-9803-94ecf17d2afe,LAML,1.791759469228055,0.8416986050221819
TCGA_to_CPTAC,23,coral_pca_hgb,b118387b-b723-4c72-b97e-7c4bf450f903,LAML,2.079441541679836,1.153376306013963
TCGA_to_CPTAC,23,coral_pca_hgb,53d5cace-2ade-48d6-8285-242c7b78a50f,GBM,3.4339872044851463,3.8824515125177324
TCGA_to_CPTAC,23,coral_pca_hgb,dcad7486-2ab4-4f96-9be2-3b6af807fde0,KIRC,4.6443908991413725,3.6295211850096716
TCGA_to_CPTAC,23,coral_pca_hgb,4762e4eb-bed9-43b9-a5d9-ebe93c0f7541,LUAD,5.288267030694535,4.947348888964048
TCGA_to_CPTAC,23,coral_pca_hgb,a231aaba-b584-42c4-96a9-f010bd1b3c66,LUAD,4.060443010546419,4.928322415136596
TCGA_to_CPTAC,23,coral_pca_hgb,9816a96d-edbd-4f6e-8a93-69c5ff368417,UCEC,4.382026634673881,4.3625148580365565
TCGA_to_CPTAC,23,coral_pca_hgb,59bd517f-4e1b-4937-8fcf-273101389656,UCEC,6.7226297948554485,3.706115149745446
TCGA_to_CPTAC,23,coral_pca_hgb,b288852f-66f5-4949-bc13-883e634313fc,PAAD,3.5263605246161616,4.6570574796889925
TCGA_to_CPTAC,23,coral_pca_hgb,289b2634-a960-4412-8abc-8de5ab781bf4,UCEC,5.981414211254481,4.693869382859008
TCGA_to_CPTAC,23,coral_pca_hgb,cf5958a0-6d7d-42ad-bd00-bc8662094753,SKCM,6.54965074223381,5.790958492490646
TCGA_to_CPTAC,23,coral_pca_hgb,2afd7fdf-b52a-4945-8688-07ed694d630a,PAAD,4.127134385045092,4.272227356324943
TCGA_to_CPTAC,23,coral_pca_hgb,91d03cbf-e9cf-4079-bf79-64890dfc9eb9,STAD,6.922643891475888,4.982986670700503
TCGA_to_CPTAC,23,coral_pca_hgb,83a1b337-49a7-4fa8-9424-65a6272a1ec8,KIRC,2.4849066497880004,3.416008181161229
TCGA_to_CPTAC,23,coral_pca_hgb,3e1176ed-e49e-4d4e-abba-f7c53b635e6f,LUAD,3.332204510175204,3.99874568563266
TCGA_to_CPTAC,23,coral_pca_hgb,d5a0b343-9855-4c18-a6ef-7f7141f8ec96,KIRC,4.204692619390966,3.7929720242652274
TCGA_to_CPTAC,23,coral_pca_hgb,b8355bf5-6037-4f5f-a277-237a6917a23e,KIRC,4.454347296253507,3.7831658435258877
TCGA_to_CPTAC,23,coral_pca_hgb,add9546c-edc2-4989-b283-4645199abb70,STAD,4.418840607796598,6.2549705392595385
TCGA_to_CPTAC,23,coral_pca_hgb,ac8ce1f4-d475-4da0-89cb-30067c2a37d6,LUAD,4.700480365792417,5.1360183150339465
TCGA_to_CPTAC,23,coral_pca_hgb,b5715e52-71fa-4127-aa0f-9a180d5f3537,GBM,4.477336814478207,2.778808058940704
TCGA_to_CPTAC,23,coral_pca_hgb,84ccbb07-5434-47e2-ba17-57d64331b8e2,LUAD,6.270988431858299,4.7647816707355615
TCGA_to_CPTAC,23,coral_pca_hgb,d52a195d-7d63-4eb6-81c2-3c473ba57979,KIRC,3.7612001156935615,4.231098165228932
TCGA_to_CPTAC,23,coral_pca_hgb,54803fe4-6b87-4a4d-bb22-de20342e8929,KIRC,3.9318256327243257,3.6909062664386263
TCGA_to_CPTAC,23,coral_pca_hgb,a52eaa9e-0dad-460b-9c5e-aca0d8783b28,SKCM,4.23410650459726,5.691522221245633
TCGA_to_CPTAC,23,coral_pca_hgb,a38f3241-9477-4790-aba0-af946d056cff,KIRC,2.5649493574615367,3.712989180774656
TCGA_to_CPTAC,23,coral_pca_hgb,8d1035ae-7b5c-41db-b31b-2d9512a12137,KIRC,4.04305126783455,4.055508970384578
TCGA_to_CPTAC,23,coral_pca_hgb,94f90e9a-ecfe-4682-8d19-2ac88b31a5b9,GBM,3.912023005428146,4.181816936337501
TCGA_to_CPTAC,23,coral_pca_hgb,4d6794c9-25bc-47a0-ac2e-352d434b577c,UCEC,5.883322388488279,4.738790320950641
TCGA_to_CPTAC,23,coral_pca_hgb,f70289e1-fa88-4df1-9df7-0820d0190544,STAD,7.628031126930335,5.788425745293747
TCGA_to_CPTAC,23,coral_pca_hgb,c9a5fc5a-3a91-4ed8-88a9-a6c403580580,LAML,1.0986122886681096,1.3901894694824208
TCGA_to_CPTAC,23,coral_pca_hgb,941492cb-a055-4994-9b09-5913aba5a705,STAD,4.61512051684126,5.192265134445164
TCGA_to_CPTAC,23,coral_pca_hgb,d84bfa68-63b1-4c84-848d-8b473638f970,KIRC,4.477336814478207,4.5133874438723725
TCGA_to_CPTAC,23,coral_pca_hgb,790e0dcb-b034-4e38-8a24-f5fe7b658357,KIRC,5.442417710521793,3.5268020743334576
TCGA_to_CPTAC,23,coral_pca_hgb,c894d4a5-42f7-45c3-88b1-901deca8e3b2,LUAD,6.100318952020064,5.065686496069247
TCGA_to_CPTAC,23,coral_pca_hgb,d907b370-8df0-43dd-aa9f-09cd4221b246,LAML,2.772588722239781,2.6003587801493184
TCGA_to_CPTAC,23,coral_pca_hgb,9472ff86-d792-4c1c-aedb-596c572ae602,UCEC,4.174387269895637,4.353887370254918
TCGA_to_CPTAC,23,coral_pca_hgb,1f026705-0da4-4250-9405-1c0c3f31f943,KIRC,4.31748811353631,4.151532538281213
TCGA_to_CPTAC,23,coral_pca_hgb,7d06a2e9-e095-4b1e-9fb8-4ca085e4bf3b,STAD,7.086737934510577,7.1708032623643145
TCGA_to_CPTAC,23,coral_pca_hgb,0e59a3e1-ff7a-4bd0-af04-5ec898312251,SKCM,4.454347296253507,4.26945800265181
TCGA_to_CPTAC,23,coral_pca_hgb,ac592baa-036a-4405-8cee-20e21510d9e1,UCEC,4.110873864173311,4.703220916757891
TCGA_to_CPTAC,23,coral_pca_hgb,56c78eec-df69-4f00-b7d2-69fc996c484a,UCEC,4.204692619390966,5.079642974810323
TCGA_to_CPTAC,23,coral_pca_hgb,626bfe63-0c8d-4ff6-95cb-861b3aed92c8,STAD,4.007333185232471,3.4221704657757632
TCGA_to_CPTAC,23,coral_pca_hgb,4b29f9c4-3e7b-470d-be52-44af8733f056,GBM,4.174387269895637,4.496683386409417
TCGA_to_CPTAC,23,coral_pca_hgb,227b1bf6-850b-4fdc-8b9d-a16c6508b229,UCEC,6.641182169740591,7.720878514741553
TCGA_to_CPTAC,23,coral_pca_hgb,2382164a-14fb-425e-aa73-7c55d19ba038,GBM,3.610917912644224,4.344123104738276
TCGA_to_CPTAC,23,coral_pca_hgb,0ed8f612-8459-4773-810c-fc2e7ff74d57,LAML,2.772588722239781,1.6894978566908203
TCGA_to_CPTAC,23,coral_pca_hgb,8e624808-f01f-42a7-99b8-ab64de24a29e,SKCM,4.934473933130692,3.997610764398242
TCGA_to_CPTAC,23,coral_pca_hgb,ec534e0e-ff3c-4c80-9bef-be4e9425f333,KIRC,3.828641396489095,3.6122598745201504
TCGA_to_CPTAC,23,coral_pca_hgb,62bfcefd-ab89-4a9b-b4d1-f6c97de85807,SKCM,5.968707559985366,5.269683864989542
TCGA_to_CPTAC,23,coral_pca_hgb,701a562c-7ab4-4125-ab77-ab0318f2e8a6,UCEC,6.2324480165505225,5.3331927731670685
TCGA_to_CPTAC,23,coral_pca_hgb,7d12cd36-6ca4-4c18-ba16-84733930f54c,STAD,4.219507705176107,5.103100319559701
TCGA_to_CPTAC,23,coral_pca_hgb,66a96642-003e-4c56-9a48-adc3ea90292d,KIRC,4.07753744390572,3.9693633156973926
TCGA_to_CPTAC,23,coral_pca_hgb,423a30b3-b288-4a67-9aee-e2cc9a834a2f,LUAD,5.541263545158426,5.223821911259559
TCGA_to_CPTAC,23,coral_pca_hgb,b595f6fa-22b0-4646-9dfd-c49f53623587,PAAD,2.8903717578961645,3.3833183180225403
TCGA_to_CPTAC,23,coral_pca_hgb,c64ccd3d-14a0-45e1-920c-a6babdcb82af,LUAD,3.5263605246161616,4.247063626382626
TCGA_to_CPTAC,23,coral_pca_hgb,cf012c49-0f9a-4b3c-a5fe-708a87dca5fd,LAML,1.3862943611198906,2.021311470203774
TCGA_to_CPTAC,23,coral_pca_hgb,51b21d04-1e46-4131-bbe4-40338731de99,GBM,4.158883083359672,4.443985834243235
TCGA_to_CPTAC,23,coral_pca_hgb,ca619ceb-394e-47e2-b9fb-55d728cf7995,SKCM,5.749392985908253,5.59525807541486
TCGA_to_CPTAC,23,coral_pca_hgb,f9b811e5-9ff0-4aba-aee6-e1d3d71da900,GBM,3.713572066704308,3.458920747345102
TCGA_to_CPTAC,23,coral_pca_hgb,0960f27b-1262-4bbe-a8f8-a2aec454f5c6,PAAD,3.87120101090789,3.4319984611507786
TCGA_to_CPTAC,23,coral_pca_hgb,65d2f87a-c536-49a9-81f6-423450df5a6b,SKCM,5.733341276897746,4.159850199265466
TCGA_to_CPTAC,23,coral_pca_hgb,42eb928b-b51e-4618-aec1-d62d35600c66,LAML,0.0,3.4196408390773687
TCGA_to_CPTAC,23,coral_pca_hgb,e3eb87fc-1f20-4630-9d00-916c8fa9297b,LAML,1.3862943611198906,2.1569206173540763
TCGA_to_CPTAC,23,coral_pca_hgb,81c1e904-8a47-462c-bd2c-f2ecbb6c1b19,PAAD,3.6375861597263857,4.524705990403767
TCGA_to_CPTAC,23,coral_pca_hgb,bab46316-532b-4444-9a46-d70b63b878fb,PAAD,3.258096538021482,3.441671535362678
TCGA_to_CPTAC,23,coral_pca_hgb,3866385e-13e2-4372-8201-287df9f58e5e,KIRC,4.77912349311153,4.039401689226936
TCGA_to_CPTAC,23,coral_pca_hgb,2219ac15-3505-4a31-bf22-72f17c670f3e,KIRC,4.158883083359672,3.5310410535652097
TCGA_to_CPTAC,23,coral_pca_hgb,2fa24d27-4b12-483f-a808-9f09c2ce5cd0,LUAD,5.420534999272286,4.42770185927446
TCGA_to_CPTAC,23,coral_pca_hgb,cef14719-cd34-4b95-a5b9-147f80858e9c,UCEC,5.3230099791384085,4.96030750561442
TCGA_to_CPTAC,23,coral_pca_hgb,4f71cce7-aa0a-47ef-8c9d-756ef573f49a,SKCM,7.24850407237061,6.092589636192796
TCGA_to_CPTAC,23,coral_pca_hgb,e93c0cc7-f8ab-4fd2-9ed8-59592022626d,PAAD,3.610917912644224,4.4996945889408755
TCGA_to_CPTAC,23,coral_pca_hgb,08b1070c-1562-4465-9c0c-670274d70f74,PAAD,3.091042453358316,4.0903742882497
TCGA_to_CPTAC,23,coral_pca_hgb,a404f9b8-278a-449f-ab02-3e97fd734e99,LUAD,3.970291913552122,4.929385334514268
TCGA_to_CPTAC,23,coral_pca_hgb,b896446f-6d9b-4f4a-85c3-83cfcf592d23,STAD,4.836281906951478,4.6454462156044745
TCGA_to_CPTAC,23,coral_pca_hgb,88f54acc-2a39-409a-bb4b-17eeea0d59c7,LAML,2.19722457733622,2.203459933926535
TCGA_to_CPTAC,23,coral_pca_hgb,6661b131-717e-458c-907a-8040f8ccea74,LUAD,5.645446897643238,4.532506699405952
TCGA_to_CPTAC,23,coral_pca_hgb,6b2d1854-1423-4b18-a212-63122438d639,KIRC,3.58351893845611,4.107377337220984
TCGA_to_CPTAC,23,coral_pca_hgb,cc263880-be2d-4a68-bcc2-5c9fe2aecf64,UCEC,6.466144724237619,5.7199047376228975
TCGA_to_CPTAC,23,coral_pca_hgb,a51b3b43-833f-429b-b376-2f5f27f5da23,PAAD,3.1780538303479458,2.8166720796547753
TCGA_to_CPTAC,23,coral_pca_hgb,6fd49593-9498-4ca5-80f1-4e7ef6b75a66,KIRC,4.634728988229636,3.8477789892392447
TCGA_to_CPTAC,23,coral_pca_hgb,ca048937-ba62-475f-a80e-2b0e48ba9a75,STAD,5.187385805840755,4.491515980939729
TCGA_to_CPTAC,23,coral_pca_hgb,ceec9e64-83fc-48ce-b7cd-bbab1b9ad14d,LUAD,6.940222469119639,5.05669267414507
TCGA_to_CPTAC,23,coral_pca_hgb,d4fba188-8ca4-44c0-a9e2-67bcff29b99a,LUAD,5.220355825078325,4.39159987658691
TCGA_to_CPTAC,23,coral_pca_hgb,18a9bb46-62fa-4994-9014-fe8dadbcea2a,STAD,7.385851078125209,7.113021284301769
TCGA_to_CPTAC,23,coral_pca_hgb,3597ec54-15ef-4727-8628-7413e1c70b88,KIRC,3.4011973816621555,4.006101924100217
TCGA_to_CPTAC,23,coral_pca_hgb,81d68662-e30b-48fd-b659-e991a3119445,PAAD,3.332204510175204,2.7602443733324837
TCGA_to_CPTAC,23,coral_pca_hgb,c5395745-12b3-4310-95fb-b1bf44a70ac3,GBM,3.912023005428146,3.595113965691713
TCGA_to_CPTAC,23,coral_pca_hgb,579139e1-e8f9-4260-baf1-dbe7435c8aff,LUAD,4.955827057601261,4.546533017926576
TCGA_to_CPTAC,23,coral_pca_hgb,f3e8e047-a18b-47a2-8c3b-60b34ebe54f7,PAAD,3.367295829986474,3.634840065531343
TCGA_to_CPTAC,23,coral_pca_hgb,833d8601-fbb4-4cea-9e2f-8a2a2740ec40,PAAD,3.555348061489413,3.943501137716575
TCGA_to_CPTAC,23,coral_pca_hgb,5eb0203b-3baf-4328-b480-0fc5351a40fb,KIRC,2.995732273553991,3.22792695001271
TCGA_to_CPTAC,23,coral_pca_hgb,c7f5c470-0c40-4780-bd1e-7d9d1141d4dd,GBM,4.007333185232471,3.3941675759537824
TCGA_to_CPTAC,23,coral_pca_hgb,a264aed4-ea3c-4646-9860-8cf154b92e61,LUAD,3.4011973816621555,4.337940719079566
TCGA_to_CPTAC,23,coral_pca_hgb,0735f7c2-9a70-4762-a0a3-ed5dbe29d360,KIRC,4.143134726391533,3.9078412685107096
TCGA_to_CPTAC,23,coral_pca_hgb,8ac14112-6cfb-4fd8-879e-20f52ae5f0c9,PAAD,2.995732273553991,3.489117257792918
TCGA_to_CPTAC,23,coral_pca_hgb,4aea8456-3e8b-496d-a766-66b49be7cb15,UCEC,4.0943445622221,4.734376557073132
TCGA_to_CPTAC,23,coral_pca_hgb,4c0e4d96-1072-4b8c-9f05-cd6dd7329ed4,LUAD,6.238324625039508,5.242884498116297
TCGA_to_CPTAC,23,coral_pca_hgb,8d1b6812-9c39-4e83-b6d4-8091f9ff6018,LUAD,4.8283137373023015,5.052532905595426
TCGA_to_CPTAC,23,coral_pca_hgb,21b33512-73c8-4d7f-a6ce-a07133b9c1ed,KIRC,2.639057329615259,4.00684875909211
TCGA_to_CPTAC,23,coral_pca_hgb,dd186a1e-eb82-4482-ab00-855acddf7992,LUAD,4.499809670330265,4.401323561535525
TCGA_to_CPTAC,23,coral_pca_hgb,018b8645-fdcd-45d9-93ff-04b76ea13d1d,SKCM,5.351858133476067,4.811493270076796
TCGA_to_CPTAC,23,coral_pca_hgb,334570b2-e044-4b40-a229-190561fefd04,UCEC,5.627621113690637,4.743549085781242
TCGA_to_CPTAC,23,coral_pca_hgb,3e65a302-6973-4491-b12d-5a8dbac9fd14,LUAD,2.302585092994046,3.954274104866516
TCGA_to_CPTAC,23,coral_pca_hgb,36ae1bce-49a9-4818-8529-94ae62a1b0c2,KIRC,3.4011973816621555,3.8860695690723523
TCGA_to_CPTAC,23,coral_pca_hgb,e2b3a450-6215-4b4b-a77d-10b539023b2d,UCEC,3.091042453358316,4.190479099944221
TCGA_to_CPTAC,23,coral_pca_hgb,8f92cdf0-f3c5-482c-aaa0-2b63d84bcb17,SKCM,5.2574953720277815,5.465730359360548
TCGA_to_CPTAC,23,coral_pca_hgb,10f04ae9-9ada-402c-b321-6dc3805117ba,UCEC,6.089044875446846,6.90888771726157
TCGA_to_CPTAC,23,coral_pca_hgb,20e98e62-53fa-4069-b197-0e9442e2649c,KIRC,2.995732273553991,3.4881979222590402
TCGA_to_CPTAC,23,coral_pca_hgb,5472ff28-e404-472b-b8a9-34a327a67031,LAML,2.70805020110221,2.6410622561672588
TCGA_to_CPTAC,23,coral_pca_hgb,5838a973-c162-47cd-a93d-e28fd92f1ca5,GBM,3.6375861597263857,3.798116280692942
TCGA_to_CPTAC,23,coral_pca_hgb,e7c95836-b9f9-40ce-8ba8-14fd7befdb9d,GBM,3.58351893845611,3.888415258172983
TCGA_to_CPTAC,23,coral_pca_hgb,3f270815-f0f6-4133-85ea-a846d1a308e0,KIRC,4.219507705176107,3.8518947946687145
TCGA_to_CPTAC,23,coral_pca_hgb,10308f8f-5298-4a66-9bf9-eb6a18c1923d,UCEC,4.23410650459726,4.047372736484098
TCGA_to_CPTAC,23,coral_pca_hgb,e14add22-21dd-4ad9-95de-fa1ff029b84e,STAD,4.143134726391533,3.979973054090815
TCGA_to_CPTAC,23,coral_pca_hgb,87439670-eaac-4a14-95a3-8552a394cc1e,STAD,4.718498871295094,5.080012603117098
TCGA_to_CPTAC,23,coral_pca_hgb,a8cc5f98-315b-43b6-9a5f-b08e65fad32a,KIRC,4.219507705176107,4.651929273031658
TCGA_to_CPTAC,23,coral_pca_hgb,64997b4f-d951-473a-bfb8-ce905ee10f63,SKCM,4.77912349311153,4.9834302944627655
TCGA_to_CPTAC,23,coral_pca_hgb,1005a908-ad6c-456e-bc6a-a9b2f108e0e8,LAML,2.5649493574615367,1.6748546244613227
TCGA_to_CPTAC,23,coral_pca_hgb,0cd4fca6-78d2-4260-9b8f-ef953e2d3d9e,LAML,3.091042453358316,2.125187244297918
TCGA_to_CPTAC,23,coral_pca_hgb,fc9d8045-d918-4860-a134-c520de7c3e55,UCEC,5.14166355650266,4.447847000042387
TCGA_to_CPTAC,23,coral_pca_hgb,faad8b1c-5fa8-49ef-9d9e-a789ab02b80a,STAD,5.241747015059643,4.07229874712428
TCGA_to_CPTAC,23,coral_pca_hgb,e28cc014-3361-4776-9e90-389dff7441fd,LAML,0.0,1.5865595312677687
TCGA_to_CPTAC,23,coral_pca_hgb,59f0a00d-066e-4d32-88af-cf2bafa49b3e,UCEC,4.787491742782046,3.2454013618091455
TCGA_to_CPTAC,23,coral_pca_hgb,dbeb0624-b7ec-4555-a3af-6760c5b5e774,KIRC,4.204692619390966,3.5421516400108426
TCGA_to_CPTAC,23,coral_pca_hgb,6acf365b-19ce-4c97-92dd-865540a47e67,GBM,3.912023005428146,3.672694952641335
TCGA_to_CPTAC,23,coral_pca_hgb,6bb6f5fb-bda5-4b25-b360-477ebf90e0cd,GBM,3.7612001156935615,3.8460770146798593
TCGA_to_CPTAC,23,coral_pca_hgb,410107f6-cd09-487b-94b8-379ab6df711e,SKCM,5.545177444479562,5.043306131960389
TCGA_to_CPTAC,23,coral_pca_hgb,55749713-adac-43a3-9929-db85f66b2c11,KIRC,4.204692619390966,4.168958136314605
TCGA_to_CPTAC,23,coral_pca_hgb,45707f19-75ff-4a03-8c36-48cb0459422e,STAD,7.285506548522786,7.4916438902075555
TCGA_to_CPTAC,23,coral_pca_hgb,decd7489-bb2e-44a2-b934-2f962c5a7f41,LUAD,4.532599493153256,4.071627925204904
TCGA_to_CPTAC,23,coral_pca_hgb,53931a37-0f08-41cd-aefb-bc9435465cfd,GBM,3.332204510175204,4.214018585535104
TCGA_to_CPTAC,23,coral_pca_hgb,1cc16118-4102-4d74-af7d-a5ec14940ee2,UCEC,3.332204510175204,4.199068692570488
TCGA_to_CPTAC,23,coral_pca_hgb,ea00450e-67d7-4952-a3fa-f8d8d34ecb18,LUAD,3.4011973816621555,3.7019861769398203
TCGA_to_CPTAC,23,coral_pca_hgb,df87d5ca-aff9-43c1-9e84-7173742a75da,LUAD,7.101675971619444,4.984652898778374
TCGA_to_CPTAC,23,coral_pca_hgb,5071d75d-cd23-419b-96d3-0f0a241e00e9,PAAD,3.8918202981106265,3.2874547712452475
TCGA_to_CPTAC,23,coral_pca_hgb,e8bc3792-92f6-4924-8047-9f805afb4b04,KIRC,3.87120101090789,3.8002439709176503
TCGA_to_CPTAC,23,coral_pca_hgb,fed70927-708c-479e-942c-139414370672,KIRC,4.290459441148391,3.657744466084076
TCGA_to_CPTAC,23,coral_pca_hgb,de0b7d09-eb86-4994-a949-965a22bdca8f,STAD,5.645446897643238,5.694007021477796
TCGA_to_CPTAC,23,coral_pca_hgb,1458cbfe-9af5-48b8-9761-dc719b109184,LUAD,6.056784013228625,5.302348800685845
TCGA_to_CPTAC,23,coral_pca_hgb,790311a4-0898-447f-b36a-05b46d91e307,LUAD,6.139884552226255,4.876205789264386
TCGA_to_CPTAC,23,coral_pca_hgb,a7af3cf6-9271-42f4-ace6-6ffbd2b065a8,PAAD,3.828641396489095,4.135551901301488
TCGA_to_CPTAC,23,coral_pca_hgb,235e3ff0-5389-48c6-8d25-7e8bc9ee14b6,LUAD,4.406719247264253,4.168325027126565
TCGA_to_CPTAC,23,coral_pca_hgb,93ed8440-c99e-472b-a99f-0b2d78553c38,GBM,3.4011973816621555,4.540269215128909
TCGA_to_CPTAC,23,coral_pca_hgb,3e40979a-47c3-4695-b264-f95c23f45815,LUAD,5.25227342804663,5.302145419397093
TCGA_to_CPTAC,23,coral_pca_hgb,af5d4da4-678e-4ba6-aa14-27ce146fd04e,SKCM,4.927253685157205,4.841412074417592
TCGA_to_CPTAC,23,coral_pca_hgb,4dfaf532-4f41-4720-a7fc-ad8310b24f4f,GBM,4.219507705176107,4.48496138841669
TCGA_to_CPTAC,23,coral_pca_hgb,43f21ccb-f860-4388-b392-998ea9d885cf,KIRC,4.248495242049359,3.6267119876234712
TCGA_to_CPTAC,23,coral_pca_hgb,530b32cc-06f7-4a32-bc01-086f9447f9b0,LUAD,5.493061443340548,4.637712354535042
TCGA_to_CPTAC,23,coral_pca_hgb,7bee0fd7-7834-4a47-81aa-5595f01c9598,UCEC,6.666956792429207,5.485489716581612
TCGA_to_CPTAC,23,coral_pca_hgb,26916898-5a19-46a9-927a-3776a7f41404,KIRC,3.6375861597263857,4.003644762642589
TCGA_to_CPTAC,23,coral_pca_hgb,d95d6aa8-e85b-4a03-aee0-395afd04573b,SKCM,7.429520842786462,5.553539002659326
TCGA_to_CPTAC,23,coral_pca_hgb,eaa674d3-9d0e-4563-b31f-6a27ed86460e,SKCM,5.43372200355424,5.624004045352518
TCGA_to_CPTAC,23,coral_pca_hgb,ce4270b6-9c22-42b0-87c9-bff964cb3da3,UCEC,4.060443010546419,4.7450985479848695
TCGA_to_CPTAC,23,coral_pca_hgb,319b7d38-2214-4efc-bc53-3d184a8053fe,LUAD,5.814130531825066,5.185568771661716
TCGA_to_CPTAC,23,coral_pca_hgb,591733c5-3190-493a-8e56-b7e471473e22,UCEC,4.330733340286331,4.446934941781878
TCGA_to_CPTAC,23,coral_pca_hgb,5a94eb3d-5475-4866-9632-90871da82950,KIRC,2.995732273553991,3.4727298235444266
TCGA_to_CPTAC,23,coral_pca_hgb,a23aef16-6b33-405f-99dc-d4e9976dbe6e,GBM,3.367295829986474,3.822158697700274
TCGA_to_CPTAC,23,coral_pca_hgb,7f61dd9d-0cec-46b5-9f5e-82b4131631f1,KIRC,4.290459441148391,3.9557832856964756
TCGA_to_CPTAC,23,coral_pca_hgb,2d5627fc-42d4-4d3f-84c5-969cec679ac4,PAAD,3.784189633918261,3.566181529430013
TCGA_to_CPTAC,23,coral_pca_hgb,5ea1361a-050d-4fa0-be59-b530c456b6e3,PAAD,3.295836866004329,3.6960594502998902
TCGA_to_CPTAC,47,coral_pca_hgb,18d6fcd3-ccf0-428d-8755-34173d8dc51f,STAD,5.272999558563747,4.061506037029707
TCGA_to_CPTAC,47,coral_pca_hgb,262b9dfc-3d6e-4e7d-9469-b9bae4f82393,KIRC,4.0943445622221,4.204144667391452
TCGA_to_CPTAC,47,coral_pca_hgb,006931bb-f5b1-4aa4-b0a8-af517a912db0,LUAD,4.543294782270004,4.113210575705491
TCGA_to_CPTAC,47,coral_pca_hgb,ba4f0ba9-f184-458e-81ba-9c4b1c521336,GBM,3.9318256327243257,4.024431379183751
TCGA_to_CPTAC,47,coral_pca_hgb,1458cbfe-9af5-48b8-9761-dc719b109184,LUAD,6.056784013228625,5.677469044363509
TCGA_to_CPTAC,47,coral_pca_hgb,b5d11c1b-dd26-4e05-a631-4b1d58a60b21,LAML,0.6931471805599453,1.7380741987910409
TCGA_to_CPTAC,47,coral_pca_hgb,773b2752-d7ba-4dfd-bc74-b979053c6b76,KIRC,3.4339872044851463,3.7564622889885633
TCGA_to_CPTAC,47,coral_pca_hgb,95a1e062-c59c-4351-8ffa-02973a35441e,SKCM,4.465908118654584,4.6211981676936285
TCGA_to_CPTAC,47,coral_pca_hgb,51b2df4d-f6c7-4bea-b97f-1cffa6395109,UCEC,3.713572066704308,4.272812182191656
TCGA_to_CPTAC,47,coral_pca_hgb,bb039a50-909b-439b-ad8d-4abf711e4a42,PAAD,3.6635616461296463,3.8494088928863173
TCGA_to_CPTAC,47,coral_pca_hgb,1366e53c-ee49-4b2d-af12-28207cbf0c8e,LAML,0.0,1.4434990206270402
TCGA_to_CPTAC,47,coral_pca_hgb,5d9f9c9d-2188-4106-b75b-6add5e560855,LUAD,4.158883083359672,4.173732408695324
TCGA_to_CPTAC,47,coral_pca_hgb,701a562c-7ab4-4125-ab77-ab0318f2e8a6,UCEC,6.2324480165505225,7.00278082745441
TCGA_to_CPTAC,47,coral_pca_hgb,022c3490-811c-4f82-ad9b-8004a3df7e5c,KIRC,4.158883083359672,3.8367608118441447
TCGA_to_CPTAC,47,coral_pca_hgb,b9aedaec-788a-4f8f-8d56-773745b802b9,UCEC,3.218875824868201,3.69739509795672
TCGA_to_CPTAC,47,coral_pca_hgb,b1601ffa-6907-4a17-90d0-8c1b162da825,KIRC,1.791759469228055,3.3203426228246404
TCGA_to_CPTAC,47,coral_pca_hgb,67f6c9a6-4f70-4a0e-8229-db68054db498,LAML,0.6931471805599453,2.4258933613029283
TCGA_to_CPTAC,47,coral_pca_hgb,e82a4187-ccdc-4934-a4dd-86730c0b6a26,LUAD,5.869296913133774,5.295137790959351
TCGA_to_CPTAC,47,coral_pca_hgb,7dca8489-91a1-4e03-a188-8a329bc4455d,KIRC,4.189654742026425,3.752083529514562
TCGA_to_CPTAC,47,coral_pca_hgb,0f55287e-8522-4ca2-a6f1-c42d912ee980,LUAD,5.777652323222656,5.045696377620671
TCGA_to_CPTAC,47,coral_pca_hgb,29293995-2b78-4920-a1c5-b8202f399ba3,LUAD,5.575949103146316,6.089154601247181
TCGA_to_CPTAC,47,coral_pca_hgb,6f0fb9d7-64b5-4737-913c-1ac7d2a116a9,PAAD,4.07753744390572,2.7322903664205858
TCGA_to_CPTAC,47,coral_pca_hgb,5657645b-d839-4035-8e69-2a9c78232cdf,KIRC,4.564348191467836,3.8683548927137243
TCGA_to_CPTAC,47,coral_pca_hgb,fcb92ce9-d9f4-423b-bf9e-02bcd5be561e,GBM,3.688879454113936,3.8226322508743746
TCGA_to_CPTAC,47,coral_pca_hgb,12246e82-cb5f-4b7e-a6bd-a120e000db49,KIRC,4.04305126783455,3.71164061050166
TCGA_to_CPTAC,47,coral_pca_hgb,8841ad4f-ca95-4584-9994-b92dea65b18a,LUAD,4.418840607796598,4.263657674335102
TCGA_to_CPTAC,47,coral_pca_hgb,9a2afc64-13b5-472d-9317-7ce61057ea0a,SKCM,6.583409222158765,4.39378443851999
TCGA_to_CPTAC,47,coral_pca_hgb,e1a2e058-fdf2-4f69-8a82-56b2731aaccc,UCEC,4.07753744390572,4.125176624558529
TCGA_to_CPTAC,47,coral_pca_hgb,4d874df9-2a23-4389-85f1-27d97a89be30,KIRC,3.49650756146648,3.702477388827094
TCGA_to_CPTAC,47,coral_pca_hgb,221170d3-5b24-46ea-b9a7-38e0991b29a7,KIRC,4.04305126783455,3.6774214512383434
TCGA_to_CPTAC,47,coral_pca_hgb,4762e4eb-bed9-43b9-a5d9-ebe93c0f7541,LUAD,5.288267030694535,5.243462808244046
TCGA_to_CPTAC,47,coral_pca_hgb,64484b08-080b-4a27-a082-aaa7a05da656,UCEC,3.828641396489095,4.527569515993866
TCGA_to_CPTAC,47,coral_pca_hgb,00bf9428-778d-456d-9c61-a0d46da7eef4,GBM,3.6375861597263857,3.8539454855061304
TCGA_to_CPTAC,47,coral_pca_hgb,393473a8-5c50-4ec7-a63d-13407b0f2ad9,LAML,0.6931471805599453,1.7692061146215132
TCGA_to_CPTAC,47,coral_pca_hgb,9515599a-b3f8-4a11-b9ae-ba2f2c291396,LAML,2.079441541679836,1.258599277984812
TCGA_to_CPTAC,47,coral_pca_hgb,0625c920-3378-4eee-b53f-650e4192d29b,KIRC,4.770684624465665,3.830645107354352
TCGA_to_CPTAC,47,coral_pca_hgb,8cd287fa-d91a-4a72-8808-f42bfae83943,LAML,1.6094379124341005,1.3407225739452393
TCGA_to_CPTAC,47,coral_pca_hgb,fff30c7d-6f71-406e-bd2e-432505160d17,LAML,0.6931471805599453,1.5394032950781176
TCGA_to_CPTAC,47,coral_pca_hgb,a05cf25f-dc52-4d99-9a8c-9178f17c99fa,GBM,3.828641396489095,4.817805310837405
TCGA_to_CPTAC,47,coral_pca_hgb,39ad94db-bfc7-4cf1-92ab-00ba05e1da0a,LUAD,4.7535901911063645,4.858626041825892
TCGA_to_CPTAC,47,coral_pca_hgb,3adf131b-c346-4e0b-a5f7-9f6bae103c9e,LAML,2.4849066497880004,1.0616210564316293
TCGA_to_CPTAC,47,coral_pca_hgb,e3eb87fc-1f20-4630-9d00-916c8fa9297b,LAML,1.3862943611198906,1.1651356190050555
TCGA_to_CPTAC,47,coral_pca_hgb,a8f815ad-c476-4f80-ab06-aec2a3131865,LUAD,3.737669618283368,5.415413870213924
TCGA_to_CPTAC,47,coral_pca_hgb,8d3ea3ee-ece0-4423-b2d0-54b0c3c4928c,PAAD,2.995732273553991,4.03836240879282
TCGA_to_CPTAC,47,coral_pca_hgb,6797b09b-588e-4362-adfd-25265ce2f301,KIRC,3.912023005428146,4.338100317620031
TCGA_to_CPTAC,47,coral_pca_hgb,d61e6cdb-82b0-46f8-bc18-71e337ae305c,GBM,3.737669618283368,3.656472746225319
TCGA_to_CPTAC,47,coral_pca_hgb,cc553c22-31a5-4b14-9d25-a38eea2ae88c,PAAD,4.276666119016055,4.224279096472442
TCGA_to_CPTAC,47,coral_pca_hgb,a51b3b43-833f-429b-b376-2f5f27f5da23,PAAD,3.1780538303479458,2.5230658749723727
TCGA_to_CPTAC,47,coral_pca_hgb,70715733-5926-4c67-96d4-7d46e0dd2d65,STAD,5.43372200355424,4.179672855291461
TCGA_to_CPTAC,47,coral_pca_hgb,89b89fb6-91e8-4ab3-8672-c108791a95e2,LAML,2.079441541679836,1.1996867558194821
TCGA_to_CPTAC,47,coral_pca_hgb,08e2d112-364c-4b0e-96bb-9c40b8b3acdc,LAML,0.0,1.2669840858122294
TCGA_to_CPTAC,47,coral_pca_hgb,f6c36f17-9f45-4f79-9432-99995251078a,LUAD,6.954638864880987,5.996296071276112
TCGA_to_CPTAC,47,coral_pca_hgb,75488b4b-c67c-4c3a-85ea-782551f23cd9,SKCM,5.857933154483459,4.980987561872204
TCGA_to_CPTAC,47,coral_pca_hgb,98bed41e-96ac-434b-90ad-cc7223998602,LUAD,5.846438775057724,4.728351680282326
TCGA_to_CPTAC,47,coral_pca_hgb,dcf6aa37-ba86-4ba5-bf56-7dd7104c2e30,LUAD,5.793013608384144,4.900193164640208
TCGA_to_CPTAC,47,coral_pca_hgb,4d6794c9-25bc-47a0-ac2e-352d434b577c,UCEC,5.883322388488279,4.303977009384215
TCGA_to_CPTAC,47,coral_pca_hgb,c9df1d97-09c5-4a8c-acfd-ba82daf44e40,LAML,2.302585092994046,1.8194283168872283
TCGA_to_CPTAC,47,coral_pca_hgb,796c409b-9a37-4a6c-a1e2-518ea3cd9fe7,GBM,4.219507705176107,4.100978701302665
TCGA_to_CPTAC,47,coral_pca_hgb,e46562b6-3f3e-4886-ade9-43a35cc05c79,KIRC,3.912023005428146,4.100865059195131
TCGA_to_CPTAC,47,coral_pca_hgb,d3953640-1289-45a1-9db2-61283f586a50,UCEC,6.411818267709897,6.604471381898797
TCGA_to_CPTAC,47,coral_pca_hgb,4116957b-9204-4f4c-89ab-404024995258,LUAD,5.598421958998375,5.349109105006003
TCGA_to_CPTAC,47,coral_pca_hgb,028061ef-a99c-42dd-b011-344036e5357f,LUAD,4.143134726391533,4.237943629784349
TCGA_to_CPTAC,47,coral_pca_hgb,5f7accb9-d655-45fb-bae0-d8cd02c11285,PAAD,3.367295829986474,3.3692558004421733
TCGA_to_CPTAC,47,coral_pca_hgb,8b2a6dec-ef47-4561-bc2f-7f107164bfb5,SKCM,5.529429087511423,4.054072290908547
TCGA_to_CPTAC,47,coral_pca_hgb,ad060611-9da4-488d-a9a2-0d53388d093e,LAML,2.772588722239781,1.5143912342867567
TCGA_to_CPTAC,47,coral_pca_hgb,8cf7fd21-a16f-426d-b722-53edc5161f89,UCEC,4.189654742026425,3.9462195260068356
TCGA_to_CPTAC,47,coral_pca_hgb,2a1607aa-ca64-4363-a6a4-44596c82996b,GBM,3.951243718581428,3.812046251515821
TCGA_to_CPTAC,47,coral_pca_hgb,20843547-185c-4067-b314-698cadf7aea8,PAAD,4.0943445622221,4.181141982839571
TCGA_to_CPTAC,47,coral_pca_hgb,5d66be2e-e3a3-460d-ac80-0ac8112ba9c6,LUAD,5.087596335232384,4.072199332675856
TCGA_to_CPTAC,47,coral_pca_hgb,239a5fbb-0145-46f6-8ec3-2a96a04011dd,KIRC,4.574710978503383,4.608111786351081
TCGA_to_CPTAC,47,coral_pca_hgb,88f54acc-2a39-409a-bb4b-17eeea0d59c7,LAML,2.19722457733622,2.3616336428371687
TCGA_to_CPTAC,47,coral_pca_hgb,d0a4a77b-3676-490b-9058-22509098cb27,PAAD,3.951243718581428,4.036360812085707
TCGA_to_CPTAC,47,coral_pca_hgb,9619589a-2dd4-4678-bf42-5e79f6bebd77,KIRC,4.532599493153256,3.642999537928478
TCGA_to_CPTAC,47,coral_pca_hgb,6ff701cd-7efc-4bac-93a6-7b27d2974d89,KIRC,4.442651256490317,3.6809628076082417
TCGA_to_CPTAC,47,coral_pca_hgb,d0a2599d-ebd6-46c1-9c40-630c45d8a3c7,SKCM,7.633853559681768,6.337711229091138
TCGA_to_CPTAC,47,coral_pca_hgb,23e43d0f-e4e7-4acb-a066-30007da13521,STAD,4.02535169073515,5.115469447477056
TCGA_to_CPTAC,47,coral_pca_hgb,28a38be6-215d-42b6-bab1-495e0df755b7,PAAD,3.80666248977032,3.8947149202993736
TCGA_to_CPTAC,47,coral_pca_hgb,fdf3b627-8bb9-4f05-a01c-f6082eec4f20,LAML,1.9459101490553128,1.2892852568305422
TCGA_to_CPTAC,47,coral_pca_hgb,9abc1155-520d-4d48-b8cf-b4482fc96055,LAML,0.6931471805599453,1.3603135209359873
TCGA_to_CPTAC,47,coral_pca_hgb,6661f509-b3fe-4575-8bde-9c84dffc2043,UCEC,3.6635616461296463,5.756974666819514
TCGA_to_CPTAC,47,coral_pca_hgb,6e1a997b-bd33-4702-8556-58f17ac0fa4f,LUAD,6.282266746896006,5.056000237066785
TCGA_to_CPTAC,47,coral_pca_hgb,dbeb0624-b7ec-4555-a3af-6760c5b5e774,KIRC,4.204692619390966,3.6265247755161574
TCGA_to_CPTAC,47,coral_pca_hgb,029e2f23-a4a4-4529-a428-336025bcc059,GBM,4.204692619390966,4.194572953810315
TCGA_to_CPTAC,47,coral_pca_hgb,28690bb0-71b6-4ea2-871a-98b572c08b02,GBM,4.060443010546419,3.9252442150788176
TCGA_to_CPTAC,47,coral_pca_hgb,e002d33a-86c4-4e19-acde-d542096f5fdb,PAAD,3.1354942159291497,4.094567939380203
TCGA_to_CPTAC,47,coral_pca_hgb,a5fa1602-d98b-4953-b549-902ec3f4cdcb,PAAD,1.3862943611198906,2.045362227169977
TCGA_to_CPTAC,47,coral_pca_hgb,5b339273-482b-4b2f-a28e-f4be00aed5b7,KIRC,4.418840607796598,3.541543256175594
TCGA_to_CPTAC,47,coral_pca_hgb,4520fa85-cfa5-4d32-86cb-bb5d58c9ada6,SKCM,5.605802066295998,4.368934710909149
TCGA_to_CPTAC,47,coral_pca_hgb,6bb6f5fb-bda5-4b25-b360-477ebf90e0cd,GBM,3.7612001156935615,3.6324386357807494
TCGA_to_CPTAC,47,coral_pca_hgb,d95d6aa8-e85b-4a03-aee0-395afd04573b,SKCM,7.429520842786462,4.700479856271413
TCGA_to_CPTAC,47,coral_pca_hgb,34137fac-29bb-4b5e-964d-72a2237edf8e,GBM,3.9318256327243257,4.2342959802856015
TCGA_to_CPTAC,47,coral_pca_hgb,d2ca9e9b-405f-4c74-91aa-f4cd3c44c0f5,KIRC,3.9318256327243257,3.913885787748377
TCGA_to_CPTAC,47,coral_pca_hgb,ab4e7812-4c98-4776-9eb6-e4994bd65d5d,GBM,3.5263605246161616,4.177908280294972
TCGA_to_CPTAC,47,coral_pca_hgb,a587c48a-28fb-43b2-8b6c-90218f864f26,KIRC,3.688879454113936,3.6359016515420812
TCGA_to_CPTAC,47,coral_pca_hgb,8dd5d158-9030-407f-ab42-620b522542ee,SKCM,5.877735781779639,4.1527577359944425
TCGA_to_CPTAC,47,coral_pca_hgb,8e910c4c-482d-4d9e-b481-b0ab52985b51,PAAD,3.6375861597263857,4.029282812267383
TCGA_to_CPTAC,47,coral_pca_hgb,a49c8868-66dd-404d-94c5-2fe4e59fbab5,PAAD,4.787491742782046,5.020474025335547
TCGA_to_CPTAC,47,coral_pca_hgb,83cb7840-8d02-408d-a7c2-b446f991cfa3,KIRC,4.382026634673881,4.07499832217024
TCGA_to_CPTAC,47,coral_pca_hgb,5735655b-b57a-4a27-8fbe-4e4a24150b1c,GBM,3.970291913552122,3.524618156602532
TCGA_to_CPTAC,47,coral_pca_hgb,d4cf7bc6-5c0e-432f-9db7-659c3a2f40b5,LUAD,3.58351893845611,4.067673908506026
TCGA_to_CPTAC,47,coral_pca_hgb,67765864-02e0-4f94-a13b-a28be10bfd30,STAD,4.394449154672439,4.827521961523406
TCGA_to_CPTAC,47,coral_pca_hgb,3424fe9d-9fa9-4ed3-b7c5-6414f121b1f1,STAD,4.304065093204169,5.06899632695097
TCGA_to_CPTAC,47,coral_pca_hgb,7f7ad340-c1be-4b0d-ab1e-7fe7ff068983,SKCM,7.198931240688173,4.455101781231007
TCGA_to_CPTAC,47,coral_pca_hgb,27905585-0e1d-4f5d-9635-eb37dfbf9219,LUAD,3.784189633918261,5.082629104124497
TCGA_to_CPTAC,47,coral_pca_hgb,ea6afb24-0804-42f4-ad6f-d0782080d255,LAML,1.0986122886681096,0.9788753119334813
TCGA_to_CPTAC,47,coral_pca_hgb,149619ee-b1cf-4ff4-91aa-c773cbc35e33,UCEC,4.204692619390966,5.083668882110142
TCGA_to_CPTAC,47,coral_pca_hgb,73dc07fe-554e-4236-a927-1ed9fe86a6c5,KIRC,3.610917912644224,3.472895403098253
TCGA_to_CPTAC,47,coral_pca_hgb,17b9c881-5f0c-44e8-8b59-2dfcab443513,LUAD,4.04305126783455,3.3039306245953752
TCGA_to_CPTAC,47,coral_pca_hgb,6b0f4d36-78bb-4afc-a440-8c193bd4e8ce,GBM,3.4011973816621555,4.0251086627577575
TCGA_to_CPTAC,47,coral_pca_hgb,6c28fff9-68e9-465f-bebb-7574901e333c,LUAD,5.41610040220442,5.3814257133764265
TCGA_to_CPTAC,47,coral_pca_hgb,7db43c16-cce5-47b2-8df6-2a8ed8037c72,LUAD,3.044522437723423,4.461944307201193
TCGA_to_CPTAC,47,coral_pca_hgb,d4fba188-8ca4-44c0-a9e2-67bcff29b99a,LUAD,5.220355825078325,4.130647270775144
TCGA_to_CPTAC,47,coral_pca_hgb,da2fcf60-1e83-4d6b-8527-702bf3e2c2dc,GBM,4.0943445622221,4.040473133122881
TCGA_to_CPTAC,47,coral_pca_hgb,0f60265d-3f04-4a5f-82d4-8e6e661a118e,KIRC,6.1779441140506,4.160389823772091
TCGA_to_CPTAC,47,coral_pca_hgb,9816a96d-edbd-4f6e-8a93-69c5ff368417,UCEC,4.382026634673881,4.3819887187397155
TCGA_to_CPTAC,47,coral_pca_hgb,2219ac15-3505-4a31-bf22-72f17c670f3e,KIRC,4.158883083359672,3.890107223899544
TCGA_to_CPTAC,47,coral_pca_hgb,3569f880-3672-4b78-b675-c1c2c0a43d1a,PAAD,3.828641396489095,4.2117024512645855
TCGA_to_CPTAC,47,coral_pca_hgb,bb2d3adc-0cf3-4c28-b854-893cb0903180,KIRC,2.3978952727983707,3.839574631801671
TCGA_to_CPTAC,47,coral_pca_hgb,61665776-139e-450f-bc64-eaf29bd7ff25,KIRC,3.8501476017100575,3.7205106226118168
TCGA_to_CPTAC,47,coral_pca_hgb,c79bd2bd-b8da-4f43-872e-36ee1cf97c21,PAAD,4.174387269895637,3.7895396791239353
TCGA_to_CPTAC,47,coral_pca_hgb,46d91cd2-e013-4734-a625-4a536c1cc394,LAML,2.4849066497880004,2.26926353963698
TCGA_to_CPTAC,47,coral_pca_hgb,de5e52da-6727-4fa3-8ada-88b31cf4b894,STAD,4.127134385045092,4.8042007629977554
TCGA_to_CPTAC,47,coral_pca_hgb,1b7325b9-6230-4c63-8b82-994d4096579a,SKCM,5.552959584921617,4.50786814841655
TCGA_to_CPTAC,47,coral_pca_hgb,32d14975-25f1-421d-9671-3601e7c23530,UCEC,3.6375861597263857,4.087436519415429
TCGA_to_CPTAC,47,coral_pca_hgb,40311512-c531-402f-900a-222e4572296e,KIRC,4.454347296253507,5.352626780509461
TCGA_to_CPTAC,47,coral_pca_hgb,8ec9b361-ed77-4809-8682-fac8864216c1,SKCM,4.997212273764115,5.052850455010244
TCGA_to_CPTAC,47,coral_pca_hgb,ecf94643-4d27-4a4c-a19d-4f7aadf75957,LUAD,6.07073772800249,5.81898953022582
TCGA_to_CPTAC,47,coral_pca_hgb,178f9a51-566a-446d-a28c-2d16aee4d42a,UCEC,4.304065093204169,5.602094534653334
TCGA_to_CPTAC,47,coral_pca_hgb,a60cf9e4-f150-4a9a-a9b7-4083431e4bb2,LUAD,5.777652323222656,4.154870177763513
TCGA_to_CPTAC,47,coral_pca_hgb,e59a7d58-adf4-4d05-8a7f-c3013285b568,GBM,3.784189633918261,3.132628906099364
TCGA_to_CPTAC,47,coral_pca_hgb,46098b0b-a53e-425a-abc0-73561c447ea1,LUAD,5.468060141135132,4.303280281540917
TCGA_to_CPTAC,47,coral_pca_hgb,a7ba08ce-72a9-475a-9aa3-77a79c31c737,KIRC,3.828641396489095,3.8281886199187474
TCGA_to_CPTAC,47,coral_pca_hgb,fd0d710f-aacc-45b6-ad9e-cc10b5c4a9b1,KIRC,4.143134726391533,4.66514565214056
TCGA_to_CPTAC,47,coral_pca_hgb,410b95b4-6d38-4c25-91ad-c09f2c34325b,LUAD,3.6375861597263857,4.268976965070918
TCGA_to_CPTAC,47,coral_pca_hgb,2a73c63b-212b-4863-bf95-727a57d03de1,GBM,3.555348061489413,4.379724025609074
TCGA_to_CPTAC,47,coral_pca_hgb,74489848-29f7-4d54-9ad9-3c13b01d5b25,KIRC,3.784189633918261,3.7468707488115958
TCGA_to_CPTAC,47,coral_pca_hgb,124227e6-edb2-45e9-aa19-ab3a5bbd0c60,STAD,4.304065093204169,6.272710438146489
TCGA_to_CPTAC,47,coral_pca_hgb,d79d4830-d55e-4efe-bf00-9543461c7af4,LUAD,4.8283137373023015,4.6817526475346645
TCGA_to_CPTAC,47,coral_pca_hgb,f4a6f999-60a3-40e3-858b-6e7aa1738c3a,UCEC,6.7580945044277305,5.579246516846867
TCGA_to_CPTAC,47,coral_pca_hgb,aeacd3ad-eb06-4ecb-b621-2f05236a0e6c,UCEC,6.104793232414985,6.4773351953146
TCGA_to_CPTAC,47,coral_pca_hgb,accb52e6-eb07-4da7-9cd4-318b7e2f4c18,LUAD,4.584967478670572,4.137551878550899
TCGA_to_CPTAC,47,coral_pca_hgb,c803d226-20e9-446b-82a6-504d3efaae9c,STAD,4.61512051684126,4.702110640428321
TCGA_to_CPTAC,47,coral_pca_hgb,1f026705-0da4-4250-9405-1c0c3f31f943,KIRC,4.31748811353631,3.8551651337037223
TCGA_to_CPTAC,47,coral_pca_hgb,ac3e6c1a-eb99-4fe3-904c-da486d76588d,KIRC,3.7612001156935615,3.804616741918764
TCGA_to_CPTAC,47,coral_pca_hgb,52432728-0239-496a-8077-eb386cb7f28d,STAD,4.158883083359672,3.0000497209071892
TCGA_to_CPTAC,47,coral_pca_hgb,83a1b337-49a7-4fa8-9424-65a6272a1ec8,KIRC,2.4849066497880004,3.278468004802514
TCGA_to_CPTAC,47,coral_pca_hgb,9663c8bb-773d-4457-9ee6-8a7f89c64d98,STAD,7.084226422097916,6.472270720540567
TCGA_to_CPTAC,47,coral_pca_hgb,3d9ab180-73ab-4938-890f-cf345bfd4cf9,GBM,3.8918202981106265,3.4451163580900666
TCGA_to_CPTAC,47,coral_pca_hgb,8577ef8a-f071-49cc-8158-05dfc52f3c70,KIRC,4.143134726391533,3.893335178131198
TCGA_to_CPTAC,47,coral_pca_hgb,2de6816c-33c9-4a48-90d8-e3660b17c8d4,STAD,5.147494476813453,4.552483628680958
TCGA_to_CPTAC,47,coral_pca_hgb,5cf30e66-765b-410f-89ca-3181a0c68f4b,STAD,7.175489713624222,6.924606568068409
TCGA_to_CPTAC,47,coral_pca_hgb,ce4270b6-9c22-42b0-87c9-bff964cb3da3,UCEC,4.060443010546419,5.189165051930133
TCGA_to_CPTAC,47,coral_pca_hgb,80d78949-3a93-4e71-b987-a43d7c159576,KIRC,4.394449154672439,3.834474735604022
TCGA_to_CPTAC,47,coral_pca_hgb,f394b247-c55b-4d72-b07b-20dfc1f70818,SKCM,6.073044534100405,4.596871789656569
TCGA_to_CPTAC,47,coral_pca_hgb,4d46f586-4fa3-455a-8fd5-c87afc57d315,PAAD,4.158883083359672,4.354237846303291
TCGA_to_CPTAC,47,coral_pca_hgb,97b41ddc-6f1c-444f-88c9-69a3473f6f2f,SKCM,4.158883083359672,4.539406884365069
TCGA_to_CPTAC,47,coral_pca_hgb,28f942e9-6519-4c6d-b5c5-1c413a070260,LAML,1.0986122886681096,1.9329412902117893
TCGA_to_CPTAC,47,coral_pca_hgb,f73beb1f-3b3e-45a6-a4af-2b33e39fe3d0,UCEC,3.258096538021482,3.9095531426884804
TCGA_to_CPTAC,47,coral_pca_hgb,9e12dd20-28f6-4704-82ab-a77c1a8e19d4,KIRC,4.394449154672439,3.7462869633444997
TCGA_to_CPTAC,47,coral_pca_hgb,67a45a2e-fe13-4322-935c-ea3c66037477,SKCM,5.389071729816501,5.073005531973766
TCGA_to_CPTAC,47,coral_pca_hgb,94836681-1b93-4677-a046-df3572c984f3,STAD,5.983936280687191,5.792858855171768
TCGA_to_CPTAC,47,coral_pca_hgb,530b32cc-06f7-4a32-bc01-086f9447f9b0,LUAD,5.493061443340548,4.378115152575864
TCGA_to_CPTAC,47,coral_pca_hgb,28e559bc-16f6-42f5-b2ee-7d6e78fed5b2,LAML,0.6931471805599453,1.866121965118897
TCGA_to_CPTAC,47,coral_pca_hgb,1570eaf1-9b92-4506-9df0-9ae9a704a731,KIRC,3.737669618283368,4.212003257923343
TCGA_to_CPTAC,47,coral_pca_hgb,4e43ac55-304c-45f8-96e7-d9eb4394cd42,UCEC,3.970291913552122,4.055171915882973
TCGA_to_CPTAC,47,coral_pca_hgb,0d46037d-04c5-484c-85cc-999f5991d538,LUAD,4.110873864173311,5.114589485111981
TCGA_to_CPTAC,47,coral_pca_hgb,763e0702-8379-4b5e-95d1-a84f412c51e7,KIRC,4.127134385045092,3.8333491573669307
TCGA_to_CPTAC,47,coral_pca_hgb,cbbf7057-ee9e-40ef-8d09-03112bdfb16a,SKCM,5.860786223465865,4.332575061815825
TCGA_to_CPTAC,47,coral_pca_hgb,faad8b1c-5fa8-49ef-9d9e-a789ab02b80a,STAD,5.241747015059643,4.844506639529951
TCGA_to_CPTAC,47,coral_pca_hgb,cc9a1de3-03ef-466f-b506-38d8027b18d2,SKCM,4.204692619390966,4.622326927332763
TCGA_to_CPTAC,47,coral_pca_hgb,a3c4fe78-97e7-4bb8-8527-5bf6010958b8,STAD,7.21081845347222,6.632792156952007
TCGA_to_CPTAC,47,coral_pca_hgb,c6ae1472-04d0-45cd-aa7c-f56e3d7aa8a3,KIRC,3.737669618283368,3.795770887897846
TCGA_to_CPTAC,47,coral_pca_hgb,0900fe7b-1872-4214-bb2f-efb16234db23,LUAD,5.099866427824199,5.256600161134736
TCGA_to_CPTAC,47,coral_pca_hgb,b909628b-0523-4542-92a4-5d55b940a544,SKCM,6.679599185844383,5.442606480353629
TCGA_to_CPTAC,47,coral_pca_hgb,94bb61ca-3e9c-4754-b20f-a5eb4b3cd5dd,LUAD,5.043425116919247,5.727221924296316
TCGA_to_CPTAC,47,coral_pca_hgb,d9accdbf-943c-4788-831d-e4c3331c6cfd,STAD,4.204692619390966,4.149035970367305
TCGA_to_CPTAC,47,coral_pca_hgb,6d268ea7-eea0-4984-9e78-1b959f7e9a2a,LUAD,4.6443908991413725,4.8448016181027445
TCGA_to_CPTAC,47,coral_pca_hgb,1e887511-098d-4cd6-818e-aa1087118d7c,LUAD,5.545177444479562,5.121804193053673
TCGA_to_CPTAC,47,coral_pca_hgb,e93c0cc7-f8ab-4fd2-9ed8-59592022626d,PAAD,3.610917912644224,5.56269800533069
TCGA_to_CPTAC,47,coral_pca_hgb,1eb5bc85-d2df-4c99-8076-747d24074416,PAAD,3.49650756146648,2.1516040765243427
TCGA_to_CPTAC,47,coral_pca_hgb,51d42be6-879f-4471-99c4-0d8bdcf70612,UCEC,6.336825731146441,6.271090433107377
TCGA_to_CPTAC,47,coral_pca_hgb,c77a8be3-4c8b-4abd-a92c-73214c4cbed8,STAD,3.258096538021482,3.3737972031539307
TCGA_to_CPTAC,47,coral_pca_hgb,4c0e4d96-1072-4b8c-9f05-cd6dd7329ed4,LUAD,6.238324625039508,5.417573552927071
TCGA_to_CPTAC,47,coral_pca_hgb,1827eb4b-38f3-45b5-a833-156ba748c784,GBM,3.9889840465642745,4.127747121832631
TCGA_to_CPTAC,47,coral_pca_hgb,a7b5ecd7-d16b-4c41-87d7-881c3d53d185,KIRC,4.0943445622221,3.895819643947273
TCGA_to_CPTAC,47,coral_pca_hgb,3145c74e-cbb9-491f-8ee8-dcbdb69e1b8d,KIRC,4.31748811353631,4.0735806386559705
TCGA_to_CPTAC,47,coral_pca_hgb,295393ef-f637-4783-89c2-c9ce7635c030,GBM,4.330733340286331,3.461918491202949
TCGA_to_CPTAC,47,coral_pca_hgb,4897cf93-43ac-45d2-b5f9-3065246317ce,LUAD,5.37989735354046,5.530808004354505
TCGA_to_CPTAC,47,coral_pca_hgb,a11e9ea9-8036-4145-91c0-61f833dc5db4,LUAD,5.209486152841421,4.9396039802880685
TCGA_to_CPTAC,47,coral_pca_hgb,7d12cd36-6ca4-4c18-ba16-84733930f54c,STAD,4.219507705176107,5.251274727673677
TCGA_to_CPTAC,47,coral_pca_hgb,8c419fff-89f2-4ad1-aede-7c2602614ed5,LUAD,4.477336814478207,4.208662046604321
TCGA_to_CPTAC,47,coral_pca_hgb,4f153585-dd6f-46a1-aa46-2c96af88ed69,UCEC,4.574710978503383,5.442865803806575
TCGA_to_CPTAC,47,coral_pca_hgb,548052b1-d4a4-42cf-8dfd-3910bdd5289c,KIRC,2.833213344056216,3.081812913674391
TCGA_to_CPTAC,47,coral_pca_hgb,cb713a6c-8ff1-42ad-b7c7-70f96715b657,SKCM,6.318968113746434,5.067269041544419
TCGA_to_CPTAC,47,coral_pca_hgb,769dd0e7-649e-41c8-842d-4ab131e30568,GBM,4.276666119016055,4.1299770808143235
TCGA_to_CPTAC,47,coral_pca_hgb,91d03cbf-e9cf-4079-bf79-64890dfc9eb9,STAD,6.922643891475888,4.519802713382219
TCGA_to_CPTAC,47,coral_pca_hgb,a8f79795-cea1-46c0-bc33-a9544e92418b,LUAD,5.303304908059076,4.948770289996406
TCGA_to_CPTAC,47,coral_pca_hgb,7e5cc2ed-2a9d-469f-a311-c4b3fec4b50f,STAD,4.804021044733257,4.182118300084072
TCGA_to_CPTAC,47,coral_pca_hgb,18b6d2e0-e7ec-4697-8ed4-3e5d0af83e92,KIRC,4.174387269895637,3.9661596124090193
TCGA_to_CPTAC,47,coral_pca_hgb,61fcceac-75a5-436c-bdb8-f2d80f96f577,STAD,4.04305126783455,3.7966503608224134
TCGA_to_CPTAC,47,coral_pca_hgb,0ebda7ad-5604-43c2-8719-230c92bbfd88,UCEC,3.58351893845611,4.236583883284143
TCGA_to_CPTAC,47,coral_pca_hgb,1e7c8c8e-4c3c-429b-b34e-34677f07d1a4,LUAD,5.25227342804663,5.103858703839483
TCGA_to_CPTAC,47,coral_pca_hgb,90656d95-f719-478f-9538-3d1388e09a61,PAAD,6.447305862541213,6.864666079690992
TCGA_to_CPTAC,47,coral_pca_hgb,523e74ac-9928-4c28-858e-20522b09f8c4,STAD,5.153291594497779,4.156513267983579
TCGA_to_CPTAC,47,coral_pca_hgb,9cf7c4e3-7257-4dbd-81c0-c5419f80104f,PAAD,3.828641396489095,3.315969871050477
TCGA_to_CPTAC,47,coral_pca_hgb,0b59a357-5063-434f-affe-e0c0284091b8,LAML,2.5649493574615367,2.390697631348053
TCGA_to_CPTAC,47,coral_pca_hgb,67d3d03e-9cb3-498b-9189-a686da349b71,KIRC,4.709530201312334,3.8415873277408776
TCGA_to_CPTAC,47,coral_pca_hgb,e15384a3-a3a9-421e-89b7-0ba1af9d71ae,UCEC,6.008813185442595,6.034238758203683
TCGA_to_CPTAC,47,coral_pca_hgb,08333aea-eaaa-4728-a4e2-83aea9397100,LAML,1.9459101490553128,1.1320522220213554
TCGA_to_CPTAC,47,coral_pca_hgb,2de04061-dc28-4a5f-a3ad-4918b9d91ed6,UCEC,3.8501476017100575,4.492935965607045
TCGA_to_CPTAC,47,coral_pca_hgb,9721e875-88f2-4b65-8f7f-9dd3d84b7da2,LUAD,3.258096538021482,3.8352205056039117
TCGA_to_CPTAC,47,coral_pca_hgb,d84bfa68-63b1-4c84-848d-8b473638f970,KIRC,4.477336814478207,4.467034443981273
TCGA_to_CPTAC,47,coral_pca_hgb,dae1c4f2-9740-4a59-b3e3-c4a6bd0b51c9,SKCM,3.784189633918261,4.847433036826725
TCGA_to_CPTAC,47,coral_pca_hgb,322a57c2-82ef-45cd-986d-759bb3916919,GBM,4.262679877041316,4.052231018692222
TCGA_to_CPTAC,47,coral_pca_hgb,b3c53319-899d-40dc-ae82-dd5742fad7ab,LUAD,3.6635616461296463,4.970343169546946
TCGA_to_CPTAC,47,coral_pca_hgb,a7af3cf6-9271-42f4-ace6-6ffbd2b065a8,PAAD,3.828641396489095,4.247124455501205
TCGA_to_CPTAC,47,coral_pca_hgb,5a88652c-cc2f-44c8-9e61-e89d46222743,KIRC,4.290459441148391,4.142908203353502
TCGA_to_CPTAC,47,coral_pca_hgb,f7a66ec4-8e60-4bdc-acc7-98506e3024d2,SKCM,6.061456918928017,5.726648251451836
TCGA_to_CPTAC,47,coral_pca_hgb,10547ce0-4d20-406f-90e2-88dc483fe81f,GBM,3.58351893845611,4.09481518406238
TCGA_to_CPTAC,47,coral_pca_hgb,0e917b52-2af2-4dab-91dd-29953dafa366,SKCM,6.186208623900494,4.625285602764951
TCGA_to_CPTAC,47,coral_pca_hgb,765fa8a8-2587-4f0f-9a24-9cac41274a6b,SKCM,5.313205979041787,4.760750480514844
TCGA_to_CPTAC,47,coral_pca_hgb,c5e1950a-e724-4d42-bd0d-fb474921e04e,KIRC,3.828641396489095,4.048199028128158
TCGA_to_CPTAC,47,coral_pca_hgb,facdff3b-2340-4a44-9178-c5c172c904e9,LUAD,5.0238805208462765,5.379482575717148
TCGA_to_CPTAC,47,coral_pca_hgb,410107f6-cd09-487b-94b8-379ab6df711e,SKCM,5.545177444479562,6.451488739482943
TCGA_to_CPTAC,47,coral_pca_hgb,04cde2d0-d063-4a24-a0b3-fb8c03034293,LAML,2.19722457733622,1.220857301917316
TCGA_to_CPTAC,47,coral_pca_hgb,d3c4d18f-aab6-401d-a27a-8a92dd9a4660,LUAD,6.354370040797351,5.1008084269802545
TCGA_to_CPTAC,47,coral_pca_hgb,1b43d423-a9ae-46b4-8888-40e30c8bc17b,GBM,3.80666248977032,3.7350221418127476
TCGA_to_CPTAC,47,coral_pca_hgb,94cb5c05-8175-4f44-83b9-c52f51218eb8,LAML,0.0,1.257535010257748
TCGA_to_CPTAC,47,coral_pca_hgb,22bf70fe-df81-4764-97a7-96177b1df246,PAAD,3.828641396489095,3.4988747437214505
TCGA_to_CPTAC,47,coral_pca_hgb,27623cf1-4afb-44a1-a194-b761579c439b,GBM,3.912023005428146,3.686768050436101
TCGA_to_CPTAC,47,coral_pca_hgb,ab0750f5-2589-4ec3-a1f0-841eb456dec9,PAAD,3.5263605246161616,3.8225393163253196
TCGA_to_CPTAC,47,coral_pca_hgb,8b7561bf-62c1-4e8a-a4c6-292d4eee645d,SKCM,5.58724865840025,4.768007393634004
TCGA_to_CPTAC,47,coral_pca_hgb,a38f3241-9477-4790-aba0-af946d056cff,KIRC,2.5649493574615367,4.002527105377996
TCGA_to_CPTAC,47,coral_pca_hgb,0cd4fca6-78d2-4260-9b8f-ef953e2d3d9e,LAML,3.091042453358316,2.209240008359726
TCGA_to_CPTAC,47,coral_pca_hgb,6f62c1fc-9a57-4922-908f-8562418503ef,LUAD,2.5649493574615367,4.239073660709014
TCGA_to_CPTAC,47,coral_pca_hgb,3a420b74-ac84-470e-99f1-811cbc37ac5e,KIRC,0.0,4.292511517177512
TCGA_to_CPTAC,47,coral_pca_hgb,9e985df8-3e96-4f88-956b-30574de89c3b,STAD,4.219507705176107,3.7469522038607983
TCGA_to_CPTAC,47,coral_pca_hgb,80327e65-e924-4293-82b5-bd538b5910bf,LUAD,6.100318952020064,6.16826117243972
TCGA_to_CPTAC,47,coral_pca_hgb,400e94ed-2c26-4ef3-a232-a45781a1bf9f,PAAD,3.091042453358316,4.366209258626093
TCGA_to_CPTAC,47,coral_pca_hgb,31ceaaeb-8186-4d4f-8981-d192368ad39a,UCEC,9.069698042173716,5.431174137282567
TCGA_to_CPTAC,47,coral_pca_hgb,bf1572f1-cdcc-4968-a937-937ba41df382,SKCM,5.187385805840755,6.293137449460646
TCGA_to_CPTAC,47,coral_pca_hgb,5b2ee902-291c-412d-8b46-13d9f90fc54a,KIRC,4.48863636973214,3.8595146721732787
TCGA_to_CPTAC,47,coral_pca_hgb,0098512b-ea4a-4896-8619-c00fc3c4ec11,STAD,4.394449154672439,4.761767475575796
TCGA_to_CPTAC,47,coral_pca_hgb,17b628fa-e1e4-4055-9d27-a41e109c8ce2,STAD,4.787491742782046,4.433200315090305
TCGA_to_CPTAC,47,coral_pca_hgb,b2c111c5-13ad-4144-a799-7d4b188c14d9,KIRC,4.007333185232471,4.210791226002905
TCGA_to_CPTAC,47,coral_pca_hgb,8d1035ae-7b5c-41db-b31b-2d9512a12137,KIRC,4.04305126783455,3.7980864180909757
TCGA_to_CPTAC,47,coral_pca_hgb,9b2c59b2-1828-449e-83fb-7471f7fcae3e,GBM,4.110873864173311,4.272674683906525
TCGA_to_CPTAC,47,coral_pca_hgb,b118387b-b723-4c72-b97e-7c4bf450f903,LAML,2.079441541679836,1.8477831489522953
TCGA_to_CPTAC,47,coral_pca_hgb,101487c1-51d5-45a0-abdf-26bce13b5381,STAD,3.091042453358316,3.5262093833893933
TCGA_to_CPTAC,47,coral_pca_hgb,c162cd70-4f27-4361-94f5-882259f41522,LUAD,5.634789603169249,4.851735552588611
TCGA_to_CPTAC,47,coral_pca_hgb,cabb8504-1154-4e08-a277-5243cb431673,GBM,5.068904202220232,4.265381388893613
TCGA_to_CPTAC,47,coral_pca_hgb,8919013d-01db-4469-b0a6-553dd25fda6d,LUAD,4.564348191467836,4.383322399111319
TCGA_to_CPTAC,47,coral_pca_hgb,d16c18db-df31-4394-a146-c3964ad9b49b,LUAD,5.272999558563747,5.243840921623415
TCGA_to_CPTAC,47,coral_pca_hgb,e1bd6dfa-0567-46e7-991c-63eefaf5bd7a,GBM,3.6635616461296463,3.9947124768135263
TCGA_to_CPTAC,47,coral_pca_hgb,3058d791-5c14-43d3-96e7-caa33b5982dc,LUAD,5.5909869805108565,6.083585726947526
TCGA_to_CPTAC,47,coral_pca_hgb,d55137b1-a388-4f21-a50f-3b3ddeb2edba,LUAD,3.784189633918261,4.5998735796900485
TCGA_to_CPTAC,47,coral_pca_hgb,25f37863-fbb2-4d6c-984e-c3c5fc45a827,STAD,5.3981627015177525,5.135994637998775
TCGA_to_CPTAC,47,coral_pca_hgb,79078337-7817-489e-ab6e-8ece8a90317e,LAML,2.4849066497880004,1.4151736303704983
TCGA_to_CPTAC,47,coral_pca_hgb,bb2f14a7-c52f-4a2b-8224-c747a3daa488,PAAD,3.713572066704308,4.252217656923827
TCGA_to_CPTAC,47,coral_pca_hgb,a83f4ac8-5ab9-47d7-a4fc-6d3d0bdbc551,KIRC,4.356708826689592,3.9553187371132914
TCGA_to_CPTAC,47,coral_pca_hgb,42eb928b-b51e-4618-aec1-d62d35600c66,LAML,0.0,3.351562555798645
TCGA_to_CPTAC,47,coral_pca_hgb,27ef0aed-1415-4994-9439-bf339a02e190,STAD,5.017279836814924,5.653378843899141
TCGA_to_CPTAC,47,coral_pca_hgb,d53bb16c-51b6-4ed0-a1aa-bc88a7894e2c,LUAD,5.916202062607435,4.422771440727063
TCGA_to_CPTAC,47,coral_pca_hgb,63ed186b-32da-4ca2-bd3b-27d7a7b17d1f,SKCM,4.787491742782046,4.7539067588908575
TCGA_to_CPTAC,47,coral_pca_hgb,56e57d72-3b6b-4b70-bbd2-eb4b96e10ba4,LUAD,5.8888779583328805,5.087795589295324
TCGA_to_CPTAC,47,coral_pca_hgb,fc03dc56-652a-4d6b-8bff-fe6647414cc1,SKCM,5.497168225293202,4.4452534905777235
TCGA_to_CPTAC,47,coral_pca_hgb,85b7fdcb-2454-42ff-880a-38fff9269eb5,LAML,2.079441541679836,1.4533008568519643
TCGA_to_CPTAC,47,coral_pca_hgb,f8bb37a4-adbf-421b-a7c8-687587d8ad69,SKCM,4.59511985013459,5.057188622769451
TCGA_to_CPTAC,47,coral_pca_hgb,cfcc9898-8778-4913-a64f-fdff1297e9ec,UCEC,4.5217885770490405,3.8980475756421544
TCGA_to_CPTAC,47,coral_pca_hgb,f9edc86e-cf3a-464c-b50c-2139de003957,GBM,3.970291913552122,4.351889207200222
TCGA_to_CPTAC,47,coral_pca_hgb,989a6ba5-bc91-4216-be64-a7222c9d09eb,UCEC,6.587550014824796,5.373985872256636
TCGA_to_CPTAC,47,coral_pca_hgb,c167fef9-16f4-43c8-b1fa-3d78ee4f54ec,STAD,4.189654742026425,4.805816249650168
TCGA_to_CPTAC,47,coral_pca_hgb,e8b0327e-7721-4310-9382-1c57c62c8b73,KIRC,3.8918202981106265,3.9094558220436326
TCGA_to_CPTAC,47,coral_pca_hgb,43f21ccb-f860-4388-b392-998ea9d885cf,KIRC,4.248495242049359,3.6114454657320443
TCGA_to_CPTAC,47,coral_pca_hgb,018b8645-fdcd-45d9-93ff-04b76ea13d1d,SKCM,5.351858133476067,4.363951403835327
TCGA_to_CPTAC,47,coral_pca_hgb,84ef7524-1855-4f82-be9e-86b2856edfea,LAML,1.3862943611198906,2.1120809973083716
TCGA_to_CPTAC,47,coral_pca_hgb,75a61754-30e9-4ad0-9c20-5761b9bbc4ab,LAML,0.6931471805599453,1.0346629479098959
TCGA_to_CPTAC,47,coral_pca_hgb,b4f1321b-865f-4f3e-a0ea-7678e1dc08ff,LUAD,3.218875824868201,3.2527464230807137
TCGA_to_CPTAC,47,coral_pca_hgb,71ba6081-9934-45f3-bb32-54c0426b216c,STAD,3.091042453358316,4.373579077269273
TCGA_to_CPTAC,47,coral_pca_hgb,e6de6156-a66b-49b9-87b6-c38707f41d35,GBM,3.912023005428146,3.9819260149736824
TCGA_to_CPTAC,47,coral_pca_hgb,da1fdb3c-3031-4072-8ca8-96f1729ac276,PAAD,3.784189633918261,3.25198837285821
TCGA_to_CPTAC,47,coral_pca_hgb,7630c4b5-dfae-4e59-95bc-31ef8f853b2f,LUAD,5.627621113690637,4.080285427666415
TCGA_to_CPTAC,47,coral_pca_hgb,2dada08c-59a5-4379-9ee4-e2565d883f93,KIRC,4.0943445622221,3.5680256503799117
TCGA_to_CPTAC,47,coral_pca_hgb,206f20bb-c212-4a26-967a-5b3700f322be,GBM,3.58351893845611,3.842746673763816
TCGA_to_CPTAC,47,coral_pca_hgb,c4a660b0-7b34-4c80-98bb-0000e2b1c09a,UCEC,3.970291913552122,3.367295356357568
TCGA_to_CPTAC,47,coral_pca_hgb,a36ca64b-7fb0-4a2f-b4a3-f94adf4c9aac,GBM,3.58351893845611,4.030903795974988
TCGA_to_CPTAC,47,coral_pca_hgb,f28fc405-1fac-4ee0-b398-e0ddf7b4e639,LUAD,5.135798437050262,4.776440852579966
TCGA_to_CPTAC,47,coral_pca_hgb,7d9c6344-0761-4e25-9c34-b5a15faec02c,KIRC,2.5649493574615367,3.5105194686680576
TCGA_to_CPTAC,47,coral_pca_hgb,90f61e50-ab0a-4532-9ef9-bed69d990cf7,LAML,2.19722457733622,1.5312155858423013
TCGA_to_CPTAC,47,coral_pca_hgb,1c2653e9-8ba9-40da-a0f6-f5f06508d26a,LUAD,5.19295685089021,5.217305722446254
TCGA_to_CPTAC,47,coral_pca_hgb,67b00b4a-c675-4838-9779-897d4687a9af,LAML,0.6931471805599453,1.088664151180069
TCGA_to_CPTAC,47,coral_pca_hgb,26d68cd6-e9a6-43b1-b1c6-8b8d366e32ad,GBM,3.9889840465642745,3.902422187651095
TCGA_to_CPTAC,47,coral_pca_hgb,6f235976-c04a-4a40-be28-8ed9dab93365,PAAD,3.258096538021482,4.240022450212555
TCGA_to_CPTAC,47,coral_pca_hgb,f4e48440-b5cb-480d-ac46-d7bb45ae5f87,GBM,4.465908118654584,4.070728457201237
TCGA_to_CPTAC,47,coral_pca_hgb,41e5107f-8e08-41cf-81ec-90f9d77acfc8,UCEC,3.688879454113936,3.5002310821707634
TCGA_to_CPTAC,47,coral_pca_hgb,ffef8d1d-f99d-4cc0-9f49-46488bfca131,UCEC,9.14686794902061,6.670686224805298
TCGA_to_CPTAC,47,coral_pca_hgb,80a555be-d22c-4aeb-bff1-107e795092ee,KIRC,3.688879454113936,3.8266874374441833
TCGA_to_CPTAC,47,coral_pca_hgb,6b4e73cc-bb47-49dd-947c-67fee326abcd,STAD,6.042632833682381,5.427743336681276
TCGA_to_CPTAC,47,coral_pca_hgb,64ca2d06-da4e-462e-bb0b-4fe1033e07fe,PAAD,3.688879454113936,3.0403572883492327
TCGA_to_CPTAC,47,coral_pca_hgb,88a86573-d508-4533-b8bf-fa3c9f40a3f4,PAAD,1.9459101490553128,1.7830485134911223
TCGA_to_CPTAC,47,coral_pca_hgb,1dc55aee-9c92-44c4-a9e4-36aa1b0f9a4f,LAML,0.6931471805599453,1.784070887661976
TCGA_to_CPTAC,47,coral_pca_hgb,cf466041-f75f-4f33-ac13-ddbfecee4f94,SKCM,8.069968149059841,5.268251922686967
TCGA_to_CPTAC,47,coral_pca_hgb,5249c627-50f9-4dea-a90d-d2ea66e2a8e1,LUAD,4.875197323201151,5.4554777534445575
TCGA_to_CPTAC,47,coral_pca_hgb,ef3523aa-fe7e-409a-a9fa-1779e914b0f9,UCEC,6.877296071497429,4.378516604612362
TCGA_to_CPTAC,47,coral_pca_hgb,fe2a349e-5a17-41ee-af73-9a2c89562960,SKCM,6.1779441140506,4.926301987442382
TCGA_to_CPTAC,47,coral_pca_hgb,f654095f-1ee8-48bf-b679-87a9824e95f6,SKCM,4.68213122712422,5.081520205471582
TCGA_to_CPTAC,47,coral_pca_hgb,f5d49b71-3e7e-4e9c-bf29-f592bf25a941,LUAD,6.206575926724928,5.864026978167226
TCGA_to_CPTAC,47,coral_pca_hgb,d241629a-4f1f-41f4-8bdb-5f33b34ea699,UCEC,4.859812404361672,4.698633772603216
TCGA_to_CPTAC,47,coral_pca_hgb,38d275de-7e80-4af2-80c6-059f10b7b5d5,LAML,0.0,1.1708972041196555
TCGA_to_CPTAC,47,coral_pca_hgb,21d09db9-f853-48d3-b132-d07c122cf06c,LUAD,3.218875824868201,4.23516391523716
TCGA_to_CPTAC,47,coral_pca_hgb,ad24d74d-bb4a-47d8-abb2-23a686c5a9f0,STAD,5.407171771460119,4.90449765062332
TCGA_to_CPTAC,47,coral_pca_hgb,d8e65106-8e35-4e03-b72b-26a6517b9fed,STAD,4.442651256490317,4.958622283854251
TCGA_to_CPTAC,47,coral_pca_hgb,325984b4-c283-4b06-aeb8-8f1c76b44dc3,PAAD,3.8918202981106265,4.002386465125188
TCGA_to_CPTAC,47,coral_pca_hgb,e35a48a7-4773-459c-b90c-8a79a0716184,KIRC,4.394449154672439,3.8670819768653835
TCGA_to_CPTAC,47,coral_pca_hgb,7d0e1b8a-966d-4068-a8e5-c4d2c7c374bb,STAD,5.099866427824199,4.8702449628554145
TCGA_to_CPTAC,47,coral_pca_hgb,aa62b9ec-062b-41c9-abb4-c7217f259c06,KIRC,4.04305126783455,4.023956592380021
TCGA_to_CPTAC,47,coral_pca_hgb,5cb7b327-5f17-44a8-aed3-989a1a99e780,KIRC,4.3694478524670215,4.380028533167477
TCGA_to_CPTAC,47,coral_pca_hgb,f8f3df64-54c1-4d1a-8ea7-c371b01c2ef6,LUAD,6.124683390894205,5.161157588048431
TCGA_to_CPTAC,47,coral_pca_hgb,d033c229-acc6-4272-8aa6-286e086ff328,STAD,5.662960480135946,5.09433880045618
TCGA_to_CPTAC,47,coral_pca_hgb,3d6b543f-d0d4-4efe-b010-011e17602243,LAML,0.0,1.1743911859194318
TCGA_to_CPTAC,47,coral_pca_hgb,9cc09304-d998-4697-a38a-8b02325974a6,GBM,4.02535169073515,3.859740417313643
TCGA_to_CPTAC,47,coral_pca_hgb,59122a43-606a-4669-806b-6747e0ac9985,LUAD,5.762051382780177,4.8081064037423085
TCGA_to_CPTAC,47,coral_pca_hgb,1eaa044d-6d5c-462d-90f4-60b5280c5c7a,KIRC,4.51085950651685,4.107374598701143
TCGA_to_CPTAC,47,coral_pca_hgb,94f90e9a-ecfe-4682-8d19-2ac88b31a5b9,GBM,3.912023005428146,3.90991870791412
TCGA_to_CPTAC,47,coral_pca_hgb,3bbefb92-0868-42e2-962f-be22b354f155,GBM,2.3978952727983707,3.0489031833935267
TCGA_to_CPTAC,47,coral_pca_hgb,87439670-eaac-4a14-95a3-8552a394cc1e,STAD,4.718498871295094,4.476805580777708
TCGA_to_CPTAC,47,coral_pca_hgb,724477c3-2a3c-48cb-8a3d-38782f5225db,LUAD,5.429345628954441,5.09538821046457
TCGA_to_CPTAC,47,coral_pca_hgb,37957266-33b1-4787-8733-fde83f219c3e,SKCM,4.859812404361672,4.461914868589748
TCGA_to_CPTAC,47,coral_pca_hgb,b95cf6b8-f71b-4422-b8a7-ca5438b1ac66,UCEC,3.737669618283368,3.8972325822535825
TCGA_to_CPTAC,47,coral_pca_hgb,7a1dfdd0-effb-4ade-ae0c-a7a0892c778d,LUAD,5.75890177387728,4.986414196130582
TCGA_to_CPTAC,47,coral_pca_hgb,a6e56a10-6df3-4ae2-a638-7e27b73508b6,LUAD,3.332204510175204,4.377219168060229
TCGA_to_CPTAC,47,coral_pca_hgb,0bd5695b-09e3-4631-92c4-62a514ab0848,UCEC,5.1298987149230735,4.905004428565705
TCGA_to_CPTAC,47,coral_pca_hgb,e51da251-4b98-4276-b6f7-b4feeed9c3c0,LUAD,3.49650756146648,5.768900072440653
TCGA_to_CPTAC,47,coral_pca_hgb,80b433c2-530a-4589-8ddc-0124a61240d3,LAML,0.0,1.9356657513717022
TCGA_to_CPTAC,47,coral_pca_hgb,7042f864-614c-4379-9535-361fc402b1c6,LAML,1.3862943611198906,0.9866640405680742
TCGA_to_CPTAC,47,coral_pca_hgb,42b577f2-b28d-4116-92d5-95d31e34f33b,LUAD,4.007333185232471,5.965036977473603
TCGA_to_CPTAC,47,coral_pca_hgb,b137313e-0200-4fb7-a151-3c2c76170dea,GBM,4.060443010546419,3.7730378954353414
TCGA_to_CPTAC,47,coral_pca_hgb,fcd75d42-a9c6-40c6-86d7-7131ad34f808,LUAD,3.951243718581428,5.059403524113658
TCGA_to_CPTAC,47,coral_pca_hgb,ec554409-d484-4325-9ff1-319a96824023,STAD,7.469654172932128,5.383267089349293
TCGA_to_CPTAC,47,coral_pca_hgb,b1846177-8000-4672-977f-52a074935840,STAD,7.705262474866325,7.085928145138225
TCGA_to_CPTAC,47,coral_pca_hgb,ddaab412-1171-4704-8960-85d85835e219,UCEC,6.3784261836515865,7.332919056307876
TCGA_to_CPTAC,47,coral_pca_hgb,1eec8bfd-1ab9-4569-b635-c47bce7702f1,GBM,4.02535169073515,3.8436384238483634
TCGA_to_CPTAC,47,coral_pca_hgb,25298107-387e-40d0-bdb0-3300d902fdf9,KIRC,3.091042453358316,3.748838573098745
TCGA_to_CPTAC,47,coral_pca_hgb,aba43d9a-4044-44ce-8e33-37ea62f64cb9,LUAD,3.828641396489095,3.9648004912161574
TCGA_to_CPTAC,47,coral_pca_hgb,38f93ca8-4971-4932-b592-0a17eaece2ad,PAAD,2.8903717578961645,2.3257337574689014
TCGA_to_CPTAC,47,coral_pca_hgb,ba67964a-2738-4d95-bf42-8e2217ab4dc5,LUAD,5.288267030694535,5.617690528608437
TCGA_to_CPTAC,47,coral_pca_hgb,c9db5547-a37a-4556-92a6-fcc6a8837377,UCEC,4.174387269895637,4.493324593610066
TCGA_to_CPTAC,47,coral_pca_hgb,5ef77197-57b7-45ab-97dc-f83ec4e4dbec,SKCM,6.234410725718371,5.894127832116374
TCGA_to_CPTAC,47,coral_pca_hgb,ceae0345-0b5a-475f-8133-5fffcb81f3d0,KIRC,4.653960350157523,4.187458538235279
TCGA_to_CPTAC,47,coral_pca_hgb,f97f70d6-c159-4aa7-9f8d-0958b81c657f,LUAD,4.394449154672439,5.187268296725224
TCGA_to_CPTAC,47,coral_pca_hgb,7904607b-3259-420d-980f-564f36009dec,STAD,5.099866427824199,4.849224498295884
TCGA_to_CPTAC,47,coral_pca_hgb,115316f6-389a-40e8-a219-0e8fafea9313,PAAD,3.58351893845611,4.059252725374389
TCGA_to_CPTAC,47,coral_pca_hgb,a162aaa1-45e3-4294-90c2-1e2cd8a8b356,LUAD,6.1463292576688975,5.275686444953848
TCGA_to_CPTAC,47,coral_pca_hgb,cef14719-cd34-4b95-a5b9-147f80858e9c,UCEC,5.3230099791384085,5.478724570567126
TCGA_to_CPTAC,47,coral_pca_hgb,634fd016-a443-4a8e-9faa-fef8c4c47903,UCEC,8.773384596776648,7.44240276552928
TCGA_to_CPTAC,47,coral_pca_hgb,851e6d64-d753-4eae-a115-7d0100cd15a5,KIRC,2.70805020110221,4.24014468612882
TCGA_to_CPTAC,47,coral_pca_hgb,8f92cdf0-f3c5-482c-aaa0-2b63d84bcb17,SKCM,5.2574953720277815,6.139148069428129
TCGA_to_CPTAC,47,coral_pca_hgb,c7a7229e-5e83-4e83-9a3b-0ee3671bd952,UCEC,3.6375861597263857,4.4750465278630385
TCGA_to_CPTAC,47,coral_pca_hgb,17e6c62f-cc0c-4e13-a80c-f9bd6c2cfb0d,KIRC,3.9318256327243257,3.6791909073591564
TCGA_to_CPTAC,47,coral_pca_hgb,ddd99c12-5f7a-4240-a835-86971ac219c6,SKCM,5.831882477283517,5.3946691928098085
TCGA_to_CPTAC,47,coral_pca_hgb,c31d703c-1fc4-444c-8eeb-b36f3b3a925c,SKCM,4.290459441148391,4.966103571565083
TCGA_to_CPTAC,47,coral_pca_hgb,2a8f8c3a-c699-4a5d-a454-f52183b87e18,LUAD,3.784189633918261,4.029345916580739
TCGA_to_CPTAC,47,coral_pca_hgb,79a06ec2-2593-4576-9f65-f4aaa60180ea,KIRC,3.4339872044851463,4.244865320879727
TCGA_to_CPTAC,47,coral_pca_hgb,8e0139b1-3121-4d6b-8252-744618cdbf08,LUAD,6.6293632534374485,5.140171167016721
TCGA_to_CPTAC,47,coral_pca_hgb,d6257db0-d7ea-4355-adea-3603a673996e,SKCM,4.430816798843313,4.412629385832544
TCGA_to_CPTAC,47,coral_pca_hgb,4364e1d8-eabb-4d1f-9f45-829573ef8d54,UCEC,3.1780538303479458,4.681328727082907
TCGA_to_CPTAC,47,coral_pca_hgb,04da17ab-6539-42a2-92fd-d2b3cf521970,LUAD,4.23410650459726,3.5577862202757666
TCGA_to_CPTAC,47,coral_pca_hgb,55571abe-80c6-4596-8f3e-f6e586357856,UCEC,9.13399913871946,6.712023432595175
TCGA_to_CPTAC,47,coral_pca_hgb,f3068c13-3f95-41eb-95cc-ea69bcea83ad,KIRC,3.80666248977032,3.195738400480515
TCGA_to_CPTAC,47,coral_pca_hgb,de1701fa-ca4c-4104-b8e2-ca3c10bf516e,PAAD,2.833213344056216,4.104775480291074
TCGA_to_CPTAC,47,coral_pca_hgb,93c69ee1-2674-4611-a964-d1bf5a8bf7c5,LUAD,3.8501476017100575,5.220886566169556
TCGA_to_CPTAC,47,coral_pca_hgb,f70f02a7-eab5-4d55-8303-b4497a84f39e,KIRC,4.795790545596741,4.463411725036939
TCGA_to_CPTAC,47,coral_pca_hgb,14fda5d2-2c7b-432c-a8ee-ed5df037327a,SKCM,6.450470422144176,5.552659535001407
TCGA_to_CPTAC,47,coral_pca_hgb,1afc3a78-4e91-485c-93e1-43f17738f530,KIRC,4.189654742026425,4.170461544646497
TCGA_to_CPTAC,47,coral_pca_hgb,8bb0727f-eb13-464a-a85f-3b6c59f4df52,UCEC,6.452048954437226,6.36166691672764
TCGA_to_CPTAC,47,coral_pca_hgb,0345c668-0597-49a9-80b6-17cc9cc9cae7,GBM,4.07753744390572,4.214352518084958
TCGA_to_CPTAC,47,coral_pca_hgb,74efa0d9-d95e-4192-804e-cbbc3ad6f362,STAD,5.030437921392435,4.371916376813977
TCGA_to_CPTAC,47,coral_pca_hgb,3e65a302-6973-4491-b12d-5a8dbac9fd14,LUAD,2.302585092994046,4.406592671146115
TCGA_to_CPTAC,47,coral_pca_hgb,f27f501e-e5ef-4b1b-8b90-8a771263a536,LUAD,3.6635616461296463,4.626215037280232
TCGA_to_CPTAC,47,coral_pca_hgb,061b9248-7ef1-47f1-9893-9958451ad9ab,LUAD,4.143134726391533,5.160296575982579
TCGA_to_CPTAC,47,coral_pca_hgb,024bde91-ea3e-4157-83c4-8482801b00dc,UCEC,7.01571242048723,5.613151922084591
TCGA_to_CPTAC,47,coral_pca_hgb,2a95a68b-02da-401f-a231-f5b1f2b38e4f,LAML,3.688879454113936,3.394333911481509
TCGA_to_CPTAC,47,coral_pca_hgb,9afd0b34-4442-4578-9f21-922becc147b3,SKCM,4.007333185232471,4.467551813140828
TCGA_to_CPTAC,47,coral_pca_hgb,3786f038-882f-4e77-9243-0a0fc4c781b6,STAD,4.6443908991413725,5.009936830975152
TCGA_to_CPTAC,47,coral_pca_hgb,c5a61a3e-2e35-40c2-aa83-5f90040dfc53,SKCM,5.513428746164983,5.00310101472974
TCGA_to_CPTAC,47,coral_pca_hgb,bf00b9d3-1a4e-4475-aadc-f0bf2419c53d,KIRC,4.127134385045092,3.643956364568166
TCGA_to_CPTAC,47,coral_pca_hgb,dd64c107-1f1c-4d3a-b047-557b58000c0a,PAAD,3.295836866004329,3.296557681971108
TCGA_to_CPTAC,47,coral_pca_hgb,5b45cc31-9f54-4838-a44c-fbbbcbdb3ef2,GBM,4.07753744390572,3.9712519480441726
TCGA_to_CPTAC,47,coral_pca_hgb,89b2249f-eb4c-4e81-a844-f7fcf1a25cd0,PAAD,3.218875824868201,4.03459145567655
TCGA_to_CPTAC,47,coral_pca_hgb,4247d0a4-971a-4a79-82b3-7e7f36385a3e,SKCM,4.23410650459726,4.589709765339401
TCGA_to_CPTAC,47,coral_pca_hgb,5fd1d0d8-1717-425e-9f76-805fa536806a,LAML,2.19722457733622,1.4532035712935976
TCGA_to_CPTAC,47,coral_pca_hgb,92cd0551-2e78-466d-a84e-8d0d525fff39,KIRC,3.912023005428146,3.773215586951493
TCGA_to_CPTAC,47,coral_pca_hgb,0a94d173-c451-4367-9e54-968bd0e0dc0b,LUAD,6.990256500493881,6.737302722773962
TCGA_to_CPTAC,47,coral_pca_hgb,f1aadf48-b132-48fd-9106-4a01670114e0,LUAD,5.153291594497779,5.1056090428208
TCGA_to_CPTAC,47,coral_pca_hgb,41078a19-092c-4930-a3f4-eca47256622e,LUAD,2.19722457733622,3.783510960124002
TCGA_to_CPTAC,47,coral_pca_hgb,2382164a-14fb-425e-aa73-7c55d19ba038,GBM,3.610917912644224,4.11596121281393
TCGA_to_CPTAC,47,coral_pca_hgb,d999afdf-cb75-4da0-8648-ad3ec6905918,KIRC,4.143134726391533,3.84012446332092
TCGA_to_CPTAC,47,coral_pca_hgb,6cd85f15-79df-45b5-acda-b938eb35fccb,GBM,4.007333185232471,3.9486372648127475
TCGA_to_CPTAC,47,coral_pca_hgb,ad265919-d589-4b8a-a9fb-77cca95c59f7,PAAD,3.1354942159291497,3.5754121257331044
TCGA_to_CPTAC,47,coral_pca_hgb,d7db2e26-ca72-40e3-8399-69407a6dc9f1,SKCM,8.471358655072438,4.838327510062328
TCGA_to_CPTAC,47,coral_pca_hgb,d27e77b9-f8b2-413a-a7b3-05a8248b74db,UCEC,6.837332814685591,4.561626250697372
TCGA_to_CPTAC,47,coral_pca_hgb,7ae9f40d-0dad-4328-905e-836d4ac81e34,LAML,2.3978952727983707,1.435594551261916
TCGA_to_CPTAC,47,coral_pca_hgb,2525bfef-6962-4b7f-8e80-6186400ce624,PAAD,4.262679877041316,4.804935554166932
TCGA_to_CPTAC,47,coral_pca_hgb,a68d6b4a-141d-4c05-8835-e1c0a264625d,LUAD,3.713572066704308,5.013754476228509
TCGA_to_CPTAC,47,coral_pca_hgb,780fb6da-c1a4-4131-9385-93cda408c39c,SKCM,5.91350300563827,5.759729128504838
TCGA_to_CPTAC,47,coral_pca_hgb,da4a0eed-b755-49b8-96ae-31d3d396862c,KIRC,4.060443010546419,4.1475816292617225
TCGA_to_CPTAC,47,coral_pca_hgb,59bec2ab-08f4-4497-b5df-199e22a74eb4,PAAD,3.1354942159291497,2.767035345478125
TCGA_to_CPTAC,47,coral_pca_hgb,e934d5aa-b172-4aec-8d9c-66445a714864,UCEC,7.742402021815781,4.749865660418383
TCGA_to_CPTAC,47,coral_pca_hgb,8eb888ed-42e4-4109-8636-4e43503728d9,KIRC,4.394449154672439,3.927812141840251
TCGA_to_CPTAC,47,coral_pca_hgb,116436ce-6250-43b1-8fd2-2ebdb3ea9186,UCEC,6.063785208687608,3.9343607231784317
TCGA_to_CPTAC,47,coral_pca_hgb,ba8852b9-17a7-4df1-9765-68e58fa74004,PAAD,2.4849066497880004,1.4781816840431938
TCGA_to_CPTAC,47,coral_pca_hgb,1ce20f47-9c4b-4f56-acd5-55bfbf4f8ddd,UCEC,4.356708826689592,4.594297659887218
TCGA_to_CPTAC,47,coral_pca_hgb,47fe1aa2-c9e2-4680-8e3b-0db139e4d16e,SKCM,5.676753802268282,7.101689663268765
TCGA_to_CPTAC,47,coral_pca_hgb,4eb22f79-aeae-4f22-998e-6ce471d16281,PAAD,3.80666248977032,3.6773254048773656
TCGA_to_CPTAC,47,coral_pca_hgb,12126fde-c904-4b3b-81b4-083824d7a0d4,PAAD,3.4011973816621555,3.6665578800749308
TCGA_to_CPTAC,47,coral_pca_hgb,629dc6f4-9e1c-4265-9fd6-838ca8222792,KIRC,4.204692619390966,3.8043547086097873
TCGA_to_CPTAC,47,coral_pca_hgb,bbf0c378-fb77-4768-be2b-da741ded8cab,LUAD,5.272999558563747,4.837888979624823
TCGA_to_CPTAC,47,coral_pca_hgb,9394decd-2020-46f4-bef0-45cc0a9edbb2,SKCM,6.473890696352274,6.036455246303638
TCGA_to_CPTAC,47,coral_pca_hgb,daee5d73-fddd-4446-a233-f67a6d7bf351,STAD,6.913737350659685,6.829933610727464
TCGA_to_CPTAC,47,coral_pca_hgb,a3250856-cbeb-415a-baee-b74e37e6da33,LUAD,5.198497031265826,5.975699927598918
TCGA_to_CPTAC,47,coral_pca_hgb,c7a133ba-824a-4cef-94bc-8a98b6395670,LUAD,5.730099782973575,5.525667000717674
TCGA_to_CPTAC,47,coral_pca_hgb,79f36624-b0ba-447c-bf25-ab63d701a878,LUAD,4.859812404361672,4.717004029881657
TCGA_to_CPTAC,47,coral_pca_hgb,423ab312-1482-428f-9b52-fc3169706e03,UCEC,0.6931471805599453,3.5053795665650935
TCGA_to_CPTAC,47,coral_pca_hgb,fba6ddb5-f291-409c-9389-82e4637d62c0,KIRC,4.382026634673881,3.751126201043172
TCGA_to_CPTAC,47,coral_pca_hgb,968bf5f1-4d6f-49dc-98ef-83f3fe1af90d,STAD,6.511745329644728,6.04517246120183
TCGA_to_CPTAC,47,coral_pca_hgb,b1114673-0f13-4265-98d8-21c5714d91a4,KIRC,4.0943445622221,4.073240828015258
TCGA_to_CPTAC,47,coral_pca_hgb,bc8f9b37-2f05-4508-830f-9356b99313dd,UCEC,3.951243718581428,4.771425726048495
TCGA_to_CPTAC,47,coral_pca_hgb,9ad4ac6e-d770-4614-af1e-80a285599bdc,LUAD,3.58351893845611,4.210260761225683
TCGA_to_CPTAC,47,coral_pca_hgb,d00a5d22-92b1-445b-83eb-73409012528f,GBM,3.49650756146648,3.6805971838272074
TCGA_to_CPTAC,47,coral_pca_hgb,67c1aa6e-0bc7-40e2-9742-8f73be3ed450,LUAD,2.19722457733622,4.096244604153285
TCGA_to_CPTAC,47,coral_pca_hgb,7bee0fd7-7834-4a47-81aa-5595f01c9598,UCEC,6.666956792429207,5.177597323482269
TCGA_to_CPTAC,47,coral_pca_hgb,c038d676-4ed6-448a-bcc2-c76e7ba80f75,GBM,3.951243718581428,4.591701113040594
TCGA_to_CPTAC,47,coral_pca_hgb,27663cb9-cfab-4234-88a1-09a1973a9f25,GBM,3.8918202981106265,3.8031157325264617
TCGA_to_CPTAC,47,coral_pca_hgb,cfc3dba9-b0bd-498c-b8fc-33b80a7af835,KIRC,4.007333185232471,4.2212001551346505
TCGA_to_CPTAC,47,coral_pca_hgb,985af43c-51b3-4da1-b0b9-7dc142b292df,SKCM,5.442417710521793,5.280443800749864
TCGA_to_CPTAC,47,coral_pca_hgb,2f9e1f15-769a-43e3-a68d-dde243883422,KIRC,4.219507705176107,3.7203368081814348
TCGA_to_CPTAC,47,coral_pca_hgb,c4c5142d-b3a8-406a-ae7b-63998d2f08bf,SKCM,6.541029999189903,4.257818310535708
TCGA_to_CPTAC,47,coral_pca_hgb,996413b0-bbd5-4df5-9222-6dfb57c53c58,GBM,4.770684624465665,3.689491376499092
TCGA_to_CPTAC,47,coral_pca_hgb,d8319145-589b-4ec3-9618-7c17f3081457,GBM,3.951243718581428,3.994338817219952
TCGA_to_CPTAC,47,coral_pca_hgb,b56a7973-77c8-40c7-92f9-68332ec5e4d5,LUAD,6.710523109452428,5.587780436724305
TCGA_to_CPTAC,47,coral_pca_hgb,8f7bf749-60a0-4007-a75b-212e065d3e95,LUAD,4.74493212836325,3.752039383618016
TCGA_to_CPTAC,47,coral_pca_hgb,aa9aafea-74cd-4899-ba61-95889c8d235b,SKCM,4.74493212836325,5.6303704168275335
TCGA_to_CPTAC,47,coral_pca_hgb,913c4d57-b5b5-4824-860a-36e756fd08bb,LUAD,3.610917912644224,5.033267239424519
TCGA_to_CPTAC,47,coral_pca_hgb,af5d4da4-678e-4ba6-aa14-27ce146fd04e,SKCM,4.927253685157205,5.003151299363504
TCGA_to_CPTAC,47,coral_pca_hgb,fe9a6874-24df-48cf-9959-34e9f8472bb9,SKCM,6.102558594613569,5.911173478160984
TCGA_to_CPTAC,47,coral_pca_hgb,4946b095-1252-477d-b5ad-cc57a0e03089,LUAD,5.808142489980444,5.561346080527686
TCGA_to_CPTAC,47,coral_pca_hgb,65835e17-0795-4ee9-88ee-cf4961244905,GBM,3.4339872044851463,3.669529558099722
TCGA_to_CPTAC,47,coral_pca_hgb,acb1fce1-0f75-48b4-98bd-4fe2a93d0cf0,PAAD,1.9459101490553128,2.369178296494463
TCGA_to_CPTAC,47,coral_pca_hgb,8ac75c82-eb1a-4e9b-bbe9-131a78a9f540,LUAD,5.808142489980444,4.986216540701328
TCGA_to_CPTAC,47,coral_pca_hgb,640401d4-b2fe-44e7-8274-2da074008d33,PAAD,3.688879454113936,3.536743821367647
TCGA_to_CPTAC,47,coral_pca_hgb,5837265c-c788-447c-8b3a-f579601f9129,UCEC,7.240649694255466,6.248735472790606
TCGA_to_CPTAC,47,coral_pca_hgb,1a180fc6-b37a-47de-862f-1991f3096536,LUAD,4.553876891600541,5.184636248027697
TCGA_to_CPTAC,47,coral_pca_hgb,6ba89497-7768-4999-ac6a-8f78414bb14c,UCEC,7.301822342137932,4.575585478735304
TCGA_to_CPTAC,47,coral_pca_hgb,f890b55a-bf86-45fa-96bd-43197b8ddc1c,STAD,6.822197390620491,6.9809206640190276
TCGA_to_CPTAC,47,coral_pca_hgb,6fa5110e-1804-4c24-a171-07355b11eb26,LUAD,6.393590753950631,4.232585122781728
TCGA_to_CPTAC,47,coral_pca_hgb,58447c8d-2e24-4f06-b477-c8a5785ed852,LUAD,5.910796644040527,4.346787824853263
TCGA_to_CPTAC,47,coral_pca_hgb,ba0fe300-d3f0-42fd-b609-3ee3d0e49d7b,LUAD,4.0943445622221,5.159921627523435
TCGA_to_CPTAC,47,coral_pca_hgb,96d07a2f-3e31-4858-b074-b0ee4794f1ab,PAAD,3.8918202981106265,3.454364502898218
TCGA_to_CPTAC,47,coral_pca_hgb,7e317f34-e8a7-4803-beb2-470d5c2ee93f,LUAD,5.262690188904886,4.838980345810753
TCGA_to_CPTAC,47,coral_pca_hgb,98c51a04-d042-47a0-aeeb-f62e4f1eebac,KIRC,3.1780538303479458,4.104627439517431
TCGA_to_CPTAC,47,coral_pca_hgb,a2a050e0-23b8-45ae-888e-010874616996,LUAD,3.912023005428146,4.415850227217137
TCGA_to_CPTAC,47,coral_pca_hgb,d0c3439b-2aae-4893-96c5-c925d2d8de6f,LUAD,3.713572066704308,4.23137490387568
TCGA_to_CPTAC,47,coral_pca_hgb,a629e6ae-5baf-41b8-957e-7657559dd9ec,GBM,4.23410650459726,3.8821359712868966
TCGA_to_CPTAC,47,coral_pca_hgb,9659c59a-0f56-4c97-a447-d1f8c6fe4e52,LUAD,4.248495242049359,5.408558636424578
TCGA_to_CPTAC,47,coral_pca_hgb,905abef2-91b3-4148-9f9e-8c229d51ceea,LAML,1.6094379124341005,2.039312060180257
TCGA_to_CPTAC,47,coral_pca_hgb,c9a5fc5a-3a91-4ed8-88a9-a6c403580580,LAML,1.0986122886681096,1.3202219612906279
TCGA_to_CPTAC,47,coral_pca_hgb,1272f46b-0d75-496b-8f06-cb659d9e22a7,UCEC,7.1308988302963465,5.176221276766922
TCGA_to_CPTAC,47,coral_pca_hgb,bbc25ce8-d6cf-4920-a60b-a7eea2182f64,LUAD,6.16541785423142,6.163046621548577
TCGA_to_CPTAC,47,coral_pca_hgb,15c75ba8-a995-46e3-a7d8-a54fbf310bc0,PAAD,3.367295829986474,4.050830997899738
TCGA_to_CPTAC,47,coral_pca_hgb,e2a5d6ff-d0ce-4a73-93f4-4a7e8a0fe2be,KIRC,3.80666248977032,3.8527427093815376
TCGA_to_CPTAC,47,coral_pca_hgb,a8385441-62e4-4261-babe-4b70c09aaf90,LAML,0.0,1.145033647442935
TCGA_to_CPTAC,47,coral_pca_hgb,2fd1e216-d78d-4adc-baac-c250e8e804d0,SKCM,5.60947179518496,5.095531114786543
TCGA_to_CPTAC,47,coral_pca_hgb,18a9bb46-62fa-4994-9014-fe8dadbcea2a,STAD,7.385851078125209,6.74866316188324
TCGA_to_CPTAC,47,coral_pca_hgb,75196629-c99b-475e-ac48-da4385b66b2f,KIRC,4.204692619390966,3.9975554662302453
TCGA_to_CPTAC,47,coral_pca_hgb,46f4f8c7-bd28-4f38-b783-b6320deffcab,LUAD,2.302585092994046,4.249282154631972
TCGA_to_CPTAC,47,coral_pca_hgb,31934600-36d6-40eb-88bf-31daa639d039,UCEC,4.060443010546419,4.372743275840082
TCGA_to_CPTAC,47,coral_pca_hgb,4c241b93-c11c-4802-94a7-07f125267ba3,LUAD,6.008813185442595,5.778538548104971
TCGA_to_CPTAC,47,coral_pca_hgb,135ccd52-ece1-442a-aa8e-a155dffc2333,LAML,1.6094379124341005,1.1009418550127446
TCGA_to_CPTAC,47,coral_pca_hgb,fa2f2edc-18b6-4379-8b63-d389f1c82df2,GBM,4.02535169073515,3.777432439121831
TCGA_to_CPTAC,47,coral_pca_hgb,79ea2d3a-7ab5-4312-a09d-ff7571057e64,UCEC,3.9889840465642745,4.195760092944925
TCGA_to_CPTAC,47,coral_pca_hgb,172d2d9a-7f4e-46b2-91c9-ad1c75d0aef8,STAD,2.70805020110221,3.8165732485761747
TCGA_to_CPTAC,47,coral_pca_hgb,af85d94e-6352-4baf-9fc4-9dc8d7ded612,KIRC,1.791759469228055,5.313699434978983
TCGA_to_CPTAC,47,coral_pca_hgb,9c8307c8-0e33-4b81-9dd3-8f07655004ec,SKCM,5.916202062607435,5.062377685143622
TCGA_to_CPTAC,47,coral_pca_hgb,4d3ea8f7-10fe-4a79-a8db-7eca535633ef,PAAD,3.4657359027997265,3.5051264915915126
TCGA_to_CPTAC,47,coral_pca_hgb,fed33fff-0310-42ad-a7dc-d563792f18cc,PAAD,3.713572066704308,3.52824357456269
TCGA_to_CPTAC,47,coral_pca_hgb,65945565-0607-4dcc-ab84-6233a9b3156b,LAML,1.3862943611198906,2.0624966211521203
TCGA_to_CPTAC,47,coral_pca_hgb,c0607363-1082-4ce9-a642-e9b2b903ae88,UCEC,7.825644732219989,4.206340327883971
TCGA_to_CPTAC,47,coral_pca_hgb,6eacd8a4-483d-4935-95c0-873464493949,PAAD,3.610917912644224,3.2548916561107832
TCGA_to_CPTAC,47,coral_pca_hgb,eb5a0f5a-1615-4f4a-b3dd-1eb573cfd1c0,LUAD,6.415096959171596,5.270543850366465
TCGA_to_CPTAC,47,coral_pca_hgb,0d2fac7a-e96e-4ee9-8f2b-054d65d13cb6,KIRC,3.9889840465642745,4.102464203628828
TCGA_to_CPTAC,47,coral_pca_hgb,a176d63e-e9ac-4fe0-8906-051adc48a898,KIRC,3.912023005428146,4.061411344174239
TCGA_to_CPTAC,47,coral_pca_hgb,f9a63d56-94cb-4f15-ac35-7c59a08f4104,GBM,3.367295829986474,3.7709781796741564
TCGA_to_CPTAC,47,coral_pca_hgb,82f50b8c-08c7-4049-b505-ed339cf56d5f,UCEC,3.951243718581428,4.503493585093153
TCGA_to_CPTAC,47,coral_pca_hgb,af611aef-c369-4941-959e-a68838e2b2f2,LUAD,4.543294782270004,4.109594225199558
TCGA_to_CPTAC,47,coral_pca_hgb,4f2d6706-3231-4cc0-81a0-b9229a23acbd,GBM,8.137980454452139,4.4834206353316715
TCGA_to_CPTAC,47,coral_pca_hgb,438ebff2-0d2d-4c29-958c-4d8a9833543a,UCEC,4.04305126783455,4.332234147825056
TCGA_to_CPTAC,47,coral_pca_hgb,06f78780-5303-4010-aa39-59a4e0610708,SKCM,3.295836866004329,5.198588828290476
TCGA_to_CPTAC,47,coral_pca_hgb,0319896f-294b-4c76-853a-17592698a88c,LUAD,3.4339872044851463,4.856643118881707
TCGA_to_CPTAC,47,coral_pca_hgb,d9b06a3b-a098-45a2-9b13-c86fd8c14b28,SKCM,7.91862865334224,5.889914976886106
TCGA_to_CPTAC,47,coral_pca_hgb,73244fee-63ed-4612-90ef-6d60c0c2a525,UCEC,5.831882477283517,4.942468144516938
TCGA_to_CPTAC,47,coral_pca_hgb,5c49db48-7e22-44f5-89bc-5cd75ba4c05a,LUAD,1.791759469228055,2.994036392743284
TCGA_to_CPTAC,47,coral_pca_hgb,d4f90900-3b81-4015-8e11-4b4525345063,LUAD,6.453624998892692,6.472422022404307
TCGA_to_CPTAC,47,coral_pca_hgb,e34afb7a-43e1-4bcc-b266-7d12a9018d58,KIRC,4.219507705176107,3.929891092616184
TCGA_to_CPTAC,47,coral_pca_hgb,efab6f4b-779e-44d1-afaf-221b4727bbe9,LAML,2.639057329615259,2.419840108593352
TCGA_to_CPTAC,47,coral_pca_hgb,b001c1a7-7e7f-4251-adfb-19365b46f4ad,GBM,3.688879454113936,3.5416048845528705
TCGA_to_CPTAC,47,coral_pca_hgb,dc371c9c-9ea3-4d19-969e-34b9c7b3ada2,LUAD,5.945420608606575,5.445231164683764
TCGA_to_CPTAC,47,coral_pca_hgb,319b7d38-2214-4efc-bc53-3d184a8053fe,LUAD,5.814130531825066,5.422265140655786
TCGA_to_CPTAC,47,coral_pca_hgb,d7eebf1c-fd62-4b8a-8464-a4cad682e120,SKCM,5.739792912179234,4.755042864733432
TCGA_to_CPTAC,47,coral_pca_hgb,a08b347f-76f9-454d-8800-d4ed138e22ba,SKCM,3.555348061489413,5.485442179595407
TCGA_to_CPTAC,47,coral_pca_hgb,a36d7130-dd34-4ae2-b425-c94a889983e7,SKCM,6.018593214496234,5.465882373592948
TCGA_to_CPTAC,47,coral_pca_hgb,5b42f039-e9ca-4f1e-ae33-e3656e5530eb,SKCM,4.04305126783455,4.449362544569857
TCGA_to_CPTAC,47,coral_pca_hgb,5c0d8844-86ab-4191-a4ef-d352b970503e,LAML,1.9459101490553128,1.4100685189726936
TCGA_to_CPTAC,47,coral_pca_hgb,ee230fa2-b736-4609-9693-6893f847b088,LAML,0.0,1.553877212119143
TCGA_to_CPTAC,47,coral_pca_hgb,5b767817-54ae-459f-b1cf-837e09025e99,UCEC,5.683579767338681,4.534679069298906
TCGA_to_CPTAC,47,coral_pca_hgb,3491e1f7-0c09-42f8-b20f-2a6d32426c64,LUAD,6.040254711277414,4.964288266223598
TCGA_to_CPTAC,47,coral_pca_hgb,8d20890e-d4eb-40d1-8122-3cb26e302894,LUAD,5.2832037287379885,5.064403726470385
TCGA_to_CPTAC,47,coral_pca_hgb,a8f54b7a-bd04-4e5e-8db7-5698baec0c4a,LAML,0.0,1.0605628044843802
TCGA_to_CPTAC,47,coral_pca_hgb,217bbeb4-6b93-47d9-808f-14fd17e9b3b4,LUAD,5.613128106388071,5.310948423473701
TCGA_to_CPTAC,47,coral_pca_hgb,3348ec86-9b46-4f5b-85ad-1a126385b695,KIRC,3.044522437723423,3.947555617787962
TCGA_to_CPTAC,47,coral_pca_hgb,f93309bd-8513-4f06-b072-bd315a13d0c2,LAML,2.4849066497880004,1.2775222475775554
TCGA_to_CPTAC,47,coral_pca_hgb,d2ba6170-58a2-424f-974d-403af8f2f6e5,KIRC,3.87120101090789,4.086055322906665
TCGA_to_CPTAC,47,coral_pca_hgb,01db2fd5-6443-4ed8-8318-3ef4f9012450,UCEC,3.58351893845611,4.714517842673952
TCGA_to_CPTAC,47,coral_pca_hgb,626bfe63-0c8d-4ff6-95cb-861b3aed92c8,STAD,4.007333185232471,3.7498763707504934
TCGA_to_CPTAC,47,coral_pca_hgb,ecd86bbc-cf55-4103-95c8-a84cc80386c4,STAD,4.110873864173311,4.447224786052466
TCGA_to_CPTAC,47,coral_pca_hgb,0d4450ac-b44f-4b9b-a41e-c2ed8ba3e3b2,LUAD,5.493061443340548,4.986719205849768
TCGA_to_CPTAC,47,coral_pca_hgb,d97155ab-8817-4b53-b8db-7cf57528098e,SKCM,5.298317366548036,5.712611599458433
TCGA_to_CPTAC,47,coral_pca_hgb,edb559d9-0468-4321-9e97-937b6f3ecd14,PAAD,3.258096538021482,4.161778134076813
TCGA_to_CPTAC,47,coral_pca_hgb,533e8ab7-099b-458d-bd82-ccaa066b5f82,GBM,3.737669618283368,3.9328033684024226
TCGA_to_CPTAC,47,coral_pca_hgb,dfea15bc-20f4-4c35-bf8b-b212960dfa62,KIRC,4.3694478524670215,4.1334602707254495
TCGA_to_CPTAC,47,coral_pca_hgb,3ef461af-dc04-4186-948d-64919cd2ce5a,SKCM,5.44673737166631,4.907625604942994
TCGA_to_CPTAC,47,coral_pca_hgb,7be06965-dab8-4557-b7fc-982546301f0c,KIRC,4.07753744390572,3.6556941776467404
TCGA_to_CPTAC,47,coral_pca_hgb,4a6039f3-ac9f-4034-a91f-ee90bee63f27,PAAD,3.828641396489095,4.5425960179253035
TCGA_to_CPTAC,47,coral_pca_hgb,94fd2f4b-4624-4c77-b02e-8943cffcabd1,LUAD,3.58351893845611,5.765012829846738
TCGA_to_CPTAC,47,coral_pca_hgb,e21968d0-4d72-4a83-88ce-4a8c13190b21,LAML,0.0,1.1059384495454643
TCGA_to_CPTAC,47,coral_pca_hgb,c7b9cd75-21c0-4c73-b81c-addbf9692409,SKCM,6.403574197934815,5.011215449045086
TCGA_to_CPTAC,47,coral_pca_hgb,5ea1361a-050d-4fa0-be59-b530c456b6e3,PAAD,3.295836866004329,3.746038550498134
TCGA_to_CPTAC,47,coral_pca_hgb,3b417f44-bc66-4989-8a74-bee69e7f4050,LUAD,3.9889840465642745,5.044098641275562
TCGA_to_CPTAC,47,coral_pca_hgb,c5395745-12b3-4310-95fb-b1bf44a70ac3,GBM,3.912023005428146,3.808212444584456
TCGA_to_CPTAC,47,coral_pca_hgb,560b15ee-4b09-46da-8b7c-b9bf49b603e8,LAML,3.044522437723423,1.914596616789755
TCGA_to_CPTAC,47,coral_pca_hgb,ed7a77f8-41ad-4b25-b04a-6c362d8d78dd,UCEC,8.330140460246382,6.073452039374742
TCGA_to_CPTAC,47,coral_pca_hgb,82ac2853-17a0-446c-90b0-307a72c961d1,KIRC,3.688879454113936,4.201913356347816
TCGA_to_CPTAC,47,coral_pca_hgb,ba8f974d-af1c-41bb-8099-d6bcffabe908,KIRC,3.6635616461296463,3.8472573115673843
TCGA_to_CPTAC,47,coral_pca_hgb,5071d75d-cd23-419b-96d3-0f0a241e00e9,PAAD,3.8918202981106265,3.6140283868030574
TCGA_to_CPTAC,47,coral_pca_hgb,a6e48442-0ae4-4507-81cc-8f2e50aa5438,LAML,1.3862943611198906,1.9223154446416553
TCGA_to_CPTAC,47,coral_pca_hgb,943fe5a1-b65c-4387-bca2-4f5f8758a344,SKCM,6.077642243349034,4.895264011110884
TCGA_to_CPTAC,47,coral_pca_hgb,2bdac74b-c588-4697-8d91-705456d205fe,LUAD,6.333279628139691,5.409153348560622
TCGA_to_CPTAC,47,coral_pca_hgb,6ca730eb-4b20-4b2b-9c8c-17da5b2ae382,GBM,4.394449154672439,3.65176682480279
TCGA_to_CPTAC,47,coral_pca_hgb,01b7ac35-49e3-48db-a081-2971b807445f,PAAD,2.833213344056216,2.2185680265993932
TCGA_to_CPTAC,47,coral_pca_hgb,235e3ff0-5389-48c6-8d25-7e8bc9ee14b6,LUAD,4.406719247264253,4.423820299657791
TCGA_to_CPTAC,47,coral_pca_hgb,eb57d6a2-55c1-47dd-96a9-5a7d011cb987,STAD,4.04305126783455,5.560342995660294
TCGA_to_CPTAC,47,coral_pca_hgb,1309999e-853f-4f99-84a2-1095e674f5ae,PAAD,2.639057329615259,2.751391153645745
TCGA_to_CPTAC,47,coral_pca_hgb,62bfcefd-ab89-4a9b-b4d1-f6c97de85807,SKCM,5.968707559985366,4.642938577455273
TCGA_to_CPTAC,47,coral_pca_hgb,5718a50d-332c-4882-8736-2ca8989946dd,GBM,2.079441541679836,3.429075658948199
TCGA_to_CPTAC,47,coral_pca_hgb,c9c01ce2-2ffa-44ca-85b4-c6ee1d1d7ce8,LUAD,5.14166355650266,5.19016798593956
TCGA_to_CPTAC,47,coral_pca_hgb,790311a4-0898-447f-b36a-05b46d91e307,LUAD,6.139884552226255,5.197742884965254
TCGA_to_CPTAC,47,coral_pca_hgb,a25d1047-ac0f-40db-b6aa-c6f219eb48da,LUAD,5.030437921392435,4.858237571928816
TCGA_to_CPTAC,47,coral_pca_hgb,cd6ed695-bd67-4edb-8100-0d4207beb862,LUAD,2.995732273553991,3.7600775092478345
TCGA_to_CPTAC,47,coral_pca_hgb,cf806878-386b-4416-a840-96d104ecb123,PAAD,3.49650756146648,2.9114596750300943
TCGA_to_CPTAC,47,coral_pca_hgb,e877fa30-5518-47ec-8f8e-0c70679e5d47,SKCM,6.253828811575473,5.460172801429558
TCGA_to_CPTAC,47,coral_pca_hgb,a1da2f64-5a24-4e6b-abc1-e70aae23082c,GBM,3.9318256327243257,4.4013574351991265
TCGA_to_CPTAC,47,coral_pca_hgb,584c6d9b-fd81-47db-b9a8-1cf0bb8bc102,STAD,4.143134726391533,4.903160097125318
TCGA_to_CPTAC,47,coral_pca_hgb,c954ffd0-f64f-4cee-a802-48e0960f7910,KIRC,3.713572066704308,3.8133871953008067
TCGA_to_CPTAC,47,coral_pca_hgb,4d90e871-0ea9-4067-bed6-c32647e5f323,GBM,4.007333185232471,4.205641988233297
TCGA_to_CPTAC,47,coral_pca_hgb,0ca627b8-1b3f-4bf3-9626-1129fbe0b59d,UCEC,3.555348061489413,4.803198818580101
TCGA_to_CPTAC,47,coral_pca_hgb,e18e35d5-deeb-4aac-894e-95fd0e51425d,SKCM,6.327936783729195,5.015740116770964
TCGA_to_CPTAC,47,coral_pca_hgb,19f3ac85-8452-4b14-943c-eefad5541599,PAAD,3.49650756146648,3.6713206667453475
TCGA_to_CPTAC,47,coral_pca_hgb,ecbe76d2-fd29-4160-85b5-1f60bb4e0ae4,SKCM,7.338888133838879,4.548354798980658
TCGA_to_CPTAC,47,coral_pca_hgb,d2f97b9f-30fc-48cf-8120-e7d1d3c4f71f,PAAD,3.295836866004329,2.9501423423745416
TCGA_to_CPTAC,47,coral_pca_hgb,ce1ca93c-73f2-43e8-a060-c0a6f975203d,LUAD,6.3835066348840055,5.354381530779703
TCGA_to_CPTAC,47,coral_pca_hgb,0a497fd3-c5fe-4f4b-91cf-1cc99da46d12,UCEC,3.5263605246161616,4.238634832491861
TCGA_to_CPTAC,47,coral_pca_hgb,b914a2f6-5b6c-4d76-ae72-c73b9f27fd10,GBM,3.4657359027997265,4.001432054816468
TCGA_to_CPTAC,47,coral_pca_hgb,c61779ae-cd1e-47c4-8d2b-a2a1e5d8f8af,UCEC,3.49650756146648,5.471726665429883
TCGA_to_CPTAC,47,coral_pca_hgb,2bd2a5ce-c7e7-427d-94c1-6d9f76b35e7f,STAD,4.189654742026425,3.850939256398044
TCGA_to_CPTAC,47,coral_pca_hgb,b13abb7a-7188-4e06-8b8b-381dfd63e03c,KIRC,4.158883083359672,4.018694040451991
TCGA_to_CPTAC,47,coral_pca_hgb,38affdde-33c9-4f8b-8987-6e158bc47651,LAML,0.6931471805599453,1.9990877047938516
TCGA_to_CPTAC,47,coral_pca_hgb,1005a908-ad6c-456e-bc6a-a9b2f108e0e8,LAML,2.5649493574615367,2.0556031315939105
TCGA_to_CPTAC,47,coral_pca_hgb,f54ddbc9-5251-4db0-ba83-0dae7d2ce40c,GBM,0.0,2.3521602513561586
TCGA_to_CPTAC,47,coral_pca_hgb,f2df94cf-cde1-4af3-b6c3-e81211f31cb2,SKCM,5.176149732573829,5.05829920399407
TCGA_to_CPTAC,47,coral_pca_hgb,be212ea8-2c88-4265-b9d5-9823e79c7f8f,SKCM,4.955827057601261,5.0814816613044185
TCGA_to_CPTAC,47,coral_pca_hgb,ddfcaa24-47d1-40e9-af66-3976d8b6bf2b,LUAD,5.19295685089021,5.89087079485837
TCGA_to_CPTAC,47,coral_pca_hgb,6f288d20-3ebf-4aef-9803-94ecf17d2afe,LAML,1.791759469228055,1.5820989862244785
TCGA_to_CPTAC,47,coral_pca_hgb,4b15d5f5-2740-4ce8-9603-bbb494d7fb25,LAML,0.0,1.1272866302011144
TCGA_to_CPTAC,47,coral_pca_hgb,8a2a211f-4ef7-4aa8-bef3-ba3c2803661d,KIRC,4.382026634673881,4.207732488301892
TCGA_to_CPTAC,47,coral_pca_hgb,ca540923-722b-4ecd-9590-57ec28619dde,GBM,4.007333185232471,3.933049614619861
TCGA_to_CPTAC,47,coral_pca_hgb,96a87267-2168-4c71-8b0b-84510401f5c3,SKCM,7.170119543449628,3.5205097668053016
TCGA_to_CPTAC,47,coral_pca_hgb,db1f6497-d75d-4911-b1b3-32f97632ca3e,LUAD,6.543911845564792,5.7254042213754275
TCGA_to_CPTAC,47,coral_pca_hgb,600ec637-0fa7-4e57-83e8-2c4149393507,GBM,4.04305126783455,4.2385329625991135
TCGA_to_CPTAC,47,coral_pca_hgb,1adb616b-b665-4c33-8a8e-f7578210d6ba,LAML,1.6094379124341005,1.2016074340292553
TCGA_to_CPTAC,47,coral_pca_hgb,10b96620-545a-4d3f-bad4-b97a9d0835a2,LAML,2.079441541679836,1.48405117316925
TCGA_to_CPTAC,47,coral_pca_hgb,6642db77-e866-4adb-9462-88b9f4605738,SKCM,4.382026634673881,5.7010983712057515
TCGA_to_CPTAC,47,coral_pca_hgb,f95bc5d4-302b-46f8-87ec-c8cee519e54c,SKCM,3.555348061489413,5.174597154245311
TCGA_to_CPTAC,47,coral_pca_hgb,3e80dfe2-d623-44c4-824f-2a4d4082ccbf,SKCM,2.995732273553991,5.003753288857401
TCGA_to_CPTAC,47,coral_pca_hgb,0f0d4692-5e90-4cc6-bc4c-769baa3e3a1e,UCEC,3.610917912644224,4.490240767558579
TCGA_to_CPTAC,47,coral_pca_hgb,f037cda9-3c05-4778-b235-01c2a95dc432,STAD,7.5883236773352225,6.6575178121285585
TCGA_to_CPTAC,47,coral_pca_hgb,d86c3d4a-861b-4211-9bcd-c9669fcc480b,GBM,3.610917912644224,4.185991475004881
TCGA_to_CPTAC,47,coral_pca_hgb,3fefb339-ed11-4bf8-8a32-6b51247ca537,SKCM,6.795705775173515,5.111715315106033
TCGA_to_CPTAC,47,coral_pca_hgb,ad9a7ce1-9f9e-4092-8eae-493297289022,KIRC,4.0943445622221,3.8812905014349153
TCGA_to_CPTAC,47,coral_pca_hgb,24ccb786-b8f2-4dfd-a065-a928f240d79e,PAAD,3.8501476017100575,2.982704579907694
TCGA_to_CPTAC,47,coral_pca_hgb,fab863a1-138e-4caf-8489-409d05511795,UCEC,4.23410650459726,4.857076842938869
TCGA_to_CPTAC,47,coral_pca_hgb,8fcbe28c-3fe2-4001-8f43-1ba964e4288b,LUAD,5.968707559985366,6.618332792043293
TCGA_to_CPTAC,47,coral_pca_hgb,4c055580-81e1-48e6-bb81-f607b393b053,GBM,3.4657359027997265,4.329760722080329
TCGA_to_CPTAC,47,coral_pca_hgb,852271fb-3739-411b-a708-68974ac8991a,UCEC,3.49650756146648,3.906705487264966
TCGA_to_CPTAC,47,coral_pca_hgb,03222b71-46a2-4bb4-ba2e-bcc9e658328c,KIRC,3.044522437723423,3.221701474206725
TCGA_to_CPTAC,47,coral_pca_hgb,aa76081e-91cd-48f4-947d-fa7d5c3424a5,SKCM,5.2574953720277815,6.303032684865725
TCGA_to_CPTAC,47,coral_pca_hgb,40b75d78-3d5d-455d-9b71-e22ec45ede70,LAML,2.079441541679836,1.748844539985437
TCGA_to_CPTAC,47,coral_pca_hgb,8cce8ac6-b14f-4ead-a0c9-d8a56c3dcf90,LUAD,5.3612921657094255,5.487638389509162
TCGA_to_CPTAC,47,coral_pca_hgb,c471fc2f-f9b6-41c1-81d3-0f572595dc14,GBM,3.8918202981106265,3.890899781261078
TCGA_to_CPTAC,47,coral_pca_hgb,3892e1d7-a1a3-40d6-bce6-1785cfa599d1,UCEC,3.4657359027997265,4.2846918236763125
TCGA_to_CPTAC,47,coral_pca_hgb,ac8eb54a-5f1b-4838-8231-0ca6f0eceb8f,SKCM,6.8501261661455,4.690464569574309
TCGA_to_CPTAC,47,coral_pca_hgb,81d68662-e30b-48fd-b659-e991a3119445,PAAD,3.332204510175204,3.362257882598277
TCGA_to_CPTAC,47,coral_pca_hgb,a9a75565-4e4d-4fe1-8775-a51bc98418b5,LUAD,5.225746673713202,4.2179232238832585
TCGA_to_CPTAC,47,coral_pca_hgb,85a832ca-97ce-459f-a8f2-9fa7960ea366,GBM,3.295836866004329,3.4759053240659776
TCGA_to_CPTAC,47,coral_pca_hgb,36ae1bce-49a9-4818-8529-94ae62a1b0c2,KIRC,3.4011973816621555,4.013630610657785
TCGA_to_CPTAC,47,coral_pca_hgb,4ee85d91-504d-4389-ab5a-e37b2cebdbcf,UCEC,3.610917912644224,3.5548268565783845
TCGA_to_CPTAC,47,coral_pca_hgb,6cb217d6-0e12-49d0-ad8d-df926ec3bf78,KIRC,4.31748811353631,4.37623463531175
TCGA_to_CPTAC,47,coral_pca_hgb,717c0912-b1bf-40f4-abbf-bcb2ec4f9d2a,UCEC,4.276666119016055,4.786415215023328
TCGA_to_CPTAC,47,coral_pca_hgb,4f65a41a-32ab-4b78-aff4-f8c1316687ad,GBM,3.8918202981106265,4.5115544273393455
TCGA_to_CPTAC,47,coral_pca_hgb,cee9f947-e003-43dc-ac62-a57fcbd119db,SKCM,6.282266746896006,5.9926456797527585
TCGA_to_CPTAC,47,coral_pca_hgb,052ed1a3-b3bf-4f89-995b-bb1c51f9dd3f,STAD,4.5217885770490405,4.243697283385859
TCGA_to_CPTAC,47,coral_pca_hgb,aadb8624-dbd7-424a-ab0b-ed326c088c70,KIRC,3.713572066704308,4.052269043159732
TCGA_to_CPTAC,47,coral_pca_hgb,03e25765-6e83-46f7-a4da-c0fdf753e336,LAML,0.6931471805599453,1.8425934073171362
TCGA_to_CPTAC,47,coral_pca_hgb,2953520d-477e-49ef-afd2-84f577f34302,KIRC,3.80666248977032,3.925839688978783
TCGA_to_CPTAC,47,coral_pca_hgb,ed9c82fb-ed4d-4254-a078-20a34cf82283,GBM,3.8918202981106265,3.9090051013190745
TCGA_to_CPTAC,47,coral_pca_hgb,0449aa40-ee66-45c5-baa7-db48dbcc7702,LUAD,5.262690188904886,5.442707948883267
TCGA_to_CPTAC,47,coral_pca_hgb,a3958fd8-24c9-4253-91d4-97704f44c0ed,SKCM,5.942799375126701,5.942743274998705
TCGA_to_CPTAC,47,coral_pca_hgb,57b77987-c2ff-4b1c-a4fa-0c5b9c2b5171,SKCM,2.995732273553991,5.0993771460922614
TCGA_to_CPTAC,47,coral_pca_hgb,d7f19a25-e379-4977-8be7-19daefb60acc,KIRC,2.8903717578961645,2.821077851706688
TCGA_to_CPTAC,47,coral_pca_hgb,f7d27f30-33bc-4261-9192-9e6c31416859,KIRC,3.044522437723423,3.6997782864530038
TCGA_to_CPTAC,47,coral_pca_hgb,caf7ccbe-e17a-4dcd-a6a3-aaa9848a9858,UCEC,3.713572066704308,3.9726194793678307
TCGA_to_CPTAC,47,coral_pca_hgb,f8097f4f-ceff-4dbd-8960-539fe8d0dff0,LUAD,6.278521424165844,5.435773904378386
TCGA_to_CPTAC,47,coral_pca_hgb,be818f7f-c64f-43d8-9285-37d3ce16a1b1,PAAD,3.688879454113936,3.8265210084284393
TCGA_to_CPTAC,47,coral_pca_hgb,d558f673-2e79-487f-a2c5-1745e536e970,LAML,2.302585092994046,2.3114978487224427
TCGA_to_CPTAC,47,coral_pca_hgb,838cd4b5-7c3a-4794-9909-b48b21fafef6,GBM,4.219507705176107,5.127989895189629
TCGA_to_CPTAC,47,coral_pca_hgb,54729c4f-cc5b-45ad-a054-5ae7f7670a19,SKCM,3.951243718581428,5.609898500805107
TCGA_to_CPTAC,47,coral_pca_hgb,5fd8d17e-57d2-4270-8728-de259ff6b2fe,KIRC,4.31748811353631,4.154655433789108
TCGA_to_CPTAC,47,coral_pca_hgb,aba224a6-8ab2-4720-bc7a-efe0b3a863e1,PAAD,3.951243718581428,3.843724064584121
TCGA_to_CPTAC,47,coral_pca_hgb,060c90ec-9339-4be9-ae2a-a0ae82feaf56,KIRC,2.772588722239781,3.2830397863545073
TCGA_to_CPTAC,47,coral_pca_hgb,7cb81ac8-33c5-4a38-bddf-68699f40b022,LUAD,7.213768308118642,5.800930799944859
TCGA_to_CPTAC,47,coral_pca_hgb,d28c7ed6-339d-49d7-b571-9dd08019ff67,UCEC,6.38856140554563,4.8780007591139185
TCGA_to_CPTAC,47,coral_pca_hgb,0841a5fd-d084-4a33-abd5-4c43e4d3b8d1,LAML,0.0,3.00027327926112
TCGA_to_CPTAC,47,coral_pca_hgb,454eec93-31fa-4b28-8cce-dfaf87c6cf44,KIRC,4.77912349311153,3.9805814614531063
TCGA_to_CPTAC,47,coral_pca_hgb,5bbdafef-dde1-45c5-a2c9-433ce7b246a8,PAAD,4.406719247264253,4.92592312953822
TCGA_to_CPTAC,47,coral_pca_hgb,491fd388-9cd7-43ff-8073-dedda161b792,UCEC,6.529418838262226,6.314023790419736
TCGA_to_CPTAC,47,coral_pca_hgb,192571db-fc43-46e9-9f25-d2db46aadba6,LUAD,5.429345628954441,5.079185473750735
TCGA_to_CPTAC,47,coral_pca_hgb,19862527-683d-4f46-83ad-b516a78b41e8,STAD,3.970291913552122,4.65629766957582
TCGA_to_CPTAC,47,coral_pca_hgb,238acf00-08a2-46c4-abe6-175446f440dc,STAD,5.796057750765372,5.565098472443286
TCGA_to_CPTAC,47,coral_pca_hgb,56a920a1-d089-4e40-a155-d2a6c0ec6716,UCEC,4.189654742026425,4.199443733001959
TCGA_to_CPTAC,47,coral_pca_hgb,e5a96d45-78da-40a8-a599-b02b44a8a4ff,STAD,4.969813299576001,4.603537257560878
TCGA_to_CPTAC,47,coral_pca_hgb,441b356e-c446-44ff-905b-9b3d7a909542,LAML,1.791759469228055,1.3458947265717904
TCGA_to_CPTAC,47,coral_pca_hgb,8ea640ce-796c-44cf-bef2-42d7057a9e22,STAD,3.332204510175204,3.494003706052482
TCGA_to_CPTAC,47,coral_pca_hgb,723bc859-7672-4990-8166-46d093547cca,LUAD,6.133398042996649,5.8312397245616445
TCGA_to_CPTAC,47,coral_pca_hgb,b71d54cf-9e98-4963-9219-62bc308ed4fb,LAML,0.0,0.6631098115542873
TCGA_to_CPTAC,47,coral_pca_hgb,b9ef0612-99fc-4bcd-9836-ef1f806b96f6,SKCM,8.432070937999402,5.518883853006377
TCGA_to_CPTAC,47,coral_pca_hgb,f1c368cd-17d0-4c42-b6da-ce7e048c3b92,STAD,7.529406457837013,6.22388440278191
TCGA_to_CPTAC,47,coral_pca_hgb,837ed611-5452-4918-a04b-e6e46413a8f1,LUAD,3.295836866004329,5.141089572715703
TCGA_to_CPTAC,47,coral_pca_hgb,7c903802-1f50-412a-9a9d-646065f0eea2,LUAD,6.352629396319567,5.569974224854614
TCGA_to_CPTAC,47,coral_pca_hgb,e191a2d9-af97-43e6-a15c-a9ff85859436,LUAD,5.181783550292085,4.704382411715225
TCGA_to_CPTAC,47,coral_pca_hgb,6ecb8620-9dca-4f78-abf7-a8ab6403385a,LAML,1.3862943611198906,1.4788276520395323
TCGA_to_CPTAC,47,coral_pca_hgb,a94807e0-0212-4c5a-b666-74ac828b3791,PAAD,3.7612001156935615,4.147429878159117
TCGA_to_CPTAC,47,coral_pca_hgb,9f28fa0c-b5b1-4cd9-8320-e99e1e5e59c6,GBM,2.995732273553991,3.48864044924606
TCGA_to_CPTAC,47,coral_pca_hgb,e9473087-ea4f-4197-ae8a-cd3f59c38aaa,LUAD,4.634728988229636,5.202549758564503
TCGA_to_CPTAC,47,coral_pca_hgb,bf0d82a0-b477-488d-a1ad-8a05edc53b05,SKCM,3.4657359027997265,5.269226049354737
TCGA_to_CPTAC,47,coral_pca_hgb,7f61dd9d-0cec-46b5-9f5e-82b4131631f1,KIRC,4.290459441148391,4.036741403748514
TCGA_to_CPTAC,47,coral_pca_hgb,bd69e879-9ee0-415d-90ef-ccddd9feaf92,UCEC,6.980075940561763,4.583014036914846
TCGA_to_CPTAC,47,coral_pca_hgb,e8502263-1775-4703-b55b-6829f9fe5f12,SKCM,6.373319789577012,5.115820752554033
TCGA_to_CPTAC,47,coral_pca_hgb,6cafa126-7f2b-4d7f-bb81-b5378a70332b,STAD,7.197435354096591,7.106679561916185
TCGA_to_CPTAC,47,coral_pca_hgb,09023877-f316-4848-8b99-219d943d4a2f,LUAD,3.6635616461296463,4.901292470384248
TCGA_to_CPTAC,47,coral_pca_hgb,9a0072b7-7bde-43b3-a4da-fb5ff9d10f4f,LUAD,4.663439094112067,4.477573655906352
TCGA_to_CPTAC,47,coral_pca_hgb,e4902df5-6209-4f0d-9459-4e8fa04ea6b9,LAML,1.791759469228055,2.2523663432076435
TCGA_to_CPTAC,47,coral_pca_hgb,cc761597-8e99-48a2-967e-b5f9f1cb8135,UCEC,8.567315800819449,8.249346806723798
TCGA_to_CPTAC,47,coral_pca_hgb,e76a3513-b8d8-43f6-bc1b-30e44f0cbac4,PAAD,2.995732273553991,2.4125269010657053
TCGA_to_CPTAC,47,coral_pca_hgb,bcd93ccc-bc50-4526-b4df-6f64a56a1442,LUAD,4.795790545596741,5.644058153024132
TCGA_to_CPTAC,47,coral_pca_hgb,f5c8b225-a9a3-4b22-a924-311c2d24deb6,STAD,4.442651256490317,4.094052699105288
TCGA_to_CPTAC,47,coral_pca_hgb,e82a496d-03a9-4a40-aa04-dc4a2a77bbcd,PAAD,2.3978952727983707,4.47039021709209
TCGA_to_CPTAC,47,coral_pca_hgb,2f344e9f-478a-40a2-99c9-3435fd0b9bbe,KIRC,4.787491742782046,4.4773491858034875
TCGA_to_CPTAC,47,coral_pca_hgb,e6dd953b-28db-43a8-a4f1-9bf260082107,LUAD,5.594711379601839,4.657675228487963
TCGA_to_CPTAC,47,coral_pca_hgb,f657a037-4662-4a2e-9701-c2c7edd1a007,LUAD,3.784189633918261,3.860092839115984
TCGA_to_CPTAC,47,coral_pca_hgb,aec3c953-dd96-402f-807f-9be99d8a8aeb,PAAD,3.8918202981106265,3.4797110520820733
TCGA_to_CPTAC,47,coral_pca_hgb,0b3ed03f-55cb-4a13-8e21-608eb0b96d51,LUAD,5.44673737166631,5.189116442872743
TCGA_to_CPTAC,47,coral_pca_hgb,2e653fba-5d9b-446f-af7f-a986e39ed713,GBM,3.610917912644224,3.686587877719432
TCGA_to_CPTAC,47,coral_pca_hgb,0576d76b-d37c-4df6-9cdd-6397a900c282,PAAD,3.555348061489413,2.985533081019115
TCGA_to_CPTAC,47,coral_pca_hgb,1256a2fe-44c4-4019-a5bc-d188e3c76079,KIRC,3.555348061489413,3.9843377986088546
TCGA_to_CPTAC,47,coral_pca_hgb,f1cb89b0-b67b-47c2-89d5-58aecc44c679,LUAD,6.285998094508865,5.133726688374266
TCGA_to_CPTAC,47,coral_pca_hgb,d012ecb9-911b-4701-a9ed-c0a971f602f0,LAML,2.19722457733622,1.374967458581477
TCGA_to_CPTAC,47,coral_pca_hgb,3f74668a-15a0-4d28-b6df-6a4a04f5e2af,UCEC,6.186208623900494,5.669509957615748
TCGA_to_CPTAC,47,coral_pca_hgb,1632bbd5-d5ba-42e4-aee4-c8637991a892,PAAD,3.80666248977032,3.1251564877136127
TCGA_to_CPTAC,47,coral_pca_hgb,a8cc5f98-315b-43b6-9a5f-b08e65fad32a,KIRC,4.219507705176107,3.6946632151774494
TCGA_to_CPTAC,47,coral_pca_hgb,2072611a-334b-4fb2-8559-d038ffb5fa69,LUAD,5.937536205082426,4.509051599657199
TCGA_to_CPTAC,47,coral_pca_hgb,7025c69a-f585-42be-9442-05ecc9f64985,KIRC,4.189654742026425,4.251533747596433
TCGA_to_CPTAC,47,coral_pca_hgb,960fee61-a36b-4648-96b3-e7e07d8b459b,GBM,4.51085950651685,4.2634316505794905
TCGA_to_CPTAC,47,coral_pca_hgb,df5cca46-9ea2-4105-b298-901a9329614f,GBM,4.61512051684126,3.5175110069452424
TCGA_to_CPTAC,47,coral_pca_hgb,2cb6ca17-edc8-4b84-896b-dc8a3aca5e25,KIRC,3.295836866004329,3.762706615781988
TCGA_to_CPTAC,47,coral_pca_hgb,59773094-4807-414c-b714-be72ae3f4929,SKCM,4.955827057601261,5.74149634399703
TCGA_to_CPTAC,47,coral_pca_hgb,936f72b9-e16d-448b-b6ba-23078dd211b8,PAAD,3.295836866004329,3.4971583009246996
TCGA_to_CPTAC,47,coral_pca_hgb,9969f301-603b-477c-8236-b4ac5227fa52,LUAD,5.860786223465865,5.897394290676587
TCGA_to_CPTAC,47,coral_pca_hgb,34eea9b9-fb58-4508-9f1f-24382d40a18f,STAD,3.367295829986474,4.0402113579932415
TCGA_to_CPTAC,47,coral_pca_hgb,c3007235-8d74-43cf-9725-0f32dfc0883c,STAD,4.0943445622221,3.584633374916837
TCGA_to_CPTAC,47,coral_pca_hgb,b2580fcd-12df-4e51-8b65-90390792b691,KIRC,3.1354942159291497,3.5312850642664007
TCGA_to_CPTAC,47,coral_pca_hgb,1478d7af-6fbe-4c4f-b5b7-997b7d9cec75,PAAD,3.5263605246161616,3.8926537937428565
TCGA_to_CPTAC,47,coral_pca_hgb,67d29568-8cdf-4b73-a942-9a882dd304a4,PAAD,3.6635616461296463,3.07722506429784
TCGA_to_CPTAC,47,coral_pca_hgb,dd186a1e-eb82-4482-ab00-855acddf7992,LUAD,4.499809670330265,4.535343423010009
TCGA_to_CPTAC,47,coral_pca_hgb,70cbdd42-987d-4bae-916a-dff62013351a,KIRC,4.406719247264253,3.910371471305668
TCGA_to_CPTAC,47,coral_pca_hgb,8d062625-5538-40f8-b2d1-ecc0f020fa66,UCEC,6.302618975744905,4.062248230903621
TCGA_to_CPTAC,47,coral_pca_hgb,b288852f-66f5-4949-bc13-883e634313fc,PAAD,3.5263605246161616,4.820065796355223
TCGA_to_CPTAC,47,coral_pca_hgb,bc56ad74-5819-4adf-9236-97e41819bcd7,STAD,3.912023005428146,5.30247707604306
TCGA_to_CPTAC,47,coral_pca_hgb,2919ad54-7676-43cc-b51f-d0a9ad709c70,KIRC,3.9318256327243257,3.9686700526312717
TCGA_to_CPTAC,47,coral_pca_hgb,bae31638-f9ed-4298-89b6-e74422d84ffc,LUAD,5.648974238161206,5.141868305380157
TCGA_to_CPTAC,47,coral_pca_hgb,33e86505-24af-422a-8e24-c5d72a38b5d4,KIRC,4.127134385045092,4.060366549662319
TCGA_to_CPTAC,47,coral_pca_hgb,c06b2ea9-e346-4768-965b-a831db43e252,PAAD,3.555348061489413,3.437367558966916
TCGA_to_CPTAC,47,coral_pca_hgb,534570bd-8513-4944-a65b-95570c3bdcb8,SKCM,6.154858094016418,4.570990864026771
TCGA_to_CPTAC,47,coral_pca_hgb,0f39a97f-5526-4ca0-b83c-229d928c764e,GBM,3.912023005428146,4.255180608510158
TCGA_to_CPTAC,47,coral_pca_hgb,b27d0ac1-393b-4232-aefa-15e505569fd6,LUAD,4.90527477843843,4.6205183183030645
TCGA_to_CPTAC,47,coral_pca_hgb,46fd5848-ddb3-4cbf-97ce-c94d72910679,PAAD,2.8903717578961645,3.724914039746181
TCGA_to_CPTAC,47,coral_pca_hgb,51b21d04-1e46-4131-bbe4-40338731de99,GBM,4.158883083359672,4.537258047790396
TCGA_to_CPTAC,47,coral_pca_hgb,89cf62a5-3ce9-413b-b712-fc10ebc87a5c,LUAD,3.4011973816621555,3.7811671158583318
TCGA_to_CPTAC,47,coral_pca_hgb,df6fa6ae-4858-45bc-ac10-fc23f90a4d2f,LAML,0.0,1.718165743220801
TCGA_to_CPTAC,47,coral_pca_hgb,e34efc80-0ac5-4f2b-8c1c-dd3a4176d544,KIRC,3.58351893845611,3.894379503879087
TCGA_to_CPTAC,47,coral_pca_hgb,e28cc014-3361-4776-9e90-389dff7441fd,LAML,0.0,1.3551772324231808
TCGA_to_CPTAC,47,coral_pca_hgb,dedb2add-52d8-46a5-b599-c72b594359c2,KIRC,3.7612001156935615,3.7800880920209523
TCGA_to_CPTAC,47,coral_pca_hgb,f8614e58-809d-4496-a54e-8f1a1303c202,LUAD,5.541263545158426,5.070147003886242
TCGA_to_CPTAC,47,coral_pca_hgb,36f02a8a-6171-44bb-8386-af671ace4db9,KIRC,3.970291913552122,3.826861249728598
TCGA_to_CPTAC,47,coral_pca_hgb,598b1977-3935-41eb-96bc-ac3938cc4e05,UCEC,6.3784261836515865,6.479706819709677
TCGA_to_CPTAC,47,coral_pca_hgb,32c3aa49-e745-42e2-9367-d3d50fc26152,GBM,3.80666248977032,4.021057145970178
TCGA_to_CPTAC,47,coral_pca_hgb,4f903d30-a16f-48d8-9142-6d43b6029793,KIRC,3.555348061489413,3.994837543565922
TCGA_to_CPTAC,47,coral_pca_hgb,45707f19-75ff-4a03-8c36-48cb0459422e,STAD,7.285506548522786,8.250651079213217
TCGA_to_CPTAC,47,coral_pca_hgb,289b2634-a960-4412-8abc-8de5ab781bf4,UCEC,5.981414211254481,4.696606006563709
TCGA_to_CPTAC,47,coral_pca_hgb,a270e912-5fda-4f46-8450-a77dc78ce53f,GBM,3.4011973816621555,4.4719521558489825
TCGA_to_CPTAC,47,coral_pca_hgb,32ac4fe4-38b2-4ca1-9754-c2c74300b4bf,LUAD,4.653960350157523,3.9457743598973285
TCGA_to_CPTAC,47,coral_pca_hgb,3c055f6e-751a-430d-8549-ce873c0e64b5,UCEC,3.6375861597263857,4.320398854784718
TCGA_to_CPTAC,47,coral_pca_hgb,10308f8f-5298-4a66-9bf9-eb6a18c1923d,UCEC,4.23410650459726,3.6703419308156073
TCGA_to_CPTAC,47,coral_pca_hgb,184d167f-b158-4914-a353-a57b44e7f70e,UCEC,3.828641396489095,4.144053972717309
TCGA_to_CPTAC,47,coral_pca_hgb,12293b79-43ca-4bb5-9045-ccdf2e232e1e,LAML,2.079441541679836,1.5145427410313588
TCGA_to_CPTAC,47,coral_pca_hgb,7bb379a4-433c-434a-a0b9-20c9c2140fea,STAD,5.209486152841421,4.482546344798579
TCGA_to_CPTAC,47,coral_pca_hgb,525aa05b-d7e1-4147-974a-a30b7cafb0cb,SKCM,5.921578419643816,3.8498240361609013
TCGA_to_CPTAC,47,coral_pca_hgb,457097a8-e85b-453a-903d-7d992e70c1c8,LUAD,3.80666248977032,3.940988331622691
TCGA_to_CPTAC,47,coral_pca_hgb,f948cb15-6d54-4fb6-a5f0-9e99e632182e,PAAD,3.218875824868201,3.277476044591636
TCGA_to_CPTAC,47,coral_pca_hgb,211ee1d0-e7e1-42d4-928a-0ac580041459,STAD,4.812184355372417,4.581351950713887
TCGA_to_CPTAC,47,coral_pca_hgb,6e1d2c09-c724-4896-9830-990ca75ac5a0,GBM,3.6375861597263857,4.024312765931904
TCGA_to_CPTAC,47,coral_pca_hgb,8710ce04-6b7f-4e37-adc0-0df1f2798b30,LUAD,6.470799503782602,5.8243046045825775
TCGA_to_CPTAC,47,coral_pca_hgb,3383252d-984e-4c7e-a4fe-f6d596f58d60,STAD,4.174387269895637,3.8258024912689295
TCGA_to_CPTAC,47,coral_pca_hgb,2f77e19c-fd2d-465b-b9b7-5373542b62ae,LUAD,6.311734809152915,5.025656378587461
TCGA_to_CPTAC,47,coral_pca_hgb,87a4026f-90af-4dcb-96be-1be1f3b8797f,PAAD,3.4339872044851463,4.164801100084486
TCGA_to_CPTAC,47,coral_pca_hgb,8b0ed6bd-7eea-4a99-b901-a0a8a858d97a,GBM,3.784189633918261,3.8058717074954895
TCGA_to_CPTAC,47,coral_pca_hgb,e29c57d5-de4c-43e3-8f4e-0b7bdb61482b,KIRC,4.143134726391533,4.512402537447336
TCGA_to_CPTAC,47,coral_pca_hgb,0ed8f612-8459-4773-810c-fc2e7ff74d57,LAML,2.772588722239781,1.8155380173653883
TCGA_to_CPTAC,47,coral_pca_hgb,832d8529-0cb1-427d-a613-adb7cb8f33bc,PAAD,3.1354942159291497,3.4012314699275303
TCGA_to_CPTAC,47,coral_pca_hgb,3765c3e7-06e9-46e2-ae5d-5b53a65cfab8,UCEC,3.49650756146648,4.351722968169956
TCGA_to_CPTAC,47,coral_pca_hgb,3302fb9a-3122-449d-b718-74769aee97af,LUAD,5.541263545158426,4.262726567872718
TCGA_to_CPTAC,47,coral_pca_hgb,abc71fa9-9b79-4653-8457-abd01c4b6515,STAD,6.285998094508865,5.436167441503046
TCGA_to_CPTAC,47,coral_pca_hgb,325f0d77-8f5a-499f-b6b4-92e2ad0b3cab,KIRC,3.951243718581428,4.384263042753388
TCGA_to_CPTAC,47,coral_pca_hgb,8df9a63c-5d21-45d7-929f-4b52b6222f2d,PAAD,2.833213344056216,3.0234013216621
TCGA_to_CPTAC,47,coral_pca_hgb,132c8ce3-b670-43c6-9ba1-4be9188cedce,GBM,3.5263605246161616,3.7575986925550158
TCGA_to_CPTAC,47,coral_pca_hgb,b572a483-5a48-4d97-a4af-6eefd1708730,LAML,1.6094379124341005,1.4663989037539453
TCGA_to_CPTAC,47,coral_pca_hgb,aa8049c3-dd40-46d3-b204-c30618bdfbe8,STAD,7.201916317531627,6.402893153905313
TCGA_to_CPTAC,47,coral_pca_hgb,07057080-464f-455d-a267-2301c721ded2,LUAD,4.3694478524670215,4.467289479393594
TCGA_to_CPTAC,47,coral_pca_hgb,595dbf48-2238-41fc-9c78-d1b483560b01,LUAD,5.117993812416755,4.244478917387873
TCGA_to_CPTAC,47,coral_pca_hgb,6e8374c8-7868-4eb0-9408-c99665cb3f5c,KIRC,3.58351893845611,3.6403042939258685
TCGA_to_CPTAC,47,coral_pca_hgb,cda51538-afb7-4428-9530-81ce928f0f98,GBM,3.6635616461296463,4.429162265054419
TCGA_to_CPTAC,47,coral_pca_hgb,7d6a423b-b75d-4da7-a63d-a1f432e140aa,LUAD,6.333279628139691,6.142608406250208
TCGA_to_CPTAC,47,coral_pca_hgb,438e5345-b54e-49e4-bad9-f1bc38839463,LUAD,5.272999558563747,5.386217672957321
TCGA_to_CPTAC,47,coral_pca_hgb,3bba88bf-3a0c-4788-940f-5407b9e86971,PAAD,1.3862943611198906,4.163125527613289
TCGA_to_CPTAC,47,coral_pca_hgb,a7538fb6-01f4-4220-9977-3f4a5bd9c685,SKCM,6.670766320845874,4.688279885635588
TCGA_to_CPTAC,47,coral_pca_hgb,dec53f07-b7e7-4f9b-be33-a7121c1973c1,SKCM,6.413458957167357,5.842240451412815
TCGA_to_CPTAC,47,coral_pca_hgb,ca619ceb-394e-47e2-b9fb-55d728cf7995,SKCM,5.749392985908253,5.025761850962233
TCGA_to_CPTAC,47,coral_pca_hgb,1a63871a-d1ce-4ecd-904c-99f7814a7c41,GBM,3.49650756146648,3.471120048120439
TCGA_to_CPTAC,47,coral_pca_hgb,32647966-e243-4cbf-ad05-6041071853c4,LUAD,5.272999558563747,5.126504056987693
TCGA_to_CPTAC,47,coral_pca_hgb,a0355dd9-d08e-4ad8-b78c-42c599136ad2,GBM,4.343805421853684,4.954946428464088
TCGA_to_CPTAC,47,coral_pca_hgb,ffad76a6-045c-4005-9088-6deb8b83f0ec,KIRC,2.8903717578961645,3.7881218017821134
TCGA_to_CPTAC,47,coral_pca_hgb,c4879830-e0fe-4862-92f2-bae29f58fa47,LUAD,6.997595982981927,5.409910153486568
TCGA_to_CPTAC,47,coral_pca_hgb,fd0cd324-0557-4946-8ea9-55ad2032a31b,LUAD,6.139884552226255,4.999057702928753
TCGA_to_CPTAC,47,coral_pca_hgb,e79e01ec-8857-4f55-9be4-452ee07a943d,LAML,1.6094379124341005,0.9807110329898873
TCGA_to_CPTAC,47,coral_pca_hgb,3f3eba36-4776-4a57-82ed-67f67e0eab9c,UCEC,6.3835066348840055,6.2034969201186625
TCGA_to_CPTAC,47,coral_pca_hgb,61ca5e2a-1809-4970-a50f-07698816ef85,LUAD,3.091042453358316,4.760470640021168
TCGA_to_CPTAC,47,coral_pca_hgb,ed357e4b-fe19-4fbb-bbaf-e37dab2a0bc4,STAD,7.434847875211999,7.010020265917504
TCGA_to_CPTAC,47,coral_pca_hgb,92f19c41-33bb-4580-9871-51a6b27d6918,LAML,0.0,1.115193086260864
TCGA_to_CPTAC,47,coral_pca_hgb,3e6ac60e-5067-4039-9efe-4cf7adfb9ea7,KIRC,3.970291913552122,3.786652552281404
TCGA_to_CPTAC,47,coral_pca_hgb,785aebb1-a760-4167-9076-53024e317d04,LUAD,5.2574953720277815,3.931573609344473
TCGA_to_CPTAC,47,coral_pca_hgb,3da7fd40-f066-4057-b5b6-24f5f4877f8a,LUAD,5.480638923341991,5.474975703734312
TCGA_to_CPTAC,47,coral_pca_hgb,63583ff6-1a97-425c-9b8a-63880e87c038,LUAD,5.181783550292085,3.845614176510228
TCGA_to_CPTAC,47,coral_pca_hgb,aab3ec09-561f-40ab-9795-9e85bea6e639,LAML,1.3862943611198906,1.0238235175401675
TCGA_to_CPTAC,47,coral_pca_hgb,ec534e0e-ff3c-4c80-9bef-be4e9425f333,KIRC,3.828641396489095,4.042062601859467
TCGA_to_CPTAC,47,coral_pca_hgb,d416e91a-2ef0-4062-a27e-58df2163ff32,KIRC,3.49650756146648,3.617056446798141
TCGA_to_CPTAC,47,coral_pca_hgb,59bd517f-4e1b-4937-8fcf-273101389656,UCEC,6.7226297948554485,3.50249027333748
TCGA_to_CPTAC,47,coral_pca_hgb,bc3db21c-1430-4123-980f-a696dac5ee3d,LUAD,3.713572066704308,4.355320876605505
TCGA_to_CPTAC,47,coral_pca_hgb,283ab2dc-9469-4787-81a0-60f4b8aa8b56,UCEC,4.543294782270004,4.220168907251598
TCGA_to_CPTAC,47,coral_pca_hgb,f5e76690-c986-4d9c-95c5-ddb0f4dfa5d4,LUAD,3.737669618283368,5.039200327696482
TCGA_to_CPTAC,47,coral_pca_hgb,a61fb2ff-9c80-4304-a776-c5d0a314d410,UCEC,5.8805329864007,4.638104510732186
TCGA_to_CPTAC,47,coral_pca_hgb,94661b36-0cc8-4541-a160-a508c384a0b9,UCEC,6.175867270105761,7.211137675411027
TCGA_to_CPTAC,47,coral_pca_hgb,c615b7df-0d08-47e1-81b5-0b40dc6a28b3,UCEC,2.772588722239781,3.6773131330728916
TCGA_to_CPTAC,47,coral_pca_hgb,8e624808-f01f-42a7-99b8-ab64de24a29e,SKCM,4.934473933130692,4.358947439420324
TCGA_to_CPTAC,47,coral_pca_hgb,e8ca3e74-4d65-4612-8f70-c7fde1dfdd27,GBM,3.1780538303479458,3.370987085121613
TCGA_to_CPTAC,47,coral_pca_hgb,dd2d4fc9-3422-4548-85fe-43e5b8da5ed3,LUAD,3.970291913552122,3.839072791257604
TCGA_to_CPTAC,47,coral_pca_hgb,d61d94aa-48c0-4521-8964-33c211e70b17,KIRC,3.1354942159291497,3.941103043609403
TCGA_to_CPTAC,47,coral_pca_hgb,08b1070c-1562-4465-9c0c-670274d70f74,PAAD,3.091042453358316,3.681174368693529
TCGA_to_CPTAC,47,coral_pca_hgb,86877ca3-33ae-45f2-99a9-7ca5c238c2d4,LUAD,3.4339872044851463,4.255752907357327
TCGA_to_CPTAC,47,coral_pca_hgb,4b29f9c4-3e7b-470d-be52-44af8733f056,GBM,4.174387269895637,3.8303105205937555
TCGA_to_CPTAC,47,coral_pca_hgb,2ea05d10-bd2a-4478-bfcf-0a90cc3116c9,UCEC,7.180831199044556,6.10917021188825
TCGA_to_CPTAC,47,coral_pca_hgb,686f29ae-cc52-4297-adba-496bebf01bd0,STAD,7.174724309836376,7.283833810037691
TCGA_to_CPTAC,47,coral_pca_hgb,e371d470-6f0d-4725-8170-db8785149ee9,GBM,2.9444389791664403,3.9116617922935504
TCGA_to_CPTAC,47,coral_pca_hgb,096db53f-0a45-4778-a58f-4cf1de04c7d0,UCEC,3.737669618283368,3.715067053709716
TCGA_to_CPTAC,47,coral_pca_hgb,49ec4eb6-da3d-4a69-913e-61b115e21860,LAML,2.4849066497880004,1.967494384281596
TCGA_to_CPTAC,47,coral_pca_hgb,6acf365b-19ce-4c97-92dd-865540a47e67,GBM,3.912023005428146,3.88645148525833
TCGA_to_CPTAC,47,coral_pca_hgb,196391b3-b000-4293-a9c1-0181e063a4a5,UCEC,3.828641396489095,4.86126776468782
TCGA_to_CPTAC,47,coral_pca_hgb,0b1a28a3-bccf-46ef-a723-2b72398cf520,GBM,3.610917912644224,4.124983432628869
TCGA_to_CPTAC,47,coral_pca_hgb,01a80f88-16bf-4ed6-9864-313e9650a6e3,UCEC,3.58351893845611,4.674843151442789
TCGA_to_CPTAC,47,coral_pca_hgb,803ba5cc-b319-4aa3-9bdf-3c0e867e2521,LAML,0.6931471805599453,1.8755153112585743
TCGA_to_CPTAC,47,coral_pca_hgb,e1590b08-4308-4288-8ecf-6b5e9d7628f8,LAML,0.0,1.2617415415852027
TCGA_to_CPTAC,47,coral_pca_hgb,66cdc2a1-48f9-41df-92a3-c64dbb685019,PAAD,3.713572066704308,3.5589490257400755
TCGA_to_CPTAC,47,coral_pca_hgb,0bc3a409-1a2e-4e3e-85d4-6fab4c473274,LUAD,5.8522024797744745,6.539157430398245
TCGA_to_CPTAC,47,coral_pca_hgb,5657ec01-7e1d-4f50-9053-12919f134f14,PAAD,4.204692619390966,4.364338660076653
TCGA_to_CPTAC,47,coral_pca_hgb,d5c17945-5255-4055-9d35-1d2a01535932,UCEC,4.262679877041316,5.248080815131014
TCGA_to_CPTAC,47,coral_pca_hgb,7dc0de32-017f-482a-92bc-682836e728b7,STAD,5.075173815233827,4.741104076438112
TCGA_to_CPTAC,47,coral_pca_hgb,7646aff6-ee01-4e5f-b08c-71404b817cd7,UCEC,6.810142450115136,5.587721073373178
TCGA_to_CPTAC,47,coral_pca_hgb,9352d2fd-ae75-4b27-95f5-96f66fda7958,GBM,4.04305126783455,4.076048845527295
TCGA_to_CPTAC,47,coral_pca_hgb,bc3c604c-c599-4749-b809-6e602a73e247,LUAD,6.133398042996649,5.418688647722799
TCGA_to_CPTAC,47,coral_pca_hgb,ac1dcb50-a6e2-4956-ab3e-2278d51bc4e1,PAAD,3.688879454113936,3.580798789465973
TCGA_to_CPTAC,47,coral_pca_hgb,56405df5-417b-461e-9ee4-6b439f798628,GBM,3.7612001156935615,4.464088753591429
TCGA_to_CPTAC,47,coral_pca_hgb,a0d5a7b2-4c7f-4d19-bda1-1357d3b1d72b,KIRC,4.158883083359672,3.856486332000402
TCGA_to_CPTAC,47,coral_pca_hgb,6a2d2162-a1b1-4e19-858d-48954aaa8988,KIRC,4.127134385045092,3.691179719306776
TCGA_to_CPTAC,47,coral_pca_hgb,0d9a5fb2-066a-44f1-8e85-3bcefd32496c,LAML,2.079441541679836,1.6379970742734895
TCGA_to_CPTAC,47,coral_pca_hgb,c3bac0c5-cf3d-4544-ba9d-493063db708b,UCEC,6.548219102762372,6.220652862594696
TCGA_to_CPTAC,47,coral_pca_hgb,e57d1bbf-330c-487f-813e-c6d181d950e7,STAD,4.382026634673881,5.528361427224306
TCGA_to_CPTAC,47,coral_pca_hgb,6ee88fc3-507a-4509-91b7-1e01d8375cca,UCEC,3.912023005428146,4.497882494056851
CPTAC_to_TCGA,11,coral_pca_hgb,63db0da6-f451-436f-9b1c-211b55947770,SKCM,5.579729825986222,6.032760402052612
CPTAC_to_TCGA,11,coral_pca_hgb,26bbeafa-6923-4c23-8d5f-aa33fba92e82,STAD,0.6931471805599453,3.5456696119133695
CPTAC_to_TCGA,11,coral_pca_hgb,5d5cc436-6e57-4d23-a164-7f5153c2e666,LUAD,5.736572297479192,4.852559303568215
CPTAC_to_TCGA,11,coral_pca_hgb,bec83dff-2bba-4467-92aa-5dc3db9e0eaf,STAD,5.225746673713202,5.037939389826219
CPTAC_to_TCGA,11,coral_pca_hgb,2983f08c-3b32-4fb3-9d7e-5b34f9c2f741,STAD,7.050989447068045,6.228895778642699
CPTAC_to_TCGA,11,coral_pca_hgb,e37cae9e-0656-4b89-b326-739a5cc859e0,STAD,3.713572066704308,4.83816640920017
CPTAC_to_TCGA,11,coral_pca_hgb,d288b69f-1e79-4429-8646-9994b7c54f8f,LUAD,5.153291594497779,4.881152702193168
CPTAC_to_TCGA,11,coral_pca_hgb,e3251837-f6f3-4dad-856f-108e20d03dad,GBM,4.3694478524670215,3.929182582592946
CPTAC_to_TCGA,11,coral_pca_hgb,6ccd4657-ffa3-4e82-929f-9a7366a89578,KIRC,3.9889840465642745,3.7403207929839923
CPTAC_to_TCGA,11,coral_pca_hgb,32b5d0e4-a242-44d1-ac20-6e5ca2f35b71,UCEC,3.5263605246161616,3.940290800397896
CPTAC_to_TCGA,11,coral_pca_hgb,93766482-2f20-4c8f-bbd8-bdd203c37d5a,LUAD,6.159095388491933,4.422427842825127
CPTAC_to_TCGA,11,coral_pca_hgb,a3de401d-91fe-49a2-bb07-81c1a06506e6,LUAD,5.181783550292085,5.048380827862823
CPTAC_to_TCGA,11,coral_pca_hgb,edee2bf5-284c-4d77-823a-d037fe4c4b9e,UCEC,5.713732805509369,5.382552726803981
CPTAC_to_TCGA,11,coral_pca_hgb,8e7d5615-5142-4d53-a460-2cafade1f690,PAAD,3.4339872044851463,3.5426333908988776
CPTAC_to_TCGA,11,coral_pca_hgb,f40301ba-831e-4afd-9ce8-5f3c1a05ff7e,LUAD,5.796057750765372,4.407202390448264
CPTAC_to_TCGA,11,coral_pca_hgb,d5fe3b27-c6a6-4a35-a173-3f7b73c2ed14,LAML,2.19722457733622,1.09365798551865
CPTAC_to_TCGA,11,coral_pca_hgb,f17d3463-af6c-42c2-a8e9-fae45f69286f,LUAD,4.61512051684126,4.788940560526053
CPTAC_to_TCGA,11,coral_pca_hgb,6983fc34-9577-45e1-b246-40e18fab953f,PAAD,0.0,3.5091819900265926
CPTAC_to_TCGA,11,coral_pca_hgb,bf0f1735-f94d-4b82-8f91-2fd2bac80e32,STAD,3.4339872044851463,3.7242097989012186
CPTAC_to_TCGA,11,coral_pca_hgb,9924e309-5c47-42fe-b937-547f2b3d6842,PAAD,3.332204510175204,4.1635248936998615
CPTAC_to_TCGA,11,coral_pca_hgb,9745f1ca-d663-458a-86dd-024ebbf6a863,STAD,3.713572066704308,4.4876971901410245
CPTAC_to_TCGA,11,coral_pca_hgb,7ef3f065-1928-4a58-b5a6-76dddb8488cf,STAD,4.158883083359672,4.100349186310193
CPTAC_to_TCGA,11,coral_pca_hgb,40837a4d-7931-497c-a6bf-6a661813c443,STAD,4.718498871295094,4.637222117225148
CPTAC_to_TCGA,11,coral_pca_hgb,d79e692c-5053-4484-a180-01a094c5ff45,UCEC,4.787491742782046,4.863951599278801
CPTAC_to_TCGA,11,coral_pca_hgb,bcf26561-6e11-441c-955e-181ef2e68b41,KIRC,4.174387269895637,3.8300050679972766
CPTAC_to_TCGA,11,coral_pca_hgb,ad220f0d-06b7-4dad-a87d-36dff31c8623,PAAD,0.0,3.560196109633391
CPTAC_to_TCGA,11,coral_pca_hgb,27988b3e-cde1-4f4b-82a1-6d8ad08db8e9,STAD,8.231908243564177,7.099618064855114
CPTAC_to_TCGA,11,coral_pca_hgb,d12b6930-9ae4-4fe7-ad69-d183135c91ab,LUAD,3.044522437723423,4.108954438777665
CPTAC_to_TCGA,11,coral_pca_hgb,bbe88801-34f3-46d2-bbfd-b46c3901ed71,LUAD,6.028278520230698,5.156435595313673
CPTAC_to_TCGA,11,coral_pca_hgb,1d37becb-7a1f-4d04-a0d1-bb14192b56f6,KIRC,4.04305126783455,3.9688273026656
CPTAC_to_TCGA,11,coral_pca_hgb,507a4e05-d5ab-4dbb-9b4f-76b1a21b79dd,PAAD,1.791759469228055,3.3521853744806056
CPTAC_to_TCGA,11,coral_pca_hgb,d7cf4fc0-6357-4973-af4c-b456f430478a,KIRC,3.332204510175204,4.3563705784965085
CPTAC_to_TCGA,11,coral_pca_hgb,7a4c0a14-ac97-4c2b-a9cc-68cb561b2494,GBM,4.007333185232471,3.3945831435028744
CPTAC_to_TCGA,11,coral_pca_hgb,a905d275-9283-4fa6-bbbf-46019bd1bcb7,LUAD,4.51085950651685,4.204243282645611
CPTAC_to_TCGA,11,coral_pca_hgb,a59a79fd-433d-44dc-9601-4c63d599ab28,UCEC,4.304065093204169,5.231000933908459
CPTAC_to_TCGA,11,coral_pca_hgb,c2a1de2e-6451-4c95-8ce6-263f2b7e6eff,LUAD,5.087596335232384,4.669868238227462
CPTAC_to_TCGA,11,coral_pca_hgb,3d9828ae-eb65-4d0a-8d7a-cc09e98b5e99,UCEC,7.052721049232323,3.867649983914425
CPTAC_to_TCGA,11,coral_pca_hgb,c33d0d12-a744-4a9a-b3f7-e28da6a109ab,KIRC,3.367295829986474,3.6364966107415806
CPTAC_to_TCGA,11,coral_pca_hgb,b37d944c-c65c-46d6-bb8b-3eb37cb85b68,GBM,3.218875824868201,3.2360398184151555
CPTAC_to_TCGA,11,coral_pca_hgb,88e7ce26-5b3f-4e4e-89b7-f706063fc467,KIRC,3.4657359027997265,3.879985944956662
CPTAC_to_TCGA,11,coral_pca_hgb,f38a6799-11e0-471c-834e-0d97e00aec07,KIRC,4.158883083359672,4.087534902706774
CPTAC_to_TCGA,11,coral_pca_hgb,5d7ec32a-049f-4997-9882-1b3ac157e02d,LUAD,5.327876168789581,5.400716934698684
CPTAC_to_TCGA,11,coral_pca_hgb,fb6b289c-aaf9-4d8e-b6e0-5d35bce1b6e1,LUAD,6.240275845170769,5.253855113004352
CPTAC_to_TCGA,11,coral_pca_hgb,28011111-4a01-4cdc-8d6b-7223fb2c501b,KIRC,3.9889840465642745,3.7808645400111156
CPTAC_to_TCGA,11,coral_pca_hgb,c5bf474c-6919-47b4-ba59-34ab20c087d5,KIRC,3.80666248977032,3.8463444022955082
CPTAC_to_TCGA,11,coral_pca_hgb,75783dbe-e18c-4535-b9eb-2affd320e098,UCEC,4.48863636973214,4.220394813014517
CPTAC_to_TCGA,11,coral_pca_hgb,52408d9f-2637-4952-9b90-cb607a860f23,GBM,6.738152494595957,4.966010230358738
CPTAC_to_TCGA,11,coral_pca_hgb,60e307dd-e11e-40ba-93c1-7e8a1f669f60,UCEC,3.9889840465642745,4.167453161756204
CPTAC_to_TCGA,11,coral_pca_hgb,d442e36b-6d15-4fc3-9641-5feac119db94,LAML,0.0,1.8379487019365224
CPTAC_to_TCGA,11,coral_pca_hgb,ea456a1f-6e2c-4b34-ad24-ccd614bd57c9,KIRC,3.555348061489413,4.071008914106129
CPTAC_to_TCGA,11,coral_pca_hgb,d9f4a2c1-ac6d-48c6-95fe-ffbc2fa08268,UCEC,4.990432586778736,4.568999083352963
CPTAC_to_TCGA,11,coral_pca_hgb,44ef426e-b67d-4b49-80a3-86681b9abf1a,GBM,4.330733340286331,3.6080462525049417
CPTAC_to_TCGA,11,coral_pca_hgb,75e02a42-6937-4761-868b-c369c7bd3c72,KIRC,4.0943445622221,4.8359085602428395
CPTAC_to_TCGA,11,coral_pca_hgb,70b4b353-10d4-49d0-bcc1-855616d8c8cc,UCEC,6.639875833826536,6.439023898412966
CPTAC_to_TCGA,11,coral_pca_hgb,ecdd0e44-0add-4a08-a3f8-ab2f51df7afd,PAAD,3.49650756146648,3.7024646363697626
CPTAC_to_TCGA,11,coral_pca_hgb,a2fd0991-cfbd-4162-8ca9-2ed096f54a14,PAAD,2.3978952727983707,3.2137348859718817
CPTAC_to_TCGA,11,coral_pca_hgb,eff7f13b-ed32-4e85-a8d0-831b655d773f,GBM,3.828641396489095,3.9607872266849693
CPTAC_to_TCGA,11,coral_pca_hgb,02af18ee-ab8e-4ac3-b22e-dec80c201058,UCEC,8.400434630806041,4.6533319316641775
CPTAC_to_TCGA,11,coral_pca_hgb,fa543627-9e3c-4af9-bb33-f0cdd9fbc9cc,KIRC,4.262679877041316,3.8061278036659187
CPTAC_to_TCGA,11,coral_pca_hgb,49f961af-1126-431d-93cd-18941c1738f3,SKCM,8.59007183682881,5.814628082609576
CPTAC_to_TCGA,11,coral_pca_hgb,31ac4afd-8195-479a-97da-92edaa89a85e,LAML,2.995732273553991,1.855241657706401
CPTAC_to_TCGA,11,coral_pca_hgb,ded408ee-053a-43ed-9bcf-1d15cd203051,UCEC,4.007333185232471,4.805067672999925
CPTAC_to_TCGA,11,coral_pca_hgb,f2b93fbd-5848-46e2-978e-ba84e810e0dc,KIRC,4.04305126783455,3.6215728538775767
CPTAC_to_TCGA,11,coral_pca_hgb,3bce9803-e74c-462e-bd40-8ec337a66f3a,UCEC,3.6375861597263857,4.64350287896675
CPTAC_to_TCGA,11,coral_pca_hgb,caebdce0-f954-471a-ac63-5daaa2e76d97,UCEC,6.57507584059962,5.336948772042689
CPTAC_to_TCGA,11,coral_pca_hgb,787d313f-9255-4b93-8ac2-0aa8febb7909,UCEC,6.395261598115449,5.72590486392081
CPTAC_to_TCGA,11,coral_pca_hgb,8cb0144b-be6b-40a1-86a2-708f96d9b615,STAD,4.330733340286331,3.9534931892846767
CPTAC_to_TCGA,11,coral_pca_hgb,193201a3-1447-47b1-bdf1-11ae0eb3b2f3,LUAD,5.886104031450156,4.574775737173846
CPTAC_to_TCGA,11,coral_pca_hgb,ab954d5e-a19b-457a-b5b9-172afd6f9abe,KIRC,3.828641396489095,4.173635904440313
CPTAC_to_TCGA,11,coral_pca_hgb,9f4cd3b9-50ef-4f85-84b8-acb0b77887d1,KIRC,3.332204510175204,3.952532671622875
CPTAC_to_TCGA,11,coral_pca_hgb,d2e49fe3-fc7c-47c5-aa1f-b6b06d10951a,STAD,4.406719247264253,4.129389707524507
CPTAC_to_TCGA,11,coral_pca_hgb,59d18f0c-946f-4850-892f-70e2bf380232,KIRC,3.610917912644224,3.201008864696811
CPTAC_to_TCGA,11,coral_pca_hgb,4c474c70-1d72-49e8-a8cc-a4145c5ab607,KIRC,3.784189633918261,3.7876539700271143
CPTAC_to_TCGA,11,coral_pca_hgb,cca74404-cd91-4a69-ae09-bfb5d9142d3d,STAD,6.07073772800249,4.520142648049791
CPTAC_to_TCGA,11,coral_pca_hgb,389d5472-9e4a-47b3-bd6c-994eb0fafea2,GBM,3.784189633918261,4.941575979461819
CPTAC_to_TCGA,11,coral_pca_hgb,1b0ad45e-b917-4e91-83c4-e5386cdf0eee,KIRC,3.8918202981106265,4.385948585774706
CPTAC_to_TCGA,11,coral_pca_hgb,f0c94f68-bfd9-45cb-b4fd-8bb1ae4e9a2b,LUAD,4.204692619390966,3.7520149651384007
CPTAC_to_TCGA,11,coral_pca_hgb,54ac877a-52ff-450c-9df9-b7cd3fc8e2e2,UCEC,3.9889840465642745,4.1142212276865076
CPTAC_to_TCGA,11,coral_pca_hgb,12ccd581-a921-41bc-bcee-4e9be54532cc,LUAD,5.537334267018537,5.431299606351322
CPTAC_to_TCGA,11,coral_pca_hgb,30011f30-2926-47f2-a8f3-4f1b58ffa227,GBM,3.258096538021482,3.833448569507001
CPTAC_to_TCGA,11,coral_pca_hgb,73fc6ae6-7c5e-44de-a9a0-17292cbb01cc,KIRC,4.127134385045092,3.855016195094282
CPTAC_to_TCGA,11,coral_pca_hgb,13b4d676-ee9b-499b-94bb-2365830fb37e,GBM,3.044522437723423,3.5685424739552736
CPTAC_to_TCGA,11,coral_pca_hgb,01ed791e-3187-4e24-a5ff-afff0778c152,UCEC,5.53338948872752,5.041222163456247
CPTAC_to_TCGA,11,coral_pca_hgb,ea854858-1dad-4b01-8e58-f19e6a7c41a3,KIRC,2.9444389791664403,4.025884795113928
CPTAC_to_TCGA,11,coral_pca_hgb,2f1bbe96-49d9-417b-bc9c-a09992489340,SKCM,3.1780538303479458,5.0563820192503
CPTAC_to_TCGA,11,coral_pca_hgb,ea26d89f-2843-489b-8627-3d5ed0cabc2a,KIRC,3.5263605246161616,4.048689686042974
CPTAC_to_TCGA,11,coral_pca_hgb,036b18ea-3cf7-4f3e-a84c-c6aea5e4fcd7,LAML,1.3862943611198906,1.3929360496891705
CPTAC_to_TCGA,11,coral_pca_hgb,faed873e-a019-49c0-95a9-e9880fc23093,STAD,4.5217885770490405,4.090252599861495
CPTAC_to_TCGA,11,coral_pca_hgb,4c3e4727-77f5-4374-9d83-ec86d61b02b2,KIRC,3.688879454113936,4.002496050715017
CPTAC_to_TCGA,11,coral_pca_hgb,1c339545-c08a-4a77-b8e9-a7e49e53853f,LUAD,3.8501476017100575,4.110098481049248
CPTAC_to_TCGA,11,coral_pca_hgb,0232d299-4cdf-4fd7-9a5e-8d13c208b40c,LUAD,6.135564891081739,4.788144580447696
CPTAC_to_TCGA,11,coral_pca_hgb,5327e899-a20d-4571-8236-98454bad574e,GBM,3.1780538303479458,3.671266032015939
CPTAC_to_TCGA,11,coral_pca_hgb,734ef97f-807c-480e-8df9-feaf041032d2,UCEC,3.58351893845611,4.829527822372402
CPTAC_to_TCGA,11,coral_pca_hgb,5d33895e-a959-4d5e-8850-c49c7fa49a22,STAD,4.158883083359672,5.220584480638712
CPTAC_to_TCGA,11,coral_pca_hgb,ff8dac97-42ff-4f48-81c4-50315ad8de58,PAAD,3.295836866004329,3.507993993654592
CPTAC_to_TCGA,11,coral_pca_hgb,01775b06-5836-469c-8537-120cb8cc94e9,PAAD,0.6931471805599453,3.6296276821899953
CPTAC_to_TCGA,11,coral_pca_hgb,e6e2d4c3-d37c-4de3-ac68-b301800770f0,GBM,3.713572066704308,3.7534378727597195
CPTAC_to_TCGA,11,coral_pca_hgb,b19425ab-a82f-4c2a-bf58-d1bd30511d74,UCEC,8.990815266184685,5.91938882250849
CPTAC_to_TCGA,11,coral_pca_hgb,a28b256e-e085-467d-bdba-5c39718012d7,GBM,3.4339872044851463,4.240323352415476
CPTAC_to_TCGA,11,coral_pca_hgb,d15b7b29-c5c5-41d8-b83b-7cc12fe92820,LUAD,5.093750200806762,5.297112359549775
CPTAC_to_TCGA,11,coral_pca_hgb,42d208bd-cd77-4bfb-ad53-9fc072a87393,LUAD,4.890349128221754,4.395447829984004
CPTAC_to_TCGA,11,coral_pca_hgb,4cd3d483-2283-4c6a-a57a-444216119d34,LUAD,4.962844630259907,5.677317182489716
CPTAC_to_TCGA,11,coral_pca_hgb,8d3e3d09-bc61-4d5e-b8d6-5aee6cb488ae,STAD,3.4339872044851463,4.0362056384792915
CPTAC_to_TCGA,11,coral_pca_hgb,56bcb686-5010-439f-819f-95dda9885ca5,STAD,4.330733340286331,4.527120364876765
CPTAC_to_TCGA,11,coral_pca_hgb,3372a7d2-79cb-4cf0-9a7e-fe1a6b205daa,KIRC,3.091042453358316,4.282270756468641
CPTAC_to_TCGA,11,coral_pca_hgb,db769d5c-a794-448d-9130-38a82d051c95,LUAD,4.304065093204169,3.7573769647159003
CPTAC_to_TCGA,11,coral_pca_hgb,29c8f468-5ac1-4d6c-8376-e36e6d246926,UCEC,2.995732273553991,3.57928350517301
CPTAC_to_TCGA,11,coral_pca_hgb,e3dcde4e-5def-4b89-97b4-047b8288919b,UCEC,7.368339686311381,5.130083291625203
CPTAC_to_TCGA,11,coral_pca_hgb,a5790b81-5001-4d1a-97ad-0ec9fc658f44,KIRC,3.49650756146648,3.468349000544784
CPTAC_to_TCGA,11,coral_pca_hgb,feb5ccf3-395f-415a-85d3-db637fcd514f,STAD,4.330733340286331,5.264072017347595
CPTAC_to_TCGA,11,coral_pca_hgb,54a9cc9e-3eee-4caa-9f33-4ea64a2999ba,LUAD,6.490723534502507,5.185478264511033
CPTAC_to_TCGA,11,coral_pca_hgb,95e6d327-9ab7-45de-9527-f5634b3995c3,UCEC,3.6375861597263857,5.032159618277759
CPTAC_to_TCGA,11,coral_pca_hgb,d7e86c99-a716-48b8-b067-e73d68b14dee,SKCM,4.189654742026425,5.1443356475125235
CPTAC_to_TCGA,11,coral_pca_hgb,daf0e08e-1738-43f8-874a-b37d79cbe3a7,LUAD,6.2324480165505225,5.770810036035962
CPTAC_to_TCGA,11,coral_pca_hgb,57070e5b-0eb5-44b7-abb3-3007fa34543a,KIRC,3.7612001156935615,3.8287272282297637
CPTAC_to_TCGA,11,coral_pca_hgb,199386c2-bb53-4fad-a1b6-59ab216a4a50,LUAD,5.187385805840755,5.148427849717192
CPTAC_to_TCGA,11,coral_pca_hgb,2890b330-8ba5-4031-bed5-13e9d1d75af9,KIRC,3.784189633918261,3.9240153671121005
CPTAC_to_TCGA,11,coral_pca_hgb,287059fb-4e69-4d6d-99d5-91ec92d35bde,STAD,6.424869023905388,6.9333184866804975
CPTAC_to_TCGA,11,coral_pca_hgb,3cfe743c-f02e-42bf-a170-9d8b8a514d10,KIRC,3.713572066704308,4.116244615751121
CPTAC_to_TCGA,11,coral_pca_hgb,153bc9ff-39c9-4890-a085-a46c530a7e97,LAML,0.6931471805599453,1.6148155008645402
CPTAC_to_TCGA,11,coral_pca_hgb,8fd493c5-1375-4f76-b337-c9a75e3abdbe,KIRC,3.8501476017100575,3.8261775087644203
CPTAC_to_TCGA,11,coral_pca_hgb,c9ab5bf4-092a-420f-9b90-87deea58104c,STAD,6.345636360828596,6.413505810631636
CPTAC_to_TCGA,11,coral_pca_hgb,66e305ca-8a16-44f0-b837-85e529b7ad55,UCEC,3.784189633918261,4.649717805135623
CPTAC_to_TCGA,11,coral_pca_hgb,df3df249-86c2-43d4-abe1-796cd7df653f,STAD,4.007333185232471,5.302252382407416
CPTAC_to_TCGA,11,coral_pca_hgb,7b7d2d2b-abe6-4f32-add0-3715096995d1,UCEC,7.080026499922591,5.114780448333646
CPTAC_to_TCGA,11,coral_pca_hgb,0b31dbdf-0623-48e4-a0ec-017650dceda7,LUAD,5.910796644040527,5.477136219990552
CPTAC_to_TCGA,11,coral_pca_hgb,987cb702-057b-4198-8ef3-9cf6a9c51989,GBM,4.060443010546419,3.760345147867214
CPTAC_to_TCGA,11,coral_pca_hgb,3f9cc59e-9f7d-40d1-9365-28b40dff3c59,PAAD,3.044522437723423,2.973591493555462
CPTAC_to_TCGA,11,coral_pca_hgb,c1f908ce-f6d5-4557-a4bf-956b71b8bf61,LAML,1.6094379124341005,1.0056833400306258
CPTAC_to_TCGA,11,coral_pca_hgb,d45aee46-838e-44af-8422-46710b3240a8,LUAD,3.87120101090789,4.02645621982353
CPTAC_to_TCGA,11,coral_pca_hgb,e739b4f7-ae46-45c6-9013-9571cbadaf99,LUAD,4.499809670330265,3.8931277166949547
CPTAC_to_TCGA,11,coral_pca_hgb,869e61d6-fbbf-4ca2-be1a-57b82a03c7a1,PAAD,3.5263605246161616,3.796121676337851
CPTAC_to_TCGA,11,coral_pca_hgb,c1a01e8c-1f7e-4e24-bfad-90b73f88e992,LUAD,3.4011973816621555,4.935651184238863
CPTAC_to_TCGA,11,coral_pca_hgb,09066fbf-6a1d-46c9-a4c5-c53340c3d1ba,UCEC,5.58724865840025,4.911137145678945
CPTAC_to_TCGA,11,coral_pca_hgb,7cbabf1d-ec38-4048-ae1c-7d0f3001691b,GBM,4.584967478670572,3.310622080313534
CPTAC_to_TCGA,11,coral_pca_hgb,b1ce95bf-7441-4aac-8131-19a177d2b8ac,GBM,3.9889840465642745,3.8359921046582426
CPTAC_to_TCGA,11,coral_pca_hgb,59e9029a-8ddd-4447-b35a-72bc39f82a30,UCEC,3.737669618283368,3.9615446245421526
CPTAC_to_TCGA,11,coral_pca_hgb,efa4c675-e35e-4f48-8d12-a40f30b63ddb,UCEC,4.02535169073515,4.111855875965528
CPTAC_to_TCGA,11,coral_pca_hgb,009be09b-f9f6-43b7-8f45-4a648f8123ce,LUAD,4.465908118654584,5.128985527659355
CPTAC_to_TCGA,11,coral_pca_hgb,b16167d0-d7d7-408e-bd0e-ce429b7f828c,STAD,4.356708826689592,4.482203960598527
CPTAC_to_TCGA,11,coral_pca_hgb,1dbe1e26-3bcd-45cf-990e-ad7c8754f4d4,STAD,5.41610040220442,5.362904734190572
CPTAC_to_TCGA,11,coral_pca_hgb,a5748656-5330-417a-8938-01f69ddb3576,PAAD,2.639057329615259,3.1474770474509692
CPTAC_to_TCGA,11,coral_pca_hgb,21faf1a4-f6d3-4cc6-a49a-04b8541ef598,UCEC,3.9318256327243257,5.056326844540864
CPTAC_to_TCGA,11,coral_pca_hgb,c532cfda-a8fa-4a8a-92ba-33ad8b47404d,LAML,0.0,1.76409036636483
CPTAC_to_TCGA,11,coral_pca_hgb,19511f9e-7b0e-4a06-998d-c1837d37c6ec,UCEC,3.367295829986474,3.9637689322497835
CPTAC_to_TCGA,11,coral_pca_hgb,a2ac9937-f351-4d78-9261-264bf6c21e0c,GBM,3.6635616461296463,3.6977730300318012
CPTAC_to_TCGA,11,coral_pca_hgb,e8c7195b-a26b-4d98-b1c5-0aa18385e9c8,UCEC,5.993961427306569,5.53413232074602
CPTAC_to_TCGA,11,coral_pca_hgb,d7155ce6-e6b2-4c1f-8233-85f0d63e8e11,KIRC,2.4849066497880004,3.027186618179449
CPTAC_to_TCGA,11,coral_pca_hgb,d46d5af5-62ae-43eb-a885-4c078e0c956e,UCEC,3.6375861597263857,3.51301326980333
CPTAC_to_TCGA,11,coral_pca_hgb,78f3d4db-a1ff-4ea2-aaa0-cbf0278b915e,SKCM,3.555348061489413,6.1751168916201795
CPTAC_to_TCGA,11,coral_pca_hgb,03c3409a-9d16-41d0-9e26-f9fc2547a4c8,LUAD,5.3612921657094255,4.467327600710856
CPTAC_to_TCGA,11,coral_pca_hgb,7e7f089c-25f7-4e14-aed5-d741047b9e42,LUAD,4.897839799950911,5.393865706001235
CPTAC_to_TCGA,11,coral_pca_hgb,b2e2d35c-7a79-4165-97a5-82d5c37d94f2,STAD,3.970291913552122,4.622921817769682
CPTAC_to_TCGA,11,coral_pca_hgb,02661985-d13f-4007-9a42-5e08d1a6ca10,STAD,6.584791392385716,7.00103684831355
CPTAC_to_TCGA,11,coral_pca_hgb,b2aa0220-6387-4eea-b6d4-a4fa0f15b2d9,UCEC,3.713572066704308,4.5920017811343685
CPTAC_to_TCGA,11,coral_pca_hgb,7f91a0c5-d639-48ea-b3f7-b6f385e047ed,UCEC,5.638354669333745,5.158872479533554
CPTAC_to_TCGA,11,coral_pca_hgb,e5d64754-15e8-494e-b7f7-25cf2819fe4c,UCEC,3.1780538303479458,3.5842832655081542
CPTAC_to_TCGA,11,coral_pca_hgb,a515cf2d-e918-4958-9bf6-e611b425a97e,GBM,4.02535169073515,4.087763926213912
CPTAC_to_TCGA,11,coral_pca_hgb,f96ab3fe-bb11-4585-a35e-52d400e55ab7,PAAD,4.356708826689592,3.473830958745333
CPTAC_to_TCGA,11,coral_pca_hgb,6de6b8e2-03eb-4f32-b5a3-bea73fc632b4,STAD,4.007333185232471,3.856835904534208
CPTAC_to_TCGA,11,coral_pca_hgb,48f730a5-26c3-4716-964e-36fa9af26966,LAML,2.302585092994046,0.9941262083617787
CPTAC_to_TCGA,11,coral_pca_hgb,e01e4fb3-236a-4d16-9073-555876b688e9,LUAD,6.9930151229329605,5.067558414042092
CPTAC_to_TCGA,11,coral_pca_hgb,02b2cd50-221f-437c-a1ce-6da1467ec809,UCEC,5.961005339623274,4.831976626026439
CPTAC_to_TCGA,11,coral_pca_hgb,af852862-f01e-4ddd-82c6-9781c93ef20b,SKCM,4.700480365792417,5.729749141634378
CPTAC_to_TCGA,11,coral_pca_hgb,19cd6d5b-0de3-4afd-9ecf-6f80c9977dc0,KIRC,3.951243718581428,4.066079994076224
CPTAC_to_TCGA,11,coral_pca_hgb,9848f14b-8eab-4ac9-89b0-99a5ebf14696,GBM,3.951243718581428,4.268966609267822
CPTAC_to_TCGA,11,coral_pca_hgb,8520654b-2192-46cf-9d72-1ddb885a7c55,STAD,7.174724309836376,4.858060319649172
CPTAC_to_TCGA,11,coral_pca_hgb,c4ed9e22-b5d7-4469-89a8-861a86791c8b,SKCM,4.770684624465665,4.9245583582108425
CPTAC_to_TCGA,11,coral_pca_hgb,de5abe44-6d9d-4797-a57a-5adfd71383f0,UCEC,3.9889840465642745,5.152685982161256
CPTAC_to_TCGA,11,coral_pca_hgb,6f70e9f0-580b-4199-934b-dacd29fb28a0,STAD,3.367295829986474,4.865572556947619
CPTAC_to_TCGA,11,coral_pca_hgb,fcecafa8-8b8b-4ae6-81bc-73acf05b211a,KIRC,4.007333185232471,3.975449643398246
CPTAC_to_TCGA,11,coral_pca_hgb,ef646014-78a9-43af-b6fa-85fa288cd51b,GBM,3.688879454113936,3.96116619491532
CPTAC_to_TCGA,11,coral_pca_hgb,bfdcc333-1b9d-44d2-90a4-c1720ba712e9,STAD,4.700480365792417,4.409351623917412
CPTAC_to_TCGA,11,coral_pca_hgb,92116b0b-e614-4a27-a3c2-207e561c788b,SKCM,4.382026634673881,4.952209874697866
CPTAC_to_TCGA,11,coral_pca_hgb,5af499be-d2b9-4eaf-9a9f-435dccb51917,LUAD,4.553876891600541,4.7166909998822515
CPTAC_to_TCGA,11,coral_pca_hgb,58b78fa2-7bf7-4735-bcbc-0eef3e5e3d70,LAML,0.0,1.2722308176906616
CPTAC_to_TCGA,11,coral_pca_hgb,eddbca7a-d668-4c5d-9843-340d7f18e30e,GBM,3.6375861597263857,3.1092212886846036
CPTAC_to_TCGA,11,coral_pca_hgb,00781a96-4068-427c-a9c5-584d167c3dea,STAD,6.77078942390898,6.888203905561005
CPTAC_to_TCGA,11,coral_pca_hgb,e60a8f8a-0fe6-40e5-9f30-bcff48ac73f4,LUAD,4.605170185988092,4.31956643470527
CPTAC_to_TCGA,11,coral_pca_hgb,9c377f9b-79dd-4412-80ac-cea9a3529888,KIRC,3.8918202981106265,3.9406170190843417
CPTAC_to_TCGA,11,coral_pca_hgb,5f53ace3-14ca-412a-af6c-98d8996f8177,KIRC,2.8903717578961645,4.425573835206469
CPTAC_to_TCGA,11,coral_pca_hgb,4467ae73-499a-4af0-8431-e059d6ed21a5,KIRC,4.204692619390966,4.259367846550815
CPTAC_to_TCGA,11,coral_pca_hgb,2be42cc2-9b97-4821-afc2-d1e42eb3932d,PAAD,3.367295829986474,3.3643976321545823
CPTAC_to_TCGA,11,coral_pca_hgb,c88e3901-f3ee-436a-ba80-143c8eab7d69,UCEC,3.688879454113936,4.560339744163318
CPTAC_to_TCGA,11,coral_pca_hgb,31aca8a3-7107-4b9d-8b6a-c07caa2a9339,PAAD,3.4657359027997265,3.67857620380468
CPTAC_to_TCGA,11,coral_pca_hgb,41dcafa0-b196-46dd-ab07-58cb747c9ebc,UCEC,6.555356891810665,6.059525311093638
CPTAC_to_TCGA,11,coral_pca_hgb,e51f717f-72e8-400e-9f35-fc5dc32fdf71,LUAD,5.093750200806762,4.587334054468429
CPTAC_to_TCGA,11,coral_pca_hgb,d88b35a3-a291-457a-b15b-a314859b25c5,GBM,3.295836866004329,3.7929640023902125
CPTAC_to_TCGA,11,coral_pca_hgb,bad34c92-1e64-4187-a0b4-061105fd13ba,UCEC,4.174387269895637,4.137302560835862
CPTAC_to_TCGA,11,coral_pca_hgb,8d9bd437-8b4b-4da5-87ba-6b5790f05022,PAAD,3.258096538021482,3.9544653686161904
CPTAC_to_TCGA,11,coral_pca_hgb,0487fc41-386c-4d76-9084-daf959bf5e98,KIRC,3.713572066704308,4.011667457325803
CPTAC_to_TCGA,11,coral_pca_hgb,e0e1b5b3-6e3c-4b79-aa2a-32b320c3e45a,GBM,4.454347296253507,4.379223879103412
CPTAC_to_TCGA,11,coral_pca_hgb,b2feca3f-8602-4a30-92bf-958ab2a2bd5d,KIRC,3.555348061489413,4.094279456032272
CPTAC_to_TCGA,11,coral_pca_hgb,f6d136c7-c250-4361-9fed-50f513959a40,UCEC,3.80666248977032,4.0017113784015415
CPTAC_to_TCGA,11,coral_pca_hgb,52e9daf0-288b-4220-bd44-0b6147fd951c,KIRC,3.1780538303479458,2.859692932642221
CPTAC_to_TCGA,11,coral_pca_hgb,e45166cb-5150-4961-9e13-6891f02c1606,KIRC,3.8918202981106265,3.82606006663564
CPTAC_to_TCGA,11,coral_pca_hgb,dd37ccd0-31d9-4605-8b8e-618bedc80c38,LAML,3.044522437723423,0.7528687948090327
CPTAC_to_TCGA,11,coral_pca_hgb,2b60ef45-336c-42e0-aa3f-577069310d1f,UCEC,6.331501849893691,5.484869666558654
CPTAC_to_TCGA,11,coral_pca_hgb,f17e446a-c145-45be-8335-a856acb0b9b8,UCEC,8.82217476094608,6.800036802861566
CPTAC_to_TCGA,11,coral_pca_hgb,028e99e9-5b9a-4954-bb6e-6d4709a3cea8,LUAD,2.772588722239781,4.56754350383424
CPTAC_to_TCGA,11,coral_pca_hgb,159e0318-6173-440f-be07-8d956086e99d,GBM,3.970291913552122,3.561165712590311
CPTAC_to_TCGA,11,coral_pca_hgb,645903b5-ba37-48a1-985b-a019b8db3236,LUAD,4.634728988229636,5.038956456013253
CPTAC_to_TCGA,11,coral_pca_hgb,f74df45f-8cfd-4da8-bf84-7b1c80dc57eb,STAD,4.127134385045092,4.452594715031745
CPTAC_to_TCGA,11,coral_pca_hgb,621411ee-c1f2-4da4-b1c0-cbe0936060f6,STAD,4.983606621708336,4.416991875785616
CPTAC_to_TCGA,11,coral_pca_hgb,f4b1e633-38e6-4cc6-a0c6-911582d4066b,STAD,4.007333185232471,4.965939332063987
CPTAC_to_TCGA,11,coral_pca_hgb,4549bff6-6886-4102-a1de-02691b664c52,UCEC,9.181735114965848,5.177836116831879
CPTAC_to_TCGA,11,coral_pca_hgb,8a16ddb3-4861-4128-bed9-0b1f94fe8cf7,LUAD,5.093750200806762,4.8801841233109275
CPTAC_to_TCGA,11,coral_pca_hgb,07b24a23-3d9f-4591-800f-8738cc232f9a,UCEC,4.51085950651685,5.07442968396715
CPTAC_to_TCGA,11,coral_pca_hgb,46592b7b-6968-42a6-83af-0917c9f4a9a5,LUAD,4.867534450455582,4.35187839211142
CPTAC_to_TCGA,11,coral_pca_hgb,b6abbdcc-f826-499d-b6f1-f6e2c83f9d8b,KIRC,3.9889840465642745,4.337217246635095
CPTAC_to_TCGA,11,coral_pca_hgb,16e64a1e-08b0-4c27-8c69-fa64551f8ca4,LUAD,6.833031732786201,5.597097045858847
CPTAC_to_TCGA,11,coral_pca_hgb,1c4d225e-e065-4e26-9413-78f54a7e0cf5,UCEC,4.060443010546419,4.8457424302263945
CPTAC_to_TCGA,11,coral_pca_hgb,8f2d3495-8ce7-4f6e-a41d-8cfae5750937,UCEC,6.393590753950631,7.21985956243466
CPTAC_to_TCGA,11,coral_pca_hgb,ca21c55f-45a7-42af-be07-430990d5445b,STAD,4.8283137373023015,5.194249432348524
CPTAC_to_TCGA,11,coral_pca_hgb,3f0a2571-c088-4735-8152-61f6fd60ac63,KIRC,3.9889840465642745,3.8390446356591403
CPTAC_to_TCGA,11,coral_pca_hgb,95edfabe-0b35-4cdd-aed4-e2234d806f35,STAD,5.488937726156687,5.8424032540472295
CPTAC_to_TCGA,11,coral_pca_hgb,cb4394ec-1991-460d-b823-b74e005e3da7,STAD,4.584967478670572,5.119871849613955
CPTAC_to_TCGA,11,coral_pca_hgb,d2664fde-ce3b-45e6-9a23-4a07980f7bac,KIRC,4.143134726391533,4.227830855834969
CPTAC_to_TCGA,11,coral_pca_hgb,06d86d68-0fd5-4c6e-8783-ed732a3291e8,KIRC,4.158883083359672,3.87589656185418
CPTAC_to_TCGA,11,coral_pca_hgb,87f1b3df-4bc7-4336-b658-f30ac1c5c796,LUAD,4.330733340286331,4.468378868967944
CPTAC_to_TCGA,11,coral_pca_hgb,7fc6b44d-ae66-409c-98e1-c1a518c33e95,KIRC,4.060443010546419,4.539809439949206
CPTAC_to_TCGA,11,coral_pca_hgb,76c666e8-75c0-4e82-978c-1e346435b0fa,STAD,6.2766434893416445,6.454718284921191
CPTAC_to_TCGA,11,coral_pca_hgb,82e85ac9-8e3e-4c2e-ae0b-a32ceeb8115d,SKCM,6.182084906716632,5.1728300647695935
CPTAC_to_TCGA,11,coral_pca_hgb,be3a7ef3-34ed-40e1-9d9c-187940596b26,GBM,4.007333185232471,3.4865809793151876
CPTAC_to_TCGA,11,coral_pca_hgb,2f8b698a-cbd0-4cab-a814-dc683e0e9305,GBM,4.127134385045092,3.6868262623221444
CPTAC_to_TCGA,11,coral_pca_hgb,9b38eded-3f46-4aaa-9991-68008d97bdbe,LUAD,6.807934943699926,5.2544604400985735
CPTAC_to_TCGA,11,coral_pca_hgb,888ef0fc-fc84-4afb-a369-695fee5ae4f6,SKCM,4.897839799950911,5.40683370128294
CPTAC_to_TCGA,11,coral_pca_hgb,59278f79-4f42-4d1c-9007-3958486042fc,KIRC,4.406719247264253,4.5134172594449335
CPTAC_to_TCGA,11,coral_pca_hgb,4ed55013-3853-48ea-909f-7d26d5055637,STAD,3.610917912644224,4.799808581936675
CPTAC_to_TCGA,11,coral_pca_hgb,eeab558b-8d1e-4843-861d-dbfb06061758,LUAD,5.2574953720277815,4.170765174548574
CPTAC_to_TCGA,11,coral_pca_hgb,b123e7c1-2472-4427-bfeb-79666f971e66,KIRC,3.5263605246161616,3.802183594884617
CPTAC_to_TCGA,11,coral_pca_hgb,70797499-16e6-48cc-8ae4-1e692713dad3,PAAD,3.912023005428146,3.4843723584899915
CPTAC_to_TCGA,11,coral_pca_hgb,ab76544e-df6a-4b05-9317-054812474d4c,STAD,8.536799721055155,5.23163355104081
CPTAC_to_TCGA,11,coral_pca_hgb,bd4e9a9f-17f3-4d33-92fc-fcc45dd0e7b4,LUAD,5.6240175061873385,5.041564379908493
CPTAC_to_TCGA,11,coral_pca_hgb,1a3e7ec6-c9be-4174-8799-72267eb8a7bf,STAD,5.537334267018537,4.516800978223633
CPTAC_to_TCGA,11,coral_pca_hgb,1d43af3c-4279-4aed-9ced-ce3896a48ae0,STAD,3.7612001156935615,4.442944676617565
CPTAC_to_TCGA,11,coral_pca_hgb,47b749e6-e060-4aa1-8f29-976e489ba789,LUAD,6.272877006546167,5.06363198398929
CPTAC_to_TCGA,11,coral_pca_hgb,10efeb3c-ef55-4227-91b9-8c2bb4ff43d5,GBM,3.828641396489095,3.5778769105839987
CPTAC_to_TCGA,11,coral_pca_hgb,8d535aa6-6d59-4965-b5ed-17217d8f5930,LUAD,3.688879454113936,4.359678667929563
CPTAC_to_TCGA,11,coral_pca_hgb,b351345a-18c2-42ed-8911-c37267c9cb58,LAML,2.639057329615259,1.6464567842385145
CPTAC_to_TCGA,11,coral_pca_hgb,46e064cc-933b-444b-9e15-80fadbc53487,UCEC,4.59511985013459,6.144627221853711
CPTAC_to_TCGA,11,coral_pca_hgb,b4376da2-05ca-448f-a4bb-e7b62695491a,STAD,6.621405651764134,4.915548607306686
CPTAC_to_TCGA,11,coral_pca_hgb,863ad936-e2a0-471c-8d95-3a548bb94afa,STAD,7.030857476116121,5.677397463675304
CPTAC_to_TCGA,11,coral_pca_hgb,5db69ebe-38db-4ef3-b825-674b4a6ddaee,KIRC,3.58351893845611,4.307495228385812
CPTAC_to_TCGA,11,coral_pca_hgb,2f4458b6-3caf-4e33-890e-a04722badd1b,UCEC,6.450470422144176,6.528290372497759
CPTAC_to_TCGA,11,coral_pca_hgb,77c4dbb2-eceb-4e0d-bcde-63dc817d5f35,LUAD,4.867534450455582,6.018777362527029
CPTAC_to_TCGA,11,coral_pca_hgb,2360c1e2-90f5-4737-9486-3f4590c37322,STAD,1.0986122886681096,4.448954381382216
CPTAC_to_TCGA,11,coral_pca_hgb,976bb47a-d999-4e24-ad08-452fea73c846,UCEC,3.610917912644224,4.216336063201822
CPTAC_to_TCGA,11,coral_pca_hgb,12df24c6-1229-4777-ad90-7dd66259b65f,UCEC,6.333279628139691,4.271798751288844
CPTAC_to_TCGA,11,coral_pca_hgb,61ed8fbd-b753-451e-9683-edd4b266b0f3,GBM,3.4657359027997265,4.241726032807588
CPTAC_to_TCGA,11,coral_pca_hgb,62d32d19-ec93-4359-ab17-dc32e599b29a,STAD,3.784189633918261,5.159854229213799
CPTAC_to_TCGA,11,coral_pca_hgb,6e2d8818-b377-45f5-97f4-f905de22c487,SKCM,3.828641396489095,5.2268755288392175
CPTAC_to_TCGA,11,coral_pca_hgb,ca594f56-9c68-4b7e-84b2-669f1004e3a4,UCEC,7.428333194190806,3.8297905694046066
CPTAC_to_TCGA,11,coral_pca_hgb,4644a15f-3115-4f27-86b2-b092419431e1,GBM,3.6375861597263857,4.109439227211204
CPTAC_to_TCGA,11,coral_pca_hgb,012e99fe-e3e8-4bb0-bb74-5b0c9992187c,STAD,0.0,3.809163748459874
CPTAC_to_TCGA,11,coral_pca_hgb,c6454371-1f84-4e8e-8c3a-2eac8380819e,KIRC,3.4011973816621555,3.7615653440059655
CPTAC_to_TCGA,11,coral_pca_hgb,69b23036-add9-42c9-941f-02fb74d9b08c,LUAD,3.5263605246161616,4.788322981323249
CPTAC_to_TCGA,11,coral_pca_hgb,0a3c8161-4186-4c95-8288-9928d6db0355,PAAD,3.1354942159291497,3.7341813008792077
CPTAC_to_TCGA,11,coral_pca_hgb,1f0a5312-0590-4230-9da9-fd0cfe693586,LUAD,5.236441962829949,5.537356670062351
CPTAC_to_TCGA,11,coral_pca_hgb,50b2c647-aecd-4c81-af22-0d8116593552,LUAD,5.087596335232384,4.750531574780064
CPTAC_to_TCGA,11,coral_pca_hgb,bf755bc2-b7aa-4c3c-8b3c-58b089b5cab6,LUAD,6.875232087276577,4.84411998073731
CPTAC_to_TCGA,11,coral_pca_hgb,233cb00f-b470-47fb-ad93-2a1597655ed6,STAD,0.0,4.388489153907853
CPTAC_to_TCGA,11,coral_pca_hgb,12c4c4f1-5880-4bf9-9945-80bf45415de6,KIRC,3.555348061489413,4.252659531530627
CPTAC_to_TCGA,11,coral_pca_hgb,ae702159-5b6a-41dd-868c-7540f9e1131c,LUAD,6.931471805599453,5.572950472650055
CPTAC_to_TCGA,11,coral_pca_hgb,2a43e61e-2151-4c5a-b062-74ce9dfd8d4a,LUAD,5.4510384535657,5.227323069237427
CPTAC_to_TCGA,11,coral_pca_hgb,1ab7ad70-0f80-41d8-8efa-3baebc8223cc,LUAD,3.9318256327243257,3.674523285677447
CPTAC_to_TCGA,11,coral_pca_hgb,c34760a2-f70e-48c4-a7c2-eb359f8aeb71,GBM,4.5217885770490405,3.7877301755186843
CPTAC_to_TCGA,11,coral_pca_hgb,c16eed96-8da8-4d01-b87d-660f46172777,STAD,4.553876891600541,4.751084467973445
CPTAC_to_TCGA,11,coral_pca_hgb,83a6ed20-b3cf-48b9-8ed3-a080cd4951fa,LUAD,5.978885764901122,5.793888819784055
CPTAC_to_TCGA,11,coral_pca_hgb,0f361166-2b7d-4ef5-9f8f-ee2488548a0b,UCEC,3.713572066704308,3.4106754942217914
CPTAC_to_TCGA,11,coral_pca_hgb,7840d10b-4927-4731-8dda-5f288da21bef,STAD,4.23410650459726,4.758472204924922
CPTAC_to_TCGA,11,coral_pca_hgb,20bad0d5-3135-49a4-a119-fa7a1e56fd1b,GBM,3.784189633918261,3.5779148703365866
CPTAC_to_TCGA,11,coral_pca_hgb,397b2672-d014-4b57-88dd-17e66ff8be4d,UCEC,8.267192185932146,5.87747596781168
CPTAC_to_TCGA,11,coral_pca_hgb,647dc54f-a51b-40ea-9d97-c93598c2af71,STAD,4.219507705176107,4.345761865344261
CPTAC_to_TCGA,11,coral_pca_hgb,3424120f-248f-451a-948c-e320c19d1b19,UCEC,4.927253685157205,5.38972539638732
CPTAC_to_TCGA,11,coral_pca_hgb,37b64809-c4fd-412d-9a7f-fad6bf036aaf,STAD,4.727387818712341,5.252662923456095
CPTAC_to_TCGA,11,coral_pca_hgb,26a5e389-8ec2-4316-beea-f9a63d455b73,STAD,4.304065093204169,4.582339445691615
CPTAC_to_TCGA,11,coral_pca_hgb,851867cb-9ad0-4fdf-ac75-9bb0427ad440,LUAD,5.493061443340548,4.858474758204922
CPTAC_to_TCGA,11,coral_pca_hgb,efae3940-d3cc-4988-bdb4-fa05d977aff5,UCEC,5.6240175061873385,4.97399499822773
CPTAC_to_TCGA,11,coral_pca_hgb,5693302a-4548-4c0b-8725-0cb7c67bc4f8,UCEC,3.610917912644224,4.833823635003599
CPTAC_to_TCGA,11,coral_pca_hgb,0b1663fc-6a7e-4698-951d-a8c90fdf2411,STAD,4.532599493153256,4.463634776897919
CPTAC_to_TCGA,11,coral_pca_hgb,73a0dd38-115d-48fb-b683-04aa5d612f2a,UCEC,5.3981627015177525,4.6092686425265565
CPTAC_to_TCGA,11,coral_pca_hgb,83ae044d-2975-478c-902c-776858c2ba3a,LAML,2.4849066497880004,1.8135197245612487
CPTAC_to_TCGA,11,coral_pca_hgb,b8e0f4fb-c916-43b8-afd2-8077a7e3aebc,PAAD,3.7612001156935615,4.444675719336386
CPTAC_to_TCGA,11,coral_pca_hgb,6092bd5c-e97c-4a77-a4ad-c87623b17507,LUAD,4.859812404361672,4.5817354926767875
CPTAC_to_TCGA,11,coral_pca_hgb,1e80ccf6-ef81-4662-bf5e-392f092c1e67,GBM,3.6635616461296463,3.85738715428048
CPTAC_to_TCGA,11,coral_pca_hgb,e4510c66-a60b-4b09-a4e8-74ec5b26a3a5,UCEC,5.056245805348308,4.201763340525573
CPTAC_to_TCGA,11,coral_pca_hgb,eb642568-30d4-4805-a295-bda314ccaaaf,UCEC,3.737669618283368,3.939909393792699
CPTAC_to_TCGA,11,coral_pca_hgb,36ad7fc7-0cc1-4f01-aef1-f89b3cb4feac,LUAD,4.532599493153256,4.707944213437325
CPTAC_to_TCGA,11,coral_pca_hgb,aee86a89-0377-4080-b16c-408bfbe78687,LUAD,6.51025834052315,5.077890627226356
CPTAC_to_TCGA,11,coral_pca_hgb,2c3e95b5-2c63-43c7-baa2-47ef914b25a8,UCEC,4.941642422609304,4.834947855771462
CPTAC_to_TCGA,11,coral_pca_hgb,23908554-b98e-4ff8-98e7-dee3e2c5feaf,PAAD,2.8903717578961645,3.7358038321773774
CPTAC_to_TCGA,11,coral_pca_hgb,1fe937f7-b4e5-4cf6-be9b-215a012533c6,PAAD,0.6931471805599453,3.9656294717915057
CPTAC_to_TCGA,11,coral_pca_hgb,1a93dd15-f404-484c-b67c-98169d5522c7,LAML,2.302585092994046,1.4340630731329171
CPTAC_to_TCGA,11,coral_pca_hgb,517e0f20-56cc-470e-8c5f-543efa10cfb5,PAAD,3.87120101090789,3.8872264536129264
CPTAC_to_TCGA,11,coral_pca_hgb,b6819b52-6f01-4011-9bd3-a1a00397e0c9,UCEC,3.912023005428146,4.899600562676213
CPTAC_to_TCGA,11,coral_pca_hgb,75a0bb0b-6528-4fb8-a9e6-254905d21df4,LUAD,5.910796644040527,5.764662583323551
CPTAC_to_TCGA,11,coral_pca_hgb,88c91a7b-5c41-4361-85d0-da759ab94204,KIRC,3.367295829986474,3.9341492599890677
CPTAC_to_TCGA,11,coral_pca_hgb,d6562acf-6d82-4f08-a779-82cdc5df16f9,UCEC,4.0943445622221,4.655570323300294
CPTAC_to_TCGA,11,coral_pca_hgb,4fd1cb59-6c50-4355-9d37-a341e1f4fad9,UCEC,3.9889840465642745,4.372888153688805
CPTAC_to_TCGA,11,coral_pca_hgb,2e5cf721-90b1-4470-b430-f055a1297c7f,UCEC,3.8501476017100575,4.056622715029195
CPTAC_to_TCGA,11,coral_pca_hgb,b53cf25c-929c-4f1a-870e-13f260c5cf7d,SKCM,3.610917912644224,5.224403830217074
CPTAC_to_TCGA,11,coral_pca_hgb,e591adad-8331-4198-94c4-d03ea01f70c5,LAML,2.70805020110221,1.5171468861829724
CPTAC_to_TCGA,11,coral_pca_hgb,6d271451-affa-4c76-bce5-6bf8622d83a9,LAML,1.0986122886681096,1.2272448305612784
CPTAC_to_TCGA,11,coral_pca_hgb,22b6724c-a59f-4796-8166-992253e8caf1,KIRC,4.356708826689592,4.477993799647344
CPTAC_to_TCGA,11,coral_pca_hgb,40e507fb-e285-424b-a98b-362e47a53e4a,STAD,3.9318256327243257,3.9351065132265197
CPTAC_to_TCGA,11,coral_pca_hgb,38acdfc8-8abc-4d89-a68b-58c493650b48,GBM,3.367295829986474,3.7511418953788245
CPTAC_to_TCGA,11,coral_pca_hgb,d22de643-5f93-42d0-9199-1f55405241d6,STAD,5.318119993844216,5.964571936789899
CPTAC_to_TCGA,11,coral_pca_hgb,62380447-3b94-4e7c-823a-72dd7b4ccf3a,LUAD,6.063785208687608,5.88886859269394
CPTAC_to_TCGA,11,coral_pca_hgb,b12d9857-9ae1-445b-a963-b630b27b254e,STAD,3.8918202981106265,4.592659450973878
CPTAC_to_TCGA,11,coral_pca_hgb,362000e4-cf7c-48fc-93cc-8f5994b442ea,LUAD,6.437751649736401,5.389854020415842
CPTAC_to_TCGA,11,coral_pca_hgb,6524a6d3-a9f0-4a46-ac0b-7beb0cd1b915,UCEC,4.418840607796598,3.753468080995307
CPTAC_to_TCGA,11,coral_pca_hgb,416fd59b-a4f8-4610-9f8b-473cb5c04a4a,STAD,4.343805421853684,4.645942717630529
CPTAC_to_TCGA,11,coral_pca_hgb,3e34c7d9-90fa-41e2-ba6b-4bbc332adc4e,LUAD,6.356107660695892,4.958302041078397
CPTAC_to_TCGA,11,coral_pca_hgb,db21fccf-40cb-4235-a34d-336a03b8c8f4,UCEC,3.80666248977032,3.8980606179960158
CPTAC_to_TCGA,11,coral_pca_hgb,61c655ec-52b5-453f-a6cc-b2aba445b027,LUAD,4.663439094112067,4.455956514718694
CPTAC_to_TCGA,11,coral_pca_hgb,ce15f31f-2bad-4485-96fa-495bfa262e66,LUAD,4.718498871295094,3.65961634120953
CPTAC_to_TCGA,11,coral_pca_hgb,11ab53c8-6366-4bc9-b60d-23e6ed2d1cae,KIRC,4.174387269895637,4.575526607735141
CPTAC_to_TCGA,11,coral_pca_hgb,794fbad5-93ce-4f9a-aee4-37a89a6719ec,STAD,3.87120101090789,5.154073814175837
CPTAC_to_TCGA,11,coral_pca_hgb,8d769b38-862f-46e3-a426-d09f79f28de6,KIRC,4.02535169073515,3.3073008217614652
CPTAC_to_TCGA,11,coral_pca_hgb,d5f2bae1-7cd1-49bf-ae41-12d2aa44408e,UCEC,4.04305126783455,4.243187338312561
CPTAC_to_TCGA,11,coral_pca_hgb,cbe05333-3185-4878-b6e6-977a0e1400e4,STAD,4.418840607796598,5.955386087108099
CPTAC_to_TCGA,11,coral_pca_hgb,76f98002-e8df-4dfa-926e-8bb2d5114966,UCEC,6.693323668269949,5.943823730926917
CPTAC_to_TCGA,11,coral_pca_hgb,54775a66-08cc-4f38-98f2-e7b2b5cec994,LUAD,3.7612001156935615,5.056398821064193
CPTAC_to_TCGA,11,coral_pca_hgb,b7d2401e-7d64-4c89-a74c-16d634cafe7f,STAD,4.990432586778736,4.400061721687197
CPTAC_to_TCGA,11,coral_pca_hgb,b61abdfd-b7a0-4e1a-b570-d1eaecad3a9e,LUAD,4.5217885770490405,4.799114577177653
CPTAC_to_TCGA,11,coral_pca_hgb,772324a5-5513-454d-ad6b-605798f69b73,LUAD,2.772588722239781,4.030308162113845
CPTAC_to_TCGA,11,coral_pca_hgb,53de8f81-a226-4ab9-bddc-856ffd111817,SKCM,6.139884552226255,5.89787148464012
CPTAC_to_TCGA,11,coral_pca_hgb,30a82e9f-2a2d-4a66-bdb1-26b881c21d01,STAD,4.158883083359672,5.03483538012665
CPTAC_to_TCGA,11,coral_pca_hgb,6788e0e5-b67f-4fe6-aabb-6d0430ae2d06,PAAD,0.6931471805599453,3.4798174709421885
CPTAC_to_TCGA,11,coral_pca_hgb,ca7f9d8b-2abc-4606-bf95-4c42791b38bd,UCEC,5.7899601708972535,5.836865467845215
CPTAC_to_TCGA,11,coral_pca_hgb,df27b584-fa45-4a8f-bd12-a018cc63dca1,UCEC,4.127134385045092,4.291424469625591
CPTAC_to_TCGA,11,coral_pca_hgb,e6634a0a-9ab0-441e-a667-2f7f6c7368cc,STAD,6.234410725718371,5.781086360197311
CPTAC_to_TCGA,11,coral_pca_hgb,793649e5-f479-4d64-8723-2ef488fe0fd9,LUAD,3.5263605246161616,5.025035020418898
CPTAC_to_TCGA,11,coral_pca_hgb,d6de8d1c-e5ff-45cd-b53e-f943d2578713,GBM,3.784189633918261,3.703495032815635
CPTAC_to_TCGA,11,coral_pca_hgb,6d72de06-232a-4983-a06c-eba6d82cb3f1,LUAD,4.927253685157205,6.072722993862798
CPTAC_to_TCGA,11,coral_pca_hgb,a1e65587-24c1-4b41-92a7-4e1f15fffd78,LUAD,3.49650756146648,3.6427692609463276
CPTAC_to_TCGA,11,coral_pca_hgb,d77e4dbc-b239-4742-8cb7-efd427010d13,UCEC,6.966024187106113,6.476255161452964
CPTAC_to_TCGA,11,coral_pca_hgb,c129c34a-8d40-4d98-b9ad-a10d3f7b3ee0,GBM,3.4011973816621555,3.5379819170708444
CPTAC_to_TCGA,11,coral_pca_hgb,467bf226-a646-4217-bce6-8d0f11c756eb,KIRC,3.951243718581428,4.5162265265056885
CPTAC_to_TCGA,11,coral_pca_hgb,70081320-540f-41d2-8687-ee6d011f8eb0,LUAD,3.218875824868201,4.773194555133491
CPTAC_to_TCGA,11,coral_pca_hgb,c306d7e8-5486-41d3-84dd-9311ce3e2069,UCEC,3.8501476017100575,4.499119055329911
CPTAC_to_TCGA,11,coral_pca_hgb,286c112d-7b73-40a1-b23c-99911388fdef,UCEC,9.128153700988236,5.06588452144699
CPTAC_to_TCGA,11,coral_pca_hgb,a98bbe29-8817-4380-a738-3c1bf9f8e0cc,UCEC,3.80666248977032,4.219020319343043
CPTAC_to_TCGA,11,coral_pca_hgb,1782bf45-7350-4053-8dd1-45faf4ed8dd9,PAAD,3.258096538021482,3.751761782578244
CPTAC_to_TCGA,11,coral_pca_hgb,08a8eec3-c97a-4493-a7de-b2a686b4df67,KIRC,3.4657359027997265,2.416068247390396
CPTAC_to_TCGA,11,coral_pca_hgb,c285ada3-fd49-46a5-882f-b6c352572e2a,KIRC,4.248495242049359,4.097428582677285
CPTAC_to_TCGA,11,coral_pca_hgb,411257a4-a148-4606-8c8b-f9f1240e40ed,STAD,4.290459441148391,5.466108956293146
CPTAC_to_TCGA,11,coral_pca_hgb,f19850cb-50c4-4f3a-ba80-b1464958ffa8,GBM,4.3694478524670215,3.93809304648658
CPTAC_to_TCGA,11,coral_pca_hgb,cb9f842c-9bf5-48c3-8d3e-b344b1b6c190,GBM,3.8501476017100575,3.9763997597089262
CPTAC_to_TCGA,11,coral_pca_hgb,055e9a43-3c00-4110-a303-e4407676bec0,LUAD,5.71042701737487,5.312168788426359
CPTAC_to_TCGA,11,coral_pca_hgb,40f43483-b504-4ea7-ad24-40682b10caac,UCEC,3.6375861597263857,3.9494871002776524
CPTAC_to_TCGA,11,coral_pca_hgb,c0db966b-1024-4ee3-899a-f12e3c71a42c,UCEC,6.71295620067707,5.016157858407707
CPTAC_to_TCGA,11,coral_pca_hgb,e10568fe-0436-43f2-9f0f-48f9903868c4,LUAD,5.5053315359323625,4.450855250911404
CPTAC_to_TCGA,11,coral_pca_hgb,309005a2-93a8-4566-b8d3-6b9310144266,GBM,3.044522437723423,3.582009392105991
CPTAC_to_TCGA,11,coral_pca_hgb,1d90c9f3-5025-4867-a2f0-e455b6a254fa,LUAD,5.429345628954441,3.862160278840553
CPTAC_to_TCGA,11,coral_pca_hgb,69dba721-a168-47a4-b7ff-80a448bad654,LUAD,4.990432586778736,4.768030677549342
CPTAC_to_TCGA,11,coral_pca_hgb,5088a594-ae6e-4f03-8cfd-97d9c62b2196,LAML,2.639057329615259,2.1631139157953183
CPTAC_to_TCGA,11,coral_pca_hgb,e7a3574b-1fcf-4366-adf8-f4330d9be6f8,STAD,3.970291913552122,4.30480613574862
CPTAC_to_TCGA,11,coral_pca_hgb,ec7a9d74-8b3f-4747-8926-1739a016ab2b,UCEC,8.434680769841773,6.110326874230711
CPTAC_to_TCGA,11,coral_pca_hgb,f587c9ab-2949-4410-80d6-a050865d48aa,LUAD,5.697093486505405,4.688843625430528
CPTAC_to_TCGA,11,coral_pca_hgb,c7b3ac87-5260-4042-895a-279cd8cda620,UCEC,4.330733340286331,4.731300892709421
CPTAC_to_TCGA,11,coral_pca_hgb,ae8a4958-5407-4c01-93c3-8090862533ae,UCEC,6.840546529288687,5.105845305552578
CPTAC_to_TCGA,11,coral_pca_hgb,57578a0d-b719-46e7-83ab-872a4e984dbb,KIRC,4.330733340286331,3.9632533290624608
CPTAC_to_TCGA,11,coral_pca_hgb,1d9e9adc-734a-47a3-ad00-b3050770ba37,LAML,2.833213344056216,1.8108568322776886
CPTAC_to_TCGA,11,coral_pca_hgb,6144d666-8f77-4efe-95f1-f9e5c4e5e056,LUAD,5.545177444479562,5.07508560363059
CPTAC_to_TCGA,11,coral_pca_hgb,1070ff27-17c9-43dd-a4f6-daa643eb9123,LUAD,6.893656354602635,5.035486291663602
CPTAC_to_TCGA,11,coral_pca_hgb,f217a4f9-d8d8-440e-b73a-5f0448b58c4f,KIRC,3.80666248977032,4.379710491216349
CPTAC_to_TCGA,11,coral_pca_hgb,a9597785-a1d3-4788-a431-d25d69025690,GBM,3.828641396489095,3.8412305084142555
CPTAC_to_TCGA,11,coral_pca_hgb,94817e78-78f5-4556-9394-610df65605e2,UCEC,4.174387269895637,3.8209025587130854
CPTAC_to_TCGA,11,coral_pca_hgb,32a7b827-c3f9-4607-ae63-dae8caa2bc97,LUAD,5.62040086571715,5.579999712681538
CPTAC_to_TCGA,11,coral_pca_hgb,42ca54fc-c1ae-41cd-bca1-7fe9810db460,LUAD,6.725033642166843,4.564913446461428
CPTAC_to_TCGA,11,coral_pca_hgb,5f468c25-73c3-49d5-ba12-50653dfe2c41,PAAD,2.5649493574615367,3.1036724819561248
CPTAC_to_TCGA,11,coral_pca_hgb,32592562-11fa-435a-b40b-2b242bae53aa,LUAD,6.356107660695892,5.197135379901532
CPTAC_to_TCGA,11,coral_pca_hgb,47fd3741-28ea-427b-9c2a-8cb39153c8ab,STAD,6.697034247666484,6.748846743712512
CPTAC_to_TCGA,11,coral_pca_hgb,5134c56f-8286-4ec8-8348-237cee7dad5e,LUAD,3.218875824868201,4.722542163777169
CPTAC_to_TCGA,11,coral_pca_hgb,79ecc142-8f6e-4260-a7ce-c8e2a6212c35,UCEC,3.8501476017100575,4.055748489477147
CPTAC_to_TCGA,11,coral_pca_hgb,f299ad43-bb16-46ce-9617-48cc6c6f29e7,UCEC,3.80666248977032,5.020311720472769
CPTAC_to_TCGA,11,coral_pca_hgb,d6a48eb1-7c20-4ae3-ae35-b6b641238ef1,GBM,3.9889840465642745,3.564132226646407
CPTAC_to_TCGA,11,coral_pca_hgb,55a063b0-98ad-4700-b3ce-61bfe364fec8,GBM,4.174387269895637,3.895255065503403
CPTAC_to_TCGA,11,coral_pca_hgb,536e1779-550b-47f1-a204-50a16870a8e1,SKCM,3.218875824868201,5.705065287651125
CPTAC_to_TCGA,11,coral_pca_hgb,18524601-30d9-4dc6-a345-cbdb33349521,KIRC,4.219507705176107,4.492492198646623
CPTAC_to_TCGA,11,coral_pca_hgb,c6b680e3-d96e-4fc7-8053-77454b7a14fa,LUAD,5.5093883366279774,4.158030323543566
CPTAC_to_TCGA,11,coral_pca_hgb,2375ef64-8212-4ad4-97e8-bfa6d1db430f,KIRC,4.330733340286331,4.290838966036259
CPTAC_to_TCGA,11,coral_pca_hgb,712c2f78-c736-42ce-b689-a954c5290987,PAAD,3.258096538021482,3.6817898973985326
CPTAC_to_TCGA,11,coral_pca_hgb,bf768635-b809-4df4-a4e6-7495e66aa227,KIRC,4.060443010546419,4.099821147569359
CPTAC_to_TCGA,11,coral_pca_hgb,77ed36ad-222f-4693-8668-0ecf9073d6e8,UCEC,7.063903961472068,7.10839262334538
CPTAC_to_TCGA,11,coral_pca_hgb,781f40c9-c099-4c96-8269-ebe2a449c93d,LUAD,5.293304824724492,5.222693629404555
CPTAC_to_TCGA,11,coral_pca_hgb,c787c4da-c564-44f1-89eb-dd9da107acb1,SKCM,5.966146739123692,5.759529205803165
CPTAC_to_TCGA,11,coral_pca_hgb,30256f61-7be9-4d47-8afd-afafa7a079c0,GBM,4.330733340286331,3.6122365321351038
CPTAC_to_TCGA,11,coral_pca_hgb,12b79b4f-c28c-418e-a1e7-e622f33fdcc2,LUAD,4.0943445622221,4.892588170697065
CPTAC_to_TCGA,11,coral_pca_hgb,5c68e3e4-58f7-4699-989d-80d2e4996794,STAD,5.4510384535657,5.871546369191807
CPTAC_to_TCGA,11,coral_pca_hgb,fdbbdbf8-cf2e-4550-9727-b023aed9b8d9,SKCM,2.995732273553991,5.282284209940125
CPTAC_to_TCGA,11,coral_pca_hgb,39609d3c-f5d3-4bc4-b356-1403c6dd1cb5,UCEC,3.7612001156935615,4.382661060962901
CPTAC_to_TCGA,11,coral_pca_hgb,ce2bfd9e-6382-47bb-9fd1-b77afe57e948,PAAD,3.091042453358316,3.563099301950802
CPTAC_to_TCGA,11,coral_pca_hgb,41893e97-7e90-4b03-b738-260f288ade4c,UCEC,3.87120101090789,4.871990503423188
CPTAC_to_TCGA,11,coral_pca_hgb,93ed7a2b-b0cb-4a84-871f-5c34a0b6a640,GBM,3.5263605246161616,4.577314331104434
CPTAC_to_TCGA,11,coral_pca_hgb,8e41153b-9faf-45c3-8397-8a428ef5c0d5,LUAD,3.7612001156935615,3.790234682881064
CPTAC_to_TCGA,11,coral_pca_hgb,a93c47a9-65b5-4785-af4f-a2078db4514e,UCEC,6.013715156042802,5.1969306397957915
CPTAC_to_TCGA,11,coral_pca_hgb,2cd8ea73-cb3f-4b17-9b97-fa12eb03b85b,LUAD,4.997212273764115,4.474771920398432
CPTAC_to_TCGA,11,coral_pca_hgb,2079155a-d91d-4246-a038-01934a580f32,LUAD,5.14166355650266,4.701351368706346
CPTAC_to_TCGA,11,coral_pca_hgb,32e40e0b-e74b-428c-acd3-84ec6a80c024,SKCM,3.1354942159291497,5.537663567900984
CPTAC_to_TCGA,11,coral_pca_hgb,633ddc04-c424-42c8-8e54-673968b130a7,SKCM,6.192362489474872,6.0757313463711915
CPTAC_to_TCGA,11,coral_pca_hgb,97094aed-69f7-4f4e-a87e-533979e11514,GBM,4.787491742782046,3.908197152397511
CPTAC_to_TCGA,11,coral_pca_hgb,17f63789-2ee3-4cd9-9273-5fa73662db39,STAD,5.953243334287785,6.30336354943733
CPTAC_to_TCGA,11,coral_pca_hgb,e00a60d7-4253-443d-a187-680ad0931349,LUAD,4.584967478670572,4.379294585504097
CPTAC_to_TCGA,11,coral_pca_hgb,a682a2a3-dc53-4b7e-8929-07215737ec5e,KIRC,4.0943445622221,3.5593783359519353
CPTAC_to_TCGA,11,coral_pca_hgb,76a4e24e-e645-47c5-836a-6a029e97a4c8,STAD,3.49650756146648,4.020371456868807
CPTAC_to_TCGA,11,coral_pca_hgb,7186180a-688a-4fcc-9a67-166eff032e4b,UCEC,3.970291913552122,4.094551526934716
CPTAC_to_TCGA,11,coral_pca_hgb,83f2cd11-0dd7-47a6-b4b3-8212faac94bb,UCEC,3.555348061489413,4.43799802196291
CPTAC_to_TCGA,11,coral_pca_hgb,6e72d2e2-96fe-4fbb-9fe6-39ec28753eb6,GBM,3.610917912644224,3.825163549762306
CPTAC_to_TCGA,11,coral_pca_hgb,0648f046-2206-4b97-9b6e-419c2e325b6d,UCEC,4.007333185232471,3.8149783591269166
CPTAC_to_TCGA,11,coral_pca_hgb,3dd5a206-d7f3-42f1-b9cc-4b31c76d495d,SKCM,4.174387269895637,5.66479613524679
CPTAC_to_TCGA,11,coral_pca_hgb,2b4f014f-74e9-4dda-a1ad-abcbd124fc44,STAD,4.110873864173311,5.8804717646986155
CPTAC_to_TCGA,11,coral_pca_hgb,552712d3-da16-441e-ba93-11810793d598,LUAD,5.484796933490655,5.296433494157785
CPTAC_to_TCGA,11,coral_pca_hgb,7782ceaa-da49-4232-8b3f-534971adaad8,LUAD,4.007333185232471,3.976526511033576
CPTAC_to_TCGA,11,coral_pca_hgb,31a0dd95-8199-4d25-b40d-4b353644af46,KIRC,3.828641396489095,3.575389685757331
CPTAC_to_TCGA,11,coral_pca_hgb,2e81cfda-5080-49b8-95ca-ba3963dae30c,KIRC,3.713572066704308,4.1250612199676935
CPTAC_to_TCGA,11,coral_pca_hgb,0246823f-99f4-4a46-b2b1-27f81179584c,STAD,4.736198448394496,4.830158186933565
CPTAC_to_TCGA,11,coral_pca_hgb,0a93c52e-7e96-406b-b40d-b2925ba4ebd1,KIRC,3.49650756146648,2.4215003496116854
CPTAC_to_TCGA,11,coral_pca_hgb,cf67eaf8-f5e6-41be-8992-cdb97091e1b0,KIRC,4.290459441148391,3.8903171527429574
CPTAC_to_TCGA,11,coral_pca_hgb,435b57e7-5cd4-486a-b3d4-ccb1ef160d52,UCEC,9.282288871288769,5.456808988364213
CPTAC_to_TCGA,11,coral_pca_hgb,889aec8e-14ba-48d9-8fe1-f2416e82b333,LUAD,5.327876168789581,3.9864133037215113
CPTAC_to_TCGA,11,coral_pca_hgb,9ca1a26c-82e0-48b3-b3bb-2ed57086eeb1,LUAD,3.091042453358316,3.2868626596890866
CPTAC_to_TCGA,11,coral_pca_hgb,4cfe4f31-f62c-423a-8b9f-17f455b15313,KIRC,2.302585092994046,3.092243437909182
CPTAC_to_TCGA,11,coral_pca_hgb,f384eb3f-92ab-4327-87eb-45b5f72a1580,UCEC,3.8501476017100575,5.059963538640123
CPTAC_to_TCGA,11,coral_pca_hgb,5b846aad-6133-4133-a78b-65be81332cb4,LAML,1.791759469228055,1.7794243625834583
CPTAC_to_TCGA,11,coral_pca_hgb,24fed326-bdcf-4c20-a06e-7c1c3d6c9cc5,STAD,3.5263605246161616,4.436345654926152
CPTAC_to_TCGA,11,coral_pca_hgb,06d16b6b-9ca6-4cec-a785-f27aa4323cec,UCEC,4.158883083359672,4.712519991581582
CPTAC_to_TCGA,11,coral_pca_hgb,d51fa004-23e6-41a7-9237-ce9916e2e394,KIRC,4.127134385045092,4.029297115989374
CPTAC_to_TCGA,11,coral_pca_hgb,962fd4e7-9199-43d9-abce-e3dfa46da62c,LUAD,5.521460917862246,5.171320863905221
CPTAC_to_TCGA,11,coral_pca_hgb,a816e355-be6f-4d16-b051-b6d86ed8cded,LUAD,4.3694478524670215,4.3781965940817775
CPTAC_to_TCGA,11,coral_pca_hgb,d7258a64-3ea0-40fc-b3f4-b581a1725fff,UCEC,3.7612001156935615,4.023921179669578
CPTAC_to_TCGA,11,coral_pca_hgb,9a63f744-4ed4-4b4d-aac6-f9bda66aa563,LUAD,3.6635616461296463,4.874992067093302
CPTAC_to_TCGA,11,coral_pca_hgb,1b31cdb3-1837-49d6-a857-1830f8800299,LUAD,3.951243718581428,5.061371673528065
CPTAC_to_TCGA,11,coral_pca_hgb,f5759059-c0e3-4f1a-af96-5c7197d3c33c,KIRC,3.784189633918261,4.186816413125198
CPTAC_to_TCGA,11,coral_pca_hgb,f8ac5fd2-11f2-4b3a-a3a6-ff1a6d8e1cae,UCEC,3.8501476017100575,3.752607653428635
CPTAC_to_TCGA,11,coral_pca_hgb,838fcc2b-48b4-49dd-b8fc-ff27bbd16b17,UCEC,3.828641396489095,5.613159150880209
CPTAC_to_TCGA,11,coral_pca_hgb,326745d8-98ca-4f4d-b217-96aea9faa1ad,KIRC,3.58351893845611,3.8544439129308667
CPTAC_to_TCGA,11,coral_pca_hgb,1654c42b-664b-407e-8ca7-d4cd908b709a,STAD,5.159055299214529,4.763596069924364
CPTAC_to_TCGA,11,coral_pca_hgb,570f9947-1ce5-49c7-9619-49439df6c7a9,PAAD,2.5649493574615367,3.0791872384144083
CPTAC_to_TCGA,11,coral_pca_hgb,5262d82d-fc43-41f4-9b23-c9ac6f237ff0,UCEC,3.5263605246161616,5.019209332613585
CPTAC_to_TCGA,11,coral_pca_hgb,603d2b61-b636-4054-ac95-ab66dabb3b48,GBM,3.367295829986474,5.133721013886203
CPTAC_to_TCGA,11,coral_pca_hgb,cd9e70e4-8622-4a07-8646-63f8275c1737,LUAD,6.914730892718563,4.828944392309882
CPTAC_to_TCGA,11,coral_pca_hgb,8b119d1c-6d21-4bbd-8a00-12da7b97d6c4,LUAD,4.143134726391533,4.315908222270359
CPTAC_to_TCGA,11,coral_pca_hgb,508bf716-46f9-44dc-8e39-09261dfb073e,UCEC,9.333088837235236,6.817154614764875
CPTAC_to_TCGA,11,coral_pca_hgb,2d166dc0-8890-4b00-ab73-9e2dbb6c530d,UCEC,3.8918202981106265,3.8973734684342745
CPTAC_to_TCGA,11,coral_pca_hgb,a798a8cc-4e72-4a8c-9e20-74a14deafd12,UCEC,3.6635616461296463,4.0240530817109645
CPTAC_to_TCGA,11,coral_pca_hgb,7da1a098-73f7-40c1-8c9d-e0423c15009c,STAD,4.276666119016055,5.101598104549803
CPTAC_to_TCGA,11,coral_pca_hgb,ddeacccf-0953-4952-8a4e-c2617f2e7bcc,LUAD,3.610917912644224,4.381021990046254
CPTAC_to_TCGA,11,coral_pca_hgb,d0f908c5-aafd-4b76-a2fb-39b7cc19bcf7,KIRC,3.784189633918261,3.9564686420023074
CPTAC_to_TCGA,11,coral_pca_hgb,54e90433-5218-4d83-848f-f995ecba2a63,LUAD,7.151485463904735,4.79190845227686
CPTAC_to_TCGA,11,coral_pca_hgb,0305db4a-62ee-4ecb-bede-032981298732,UCEC,4.262679877041316,4.727223515623559
CPTAC_to_TCGA,11,coral_pca_hgb,fb86044c-161e-41d7-a49e-3d5ec18294ef,GBM,3.688879454113936,3.1955805894765157
CPTAC_to_TCGA,11,coral_pca_hgb,7093024b-cf56-4783-b973-b72573ed7f2b,LUAD,4.61512051684126,4.865526165341004
CPTAC_to_TCGA,11,coral_pca_hgb,4c325ee1-9b8e-45d4-a0a7-e47ec1eac402,KIRC,4.127134385045092,3.976810721698867
CPTAC_to_TCGA,11,coral_pca_hgb,eea5ea8b-6579-44c2-a205-47befe82ee9f,SKCM,4.406719247264253,5.392415157798168
CPTAC_to_TCGA,11,coral_pca_hgb,9b9654c9-5a64-4a8e-b1f0-987437e6012e,GBM,3.1780538303479458,3.7049948320096715
CPTAC_to_TCGA,11,coral_pca_hgb,659294b9-ded9-498a-bc00-c1d4d456aa4a,KIRC,4.262679877041316,3.1548357991182128
CPTAC_to_TCGA,11,coral_pca_hgb,d28e465c-e553-4c53-8bb7-3d8199b9a8a5,LUAD,6.76849321164863,5.17381495018356
CPTAC_to_TCGA,11,coral_pca_hgb,43714e9a-e9c4-4206-af92-1d00d2a8ae35,UCEC,6.437751649736401,6.027166700062367
CPTAC_to_TCGA,11,coral_pca_hgb,65ef7168-69c6-4910-a141-d7558d0027c9,UCEC,5.921578419643816,6.0075867065805895
CPTAC_to_TCGA,11,coral_pca_hgb,646910ee-5f5d-40ac-a21a-75790f89430a,LUAD,0.0,4.245026502090821
CPTAC_to_TCGA,11,coral_pca_hgb,e57b296a-80e9-4446-a3d1-3dbfeaf04f5e,GBM,4.04305126783455,3.8887920320108003
CPTAC_to_TCGA,11,coral_pca_hgb,22e0c3ea-9f6d-4d73-9282-17ee4553f436,GBM,3.610917912644224,3.8275256117531806
CPTAC_to_TCGA,11,coral_pca_hgb,7be86a90-6da8-4c01-8a7a-bc5cfef9894f,LUAD,5.973809611869261,4.60756709821573
CPTAC_to_TCGA,11,coral_pca_hgb,ea600f9e-cda8-4a56-b8bd-e4c01ab724ba,STAD,7.289610521451167,6.872385462385653
CPTAC_to_TCGA,11,coral_pca_hgb,74139255-a635-4c87-814d-3dd04ed630a8,GBM,4.553876891600541,3.0643498340698474
CPTAC_to_TCGA,11,coral_pca_hgb,c184c3ca-7ad3-4202-b108-cb9fd5f5d947,GBM,4.127134385045092,3.8021634765866588
CPTAC_to_TCGA,11,coral_pca_hgb,8d9e4917-334b-4c76-aee1-1e22be772db0,UCEC,5.25227342804663,4.552843607587599
CPTAC_to_TCGA,11,coral_pca_hgb,2f90209b-7464-4d7e-83d1-67850c263ded,STAD,2.19722457733622,4.163216920911482
CPTAC_to_TCGA,11,coral_pca_hgb,196d4b0c-a4ec-4915-b706-ada86ab483ae,LAML,2.4849066497880004,2.147544671232308
CPTAC_to_TCGA,11,coral_pca_hgb,e254aaeb-012c-4d92-8a03-cce1f6a2bcd6,LUAD,3.1780538303479458,4.0918730544075395
CPTAC_to_TCGA,11,coral_pca_hgb,4a00ca75-d23a-4642-bee8-db4182517724,STAD,5.272999558563747,5.357684775998259
CPTAC_to_TCGA,11,coral_pca_hgb,6f661f0d-f08b-486e-8bd7-4306e1593eb9,UCEC,6.634633357861686,5.799468175353386
CPTAC_to_TCGA,11,coral_pca_hgb,c01afa58-af3f-40f1-b4fe-36909ae3871e,KIRC,3.295836866004329,3.89306008683089
CPTAC_to_TCGA,11,coral_pca_hgb,0b4443a0-087d-47e7-9e67-795eac6750c3,PAAD,3.258096538021482,3.7638514746291682
CPTAC_to_TCGA,11,coral_pca_hgb,4cb4dd07-0ce5-4de7-a0bd-546183949efe,UCEC,4.127134385045092,4.99206331448676
CPTAC_to_TCGA,11,coral_pca_hgb,b3a6acab-00ad-48b7-94c2-bd56b461b48f,KIRC,2.8903717578961645,4.058452307587365
CPTAC_to_TCGA,11,coral_pca_hgb,e4babd46-005a-4af3-8041-131648d9c2c6,PAAD,0.0,2.8177444440055854
CPTAC_to_TCGA,11,coral_pca_hgb,fdb395e7-ff30-400d-861e-0cf2462ee390,UCEC,3.555348061489413,4.447749793363067
CPTAC_to_TCGA,11,coral_pca_hgb,6ab00314-5228-43ba-9880-9d5177b64c61,KIRC,4.553876891600541,3.8636930815649393
CPTAC_to_TCGA,11,coral_pca_hgb,424e5c99-3693-4b10-bbf0-fc43e851610c,KIRC,4.31748811353631,4.076018008704803
CPTAC_to_TCGA,11,coral_pca_hgb,ea3c0988-17c7-4eb0-a1a6-cef1e0865384,SKCM,3.8918202981106265,4.235707790550527
CPTAC_to_TCGA,11,coral_pca_hgb,548ec160-4183-459f-8393-f4b4672a3251,UCEC,3.4339872044851463,4.5742484014193545
CPTAC_to_TCGA,11,coral_pca_hgb,1d276b62-5e64-48fb-b2ce-5192b511fe37,LUAD,4.983606621708336,4.1816852848764245
CPTAC_to_TCGA,11,coral_pca_hgb,5dfdfcfc-72cc-4e33-aa3f-0d744eb94330,UCEC,2.8903717578961645,3.916342604933007
CPTAC_to_TCGA,11,coral_pca_hgb,ad74c0e8-8878-4efc-997d-981cd547bc5b,LUAD,4.48863636973214,4.685992610206716
CPTAC_to_TCGA,11,coral_pca_hgb,1944e155-b765-48c3-9602-6787c105e551,UCEC,6.597145701886651,6.696707232297804
CPTAC_to_TCGA,11,coral_pca_hgb,224235c1-5b6e-48d5-a5d1-777dfede0f1e,GBM,3.4339872044851463,3.5980319109625793
CPTAC_to_TCGA,11,coral_pca_hgb,d8aa891c-8050-471e-ad3e-32b9c5e9db03,PAAD,3.87120101090789,4.201496992045487
CPTAC_to_TCGA,11,coral_pca_hgb,800f3039-97e0-441e-8292-4ccf1bb4797a,SKCM,5.375278407684165,5.1760202463057325
CPTAC_to_TCGA,11,coral_pca_hgb,a79a4e56-09bf-4691-b7e0-81a9c2620d0f,UCEC,5.537334267018537,5.351210667244194
CPTAC_to_TCGA,11,coral_pca_hgb,4125e3e5-51c0-4577-9935-10cd086fc415,UCEC,3.80666248977032,4.987659710252803
CPTAC_to_TCGA,11,coral_pca_hgb,c5df9142-27f6-4d97-933e-c79ea9199362,UCEC,4.110873864173311,4.199830926640724
CPTAC_to_TCGA,11,coral_pca_hgb,bb8cff3b-c3e6-4fc9-b9dd-9d04d76458c6,LAML,2.8903717578961645,1.7539993707440502
CPTAC_to_TCGA,11,coral_pca_hgb,503e6c30-1b62-4f85-bcb4-e34c009894ab,UCEC,3.8918202981106265,4.101325690237095
CPTAC_to_TCGA,11,coral_pca_hgb,eee108d6-bb11-4369-b776-0f524afef6f3,KIRC,4.406719247264253,3.7898268177599435
CPTAC_to_TCGA,11,coral_pca_hgb,df1e2e79-0126-4f3a-85e3-36f59be04622,KIRC,3.4011973816621555,3.3719671975374172
CPTAC_to_TCGA,11,coral_pca_hgb,195a5afb-b79f-44d2-9d12-884487630c2b,LUAD,4.343805421853684,4.95959890136491
CPTAC_to_TCGA,11,coral_pca_hgb,d3b47e53-6f40-4fc8-b5a4-cbe548a770a9,KIRC,2.995732273553991,2.6485430666076506
CPTAC_to_TCGA,11,coral_pca_hgb,14db56ef-ec5e-4775-a229-5d83e58e027c,UCEC,8.496990484098719,6.996472792118976
CPTAC_to_TCGA,11,coral_pca_hgb,e3aa5595-223b-42e9-aec0-e49f631e37d5,KIRC,3.80666248977032,2.9936716352349926
CPTAC_to_TCGA,11,coral_pca_hgb,4c070166-025e-49b7-b4d0-fe25c8a355b1,GBM,3.828641396489095,3.9988916213434114
CPTAC_to_TCGA,11,coral_pca_hgb,cfb6e5b0-34ed-4f8a-9057-c48de5e28645,LAML,1.0986122886681096,1.9874229719242913
CPTAC_to_TCGA,11,coral_pca_hgb,595fc3ad-f603-421b-b130-52f1f617050b,LUAD,6.22455842927536,5.140941770298784
CPTAC_to_TCGA,11,coral_pca_hgb,e2b1d0de-5221-44a1-8fad-9708a3cada14,UCEC,3.555348061489413,3.948968299368658
CPTAC_to_TCGA,11,coral_pca_hgb,fe5f4822-37a3-4f9e-8d33-8b9f36bf6895,UCEC,4.143134726391533,3.8973660830279058
CPTAC_to_TCGA,11,coral_pca_hgb,23e96996-f438-4e81-b3b0-d12a0c046fcd,LAML,6.180016653652572,1.616914623501656
CPTAC_to_TCGA,11,coral_pca_hgb,53245616-e095-4616-89bb-6062669122da,UCEC,8.83811659764782,6.300045450511237
CPTAC_to_TCGA,11,coral_pca_hgb,8b93bdb4-b64b-4940-a814-f5b3f5ae56cc,SKCM,6.154858094016418,5.25407936228294
CPTAC_to_TCGA,11,coral_pca_hgb,822cf6c1-dd65-4814-94b1-0c335208ad9b,KIRC,3.6375861597263857,3.919263230490861
CPTAC_to_TCGA,11,coral_pca_hgb,eeb327b4-b705-4161-ba94-647f0e14f5b4,UCEC,3.6635616461296463,4.4862569710817795
CPTAC_to_TCGA,11,coral_pca_hgb,fcfe0b53-dfc1-42fa-9efc-2b2ff259297e,LUAD,5.958424693029782,5.598735401972222
CPTAC_to_TCGA,11,coral_pca_hgb,b428463a-75d5-4663-a53b-ec2993795cc0,KIRC,3.784189633918261,4.281793760874256
CPTAC_to_TCGA,11,coral_pca_hgb,de7b7cac-f094-4d59-8651-e991e34ea093,GBM,4.07753744390572,2.845148704658033
CPTAC_to_TCGA,11,coral_pca_hgb,7cf64c74-47e6-4913-b91b-25198e36b7c8,LAML,0.6931471805599453,1.3362898463252288
CPTAC_to_TCGA,11,coral_pca_hgb,352768f9-3ce1-419c-beef-6515c78f5d7a,GBM,4.48863636973214,3.487347447951772
CPTAC_to_TCGA,11,coral_pca_hgb,8bf0b156-6eb4-45e8-9cbb-0979efbea898,UCEC,4.890349128221754,4.132684851310178
CPTAC_to_TCGA,11,coral_pca_hgb,1b6c184a-5868-4a51-8a82-aa16a7e65126,GBM,4.543294782270004,3.6350310172071074
CPTAC_to_TCGA,11,coral_pca_hgb,afb91740-2668-46d7-ba01-bb26153ad1c7,LUAD,5.564520407322694,4.529025806911697
CPTAC_to_TCGA,11,coral_pca_hgb,b6d4e2d5-5739-4be3-8a4c-6e7a17d1d40f,KIRC,3.49650756146648,3.9424355766193444
CPTAC_to_TCGA,11,coral_pca_hgb,98ef41fa-3015-445a-bbdc-984361c911f7,LUAD,6.450470422144176,3.9443917174811065
CPTAC_to_TCGA,11,coral_pca_hgb,24ae6f30-eec8-49a7-abde-246b3873679e,GBM,3.80666248977032,3.7842221950316315
CPTAC_to_TCGA,11,coral_pca_hgb,75fb484d-cd12-4cf0-a99d-faf27aead118,UCEC,3.258096538021482,4.520241874704157
CPTAC_to_TCGA,11,coral_pca_hgb,aa3d2d17-19e3-4b76-8235-98550f49dc91,STAD,3.49650756146648,4.814513791993348
CPTAC_to_TCGA,11,coral_pca_hgb,b39d6675-9378-4652-8a28-9b52b8ca88ce,KIRC,3.258096538021482,3.8421926313790284
CPTAC_to_TCGA,11,coral_pca_hgb,f0b6e8f8-995c-47c1-bbec-d1d51dc97828,STAD,4.51085950651685,5.706829997251664
CPTAC_to_TCGA,11,coral_pca_hgb,d47e214d-efbc-436d-b928-303d1f5135c4,PAAD,3.5263605246161616,3.5458655238277497
CPTAC_to_TCGA,11,coral_pca_hgb,7b594344-573d-46a0-b735-6727f6f15585,STAD,4.941642422609304,5.777709635318695
CPTAC_to_TCGA,11,coral_pca_hgb,f5bc5d97-e054-4e53-992d-71b896bd97d5,GBM,4.709530201312334,3.2238593259806536
CPTAC_to_TCGA,11,coral_pca_hgb,50279b37-828d-4e18-b41f-f793c3923e75,STAD,3.828641396489095,4.3730651283103965
CPTAC_to_TCGA,11,coral_pca_hgb,2c8d436c-4edb-4083-b23f-9a33307d5bb2,SKCM,3.87120101090789,4.2363330281310345
CPTAC_to_TCGA,11,coral_pca_hgb,6fa99ae9-1d72-455e-938e-0ec0d240f5a3,UCEC,4.007333185232471,3.993982311605987
CPTAC_to_TCGA,11,coral_pca_hgb,a214a959-3b21-4f25-a615-383cda7afdff,LUAD,3.091042453358316,3.299257878917206
CPTAC_to_TCGA,11,coral_pca_hgb,8a24f1a3-4bab-4591-9676-7bee01d096c1,STAD,4.127134385045092,5.669444272933479
CPTAC_to_TCGA,11,coral_pca_hgb,ca858743-1f06-40e3-accf-395d08375b63,UCEC,3.951243718581428,2.9520120849821283
CPTAC_to_TCGA,11,coral_pca_hgb,db3a4986-55d5-4ecc-be73-59725dce3c33,UCEC,7.724004656676065,5.163563791725611
CPTAC_to_TCGA,11,coral_pca_hgb,b89de053-d253-447f-952e-9a2edcf6bca5,LUAD,6.9865664594064265,5.927173564440109
CPTAC_to_TCGA,11,coral_pca_hgb,752a6e21-9a91-417f-beba-bfdf331d5cac,GBM,3.5263605246161616,3.8009069664354618
CPTAC_to_TCGA,11,coral_pca_hgb,e8060c45-451d-4779-9584-f284db47e63e,LUAD,5.198497031265826,5.379159808289508
CPTAC_to_TCGA,11,coral_pca_hgb,e9f855b3-291b-449d-9758-caa0f99fa76d,KIRC,3.6635616461296463,4.267299127576738
CPTAC_to_TCGA,11,coral_pca_hgb,7e70a318-3acc-42f3-8287-158a2199f0bc,GBM,8.713910628493924,3.4921992393054277
CPTAC_to_TCGA,11,coral_pca_hgb,ae633e83-303f-4a90-ac3b-34458fd9beef,STAD,4.990432586778736,4.200597421491747
CPTAC_to_TCGA,11,coral_pca_hgb,ba96288c-60d3-4e56-8940-90c5b22d4ddc,KIRC,3.555348061489413,4.274186027138137
CPTAC_to_TCGA,11,coral_pca_hgb,7cada85b-00b1-41e5-9924-e09eb077ad56,GBM,3.091042453358316,3.5855168575864673
CPTAC_to_TCGA,11,coral_pca_hgb,68567581-0be3-48f1-8dcd-487bc0c1e6f6,SKCM,5.75890177387728,6.172155723638447
CPTAC_to_TCGA,11,coral_pca_hgb,82f069c4-7928-4b7b-8a42-114db7de0501,KIRC,2.4849066497880004,2.619069700291351
CPTAC_to_TCGA,11,coral_pca_hgb,3a3a8fe1-e35c-45d0-aa0b-4fefa9ee9183,PAAD,0.0,3.357719695993684
CPTAC_to_TCGA,11,coral_pca_hgb,e9fa66f5-282c-416a-9dcf-46714ea12fcf,UCEC,3.9889840465642745,3.6168533047441103
CPTAC_to_TCGA,11,coral_pca_hgb,a9644274-13bb-4228-9b4f-14260ccc26eb,LUAD,5.860786223465865,5.550021006122077
CPTAC_to_TCGA,11,coral_pca_hgb,e5f956dd-f49f-435c-83c3-5b1b0a2050ed,LUAD,3.6635616461296463,4.406166632051094
CPTAC_to_TCGA,11,coral_pca_hgb,722f462d-f939-4bc1-aae4-8f78b1335a87,GBM,3.80666248977032,4.343595718953505
CPTAC_to_TCGA,11,coral_pca_hgb,b045f24b-f822-4df9-9ffa-47308edcec8c,UCEC,8.925321416943886,6.816655437886429
CPTAC_to_TCGA,11,coral_pca_hgb,230dc42d-681c-4e31-9d2e-c724e61829fb,LUAD,6.263398262591624,5.1206964283351
CPTAC_to_TCGA,11,coral_pca_hgb,2f0710f4-827b-45b2-9b7e-c27385b481a7,LUAD,2.302585092994046,4.353985661216383
CPTAC_to_TCGA,11,coral_pca_hgb,3f67b6bc-8886-459a-be73-d702f977a8ba,LAML,6.249975242259483,2.0388022598347457
CPTAC_to_TCGA,11,coral_pca_hgb,e4344668-5a50-4dde-8eec-f4d7f01f99fd,STAD,4.174387269895637,5.783827544117017
CPTAC_to_TCGA,11,coral_pca_hgb,8027adc9-4918-45f0-a7da-5767da0b999e,STAD,4.990432586778736,5.408296383057021
CPTAC_to_TCGA,11,coral_pca_hgb,7a077812-f6ee-4820-a084-1a52c7ef062c,UCEC,3.258096538021482,4.418071079446972
CPTAC_to_TCGA,11,coral_pca_hgb,2a227292-c73d-45fc-ab68-cdfaf7aef9e7,STAD,4.110873864173311,4.625385555749202
CPTAC_to_TCGA,11,coral_pca_hgb,3e1df30f-744a-41e9-a169-7dbbff66622e,LUAD,6.045005314036012,5.50538721801565
CPTAC_to_TCGA,11,coral_pca_hgb,a0e57b39-960e-4e46-8aa0-d0ee2fd9a7cc,LUAD,5.802118375377063,5.864632006620051
CPTAC_to_TCGA,11,coral_pca_hgb,88fc4bc4-32cf-4d92-8c29-20d920b8f719,KIRC,4.31748811353631,3.8925903429747652
CPTAC_to_TCGA,11,coral_pca_hgb,e33dff22-5bf1-4dd8-bed7-063cb555677c,KIRC,3.367295829986474,3.9789608849008458
CPTAC_to_TCGA,11,coral_pca_hgb,dbd5b0de-94c9-45dd-afb3-6820a7ecaca2,LUAD,4.477336814478207,4.954701733322939
CPTAC_to_TCGA,11,coral_pca_hgb,7ddeddd1-b2ad-425f-94a2-9c476b959f2a,UCEC,6.093569770045136,5.487484047606847
CPTAC_to_TCGA,11,coral_pca_hgb,7340f325-579f-4b90-96aa-3a7b362129ca,GBM,4.454347296253507,3.804319026279918
CPTAC_to_TCGA,11,coral_pca_hgb,283776cd-32e8-4a79-bed1-1411c9d3a9e0,STAD,4.204692619390966,5.196478259471534
CPTAC_to_TCGA,11,coral_pca_hgb,a3fd20b2-e001-44ab-9716-754e5ae70808,LUAD,0.6931471805599453,3.5808349076091424
CPTAC_to_TCGA,11,coral_pca_hgb,da345947-498b-4272-a231-a987ed4fe151,LUAD,4.060443010546419,4.796494565416267
CPTAC_to_TCGA,11,coral_pca_hgb,ff82548a-f1bb-4daa-a8f7-b3831b5843ad,UCEC,7.282073658093465,4.03621931670661
CPTAC_to_TCGA,11,coral_pca_hgb,e921772f-f81a-49bc-b35e-3354c94447c0,GBM,4.356708826689592,3.006493008842772
CPTAC_to_TCGA,11,coral_pca_hgb,1770adbd-b424-4a88-95f0-768e5f168cee,STAD,4.553876891600541,5.711719108880381
CPTAC_to_TCGA,11,coral_pca_hgb,a205522f-2df0-4829-b86f-fa43c76c39cc,STAD,3.87120101090789,3.726345549724989
CPTAC_to_TCGA,11,coral_pca_hgb,8e9e684c-20e5-48b1-9e40-970037fe959f,KIRC,3.6375861597263857,4.019965070889243
CPTAC_to_TCGA,11,coral_pca_hgb,5a12857b-4132-4089-a7b7-e706366102db,STAD,4.174387269895637,4.496651950272858
CPTAC_to_TCGA,11,coral_pca_hgb,0944ce65-a89a-4916-b90a-f674b334281e,PAAD,3.4011973816621555,4.12683050976732
CPTAC_to_TCGA,11,coral_pca_hgb,46874009-4b32-43ff-a36a-236a3ca28fef,STAD,3.9318256327243257,5.100243585124027
CPTAC_to_TCGA,11,coral_pca_hgb,a58b6cd2-48f8-47d0-b97a-02a376f83e5c,STAD,7.139660335964919,6.774454189076059
CPTAC_to_TCGA,11,coral_pca_hgb,9072cf34-8632-4b57-acc8-58e8fe21c136,LAML,1.0986122886681096,1.6195634578880074
CPTAC_to_TCGA,11,coral_pca_hgb,f11f68ac-5ad2-416b-a0c2-697ac3e9718a,KIRC,3.784189633918261,3.957792567175565
CPTAC_to_TCGA,11,coral_pca_hgb,d30f460b-8e85-4eb4-83b8-0a5d8bf4d10d,KIRC,4.219507705176107,3.4208752512788885
CPTAC_to_TCGA,11,coral_pca_hgb,4e9d1a69-1f10-4500-9dda-f8eb1ccc6576,SKCM,2.302585092994046,5.440704541854828
CPTAC_to_TCGA,11,coral_pca_hgb,762dea8a-5b41-4058-979a-b7876ed13d7e,LUAD,5.318119993844216,5.410429919581294
CPTAC_to_TCGA,11,coral_pca_hgb,7db115ea-082b-45bb-97d2-4254270b8bb6,GBM,4.948759890378168,3.6578273393270857
CPTAC_to_TCGA,11,coral_pca_hgb,c6388925-c0a1-4610-a6b9-d9d9500d88c6,PAAD,2.995732273553991,3.297855469454967
CPTAC_to_TCGA,11,coral_pca_hgb,b8b5ed35-b299-4c1e-9226-5ca055dc7a43,LUAD,4.3694478524670215,3.6470351839968695
CPTAC_to_TCGA,11,coral_pca_hgb,7eb540b4-8dd3-4382-a488-e48b1c7213b3,LUAD,5.293304824724492,5.307458906804841
CPTAC_to_TCGA,11,coral_pca_hgb,4f87e061-e773-48f2-84ba-32401396500e,PAAD,3.295836866004329,3.3542894562705547
CPTAC_to_TCGA,11,coral_pca_hgb,d1c65e6a-098e-4c10-9183-c303ba66015a,UCEC,3.6635616461296463,4.282360447784813
CPTAC_to_TCGA,11,coral_pca_hgb,e7d30bc2-42e8-49c5-a5b3-9f58411b007a,LUAD,5.60947179518496,4.0112391620847685
CPTAC_to_TCGA,11,coral_pca_hgb,0f064588-2d7e-439a-90a6-dfa17bb8af15,UCEC,6.493753839851687,6.099966783417151
CPTAC_to_TCGA,11,coral_pca_hgb,42259aa6-c9f5-4309-a956-dbf930312f44,LUAD,6.075346031088684,5.434817596828454
CPTAC_to_TCGA,11,coral_pca_hgb,18d0aae7-9694-4252-b8fe-16e62dadab07,STAD,4.770684624465665,4.880448876776963
CPTAC_to_TCGA,11,coral_pca_hgb,957ac10a-7365-47b1-bbed-47e5d42fbfdf,UCEC,2.9444389791664403,3.901079509715672
CPTAC_to_TCGA,11,coral_pca_hgb,7997f3d8-bff6-4808-8df0-d88d344d7c9e,STAD,7.158513997329321,6.196331697796016
CPTAC_to_TCGA,11,coral_pca_hgb,beef6a78-a57c-46f1-8f4e-6899f0ba2c6d,KIRC,3.6375861597263857,3.946672435840375
CPTAC_to_TCGA,11,coral_pca_hgb,ab60901b-d2ad-401a-9742-52df35ce1de0,LAML,0.0,1.935653616156367
CPTAC_to_TCGA,11,coral_pca_hgb,4806d9a6-e65d-4a82-b422-1b287980a0c6,UCEC,4.727387818712341,4.575654461811791
CPTAC_to_TCGA,11,coral_pca_hgb,21fb46f9-4bbb-441c-af19-a687e9138344,LUAD,5.351858133476067,5.612001213530485
CPTAC_to_TCGA,11,coral_pca_hgb,0075437e-ba1a-46be-86d6-9773209a2b5e,LUAD,4.418840607796598,6.014149473820941
CPTAC_to_TCGA,11,coral_pca_hgb,5dd28537-d24f-4a6d-a454-6f64cf37e16a,UCEC,6.981934677156389,5.588572880090809
CPTAC_to_TCGA,11,coral_pca_hgb,c558dffe-5aea-467e-ae4c-fdc2a43ab2fe,KIRC,3.58351893845611,4.388294413351248
CPTAC_to_TCGA,11,coral_pca_hgb,620282f9-f932-4335-9c7d-ece53dcaf7a1,GBM,3.5263605246161616,4.529381651249966
CPTAC_to_TCGA,11,coral_pca_hgb,fe4db898-3a9f-4dff-adcb-7b8c30137350,UCEC,3.218875824868201,3.776628544919668
CPTAC_to_TCGA,11,coral_pca_hgb,e16ca88f-488b-40f0-9169-e5a62482a2ff,LUAD,3.8501476017100575,4.010633348453506
CPTAC_to_TCGA,11,coral_pca_hgb,3f305a1f-1020-4ebb-82ab-fd132bcaea02,UCEC,3.58351893845611,3.8048508378928454
CPTAC_to_TCGA,11,coral_pca_hgb,de4e13c8-5ad0-46d2-ae54-b9ca22b939d8,UCEC,3.6375861597263857,4.584365930319565
CPTAC_to_TCGA,11,coral_pca_hgb,f8a32cb0-8c3d-4bc2-8e53-561b89000be7,STAD,6.885509670034818,7.222412697803459
CPTAC_to_TCGA,11,coral_pca_hgb,2db08267-d346-4d42-aac0-b76831903253,LUAD,5.736572297479192,5.595096417770439
CPTAC_to_TCGA,11,coral_pca_hgb,98dd5ea6-8d40-4963-bbae-2d37001d71c8,GBM,3.8918202981106265,4.788436921119029
CPTAC_to_TCGA,11,coral_pca_hgb,c4171de5-8dac-44bd-a6eb-174f9451dbb7,GBM,4.219507705176107,4.293808542740561
CPTAC_to_TCGA,11,coral_pca_hgb,cc4bd56a-25c5-4c48-b583-ac3aeb778ca6,LUAD,4.6443908991413725,4.541957341177261
CPTAC_to_TCGA,11,coral_pca_hgb,cf97d5ff-1cb7-434e-9ca8-c396cf960e5a,SKCM,6.765038976780541,5.584914310264879
CPTAC_to_TCGA,11,coral_pca_hgb,1c2341f3-558b-4555-90ff-c7a23ef85c0b,PAAD,3.713572066704308,3.354150152559116
CPTAC_to_TCGA,11,coral_pca_hgb,5a86d9f1-d38d-4b78-9a23-c7855a20ca2d,GBM,3.9889840465642745,3.3760331868541917
CPTAC_to_TCGA,11,coral_pca_hgb,a24d14d9-4f17-4625-93d0-b0624610d83d,LAML,0.0,2.1357795846230925
CPTAC_to_TCGA,11,coral_pca_hgb,4485cc98-5d58-4eb4-8325-7d1a617b6461,UCEC,6.569481420414296,5.43197466240793
CPTAC_to_TCGA,11,coral_pca_hgb,5c984433-33cf-42fc-b3ba-511efcdcab19,GBM,3.8918202981106265,3.216069150302273
CPTAC_to_TCGA,11,coral_pca_hgb,48abe0ef-dfd5-4e36-a319-c4ec3165cba1,STAD,7.191429330036379,6.052329922294355
CPTAC_to_TCGA,11,coral_pca_hgb,fd370e9d-2719-45e0-b8f1-048ed1ee602f,UCEC,3.258096538021482,4.09772549937372
CPTAC_to_TCGA,11,coral_pca_hgb,0c59ff96-5e4a-4664-a0b1-d057b4725483,LUAD,5.424950017481403,4.615536849259004
CPTAC_to_TCGA,11,coral_pca_hgb,dfa9513d-4e09-405b-a80f-2987ec5c5263,KIRC,3.9318256327243257,4.199116108045066
CPTAC_to_TCGA,11,coral_pca_hgb,2bbf00f4-7798-4dad-9894-96202c9132be,SKCM,6.966024187106113,5.052961801066737
CPTAC_to_TCGA,11,coral_pca_hgb,6c3687fd-0761-477d-95ab-73e11d66dbd6,STAD,6.994849985833071,5.23730607383341
CPTAC_to_TCGA,11,coral_pca_hgb,55cee1dd-15a0-4717-a281-63e08e2cfdf9,PAAD,3.58351893845611,3.244249052976327
CPTAC_to_TCGA,11,coral_pca_hgb,f4fe7c02-be19-4929-8638-960e5776494c,GBM,3.80666248977032,4.108613323228331
CPTAC_to_TCGA,11,coral_pca_hgb,7b9947d5-e86b-4006-8890-ea5209584a88,UCEC,4.0943445622221,4.5189634144902495
CPTAC_to_TCGA,11,coral_pca_hgb,baf9a42a-e39e-4aac-b7b5-1b63b7fa1435,STAD,4.290459441148391,4.7447054746023865
CPTAC_to_TCGA,11,coral_pca_hgb,597a5a56-244b-4218-a55d-5d08217ea28c,PAAD,3.295836866004329,3.5243415872275796
CPTAC_to_TCGA,11,coral_pca_hgb,7b4e529f-5ed9-4a81-94e6-7a62d604d46d,KIRC,3.87120101090789,3.8690255990420863
CPTAC_to_TCGA,11,coral_pca_hgb,47a4161c-9c61-48f5-b9bc-a6d1acad4e5a,GBM,4.143134726391533,4.20525545573465
CPTAC_to_TCGA,11,coral_pca_hgb,3e41cf2f-3de9-44c1-a819-bce693baf67d,UCEC,3.58351893845611,4.36054410431566
CPTAC_to_TCGA,11,coral_pca_hgb,0b970feb-914f-4159-912f-6efec02b617f,KIRC,4.852030263919617,2.9533738248796926
CPTAC_to_TCGA,11,coral_pca_hgb,4adc20d7-5af1-4126-9073-c7d7ae465d92,UCEC,3.332204510175204,3.6150599911743075
CPTAC_to_TCGA,11,coral_pca_hgb,e17cf9e9-0902-44e0-962b-af5492876f7d,STAD,4.59511985013459,4.527559856316837
CPTAC_to_TCGA,11,coral_pca_hgb,37e22429-efd7-4d6a-b79a-9d8c7be2170c,STAD,4.465908118654584,5.825530590990904
CPTAC_to_TCGA,11,coral_pca_hgb,84c3ba70-afa7-4b69-be69-7ec8d6022c56,LUAD,5.981414211254481,4.459360557431242
CPTAC_to_TCGA,11,coral_pca_hgb,83e38dbd-edab-47f2-b19f-6ea38fc6bece,LUAD,6.20455776256869,5.2196973176643
CPTAC_to_TCGA,11,coral_pca_hgb,0022478c-4dfd-4cbe-a05e-fb20310844e3,KIRC,3.970291913552122,3.599612139434768
CPTAC_to_TCGA,11,coral_pca_hgb,02ef2e1a-5afe-4c00-a3ea-7f4a153f1da4,PAAD,3.6635616461296463,3.1668245925260217
CPTAC_to_TCGA,11,coral_pca_hgb,df3c1d61-79c1-43e9-971a-8029497ffeab,GBM,3.688879454113936,3.2797005900604317
CPTAC_to_TCGA,11,coral_pca_hgb,63170b0e-78cf-45d9-af9d-ce986ac66991,UCEC,6.812345094177479,6.6481490330740485
CPTAC_to_TCGA,11,coral_pca_hgb,ff9def3d-17e5-4ef6-b74e-933f11ed6f00,LUAD,5.676753802268282,5.370558768499009
CPTAC_to_TCGA,11,coral_pca_hgb,ca8dbbfd-8928-4e25-94c6-b875de631bbd,UCEC,8.588024372176829,5.9912596283595825
CPTAC_to_TCGA,11,coral_pca_hgb,30bc72d5-07b5-48d2-b025-bba9bcf2f09f,UCEC,9.3982297330736,6.009544758043752
CPTAC_to_TCGA,11,coral_pca_hgb,7b89166e-c5b8-481b-aa70-495141499b91,LUAD,4.718498871295094,5.233508537761958
CPTAC_to_TCGA,11,coral_pca_hgb,84b96f93-6273-4101-a259-9602000ae491,UCEC,8.372860820526318,5.023866190534221
CPTAC_to_TCGA,11,coral_pca_hgb,60fcf50a-8598-475d-8dd0-6b3044661233,UCEC,3.970291913552122,3.8528085243448076
CPTAC_to_TCGA,11,coral_pca_hgb,382b279f-87e1-4dbc-a2ca-c1dfde1cf254,PAAD,2.19722457733622,3.625449892502254
CPTAC_to_TCGA,11,coral_pca_hgb,dfe9d2bd-2317-4103-b493-41c5469e08a0,SKCM,5.525452939131784,5.134754106547223
CPTAC_to_TCGA,11,coral_pca_hgb,fe3eeeb6-0db4-46d7-a020-55604d474c12,LUAD,4.290459441148391,4.4394848699353435
CPTAC_to_TCGA,11,coral_pca_hgb,6164588a-d03a-46fc-82fb-a32cbaa54cac,UCEC,3.610917912644224,4.852010878063694
CPTAC_to_TCGA,11,coral_pca_hgb,bda2f09a-82c4-40ec-90e8-0bf63916a5c7,SKCM,3.9889840465642745,5.74347348080834
CPTAC_to_TCGA,11,coral_pca_hgb,a4cd4ff1-0c0e-488d-91d9-0ac8ef3e7bfd,STAD,3.1780538303479458,4.595201795462046
CPTAC_to_TCGA,11,coral_pca_hgb,6ccd57e5-9215-46fa-b3be-e408a0f424dc,GBM,2.995732273553991,2.6542390880208226
CPTAC_to_TCGA,11,coral_pca_hgb,3878f58e-76ba-4480-a784-88505bd464d0,UCEC,3.87120101090789,5.1862437297506885
CPTAC_to_TCGA,11,coral_pca_hgb,396ff766-a383-4f42-bce3-f2f32b7f1151,PAAD,4.465908118654584,3.3627559818117434
CPTAC_to_TCGA,11,coral_pca_hgb,97fee782-9aa3-41c7-8b7b-53c9c69bdabc,KIRC,2.8903717578961645,3.216058352834325
CPTAC_to_TCGA,11,coral_pca_hgb,ffb0c0b7-165e-4439-b3e6-62431f40b7fe,LUAD,4.962844630259907,3.806856558447198
CPTAC_to_TCGA,11,coral_pca_hgb,37884d39-64e8-4242-b6bd-4c0a1daa21cd,LUAD,4.290459441148391,4.729226092911109
CPTAC_to_TCGA,11,coral_pca_hgb,8da3103e-3e6c-4176-a583-d5fe5e60601e,GBM,4.330733340286331,3.4366345785120997
CPTAC_to_TCGA,11,coral_pca_hgb,f3a921d5-7a6d-4a6e-893b-a5e1d3f4750b,KIRC,3.970291913552122,4.056305222758424
CPTAC_to_TCGA,11,coral_pca_hgb,7b9479ff-23d6-4689-91f0-02efc94300f9,LUAD,5.209486152841421,4.449869081584344
CPTAC_to_TCGA,11,coral_pca_hgb,f462cfef-f60a-4d3e-b92d-b8d8f50b6bb3,LUAD,6.115892125483034,6.017009319855672
CPTAC_to_TCGA,11,coral_pca_hgb,f1f80dd2-891d-46dd-a3e0-f007628cb515,LUAD,4.770684624465665,5.572703461897245
CPTAC_to_TCGA,11,coral_pca_hgb,53c94a86-1b4d-4833-a169-d990c460b301,PAAD,3.258096538021482,3.5696356067180384
CPTAC_to_TCGA,11,coral_pca_hgb,300fa3a7-3c42-4edc-8992-400188e762b4,LAML,0.0,1.7780217066601987
CPTAC_to_TCGA,11,coral_pca_hgb,dcd066ba-5894-453e-b1da-82092858c3db,LUAD,3.713572066704308,4.613288886976779
CPTAC_to_TCGA,11,coral_pca_hgb,27bb612c-a74a-4088-b0ea-1dbe28e7a725,LAML,1.3862943611198906,1.388742164185143
CPTAC_to_TCGA,11,coral_pca_hgb,fb9bafa5-7133-4955-8156-4eb6763dc8e1,KIRC,3.912023005428146,4.063050696602512
CPTAC_to_TCGA,11,coral_pca_hgb,fc4ae4f8-f66b-4137-9821-e579b339cbf6,LAML,1.9459101490553128,1.9217214283814827
CPTAC_to_TCGA,11,coral_pca_hgb,1e5a3796-6249-4a91-9fc8-0c273e337f29,STAD,4.624972813284271,4.881894891888147
CPTAC_to_TCGA,11,coral_pca_hgb,a250a369-e536-4a18-b7af-2911133d7bdc,LUAD,5.723585101952381,4.406060312446381
CPTAC_to_TCGA,11,coral_pca_hgb,2faea98a-edf7-4e92-bfb7-f91a36259872,PAAD,3.828641396489095,3.7668001341642112
CPTAC_to_TCGA,11,coral_pca_hgb,05d2adb3-5c6d-4edc-ba4c-bdbf628f4eee,PAAD,3.044522437723423,3.7574532612744753
CPTAC_to_TCGA,11,coral_pca_hgb,5ec1ec7b-9ef3-45fc-98a6-0202d15050fe,KIRC,4.02535169073515,4.21091933607968
CPTAC_to_TCGA,11,coral_pca_hgb,87c217d4-66f4-46ca-8244-7856ce658fd3,STAD,4.110873864173311,4.862633480019756
CPTAC_to_TCGA,11,coral_pca_hgb,fb7475df-30cc-4316-b9ac-37cbeeb6ba2b,UCEC,5.993961427306569,5.517184378209096
CPTAC_to_TCGA,11,coral_pca_hgb,5b66c4ae-3aed-4212-baa1-dac33bab8ebe,KIRC,5.857933154483459,5.336950899789137
CPTAC_to_TCGA,11,coral_pca_hgb,8fccff71-3710-4cb9-b8af-61707aebe5d8,STAD,7.171656822768514,6.196671597067772
CPTAC_to_TCGA,11,coral_pca_hgb,9b5e5122-8ea0-432c-bc64-932bf376fffd,STAD,4.762173934797756,4.077307997495103
CPTAC_to_TCGA,11,coral_pca_hgb,3bfa8069-6ca3-4405-9e32-11aa16b010ac,STAD,4.48863636973214,5.022635611908816
CPTAC_to_TCGA,11,coral_pca_hgb,2bc5b2ec-aa8f-4889-9d92-d27f96c9fda1,KIRC,3.87120101090789,4.327096053638174
CPTAC_to_TCGA,11,coral_pca_hgb,d3e93d76-6565-454a-a085-4492024350e9,UCEC,5.3471075307174685,4.677560134049039
CPTAC_to_TCGA,11,coral_pca_hgb,12b67dc2-5e4c-48eb-92ba-8d91d2eadfe2,GBM,3.9318256327243257,3.95863949491955
CPTAC_to_TCGA,11,coral_pca_hgb,62d71839-4fba-42e9-9929-8d937f0fe287,UCEC,5.924255797414532,4.495847136560129
CPTAC_to_TCGA,11,coral_pca_hgb,c9ebaeff-6a27-4a6c-a34c-5337a3508a52,UCEC,3.6635616461296463,4.291666825310615
CPTAC_to_TCGA,11,coral_pca_hgb,82476d2d-e403-4f6b-8dd6-cc84e3329478,LUAD,4.174387269895637,4.8728718545327965
CPTAC_to_TCGA,11,coral_pca_hgb,5fe77d4a-a8a5-4c90-8ff2-9c3bbbb309ef,LUAD,4.8283137373023015,3.746563699148522
CPTAC_to_TCGA,11,coral_pca_hgb,66763a0c-6cda-4832-a0cc-e7b496d78eaa,LUAD,6.315358001522335,4.720057049814193
CPTAC_to_TCGA,11,coral_pca_hgb,aa82fb26-96c3-4b3d-a2e9-7123c0a07321,KIRC,3.5263605246161616,3.799983468117315
CPTAC_to_TCGA,11,coral_pca_hgb,9dc7812b-c7a2-4de4-bf6d-4c7261384a62,KIRC,4.189654742026425,4.294146940716518
CPTAC_to_TCGA,11,coral_pca_hgb,f6f9ed0d-2b3c-45b7-b214-853b5a207bac,LAML,2.4849066497880004,1.648755891010853
CPTAC_to_TCGA,11,coral_pca_hgb,fc5ad666-d67a-4a5c-8e4e-1c8d099e9f85,GBM,3.258096538021482,4.068727482545905
CPTAC_to_TCGA,11,coral_pca_hgb,04beccb3-f513-4d60-b57f-a4382e4eeda3,KIRC,3.044522437723423,3.624512035063152
CPTAC_to_TCGA,11,coral_pca_hgb,c3cba26e-38c2-4569-afd6-6b045e604808,STAD,7.050989447068045,6.924382558785108
CPTAC_to_TCGA,11,coral_pca_hgb,51c3409d-5df7-4720-83db-0e6de065f82c,GBM,3.367295829986474,3.6136490314688885
CPTAC_to_TCGA,11,coral_pca_hgb,9f632fc3-2241-469a-a14a-cd537350155f,KIRC,3.49650756146648,4.23699553383729
CPTAC_to_TCGA,11,coral_pca_hgb,0cd4b4a2-d3ce-4fc4-b899-bbcecb2b3d55,STAD,4.852030263919617,4.637070854856212
CPTAC_to_TCGA,11,coral_pca_hgb,13cf4e4c-8d5f-4854-a350-428fdf1ff340,PAAD,1.9459101490553128,3.333837390002482
CPTAC_to_TCGA,11,coral_pca_hgb,1030a6b9-0df8-4d60-b69f-2a36e630a6ad,GBM,3.713572066704308,4.534836381887128
CPTAC_to_TCGA,11,coral_pca_hgb,9c894668-88f5-4308-a1c0-6b8acc6aaaec,LUAD,5.187385805840755,4.897948797420703
CPTAC_to_TCGA,11,coral_pca_hgb,c70621cc-c8e1-441d-93ec-bd6922cc7f61,PAAD,3.4339872044851463,3.8367025885218684
CPTAC_to_TCGA,11,coral_pca_hgb,a633d316-59a4-45ae-8bf8-135cfbd27656,UCEC,3.49650756146648,4.159583426350988
CPTAC_to_TCGA,11,coral_pca_hgb,a8db1341-a7fc-4306-91ad-5caaca5c8a6e,KIRC,4.248495242049359,3.7501832037845078
CPTAC_to_TCGA,11,coral_pca_hgb,62cf9546-b932-4a5e-bc9b-4103506d296d,KIRC,4.0943445622221,3.9915067022283406
CPTAC_to_TCGA,11,coral_pca_hgb,3b21b47e-a15c-4b10-9702-62a14afdfb8c,UCEC,5.720311776607412,5.012865758875349
CPTAC_to_TCGA,11,coral_pca_hgb,a85837e6-f98d-4a80-b7c1-49b0a6313dd7,LAML,2.5649493574615367,1.285941652862262
CPTAC_to_TCGA,11,coral_pca_hgb,a7fd6522-8953-461f-9e5f-fdeb7d180d46,UCEC,4.158883083359672,4.555980396879822
CPTAC_to_TCGA,11,coral_pca_hgb,efe8b105-b170-4679-8b97-c1142fefe069,STAD,5.267858159063328,3.6199313843867444
CPTAC_to_TCGA,11,coral_pca_hgb,44ac7093-a733-4c55-a964-0ba9ec141d2d,UCEC,3.58351893845611,5.005051094981548
CPTAC_to_TCGA,11,coral_pca_hgb,61935424-44d0-4211-81c1-c925e436eac5,UCEC,9.077380244719953,6.162474017685547
CPTAC_to_TCGA,11,coral_pca_hgb,472337c2-a2fc-403a-8c17-69511193128b,LUAD,5.4510384535657,4.343553365058283
CPTAC_to_TCGA,11,coral_pca_hgb,fd3fc273-c035-40ea-a459-ff4806f5d592,LUAD,4.736198448394496,5.355914011795807
CPTAC_to_TCGA,11,coral_pca_hgb,267ff78b-bceb-466e-8582-c560fe227ff0,KIRC,4.143134726391533,3.3868541446493845
CPTAC_to_TCGA,11,coral_pca_hgb,1d3a03a5-b757-4617-b65a-50f429a0e026,STAD,6.665683717782408,6.584724874680162
CPTAC_to_TCGA,11,coral_pca_hgb,f4350d9c-3f40-4829-bbc4-8acb2f3ff512,LUAD,3.295836866004329,4.980773908560273
CPTAC_to_TCGA,11,coral_pca_hgb,38dd826d-06dc-4a73-b852-c3d78c9c3ff4,GBM,2.8903717578961645,4.434751300351603
CPTAC_to_TCGA,11,coral_pca_hgb,af37d8f0-fea0-47f6-be0a-2fb55a5da5c4,UCEC,3.7612001156935615,4.514137494288182
CPTAC_to_TCGA,11,coral_pca_hgb,0f36c3a2-0ba5-4c43-a3f0-78d125e5d0ac,UCEC,4.02535169073515,5.101143153234053
CPTAC_to_TCGA,11,coral_pca_hgb,8ed08632-b5b3-4be3-bd71-999456fa2d23,KIRC,3.970291913552122,3.9224318980606316
CPTAC_to_TCGA,11,coral_pca_hgb,97991c80-c4aa-4ede-9fd9-bbaff9c4a472,SKCM,2.19722457733622,3.262768473319076
CPTAC_to_TCGA,11,coral_pca_hgb,dbbbddae-d711-40f5-bd10-863735885b1f,UCEC,4.74493212836325,4.730207214745998
CPTAC_to_TCGA,11,coral_pca_hgb,44dec838-b653-42a7-a58b-a1fd232cd68c,LUAD,3.555348061489413,4.013115194761885
CPTAC_to_TCGA,11,coral_pca_hgb,d0b78f02-2315-4c12-8b2a-ac1a110f882d,STAD,4.844187086458591,4.925007418430191
CPTAC_to_TCGA,11,coral_pca_hgb,2f4a127f-101a-4192-b3e8-f9be2c8648bc,GBM,3.688879454113936,3.610293947327782
CPTAC_to_TCGA,11,coral_pca_hgb,2b865f8c-539f-4cb2-8f08-41709e9511e5,UCEC,3.688879454113936,4.105885101106851
CPTAC_to_TCGA,11,coral_pca_hgb,8114d553-4025-4c8f-ae02-5ed01720723a,STAD,6.529418838262226,6.263075317813085
CPTAC_to_TCGA,11,coral_pca_hgb,7adaf608-19a5-4184-8b79-bbc6f9cf24ae,UCEC,3.713572066704308,4.575453802684189
CPTAC_to_TCGA,11,coral_pca_hgb,6dfd47d2-831a-4386-9051-f78199a16bb5,LUAD,6.556778356158042,4.92316947251692
CPTAC_to_TCGA,11,coral_pca_hgb,4a60e87e-6bc1-4ae0-9ccb-4cdc3e99c608,PAAD,4.23410650459726,3.770587041234276
CPTAC_to_TCGA,11,coral_pca_hgb,d3c83c5e-acb1-4cb0-8f56-96341822582f,UCEC,3.9318256327243257,3.852873643516554
CPTAC_to_TCGA,11,coral_pca_hgb,656a5eb4-e4a5-4d21-a800-3586f4d6588b,LUAD,3.1354942159291497,3.73878811919854
CPTAC_to_TCGA,11,coral_pca_hgb,15340dd3-84ae-49fb-989a-eb212f3e73da,LUAD,5.117993812416755,4.796407122837515
CPTAC_to_TCGA,11,coral_pca_hgb,8f04660a-2efb-4947-9eab-375066b9eb33,LUAD,3.912023005428146,4.520164278996699
CPTAC_to_TCGA,11,coral_pca_hgb,1dcf33e9-4c9b-4b2b-914e-15e6be5dcd07,UCEC,6.576469569048224,5.6564207817654415
CPTAC_to_TCGA,11,coral_pca_hgb,c9e4f0bf-48fc-4600-9e03-314bc575273f,GBM,3.218875824868201,3.875026686066289
CPTAC_to_TCGA,11,coral_pca_hgb,62ae3bb1-8102-4693-aee6-4d8d0d2bc515,UCEC,5.8944028342648505,6.502564600876058
CPTAC_to_TCGA,11,coral_pca_hgb,e7c8a4d3-d51e-482a-9045-4de9c9f29945,KIRC,4.174387269895637,4.061143181666497
CPTAC_to_TCGA,11,coral_pca_hgb,f58f22e9-76b0-441f-951f-6bc795f2b7bc,LAML,0.6931471805599453,1.0591545158294298
CPTAC_to_TCGA,11,coral_pca_hgb,c60e89a7-a8ba-458e-8f10-785c3f562fd6,STAD,4.406719247264253,4.437770637517064
CPTAC_to_TCGA,11,coral_pca_hgb,1db061c0-9b28-4bf9-8ad2-0383c69b6800,PAAD,3.8918202981106265,3.446345555622271
CPTAC_to_TCGA,11,coral_pca_hgb,620e0648-ec20-4a12-a6cb-5546fe829c77,PAAD,4.61512051684126,3.4035986245774708
CPTAC_to_TCGA,11,coral_pca_hgb,b98184b9-6190-4e95-a1cf-8cffb44b9963,GBM,3.6635616461296463,3.608332247300338
CPTAC_to_TCGA,11,coral_pca_hgb,45effb44-0b5f-4081-a202-d85969c72f2b,UCEC,3.784189633918261,4.9103223805042875
CPTAC_to_TCGA,11,coral_pca_hgb,bb0aca6b-55ab-4b24-8e64-29e0c96a9862,GBM,3.87120101090789,4.464722547622387
CPTAC_to_TCGA,11,coral_pca_hgb,1a4313e7-a770-4a0e-93f1-c10562f521e3,STAD,4.31748811353631,3.8886040978558922
CPTAC_to_TCGA,11,coral_pca_hgb,fb143117-c3ad-4f4b-8f39-7586279e8eaa,STAD,5.407171771460119,4.653747350729652
CPTAC_to_TCGA,11,coral_pca_hgb,cdd8eb5c-bda8-4961-9db4-72e0c4907e95,KIRC,3.332204510175204,4.166821843933451
CPTAC_to_TCGA,11,coral_pca_hgb,f35e8fef-f61d-4614-b73f-f7e1d0f21f52,STAD,4.204692619390966,5.096045527381975
CPTAC_to_TCGA,11,coral_pca_hgb,1b641270-18f8-4257-821b-d26179e08e28,STAD,4.007333185232471,4.186030520958966
CPTAC_to_TCGA,11,coral_pca_hgb,0389b35b-651b-4776-b12a-d315a100f47c,GBM,3.8501476017100575,4.137350530329678
CPTAC_to_TCGA,11,coral_pca_hgb,7d5c3699-ce28-4129-8391-736f670e8beb,GBM,3.7612001156935615,3.317856064995572
CPTAC_to_TCGA,11,coral_pca_hgb,ad0806a5-df9e-48ea-bc8b-d4a3c9ea7ea0,UCEC,3.044522437723423,3.9223488213519384
CPTAC_to_TCGA,11,coral_pca_hgb,a9a0bad8-6074-4a7c-9f9e-7dbc1de01def,GBM,3.912023005428146,3.511067331012943
CPTAC_to_TCGA,11,coral_pca_hgb,46bc69a9-0090-4809-92b8-8cb741d9007d,KIRC,3.970291913552122,4.040176073968936
CPTAC_to_TCGA,11,coral_pca_hgb,36ed3269-0a57-4c50-bbfa-cfd2a7b56d4f,KIRC,4.060443010546419,3.952765274127967
CPTAC_to_TCGA,11,coral_pca_hgb,7a0ea814-f0de-4bc4-a81a-daa000559369,LUAD,5.991464547107982,5.375133462744774
CPTAC_to_TCGA,11,coral_pca_hgb,dee43082-4aa7-4650-981c-a779e9fe7b55,UCEC,6.863803391452954,5.136430587270221
CPTAC_to_TCGA,11,coral_pca_hgb,6e2ecc9d-dc68-4922-a36e-e8bbaf9eafb3,STAD,3.218875824868201,3.954964106208735
CPTAC_to_TCGA,11,coral_pca_hgb,34631deb-9ed3-49fa-afab-baa0570237cd,LAML,2.4849066497880004,0.8231380499184048
CPTAC_to_TCGA,11,coral_pca_hgb,6fa6ace1-4b39-44db-9413-73eb21588aa1,STAD,4.770684624465665,4.587272295544759
CPTAC_to_TCGA,11,coral_pca_hgb,737b35e1-d668-4fce-9b6e-76946c7952b6,GBM,3.87120101090789,3.9639804581208407
CPTAC_to_TCGA,11,coral_pca_hgb,43e08773-767e-4b81-94e4-8848565c23e9,UCEC,6.428105272684596,6.403044835982576
CPTAC_to_TCGA,11,coral_pca_hgb,43945bf6-6e64-4f13-9822-baf30dcd726c,STAD,5.117993812416755,5.100242237708396
CPTAC_to_TCGA,11,coral_pca_hgb,8f52cccd-5709-4753-9670-31a573ee27ab,LUAD,4.343805421853684,5.210243101784845
CPTAC_to_TCGA,11,coral_pca_hgb,df4168bd-9f94-4323-9c33-a446a9fae999,GBM,3.4339872044851463,3.7971002198292805
CPTAC_to_TCGA,11,coral_pca_hgb,e9d0aa8b-9ef4-40f7-8254-38fdce349bee,STAD,4.23410650459726,4.4150018728752425
CPTAC_to_TCGA,11,coral_pca_hgb,a12df3d7-c560-4e7d-a482-1025a6e5b465,UCEC,3.737669618283368,4.683829518120156
CPTAC_to_TCGA,11,coral_pca_hgb,781acafa-a58b-4180-bbca-c5b675d51b17,KIRC,4.553876891600541,3.9447724405638125
CPTAC_to_TCGA,11,coral_pca_hgb,55a2c884-49a7-4d1a-9e0e-42f6a8b720fa,STAD,3.091042453358316,3.9301862254621858
CPTAC_to_TCGA,11,coral_pca_hgb,f85bc60b-ab07-4b24-820b-6860b198e910,UCEC,3.6635616461296463,3.685136900837502
CPTAC_to_TCGA,11,coral_pca_hgb,a53c919a-4e08-46f1-af3f-30b16b597c33,PAAD,3.49650756146648,3.533997373034017
CPTAC_to_TCGA,11,coral_pca_hgb,4ec9dbb4-358d-4c59-8039-552c7006c2bf,STAD,6.647688373563329,6.6436317581239654
CPTAC_to_TCGA,11,coral_pca_hgb,8ce63594-bf4a-4b8d-9a48-49cb92b98ea9,STAD,4.477336814478207,3.8273692767234255
CPTAC_to_TCGA,11,coral_pca_hgb,b93221ba-2076-4dd4-9931-179571b7e16c,STAD,7.118826249062078,5.773203108462931
CPTAC_to_TCGA,11,coral_pca_hgb,2a19051e-3ad1-444a-9d02-f895c26ac02c,UCEC,6.53813982376767,5.882275526049135
CPTAC_to_TCGA,11,coral_pca_hgb,d63c028b-b6d3-49ce-b63e-261eed3b86df,LUAD,6.698268054115413,5.418678117512572
CPTAC_to_TCGA,11,coral_pca_hgb,edf80622-aea2-4b50-bb69-691d6708aa83,LUAD,3.784189633918261,4.80284895774515
CPTAC_to_TCGA,11,coral_pca_hgb,0403e788-27f1-4205-9e73-ade13b8df1e0,STAD,4.219507705176107,4.357775849959417
CPTAC_to_TCGA,11,coral_pca_hgb,0d66bf6c-eed0-4726-bd5b-3bf6d610b4e0,LUAD,3.6635616461296463,4.453002787829512
CPTAC_to_TCGA,11,coral_pca_hgb,ab8d7f84-dd71-42c7-9471-4db967a9c89c,LUAD,3.8501476017100575,4.773413189862249
CPTAC_to_TCGA,11,coral_pca_hgb,c991697f-77f9-412a-9bd1-0e47f7387cb2,STAD,3.295836866004329,4.540841366246128
CPTAC_to_TCGA,11,coral_pca_hgb,ebc25a41-becb-4395-ae33-483a304b07d8,UCEC,3.4011973816621555,4.109022077669669
CPTAC_to_TCGA,11,coral_pca_hgb,5226b25f-e326-4884-af79-916e4bbb701f,SKCM,5.739792912179234,5.748553751587788
CPTAC_to_TCGA,11,coral_pca_hgb,b604b620-cd32-4c87-ace3-00a68ab16973,STAD,4.143134726391533,4.080842727649765
CPTAC_to_TCGA,11,coral_pca_hgb,bdc3899e-15ae-421f-829b-0e07fbd27c60,STAD,4.276666119016055,4.719689496715001
CPTAC_to_TCGA,11,coral_pca_hgb,0a11e958-7ec0-493c-bd7a-eb17536facd7,STAD,4.0943445622221,4.215346752148784
CPTAC_to_TCGA,11,coral_pca_hgb,23489245-48d7-4f19-8a42-e23b1181412b,UCEC,5.855071922202427,4.260221738541471
CPTAC_to_TCGA,11,coral_pca_hgb,0078b0c4-68a9-483b-9aab-61156d263213,GBM,4.394449154672439,3.954714716163998
CPTAC_to_TCGA,11,coral_pca_hgb,149be735-d5db-43b6-80b7-d40e3a84500b,GBM,3.5263605246161616,4.244642860608442
CPTAC_to_TCGA,11,coral_pca_hgb,79378590-e28e-403b-bbde-c76c0195a980,LAML,1.9459101490553128,1.8607619103938102
CPTAC_to_TCGA,11,coral_pca_hgb,6f45a2e9-1ca5-438c-b06f-1cd8eb845465,UCEC,3.80666248977032,4.228382360699423
CPTAC_to_TCGA,11,coral_pca_hgb,5722df9f-5631-476d-a11b-b3c1e9a40fbf,KIRC,3.8918202981106265,4.035071746238849
CPTAC_to_TCGA,11,coral_pca_hgb,62df1bd8-23a8-4e52-a483-6895b2f02494,UCEC,3.80666248977032,3.659051217612865
CPTAC_to_TCGA,11,coral_pca_hgb,5bf40b29-d722-430a-91bc-cad941ee3694,SKCM,5.6937321388027,6.03906977804154
CPTAC_to_TCGA,11,coral_pca_hgb,64f0c38f-7f87-4c4b-9e37-66f32645dde4,LAML,2.079441541679836,1.3769632495473136
CPTAC_to_TCGA,11,coral_pca_hgb,e0d13e2d-cf48-4b66-bfc2-88f872f67d79,UCEC,4.174387269895637,4.536326944228045
CPTAC_to_TCGA,11,coral_pca_hgb,9e5a0b7e-9682-4f29-8e4a-7af968ca93fc,SKCM,4.762173934797756,5.298484773373535
CPTAC_to_TCGA,11,coral_pca_hgb,44218b35-219c-4ad9-a01e-fde14067c4c0,LUAD,4.442651256490317,5.130179535779352
CPTAC_to_TCGA,11,coral_pca_hgb,34d8e84e-c3e1-417d-8b9b-8563d9fa0f8e,LUAD,3.5263605246161616,4.7146470547662345
CPTAC_to_TCGA,11,coral_pca_hgb,5c73b91a-2bee-4388-854c-1c3a6ae732db,KIRC,3.4011973816621555,3.8824124585459625
CPTAC_to_TCGA,11,coral_pca_hgb,97831d28-ab41-4c18-bfc2-c4c6bc757d13,LUAD,3.951243718581428,4.406274120720281
CPTAC_to_TCGA,11,coral_pca_hgb,9002fc6c-26de-4b8f-8985-a4814cd3daf7,UCEC,3.610917912644224,5.187883291960212
CPTAC_to_TCGA,11,coral_pca_hgb,0cc9a11f-1ac4-431d-8f94-52a3bc02b572,UCEC,3.58351893845611,4.249759431678121
CPTAC_to_TCGA,11,coral_pca_hgb,407849a8-8447-4ede-a9d1-c1dfb535222e,GBM,3.610917912644224,3.441864583361759
CPTAC_to_TCGA,11,coral_pca_hgb,12824b2b-9c0a-4dcf-8941-34593a4e93da,GBM,3.258096538021482,3.88500625638095
CPTAC_to_TCGA,11,coral_pca_hgb,32b1f9ff-dbad-47f5-9580-13f4120f5891,STAD,4.584967478670572,5.073020644312687
CPTAC_to_TCGA,11,coral_pca_hgb,9245a557-01ea-4446-b9e9-313f6ab18834,KIRC,3.5263605246161616,2.984946395899334
CPTAC_to_TCGA,11,coral_pca_hgb,32e33897-29c8-48f2-b833-98f37204e0e7,UCEC,6.066108090103747,6.470520970989394
CPTAC_to_TCGA,11,coral_pca_hgb,1e417b93-837d-4110-9090-239eb82c3e20,KIRC,3.5263605246161616,3.8592715918531093
CPTAC_to_TCGA,11,coral_pca_hgb,c993a68d-0342-4df4-a082-72094f061c86,STAD,5.393627546352361,4.921325810448622
CPTAC_to_TCGA,11,coral_pca_hgb,41685c5a-a548-483a-8a20-305ad8d61771,GBM,3.80666248977032,4.18351132706388
CPTAC_to_TCGA,11,coral_pca_hgb,e78ff499-037b-450a-ac04-6fb3a9e124a4,LAML,6.056784013228625,1.847309617707995
CPTAC_to_TCGA,11,coral_pca_hgb,ba3911e6-2208-4a04-8891-b5cba9fda6bf,STAD,4.605170185988092,4.615091782330047
CPTAC_to_TCGA,11,coral_pca_hgb,e52396d1-acd6-44f4-99c5-1a367128008d,STAD,4.23410650459726,4.21352448018639
CPTAC_to_TCGA,11,coral_pca_hgb,f00b7956-73a9-4e4b-85d2-60b3ba13f4a4,KIRC,4.189654742026425,3.987240803385005
CPTAC_to_TCGA,11,coral_pca_hgb,fc052a9d-0134-46ce-af98-4703b61d63c4,KIRC,2.4849066497880004,3.8318910118079246
CPTAC_to_TCGA,11,coral_pca_hgb,2de427e2-b1f3-4915-9750-ab6414edc92e,KIRC,3.610917912644224,3.968104268433435
CPTAC_to_TCGA,11,coral_pca_hgb,cbfef004-b437-4d51-9d88-a2db50aa6481,LUAD,5.337538079701318,5.627469777303028
CPTAC_to_TCGA,11,coral_pca_hgb,32d9935a-f5cd-43b3-88bd-09e6e2b9090d,LUAD,5.717027701406222,4.090925698793042
CPTAC_to_TCGA,11,coral_pca_hgb,64690c6f-80cf-4a87-932c-7d7b3d0fbf6f,SKCM,4.23410650459726,5.038252741286022
CPTAC_to_TCGA,11,coral_pca_hgb,f98ecd8a-b878-4f53-b911-20cd8e17281c,LUAD,5.6937321388027,5.353172419208662
CPTAC_to_TCGA,11,coral_pca_hgb,34040b83-7e8a-4264-a551-b16621843e28,LUAD,5.198497031265826,4.897733016188453
CPTAC_to_TCGA,11,coral_pca_hgb,80105773-372e-4552-a10b-5df188b15b16,UCEC,5.955837369464831,6.465003689178095
CPTAC_to_TCGA,11,coral_pca_hgb,77e49007-3e44-4157-beae-8f7e94234c78,PAAD,3.367295829986474,3.9009542764298617
CPTAC_to_TCGA,11,coral_pca_hgb,2953131e-9c34-4fa2-8af4-2c8d66ea2821,KIRC,4.143134726391533,3.945559049437019
CPTAC_to_TCGA,11,coral_pca_hgb,c583fdd1-8cd2-4c15-a23e-0644261f65da,LUAD,4.04305126783455,3.81089169986933
CPTAC_to_TCGA,11,coral_pca_hgb,615ea37d-6302-4d68-b253-d24efd947c3e,UCEC,5.730099782973575,4.9567666446047784
CPTAC_to_TCGA,11,coral_pca_hgb,40d9b9f7-42b7-4cfd-af95-660777ad0529,PAAD,3.688879454113936,3.92604694424193
CPTAC_to_TCGA,11,coral_pca_hgb,ea6337b3-3b5e-489e-ae2f-2908447f6300,SKCM,5.700443573390686,6.0776357734140625
CPTAC_to_TCGA,11,coral_pca_hgb,ab7adf74-6e87-4117-9742-54e323348e06,UCEC,4.0943445622221,4.498358880806383
CPTAC_to_TCGA,11,coral_pca_hgb,f2313562-c894-486d-a9b6-ed362e12a32a,PAAD,3.4657359027997265,3.904192430808794
CPTAC_to_TCGA,11,coral_pca_hgb,d5326429-9805-47f9-97b0-fbda658e3f01,LUAD,4.605170185988092,4.69380477633813
CPTAC_to_TCGA,11,coral_pca_hgb,1b354837-4925-4480-ac32-6b44d0957314,LUAD,5.697093486505405,5.0735954232098655
CPTAC_to_TCGA,11,coral_pca_hgb,828ad452-3daf-4467-bcbc-6dac2c93a7db,KIRC,3.7612001156935615,3.616190240445854
CPTAC_to_TCGA,11,coral_pca_hgb,4b92fce2-3772-40eb-ab34-a27937b58590,LUAD,6.102558594613569,4.93913486296935
CPTAC_to_TCGA,11,coral_pca_hgb,92a2cae3-b8ee-4ebb-ac5c-01e58749448f,UCEC,6.311734809152915,4.968256847799776
CPTAC_to_TCGA,11,coral_pca_hgb,b6ee9305-c935-4692-81f3-956956d5b4c4,SKCM,3.5263605246161616,4.914006480357816
CPTAC_to_TCGA,11,coral_pca_hgb,9d84dff8-6c19-4881-93c6-56c98a3049b5,UCEC,7.238496840894365,4.989332073831457
CPTAC_to_TCGA,11,coral_pca_hgb,61c75ffb-9d5d-478e-af48-1808e700aceb,KIRC,3.7612001156935615,4.188062808843172
CPTAC_to_TCGA,11,coral_pca_hgb,4557d1fb-9786-4780-bd33-02e9da04b7e3,UCEC,5.327876168789581,4.884997238416476
CPTAC_to_TCGA,11,coral_pca_hgb,10f0d40b-c4c4-441b-9cfb-bef5e44aa91e,PAAD,3.80666248977032,3.641995974215912
CPTAC_to_TCGA,11,coral_pca_hgb,dce21359-004f-4e8b-89e4-9e1a30faffdf,STAD,5.560681631015528,3.7774203125509533
CPTAC_to_TCGA,11,coral_pca_hgb,3b21b982-dba2-45f4-ad8d-21dc86fcaaa7,LUAD,3.610917912644224,4.781774757358105
CPTAC_to_TCGA,11,coral_pca_hgb,a41c46da-7ed4-4192-bd16-b3cbb94a5133,LUAD,6.135564891081739,4.8068043323875935
CPTAC_to_TCGA,11,coral_pca_hgb,d384dd0c-1947-4ffc-bee9-de38311d8249,STAD,4.276666119016055,4.496250453317335
CPTAC_to_TCGA,11,coral_pca_hgb,ac77e22d-42c0-4e06-b904-0dd5b31eb0d8,STAD,4.948759890378168,5.803441247114281
CPTAC_to_TCGA,11,coral_pca_hgb,ec9ac713-08e9-4559-b606-5f58d2c4df50,PAAD,3.49650756146648,2.756405369696598
CPTAC_to_TCGA,11,coral_pca_hgb,39fa91bd-dffd-4b2c-af7d-7fd914730b08,STAD,6.728628613084702,6.727416618368655
CPTAC_to_TCGA,11,coral_pca_hgb,652a39f0-c539-4303-bedc-f0d7f4669d9f,GBM,3.7612001156935615,4.749918816301746
CPTAC_to_TCGA,11,coral_pca_hgb,9cde90c8-2be0-4328-a032-ff1dc19e66fd,UCEC,4.532599493153256,4.6900735568848075
CPTAC_to_TCGA,11,coral_pca_hgb,0628cb4a-c480-4b2f-bd2e-bb33e6994302,GBM,3.784189633918261,4.079364319905422
CPTAC_to_TCGA,11,coral_pca_hgb,9348e446-0e43-4210-b07e-c534980cbf62,GBM,4.060443010546419,4.175661871419535
CPTAC_to_TCGA,11,coral_pca_hgb,852effcd-8146-46e1-96fa-e5a9f09a88e2,KIRC,4.189654742026425,3.954223895630113
CPTAC_to_TCGA,11,coral_pca_hgb,4ef872e1-82c9-4939-9248-41ed9d3085b2,LUAD,5.017279836814924,5.328585609341181
CPTAC_to_TCGA,11,coral_pca_hgb,35cb7841-9b09-465a-90c5-e3b8a9faad49,LUAD,5.1298987149230735,4.887074416771113
CPTAC_to_TCGA,11,coral_pca_hgb,7c7cef85-024c-48c0-8644-92c034432e8f,STAD,4.406719247264253,4.711302411054368
CPTAC_to_TCGA,11,coral_pca_hgb,31e66b80-c684-4ee8-82ae-36d00f36bc88,PAAD,3.367295829986474,3.5381320869806205
CPTAC_to_TCGA,11,coral_pca_hgb,3bc7026f-73f2-418b-bd62-f4768582b790,LUAD,6.61338421837956,5.633554775238902
CPTAC_to_TCGA,11,coral_pca_hgb,fa0c7392-d485-41ac-bf7e-244a528209ae,LUAD,4.48863636973214,4.984193789496591
CPTAC_to_TCGA,11,coral_pca_hgb,5613f5f6-086d-470b-8f77-6dcb7f8625b7,GBM,4.382026634673881,3.7051722262182363
CPTAC_to_TCGA,11,coral_pca_hgb,10eb7dfa-d43d-479f-8c46-c0424207f958,UCEC,9.04381342108087,6.711547784584947
CPTAC_to_TCGA,11,coral_pca_hgb,4edff57f-4b0e-4770-beac-590da7d7232c,KIRC,4.127134385045092,4.163263598383011
CPTAC_to_TCGA,11,coral_pca_hgb,8bdd4e0e-5bec-43f2-b9fa-d6e94a72fe05,UCEC,4.02535169073515,4.545956692687654
CPTAC_to_TCGA,11,coral_pca_hgb,7a2cf5ce-8317-4fff-946e-b9937afab815,UCEC,6.628041376179533,5.973609577108025
CPTAC_to_TCGA,11,coral_pca_hgb,8981f0c9-7155-4c96-bf77-7d40fe404323,LUAD,4.007333185232471,4.801947387234201
CPTAC_to_TCGA,11,coral_pca_hgb,ee143e06-0334-45dd-a2b0-1169527d6b4e,SKCM,7.284820912568604,5.406251480031033
CPTAC_to_TCGA,11,coral_pca_hgb,e4ad3f09-7e23-4a84-b8f3-3faf2db890f4,LAML,0.6931471805599453,2.03897296989845
CPTAC_to_TCGA,11,coral_pca_hgb,dcff8659-ecca-4798-80a3-dd6e7642ba2b,UCEC,6.230481447578482,5.581172495689513
CPTAC_to_TCGA,11,coral_pca_hgb,865cda60-ec30-4562-b681-0e90737a97ca,LAML,1.3862943611198906,1.4459507077171414
CPTAC_to_TCGA,11,coral_pca_hgb,73bd696b-0f35-4f70-8888-8153b1ba9ee4,STAD,7.114769448366463,5.187063241691278
CPTAC_to_TCGA,11,coral_pca_hgb,a5ab4498-8721-40ea-8ee4-fc1a6d05721d,SKCM,3.9889840465642745,4.769215930994069
CPTAC_to_TCGA,11,coral_pca_hgb,e54de1c4-6cdc-4106-ab5d-1d7c745e690f,LAML,1.0986122886681096,2.3416854009119294
CPTAC_to_TCGA,11,coral_pca_hgb,2e04b48c-0805-4965-8afa-c5fcd32993c5,STAD,6.532334292222349,6.224556853369781
CPTAC_to_TCGA,11,coral_pca_hgb,6fe664cc-e66b-4abf-a7d2-08bb4ce8eba3,SKCM,5.513428746164983,4.860968655063639
CPTAC_to_TCGA,11,coral_pca_hgb,aad2c954-39a4-4ef3-9940-e754619007a4,GBM,4.882801922586371,3.605525983152447
CPTAC_to_TCGA,11,coral_pca_hgb,9d1d9ae5-4640-4060-a207-c9c5b0e905e1,GBM,3.610917912644224,3.9461477126255984
CPTAC_to_TCGA,11,coral_pca_hgb,b8a1c8c7-3945-4d84-8f58-3a1a1eb10730,STAD,3.912023005428146,4.952465140281018
CPTAC_to_TCGA,11,coral_pca_hgb,ac3582a9-46b1-4322-95fa-9e8b149b8044,GBM,4.204692619390966,3.6134278852796706
CPTAC_to_TCGA,11,coral_pca_hgb,263b18e1-5722-4650-b16b-dac1961a3af8,STAD,5.480638923341991,6.694657098479054
CPTAC_to_TCGA,11,coral_pca_hgb,e3a19e63-bae5-498b-9687-41194aa5728d,PAAD,3.367295829986474,3.6175238196977593
CPTAC_to_TCGA,11,coral_pca_hgb,d8faa3a7-6b3f-4e69-8c88-184e41055bd7,LUAD,3.688879454113936,3.7402361854048847
CPTAC_to_TCGA,11,coral_pca_hgb,c499b3be-9db0-4809-b7c0-f5d81208d7ec,KIRC,4.143134726391533,4.424459028471599
CPTAC_to_TCGA,11,coral_pca_hgb,dd7bcdd8-1660-4dab-9860-9d136c4cee77,PAAD,3.5263605246161616,3.6680871381657805
CPTAC_to_TCGA,11,coral_pca_hgb,69da7e4d-57d3-40d6-92af-3cd1aaf9e0ec,LAML,2.302585092994046,1.9531069372613699
CPTAC_to_TCGA,11,coral_pca_hgb,5fd0f07b-8bb9-4378-bd26-28a26057e8fe,LUAD,5.356586274672012,4.712135365057486
CPTAC_to_TCGA,11,coral_pca_hgb,1b685c46-57b3-4052-b5b9-1f704809bf04,UCEC,9.260938424739274,5.9128319750023985
CPTAC_to_TCGA,11,coral_pca_hgb,1200c8b7-a058-4c01-bbe2-04ec09a65245,UCEC,6.1224928095143865,4.8086076857448194
CPTAC_to_TCGA,11,coral_pca_hgb,5c06d97f-2aaa-43de-b085-09d7829356ba,LUAD,4.941642422609304,5.107171177870526
CPTAC_to_TCGA,11,coral_pca_hgb,e5cb0c86-8fe2-4cfc-b32b-e8ec3839ffc4,LUAD,5.8805329864007,4.577963721454752
CPTAC_to_TCGA,11,coral_pca_hgb,f1ed9155-ea54-4435-8920-0df8ed7febda,KIRC,3.49650756146648,4.431821216117521
CPTAC_to_TCGA,11,coral_pca_hgb,06fd3086-0801-4d74-bced-4916efc544d2,STAD,4.276666119016055,4.898302147996639
CPTAC_to_TCGA,11,coral_pca_hgb,8e2aca86-7cba-4631-9f25-4d14219dbc6d,LUAD,5.645446897643238,4.824486654847526
CPTAC_to_TCGA,11,coral_pca_hgb,8e005891-d6fe-4fee-a699-971fee4e70f1,STAD,4.07753744390572,4.597223261471888
CPTAC_to_TCGA,11,coral_pca_hgb,edce7aac-1d8b-41cb-88e2-f50b8eeca4d8,STAD,7.290292882446597,5.521834871758807
CPTAC_to_TCGA,11,coral_pca_hgb,9cfc1519-33e7-4145-a4ad-78b5c449853a,LUAD,4.143134726391533,3.758705005952754
CPTAC_to_TCGA,11,coral_pca_hgb,1c052cde-7a70-410b-a273-dbe39dd968f4,SKCM,7.349873704738337,5.773789289121133
CPTAC_to_TCGA,11,coral_pca_hgb,6e3b6b72-142d-4b8d-a462-28a205796e41,LUAD,6.82001636467413,4.532591889567224
CPTAC_to_TCGA,11,coral_pca_hgb,4e921bc8-df5d-4f54-93d1-d5a433f91bdb,STAD,4.962844630259907,4.696449001859226
CPTAC_to_TCGA,11,coral_pca_hgb,abab925c-bef3-4072-b9c4-40f808744593,LUAD,5.225746673713202,6.033053177788345
CPTAC_to_TCGA,11,coral_pca_hgb,38243a33-073a-479b-8cf6-c8847aeb5a48,UCEC,4.189654742026425,5.6117890696267985
CPTAC_to_TCGA,11,coral_pca_hgb,e302f643-eed3-4f07-a7fb-c32ee2031a1c,STAD,4.762173934797756,5.05552349225449
CPTAC_to_TCGA,11,coral_pca_hgb,02b25675-094d-4098-96da-51d121380fec,UCEC,3.951243718581428,4.5542818065949024
CPTAC_to_TCGA,11,coral_pca_hgb,74fc9f65-b5f1-4b56-93a5-f90eaab52e31,KIRC,2.639057329615259,3.01600658984576
CPTAC_to_TCGA,11,coral_pca_hgb,562a562b-ca03-44ac-b282-b51b457d8dae,LUAD,3.49650756146648,4.314376435374107
CPTAC_to_TCGA,11,coral_pca_hgb,35a7e49e-747b-45ce-9a07-3a5faba0ca94,GBM,3.784189633918261,3.7499915989179664
CPTAC_to_TCGA,11,coral_pca_hgb,5252c0b7-be05-4c0c-a8ac-afe9ad459489,GBM,4.955827057601261,4.4392849930770755
CPTAC_to_TCGA,11,coral_pca_hgb,d62d39f9-c896-4758-a785-e236f0154f14,KIRC,3.970291913552122,3.738637156402012
CPTAC_to_TCGA,11,coral_pca_hgb,9dbd2ef7-77da-42ef-90d2-8d30b4330f94,LAML,1.0986122886681096,1.5178823662143042
CPTAC_to_TCGA,11,coral_pca_hgb,d211e0c1-7968-4343-8aae-27fab0039367,PAAD,4.262679877041316,5.195610721558938
CPTAC_to_TCGA,11,coral_pca_hgb,7c6e2fe9-d1ff-4bf4-bda1-cc3615eb3584,SKCM,6.9363427358340495,5.011297665938168
CPTAC_to_TCGA,11,coral_pca_hgb,d31aeefc-b59b-42e9-9919-750b17a70a3d,LUAD,5.53338948872752,5.268894354006902
CPTAC_to_TCGA,11,coral_pca_hgb,3b218ab7-5c2e-4458-a0ac-5152ec3d2b94,UCEC,6.342121418721152,5.104962582335695
CPTAC_to_TCGA,11,coral_pca_hgb,d0c3a83d-a1bf-4e9a-a610-2fb4370f2891,SKCM,5.7899601708972535,5.69875522620861
CPTAC_to_TCGA,11,coral_pca_hgb,960d1eaf-0b96-488b-b62c-829c024fd4b8,KIRC,3.87120101090789,3.815259804343251
CPTAC_to_TCGA,11,coral_pca_hgb,7136d33f-6109-4d86-ad76-a02ef5c3808a,STAD,1.791759469228055,5.016786767857706
CPTAC_to_TCGA,11,coral_pca_hgb,32b44138-64e2-4bbf-aa2f-93a3b07ec670,STAD,5.19295685089021,6.260758804210028
CPTAC_to_TCGA,11,coral_pca_hgb,820aea32-8f1c-478b-ab56-8171425cd76b,GBM,3.713572066704308,4.099575617529243
CPTAC_to_TCGA,11,coral_pca_hgb,46a1fdb9-548d-44d1-ab77-d51d44ac8198,UCEC,3.58351893845611,5.046647199331759
CPTAC_to_TCGA,11,coral_pca_hgb,3be0bc1d-d81f-4769-b650-8cc8858e45db,KIRC,6.318968113746434,4.577282577415875
CPTAC_to_TCGA,11,coral_pca_hgb,8751429b-4a11-451e-b978-dc9e9db0eb36,UCEC,3.87120101090789,3.9668084817474063
CPTAC_to_TCGA,11,coral_pca_hgb,3b17c66a-34ae-4b10-b907-4464d6d58383,STAD,3.6375861597263857,4.323676213089547
CPTAC_to_TCGA,11,coral_pca_hgb,e0916597-e489-45ef-a8f7-653a3c6591ef,STAD,6.480044561926653,5.404559185436237
CPTAC_to_TCGA,11,coral_pca_hgb,8432401d-799f-4f2f-b536-e79e1e8be064,UCEC,3.4011973816621555,3.9953436740875454
CPTAC_to_TCGA,11,coral_pca_hgb,53707bb3-426a-43cb-830f-3eeed930295f,UCEC,9.006263883379198,5.492666702900967
CPTAC_to_TCGA,11,coral_pca_hgb,9ebc8b58-363b-4638-8365-cfbde31a71ae,STAD,4.007333185232471,4.288013525451023
CPTAC_to_TCGA,11,coral_pca_hgb,dd63d0fd-e24b-40a5-88c5-7d3d4106631e,LUAD,5.7430031878094825,4.634623568861647
CPTAC_to_TCGA,11,coral_pca_hgb,b87a5d92-4c09-48fe-bb08-b3c89a7c892e,LUAD,5.529429087511423,4.4103943251432645
CPTAC_to_TCGA,11,coral_pca_hgb,667d5c5e-abc0-4fb8-b6c4-739f7cb3f0fe,SKCM,6.095824562432225,4.806225547797268
CPTAC_to_TCGA,11,coral_pca_hgb,106f3344-f699-4b2c-8f62-4ac6c948dde4,STAD,6.688354713946762,6.287246073126176
CPTAC_to_TCGA,11,coral_pca_hgb,e055db71-f3da-43d3-a9b2-2f65dfb23d3e,UCEC,4.04305126783455,4.343268566544878
CPTAC_to_TCGA,11,coral_pca_hgb,d27a7f17-fdc9-4325-b98b-ad6839cc88f5,GBM,3.713572066704308,4.4064541336913745
CPTAC_to_TCGA,11,coral_pca_hgb,1f5494c4-e26c-4512-96d9-30412b5b32ce,PAAD,3.6375861597263857,3.397057629475461
CPTAC_to_TCGA,11,coral_pca_hgb,7f7bc51f-7f75-4796-9ce5-a4735c3c0807,SKCM,5.356586274672012,5.191028227125233
CPTAC_to_TCGA,11,coral_pca_hgb,33c71ead-4c2a-476d-85ef-885dbbfc2cbd,LUAD,5.455321115357702,4.7343093348588505
CPTAC_to_TCGA,11,coral_pca_hgb,cd9dc5c5-1161-43ea-a617-1356a3b23e16,PAAD,3.332204510175204,4.0224717073662974
CPTAC_to_TCGA,11,coral_pca_hgb,1eb2038d-3b4f-4da2-964b-e629ea068215,STAD,4.0943445622221,4.130630859437481
CPTAC_to_TCGA,11,coral_pca_hgb,433a32d0-93d1-4897-8e36-beb1ec1d998e,LUAD,3.58351893845611,4.593028704138292
CPTAC_to_TCGA,11,coral_pca_hgb,f7ba48c8-46cf-40a9-8826-7e1f67d57171,GBM,3.5263605246161616,3.9971997102788315
CPTAC_to_TCGA,11,coral_pca_hgb,fe1f95a3-a6c2-4a39-8586-f8a70e975dd4,KIRC,3.688879454113936,3.6958564715341304
CPTAC_to_TCGA,11,coral_pca_hgb,25e7d9d6-7381-40e1-b7ed-1d8c936b7c5c,UCEC,3.713572066704308,4.238029600952957
CPTAC_to_TCGA,11,coral_pca_hgb,f08280d6-2c80-4dd7-93d3-a0c55f7da5b3,GBM,3.912023005428146,4.117718506543075
CPTAC_to_TCGA,11,coral_pca_hgb,380a053f-03e4-4773-9e59-5e0af8edd9a5,LAML,0.6931471805599453,1.3825024473243088
CPTAC_to_TCGA,11,coral_pca_hgb,638b78d6-4523-4dd3-8d8a-8c46682f3fd1,LAML,2.4849066497880004,1.9375110661736306
CPTAC_to_TCGA,11,coral_pca_hgb,68181bc9-aa8b-44ec-8601-564b30ea0561,UCEC,3.295836866004329,3.68025396836645
CPTAC_to_TCGA,11,coral_pca_hgb,9a599f57-0e8d-4e1f-a181-791f5fdeadb7,UCEC,3.87120101090789,4.311623101873145
CPTAC_to_TCGA,11,coral_pca_hgb,0bbfeec1-fbae-4c92-ae90-60ba39303bd8,KIRC,3.49650756146648,3.659316076256644
CPTAC_to_TCGA,11,coral_pca_hgb,1427cd18-5ad3-491a-9981-908e31ae49db,LUAD,6.261491684321042,5.030711912723563
CPTAC_to_TCGA,11,coral_pca_hgb,f04befed-6c81-4676-8715-b8c6a33cb9d1,UCEC,6.282266746896006,4.770403147475178
CPTAC_to_TCGA,11,coral_pca_hgb,a1867d3e-a006-4e04-8118-478792bdca4b,STAD,6.833031732786201,5.10076605494045
CPTAC_to_TCGA,11,coral_pca_hgb,4b2ec8aa-8460-440e-b75b-6b92ae7a3ffc,KIRC,3.6375861597263857,4.065198484104453
CPTAC_to_TCGA,11,coral_pca_hgb,2e0f7da5-9078-4c7f-b074-565246529a83,SKCM,6.879355804460439,5.301605021025741
CPTAC_to_TCGA,11,coral_pca_hgb,bde84ea9-55c9-4d6d-be86-58fd9222c1d6,GBM,3.610917912644224,4.087515038717182
CPTAC_to_TCGA,11,coral_pca_hgb,a31554af-d77a-4862-8aed-4581fb2bd877,UCEC,5.966146739123692,5.675553110137096
CPTAC_to_TCGA,11,coral_pca_hgb,698a89d8-b4bc-48a8-80af-8414dbacf327,STAD,3.610917912644224,4.403320007192851
CPTAC_to_TCGA,11,coral_pca_hgb,5c266025-e590-457c-af86-4c2dc9797267,LUAD,4.127134385045092,4.6895759886262995
CPTAC_to_TCGA,11,coral_pca_hgb,98e2f2ec-bdcd-490a-bf45-600e3b6c7491,GBM,4.127134385045092,3.4387714234174376
CPTAC_to_TCGA,11,coral_pca_hgb,eb9a558c-39ef-42c0-8dfc-64d01b729426,STAD,4.418840607796598,5.069280636515903
CPTAC_to_TCGA,11,coral_pca_hgb,16bde24f-61b8-458d-aca3-df4806abbd1b,UCEC,8.309676895987726,5.931824259733838
CPTAC_to_TCGA,11,coral_pca_hgb,c0e263eb-1a83-4dc8-8abe-3dd2a59bae1b,LUAD,5.480638923341991,5.630593878156326
CPTAC_to_TCGA,11,coral_pca_hgb,f77d7256-2ccf-42a7-9b30-332ac24ca812,UCEC,8.934323331054905,6.013300118530629
CPTAC_to_TCGA,11,coral_pca_hgb,e44e2ac3-4a83-40b0-b266-a36626ffd6ae,LAML,1.3862943611198906,2.3288176017686357
CPTAC_to_TCGA,11,coral_pca_hgb,d1e0f479-77dd-42cd-89cb-c1eeac60c10a,PAAD,4.007333185232471,4.294059472118444
CPTAC_to_TCGA,11,coral_pca_hgb,d23d354d-04b0-4ff4-bd83-6a2d1ecf3b47,KIRC,3.4011973816621555,3.7520754946317223
CPTAC_to_TCGA,11,coral_pca_hgb,a3f6bc1c-19ab-4eeb-a9ac-3d2fac850bde,LUAD,5.099866427824199,4.953799464545434
CPTAC_to_TCGA,11,coral_pca_hgb,adbaba9c-5efc-4130-82f6-8055eab13795,LUAD,5.267858159063328,5.128182074888762
CPTAC_to_TCGA,11,coral_pca_hgb,0ae2b51d-aade-4d24-8d0b-6990123d9074,STAD,4.406719247264253,4.729972373451631
CPTAC_to_TCGA,11,coral_pca_hgb,9b4eeecb-6aff-435b-a244-ec362af92b7f,LUAD,6.113682179832232,5.104327460872721
CPTAC_to_TCGA,11,coral_pca_hgb,6b02def4-04ca-4ba0-bc48-262c4d8a294c,SKCM,5.521460917862246,5.914861135646003
CPTAC_to_TCGA,11,coral_pca_hgb,6b1ff32f-75a4-44aa-9da4-b6872e179c9f,KIRC,3.8501476017100575,4.299414361241963
CPTAC_to_TCGA,11,coral_pca_hgb,a1ad1a96-2b6e-4c86-9d71-e176b902e9d4,KIRC,3.044522437723423,3.504092798620623
CPTAC_to_TCGA,11,coral_pca_hgb,96b43e99-d81e-44d2-aac5-a6eb92727368,LAML,0.0,1.984141196554792
CPTAC_to_TCGA,11,coral_pca_hgb,a43401ae-14cd-4f57-946b-9a9c073f2a47,KIRC,3.58351893845611,4.335537637481174
CPTAC_to_TCGA,11,coral_pca_hgb,96686a1a-16d0-4cdc-b1f7-5dbbf4cf1c9f,LAML,2.639057329615259,2.111571340854872
CPTAC_to_TCGA,11,coral_pca_hgb,0df573ee-28f0-4244-b434-09e6ca59fbf0,LUAD,6.92951677076365,5.55521640086165
CPTAC_to_TCGA,11,coral_pca_hgb,e8909bdf-460c-4291-8e9b-7be12f343eae,UCEC,6.874198495453294,5.616862147210919
CPTAC_to_TCGA,11,coral_pca_hgb,ce73d0aa-bb3d-4aa3-8ed3-e9912cf25d38,UCEC,3.713572066704308,5.127000199580166
CPTAC_to_TCGA,11,coral_pca_hgb,a79b97df-d7f7-4df4-861b-936f94a1ab30,GBM,3.828641396489095,2.948759750273468
CPTAC_to_TCGA,11,coral_pca_hgb,8bb3facb-1933-4350-9f78-74537559e000,STAD,3.044522437723423,3.968796509054569
CPTAC_to_TCGA,11,coral_pca_hgb,6c0ea771-ea86-4db6-994a-2372b2b8f536,PAAD,1.3862943611198906,3.66300748442427
CPTAC_to_TCGA,11,coral_pca_hgb,e1c55bac-bb41-4964-add5-ecd6ba04b58d,LUAD,4.48863636973214,5.5222169340194105
CPTAC_to_TCGA,11,coral_pca_hgb,2048d0f9-ed9f-46df-bcd4-3dfd9137670f,PAAD,3.218875824868201,3.267322377086208
CPTAC_to_TCGA,11,coral_pca_hgb,f6810357-a598-4a39-8cbd-067795b8d860,LAML,2.302585092994046,1.5512666209410395
CPTAC_to_TCGA,11,coral_pca_hgb,73cb1350-7590-4f79-bb86-3f395466652e,KIRC,3.7612001156935615,3.915163311627226
CPTAC_to_TCGA,11,coral_pca_hgb,c757c326-6803-4451-a2d3-4368812855a7,SKCM,4.859812404361672,4.819963628711119
CPTAC_to_TCGA,11,coral_pca_hgb,abd6647b-d2eb-404d-8283-443e92addf55,LUAD,6.306275286948016,5.090353272909943
CPTAC_to_TCGA,11,coral_pca_hgb,350232cb-b9ba-465b-be9a-81afbc6a92e9,GBM,3.951243718581428,3.326836160252834
CPTAC_to_TCGA,11,coral_pca_hgb,04b4ebb4-6780-42d8-a980-711cd10cfe14,GBM,3.912023005428146,3.7238211241845627
CPTAC_to_TCGA,11,coral_pca_hgb,6a9d719d-249a-4756-adc8-e92fa60da229,GBM,3.7612001156935615,3.7613687331552548
CPTAC_to_TCGA,11,coral_pca_hgb,c5e08764-822b-4214-9ce6-f3ec2756190e,GBM,4.418840607796598,3.9580341405019173
CPTAC_to_TCGA,11,coral_pca_hgb,e0e35051-fbb4-4389-aedb-87bde84d21ad,STAD,7.00488198971286,5.542270976056248
CPTAC_to_TCGA,11,coral_pca_hgb,42e92d73-29eb-4508-a653-9b77f36021c0,GBM,4.143134726391533,4.087496134895599
CPTAC_to_TCGA,11,coral_pca_hgb,8ff807a6-b63f-4a71-9ff3-b47ac91a0114,LAML,0.6931471805599453,1.3690302335628453
CPTAC_to_TCGA,11,coral_pca_hgb,8a235d4d-5ee1-4d6b-839e-e71cadcd8c39,UCEC,5.736572297479192,3.774977073652089
CPTAC_to_TCGA,11,coral_pca_hgb,9c7875ad-ab71-4d48-b2e3-e4c7a46393e9,LUAD,4.605170185988092,4.871481537921056
CPTAC_to_TCGA,11,coral_pca_hgb,4020b1b1-576d-4869-9ff5-552e3afb3ab5,STAD,2.70805020110221,3.7619524708497027
CPTAC_to_TCGA,11,coral_pca_hgb,1b391187-1d9a-4428-ba9a-ef1800f17d3e,STAD,4.584967478670572,4.697164376325664
CPTAC_to_TCGA,11,coral_pca_hgb,03b2ac94-05a3-49a7-b68f-51d045395b07,KIRC,3.7612001156935615,3.8100672066541637
CPTAC_to_TCGA,11,coral_pca_hgb,f17bb238-2651-48a5-9a47-5077218efe08,UCEC,6.366470447731438,6.242864206639121
CPTAC_to_TCGA,11,coral_pca_hgb,442d7415-d095-4962-8296-a14390bad40a,STAD,4.605170185988092,4.242240247373045
CPTAC_to_TCGA,11,coral_pca_hgb,44d8c859-4b7a-4e9d-bffc-0de0e6afdcc4,LUAD,4.795790545596741,4.879475197069061
CPTAC_to_TCGA,11,coral_pca_hgb,8b4cf993-1e16-4009-a37f-a629528b7d7e,UCEC,7.05444965813294,5.463000995318671
CPTAC_to_TCGA,11,coral_pca_hgb,1f1df7ea-00b9-4432-86de-da773d1451e5,LUAD,6.102558594613569,5.641717404915315
CPTAC_to_TCGA,11,coral_pca_hgb,ed2e9354-5ee1-4fcf-92ec-a1b507818b91,KIRC,2.70805020110221,3.350403183309064
CPTAC_to_TCGA,11,coral_pca_hgb,d1848a5f-053a-4db4-ab4e-c5eb311bc3a0,LAML,2.3978952727983707,0.698529498422913
CPTAC_to_TCGA,11,coral_pca_hgb,ac0d7a82-82cb-4aec-b859-e37375f3de8b,LUAD,3.828641396489095,4.212644857677081
CPTAC_to_TCGA,11,coral_pca_hgb,3dd36758-04ad-4ba4-bf17-707649d6f1a0,KIRC,3.8918202981106265,3.7719094702721683
CPTAC_to_TCGA,11,coral_pca_hgb,cf825b86-7ec2-4e90-bcce-3b5637b90b70,PAAD,3.367295829986474,3.5232955029393387
CPTAC_to_TCGA,11,coral_pca_hgb,69d0a566-5fbf-45f6-a240-649b06868e27,GBM,3.713572066704308,3.955943908692564
CPTAC_to_TCGA,11,coral_pca_hgb,bc316a17-9d73-4ef3-97e9-c4ac5516b75a,GBM,3.688879454113936,3.906055386702487
CPTAC_to_TCGA,11,coral_pca_hgb,fa099993-ef30-4eff-a8fb-aa41b5ea671a,SKCM,7.166265974133638,6.3301337783883325
CPTAC_to_TCGA,11,coral_pca_hgb,b9fc9eff-1228-482d-87a2-ebbb5c92733a,KIRC,3.80666248977032,3.9403519420727564
CPTAC_to_TCGA,11,coral_pca_hgb,af055b98-be6a-4012-ac64-f1b6539b23d0,GBM,3.5263605246161616,3.8453719846971195
CPTAC_to_TCGA,11,coral_pca_hgb,9bc2f33f-3067-4000-bc8a-1c5bb671d101,UCEC,3.9889840465642745,3.8006701725377483
CPTAC_to_TCGA,11,coral_pca_hgb,9e640ff7-996e-427b-b56c-519a1e23baab,LUAD,3.970291913552122,4.955550540165286
CPTAC_to_TCGA,11,coral_pca_hgb,30b62630-fc6d-4620-874a-1e15fd4f40ea,UCEC,4.430816798843313,4.610468826104246
CPTAC_to_TCGA,11,coral_pca_hgb,681b1176-9676-44d3-892c-1d5dba1ce25b,LUAD,3.1354942159291497,3.2630989543231714
CPTAC_to_TCGA,11,coral_pca_hgb,f89d429f-4747-468b-b894-89583bd8ab02,PAAD,2.5649493574615367,2.6269978920407464
CPTAC_to_TCGA,11,coral_pca_hgb,66afd908-0c76-469e-abc3-89563de338c6,GBM,3.218875824868201,3.402270970020713
CPTAC_to_TCGA,11,coral_pca_hgb,6cf49cf0-de4c-4c90-8358-eae19c6206b0,LUAD,5.407171771460119,5.874220952237064
CPTAC_to_TCGA,11,coral_pca_hgb,129a49d4-edb8-4a1d-aabb-51b9ad5a8dd1,UCEC,5.209486152841421,4.704391713178797
CPTAC_to_TCGA,11,coral_pca_hgb,31c96e35-5e2f-429c-b12a-7bc5a497a300,LUAD,6.335054251498059,5.583711786863274
CPTAC_to_TCGA,11,coral_pca_hgb,3abaa1b6-7513-40e0-b79c-b968e788e932,UCEC,3.713572066704308,3.491974689346149
CPTAC_to_TCGA,11,coral_pca_hgb,0547cdfa-c488-4da0-9bb5-4cc63a637179,UCEC,7.212294468500341,5.451725717812176
CPTAC_to_TCGA,11,coral_pca_hgb,98bf4652-0088-4ecc-9dfa-376438cb063c,STAD,2.079441541679836,3.86720331232814
CPTAC_to_TCGA,11,coral_pca_hgb,2714af93-e200-4b4a-9df8-7d837b37489f,UCEC,6.70196036600254,5.286930762945895
CPTAC_to_TCGA,11,coral_pca_hgb,8bb89c0f-0f04-485e-8e08-801042dfcba9,UCEC,3.8501476017100575,5.5837688609940095
CPTAC_to_TCGA,11,coral_pca_hgb,a210407e-b7de-4e27-84b2-9dcc5f9e6e63,GBM,3.6635616461296463,3.5552313029541147
CPTAC_to_TCGA,11,coral_pca_hgb,916ccf0d-02ef-4ccb-824b-6b4294095a08,UCEC,3.555348061489413,4.18586284029871
CPTAC_to_TCGA,11,coral_pca_hgb,5510ad32-62fd-4adc-964a-ae4e997c2f4b,LUAD,6.021023349349527,6.07709154444805
CPTAC_to_TCGA,11,coral_pca_hgb,e3953994-0299-4e04-9423-6153b142fb8e,GBM,3.6635616461296463,4.39992584730521
CPTAC_to_TCGA,11,coral_pca_hgb,a4e5a8ba-dbb2-4ee9-8ab3-cc5bab152cc2,SKCM,4.060443010546419,5.732019255578519
CPTAC_to_TCGA,11,coral_pca_hgb,a5f2576a-d628-47de-a5df-76a4f3105dcc,LUAD,4.51085950651685,4.526592586954828
CPTAC_to_TCGA,11,coral_pca_hgb,2d7e2ae4-09ba-40af-82ce-66ac7dbd4831,KIRC,3.713572066704308,3.577556261690612
CPTAC_to_TCGA,11,coral_pca_hgb,67a2bc21-7c87-4678-997d-a434de672436,LUAD,4.795790545596741,4.5102027756383505
CPTAC_to_TCGA,11,coral_pca_hgb,7dce4215-01f6-43e9-9378-9e22c26c23a2,UCEC,3.688879454113936,4.718729760449147
CPTAC_to_TCGA,11,coral_pca_hgb,09078761-1c14-4d01-8e15-535c19a9b0f9,LUAD,3.218875824868201,3.9314102775093738
CPTAC_to_TCGA,11,coral_pca_hgb,543c0a7d-ccd7-4b8d-98fb-eabec806231d,GBM,4.418840607796598,3.1912742902528017
CPTAC_to_TCGA,11,coral_pca_hgb,119b1761-a5b4-42b6-9971-ece11fb0e0f6,UCEC,8.122371243406553,6.1669016473612785
CPTAC_to_TCGA,11,coral_pca_hgb,46c87ae0-c123-4bdc-8a79-d375d8a7e7a3,KIRC,3.970291913552122,4.528032690620642
CPTAC_to_TCGA,11,coral_pca_hgb,9ad6c241-ccc5-4532-a6ac-098271b13b5f,GBM,2.8903717578961645,3.0550906652119507
CPTAC_to_TCGA,11,coral_pca_hgb,af852215-5a4b-44b4-8e8e-b887dcb3cf8c,UCEC,3.6635616461296463,4.221446974493035
CPTAC_to_TCGA,11,coral_pca_hgb,41c4c704-825e-49f5-9d54-dbd7d30725e0,LUAD,6.807934943699926,5.4470929015605565
CPTAC_to_TCGA,11,coral_pca_hgb,7fe37feb-e205-4524-8c98-1f9ac5fe0700,GBM,3.87120101090789,4.224397006861232
CPTAC_to_TCGA,11,coral_pca_hgb,4b43da9d-60ee-4269-b44d-d92c034b844c,GBM,2.5649493574615367,3.202331267982312
CPTAC_to_TCGA,11,coral_pca_hgb,a308a5ee-8ea1-47ee-823d-14736d74a925,PAAD,4.219507705176107,4.070804348576822
CPTAC_to_TCGA,11,coral_pca_hgb,f1ae0181-74f8-47fd-83be-83a7d01101cc,KIRC,3.4339872044851463,2.8029094279487503
CPTAC_to_TCGA,11,coral_pca_hgb,6845099a-b2c9-48d8-b856-9903d39bb92e,LUAD,5.472270673671475,4.707487728279514
CPTAC_to_TCGA,11,coral_pca_hgb,0a1eea76-e19a-4547-9b24-abf7051cc4db,LUAD,5.468060141135132,4.986567952431714
CPTAC_to_TCGA,11,coral_pca_hgb,95a4f9f6-d6c7-4d9d-ae34-e4a91d8927e9,LAML,1.0986122886681096,2.1821007383576276
CPTAC_to_TCGA,11,coral_pca_hgb,d70b3c6e-04da-4abc-a832-a461e4cfcc94,UCEC,3.258096538021482,4.7773160654121565
CPTAC_to_TCGA,11,coral_pca_hgb,06d713a5-61fe-450b-bb81-721ab8aa0013,LAML,0.0,1.5077034212370266
CPTAC_to_TCGA,11,coral_pca_hgb,dfa3ef71-7006-4c6d-81c4-e0c0c7b75c26,GBM,4.127134385045092,4.047336285801074
CPTAC_to_TCGA,11,coral_pca_hgb,90402c32-9548-432e-85b8-a4f80e14401e,SKCM,4.727387818712341,5.541409355986629
CPTAC_to_TCGA,11,coral_pca_hgb,638b1a6a-c222-414c-96bc-f259f0afb278,PAAD,3.295836866004329,3.7755887478950405
CPTAC_to_TCGA,11,coral_pca_hgb,cc68632c-b1e3-491b-b562-9468e2d1c101,LUAD,4.882801922586371,5.946734396950896
CPTAC_to_TCGA,11,coral_pca_hgb,7751fc13-ec33-4057-965d-3b2ac6183344,GBM,4.3694478524670215,3.4822448168819817
CPTAC_to_TCGA,11,coral_pca_hgb,1521ac6d-31f7-4240-9d54-4f7600e78e16,PAAD,4.143134726391533,5.307103063082146
CPTAC_to_TCGA,11,coral_pca_hgb,cf2e5c6a-a7d8-428f-800a-fb94dcfc5fe4,LAML,1.0986122886681096,1.4389764026538094
CPTAC_to_TCGA,11,coral_pca_hgb,931e39cd-b0c4-437f-b6c5-9358d74ea533,SKCM,6.493753839851687,4.9187136088026815
CPTAC_to_TCGA,11,coral_pca_hgb,9ee944ef-4293-4228-b750-cc34ab388eb3,UCEC,4.574710978503383,4.638335605468233
CPTAC_to_TCGA,11,coral_pca_hgb,30208a4c-ecb0-4b3c-a349-87e1c1f43e85,KIRC,3.49650756146648,3.8801048769614
CPTAC_to_TCGA,11,coral_pca_hgb,9dda72ec-1698-44e2-b35c-11e9a2704380,LUAD,4.07753744390572,4.773255236806147
CPTAC_to_TCGA,11,coral_pca_hgb,be6531b2-d1f3-44ab-9c02-1ceae51ef2bb,STAD,5.062595033026967,5.160594707039245
CPTAC_to_TCGA,11,coral_pca_hgb,7c9ea4fa-4cbc-4941-945a-e531e1d48304,STAD,4.060443010546419,5.731415757700617
CPTAC_to_TCGA,11,coral_pca_hgb,944a102f-3475-45aa-9e30-4b92d1449f00,UCEC,3.784189633918261,3.8633840661029923
CPTAC_to_TCGA,11,coral_pca_hgb,c350b53b-3c27-4b9e-8b57-d7b6a1205a1f,UCEC,4.127134385045092,3.879529884934579
CPTAC_to_TCGA,11,coral_pca_hgb,6250b800-f72e-4c8e-a0e0-206049398ba7,SKCM,3.1780538303479458,3.067241363001985
CPTAC_to_TCGA,11,coral_pca_hgb,e62d5f3c-0a99-4932-a589-bff4fa02b1d3,STAD,3.6375861597263857,4.5907561270367125
CPTAC_to_TCGA,11,coral_pca_hgb,5c51fbfe-153c-4cd2-97bd-e444daa0b20f,PAAD,4.219507705176107,4.423588485420812
CPTAC_to_TCGA,11,coral_pca_hgb,3199cfe5-3be3-43cd-a36b-5cf2c7a9929f,LUAD,5.83773044716594,3.9593055807499673
CPTAC_to_TCGA,11,coral_pca_hgb,7a650a2c-bc3f-4e0c-820e-4f492977107b,GBM,3.218875824868201,4.045191082249381
CPTAC_to_TCGA,11,coral_pca_hgb,6f777943-ffcb-46d9-872d-514559dee00d,PAAD,3.6375861597263857,3.4119931048601853
CPTAC_to_TCGA,11,coral_pca_hgb,f72a26e8-7f96-4d86-b37b-7dc35f681133,STAD,3.332204510175204,4.423855841801854
CPTAC_to_TCGA,11,coral_pca_hgb,5ef9486a-aeff-421d-b620-03ef119d85a5,GBM,3.6635616461296463,3.321772115683756
CPTAC_to_TCGA,11,coral_pca_hgb,eff78af6-0f68-49b9-866b-0d511606f2b1,SKCM,5.429345628954441,5.861191364343778
CPTAC_to_TCGA,11,coral_pca_hgb,170bbbac-940f-4e1b-b0b8-60fa36d0fa23,UCEC,6.169610732491456,5.308473480809939
CPTAC_to_TCGA,11,coral_pca_hgb,73e5310d-ba8c-4cbc-aa4f-e06206f898f4,UCEC,6.251903883165888,4.264104129006173
CPTAC_to_TCGA,11,coral_pca_hgb,0c01c673-e396-47b2-9562-4144d7705ebf,UCEC,3.58351893845611,4.2255539995760945
CPTAC_to_TCGA,11,coral_pca_hgb,c71e0986-56c0-45f4-be8d-2236e4418604,UCEC,5.762051382780177,4.846828631042159
CPTAC_to_TCGA,11,coral_pca_hgb,c8d672ed-9910-4f80-b222-38c833f55850,UCEC,3.970291913552122,4.65444173662647
CPTAC_to_TCGA,11,coral_pca_hgb,69704642-ba65-4a45-8f13-95d847185045,STAD,4.691347882229144,4.836346339626212
CPTAC_to_TCGA,11,coral_pca_hgb,d8e57746-37a1-482a-a3d3-a11bd00cdc11,UCEC,4.189654742026425,3.971639524809398
CPTAC_to_TCGA,11,coral_pca_hgb,f74da4c6-4291-46d2-abd4-7d7f6ef03b00,UCEC,6.470799503782602,6.733252369066003
CPTAC_to_TCGA,11,coral_pca_hgb,46d7489a-cfe6-440e-9d50-919d0ead8018,STAD,4.442651256490317,4.59474018719991
CPTAC_to_TCGA,11,coral_pca_hgb,5f4934be-eee3-40e1-8838-38103badc898,LUAD,4.060443010546419,4.07494533662493
CPTAC_to_TCGA,11,coral_pca_hgb,30f276a8-3a4b-4de8-aea0-7f605d100401,LUAD,4.624972813284271,4.488171714569116
CPTAC_to_TCGA,11,coral_pca_hgb,5a2f8140-8f90-4e94-b703-5fa5aa96be7b,LUAD,5.1298987149230735,4.438413763279434
CPTAC_to_TCGA,11,coral_pca_hgb,a68bd706-58e7-4d36-bffa-6c94986a8d4e,KIRC,3.951243718581428,3.6675741778171442
CPTAC_to_TCGA,11,coral_pca_hgb,8352cbb0-10e7-40bd-96f0-1e982ab4c07b,SKCM,6.190315405853148,5.012290223810088
CPTAC_to_TCGA,11,coral_pca_hgb,2fabeb98-05e3-4f55-97f5-fbc675e25a3d,LUAD,4.219507705176107,5.513391545786548
CPTAC_to_TCGA,11,coral_pca_hgb,02e4f2da-9977-4251-81da-9e9f3a2310de,LAML,0.0,1.8485377652480985
CPTAC_to_TCGA,11,coral_pca_hgb,6d5df29c-f2cc-43ce-8d2f-df1da313ad52,STAD,5.468060141135132,5.240413464893363
CPTAC_to_TCGA,11,coral_pca_hgb,01a92062-967a-4900-8dc7-a5ecd3b3f8e2,GBM,3.7612001156935615,3.763131733471439
CPTAC_to_TCGA,11,coral_pca_hgb,9fa752b7-9873-4bad-9eba-8cc113705fed,STAD,4.158883083359672,3.7703070588579943
CPTAC_to_TCGA,11,coral_pca_hgb,1fb6c06e-ecf4-4b4c-bb15-df8c0a9fad8f,STAD,4.897839799950911,4.949468033887408
CPTAC_to_TCGA,11,coral_pca_hgb,8fdbd88f-19ae-4ab8-bcd7-6bfa1bbde742,LUAD,5.976350909297934,4.78666636247404
CPTAC_to_TCGA,11,coral_pca_hgb,86faf16c-56fd-4b7b-a6b2-b4c83bec93e1,LUAD,4.983606621708336,5.050908119200345
CPTAC_to_TCGA,11,coral_pca_hgb,284174fd-1320-4617-9e99-75bd75df9bf3,UCEC,3.7612001156935615,3.555916742041919
CPTAC_to_TCGA,11,coral_pca_hgb,16286ebd-6811-4e53-b4d5-82e1e825bc7a,STAD,7.2115567333138015,6.739444925775304
CPTAC_to_TCGA,11,coral_pca_hgb,8097fddc-c7b9-4192-89d7-6bcceb7465b5,STAD,5.003946305945459,4.802204835224774
CPTAC_to_TCGA,11,coral_pca_hgb,fff35c80-88cd-4923-80c1-0273ba5bed0f,LAML,1.0986122886681096,1.2908048495100095
CPTAC_to_TCGA,11,coral_pca_hgb,ca2da39a-263c-4238-9826-de7d52e63d0f,PAAD,3.091042453358316,2.9022787650197692
CPTAC_to_TCGA,11,coral_pca_hgb,5daf4808-0393-4791-9927-742c30a20831,KIRC,2.995732273553991,3.884236739274182
CPTAC_to_TCGA,11,coral_pca_hgb,69d56f2d-6924-409b-9d1e-c8d69b400270,GBM,3.784189633918261,3.7551704131032255
CPTAC_to_TCGA,11,coral_pca_hgb,79a68b32-29a3-47bf-9b2b-643ec7323d73,GBM,4.143134726391533,4.049269720459142
CPTAC_to_TCGA,11,coral_pca_hgb,0780eb43-d5b5-4c3d-9825-beacba5cc723,LUAD,3.5263605246161616,4.006088912138951
CPTAC_to_TCGA,11,coral_pca_hgb,bab335f9-b241-41a7-b107-79b9676b37b8,LUAD,5.0238805208462765,5.0843883733974575
CPTAC_to_TCGA,11,coral_pca_hgb,b2285924-9813-4f46-bb8f-91a0efd8a9b6,LUAD,5.926926025970411,5.994612064413317
CPTAC_to_TCGA,11,coral_pca_hgb,bcc72cf4-90ce-466e-a683-bb0ebfb3cf82,GBM,3.6635616461296463,2.783009131566049
CPTAC_to_TCGA,11,coral_pca_hgb,4e7b2af4-b158-41a7-be22-bea227a759e6,LUAD,4.882801922586371,4.711344466807948
CPTAC_to_TCGA,11,coral_pca_hgb,6c2232b2-80ce-4156-a0b4-ffa411b0963e,UCEC,6.338594078203183,3.396301406379749
CPTAC_to_TCGA,11,coral_pca_hgb,8994c8c4-9ea0-46cb-b4a5-0055d7da5bfa,LUAD,1.791759469228055,3.5576125440353543
CPTAC_to_TCGA,11,coral_pca_hgb,e095a927-d985-4fbd-8093-46c1c6ace4de,UCEC,3.784189633918261,3.893177485516211
CPTAC_to_TCGA,11,coral_pca_hgb,53abce1d-7e33-4ebd-832f-f3789f67377f,GBM,0.0,4.150298779396908
CPTAC_to_TCGA,11,coral_pca_hgb,e7bbc8a9-b63b-4967-812b-f9280a5e181e,KIRC,3.970291913552122,4.111071046441556
CPTAC_to_TCGA,11,coral_pca_hgb,3c2a6e30-a507-49f6-8b1f-36eb3aa41e60,UCEC,7.045776576879511,6.246226145888322
CPTAC_to_TCGA,11,coral_pca_hgb,a1780432-860e-4bff-9b66-a1e25c0076fe,UCEC,4.276666119016055,5.0053557228240475
CPTAC_to_TCGA,11,coral_pca_hgb,9944f46f-9fa8-4e2c-a806-776bec7f8803,LUAD,6.439350371100098,4.74524546884917
CPTAC_to_TCGA,11,coral_pca_hgb,84d2d341-9e52-49ab-8c51-417208834c5d,STAD,7.016609683894219,6.289777299866945
CPTAC_to_TCGA,11,coral_pca_hgb,6b35a816-f9c4-44d4-9824-5dee4804b80d,UCEC,4.248495242049359,5.0226780856958095
CPTAC_to_TCGA,11,coral_pca_hgb,f5261330-596e-4632-a5a3-8d3a2aa5de38,UCEC,3.258096538021482,4.701143799626428
CPTAC_to_TCGA,11,coral_pca_hgb,71ed7d6d-8c44-4d37-a04a-7a78df21e514,UCEC,3.044522437723423,3.407140474737865
CPTAC_to_TCGA,11,coral_pca_hgb,1756244e-13bc-4ed7-8b91-005608803d91,PAAD,1.0986122886681096,3.8971793034504616
CPTAC_to_TCGA,11,coral_pca_hgb,2a665611-2464-4fef-8ce8-17c966fc74a5,STAD,4.430816798843313,4.490242066548521
CPTAC_to_TCGA,11,coral_pca_hgb,ef6f6553-2575-457e-bc07-401215e54759,GBM,4.060443010546419,3.2291169706611704
CPTAC_to_TCGA,11,coral_pca_hgb,016e515e-7f78-4997-9b97-3628464d9222,UCEC,5.19295685089021,5.264466329959396
CPTAC_to_TCGA,11,coral_pca_hgb,3fe8f8e4-5396-4362-82f5-366e2fb69db2,LUAD,5.717027701406222,4.901330951093284
CPTAC_to_TCGA,11,coral_pca_hgb,f6d28a1d-6691-4ac1-8afb-ab0e7dcef867,KIRC,3.9318256327243257,3.675888341972292
CPTAC_to_TCGA,11,coral_pca_hgb,459028fd-0cd8-4e6d-a668-71fd60bd0a37,PAAD,3.091042453358316,4.523337977088634
CPTAC_to_TCGA,11,coral_pca_hgb,9da5ecd0-a287-4e67-84b6-af9077a98009,UCEC,5.883322388488279,4.61397190262727
CPTAC_to_TCGA,11,coral_pca_hgb,3f960d3b-a58c-43d0-a8a4-f3555b399c9d,GBM,3.258096538021482,3.276351205828924
CPTAC_to_TCGA,11,coral_pca_hgb,f07070c0-fd0a-4c19-ba1e-5f06b933cd7c,STAD,6.923628628138427,4.895925203892012
CPTAC_to_TCGA,11,coral_pca_hgb,3052065a-b8b1-48d3-971d-9d605292249c,UCEC,3.713572066704308,4.07141069810078
CPTAC_to_TCGA,11,coral_pca_hgb,2688d563-b052-440b-a810-873b1cd3666d,STAD,3.8501476017100575,4.344498256345909
CPTAC_to_TCGA,11,coral_pca_hgb,dfd2c288-5054-4fc1-9cae-f437779dc2de,KIRC,3.7612001156935615,3.8634166856884744
CPTAC_to_TCGA,11,coral_pca_hgb,09918b81-4696-4cba-a45a-5fe7407c2337,LUAD,5.488937726156687,5.312274414433481
CPTAC_to_TCGA,11,coral_pca_hgb,1c7b41fc-daa7-4a6e-b553-aff73e8ebac6,UCEC,8.851233902846035,6.212865069519475
CPTAC_to_TCGA,11,coral_pca_hgb,077bdc90-1bbd-49ec-93a5-729b1ac1ba8d,UCEC,6.695798917058491,5.393467205551285
CPTAC_to_TCGA,11,coral_pca_hgb,7080bc0a-709e-4871-9539-4616f194e310,KIRC,3.1354942159291497,3.737511271676338
CPTAC_to_TCGA,11,coral_pca_hgb,c60a4c63-607b-4d59-8625-bc5d20207647,PAAD,0.0,3.119931446405096
CPTAC_to_TCGA,11,coral_pca_hgb,39ab7174-5707-498d-9959-523680e04198,LUAD,5.384495062789089,5.170304046115919
CPTAC_to_TCGA,11,coral_pca_hgb,5965cd7b-f384-4473-826a-8381e362d10e,PAAD,3.4657359027997265,3.462168192798006
CPTAC_to_TCGA,11,coral_pca_hgb,10c03d66-a290-4e46-9018-2932a236eb09,KIRC,4.653960350157523,3.5879038829801138
CPTAC_to_TCGA,11,coral_pca_hgb,aba26e6b-f11c-4ae6-a0d6-85bdd2060e8f,KIRC,2.639057329615259,2.934581254685389
CPTAC_to_TCGA,11,coral_pca_hgb,11ed5289-050e-434a-a24e-79854b0d9dcc,LAML,0.6931471805599453,1.9683814684854286
CPTAC_to_TCGA,11,coral_pca_hgb,591c068f-bbb1-4df2-9abb-d1a2e4a58372,LUAD,4.304065093204169,3.9903710527874376
CPTAC_to_TCGA,11,coral_pca_hgb,9205c164-7975-421a-90c3-edfe8def595c,UCEC,5.303304908059076,4.978212794545937
CPTAC_to_TCGA,11,coral_pca_hgb,514af471-31d2-43fa-88dc-8639a5e97181,KIRC,4.442651256490317,4.260676171024457
CPTAC_to_TCGA,11,coral_pca_hgb,ea82c1da-eada-4108-80ec-77ce891d82a7,GBM,3.258096538021482,3.5029745992900283
CPTAC_to_TCGA,11,coral_pca_hgb,f91eb33d-76f0-418c-9962-11a5b31ca1dc,PAAD,2.995732273553991,3.410170719832568
CPTAC_to_TCGA,11,coral_pca_hgb,5dc807f2-f4f0-434b-b099-43cf41d99cbd,KIRC,3.784189633918261,3.999849557553358
CPTAC_to_TCGA,11,coral_pca_hgb,bc7a0c8f-c1c1-447c-8019-389e52525081,GBM,4.007333185232471,3.99727452716584
CPTAC_to_TCGA,11,coral_pca_hgb,f7165dea-c528-44f3-954f-e111a3d77b4e,UCEC,6.049733455231958,6.173022488081989
CPTAC_to_TCGA,11,coral_pca_hgb,f7527b5e-5330-49ea-82ce-f6f2cdccbadc,UCEC,6.38856140554563,5.292908354104432
CPTAC_to_TCGA,11,coral_pca_hgb,2f61ea6b-a3f2-477f-ab98-47ed07b3b2cd,GBM,3.4657359027997265,4.411776416568853
CPTAC_to_TCGA,11,coral_pca_hgb,fda160c9-efdc-4263-98f1-e38b00571b4d,SKCM,5.393627546352361,5.233143901056213
CPTAC_to_TCGA,11,coral_pca_hgb,17142718-742e-464a-8e0f-a6b9ac8fad75,PAAD,2.302585092994046,2.8428911087215103
CPTAC_to_TCGA,11,coral_pca_hgb,43476c88-86bc-4a65-9327-f0d24a41c971,UCEC,7.4821189235521155,6.427487552806081
CPTAC_to_TCGA,11,coral_pca_hgb,3cb83517-78a4-47b8-8b1e-57e765dbdd2e,UCEC,3.713572066704308,4.805745077071692
CPTAC_to_TCGA,11,coral_pca_hgb,1b25795e-69ad-47fd-bb2f-94ff0910fae1,GBM,3.80666248977032,3.643555346096775
CPTAC_to_TCGA,11,coral_pca_hgb,46692ac0-8993-4cd3-9590-32ec9dd2c802,LAML,0.6931471805599453,1.2538876488154955
CPTAC_to_TCGA,11,coral_pca_hgb,0f3e2f16-1c06-4128-af45-ee73de19ea69,STAD,7.224753405767971,7.32199492170796
CPTAC_to_TCGA,11,coral_pca_hgb,d9f1bb02-4cb0-4f7c-8f34-ff5f301c6b2c,KIRC,3.87120101090789,4.36833272247258
CPTAC_to_TCGA,11,coral_pca_hgb,4298ccdb-2e6d-4267-822d-75b021364084,KIRC,4.219507705176107,3.889399281755447
CPTAC_to_TCGA,11,coral_pca_hgb,77f8c850-b4e6-46a1-ab12-a50e0044a0c8,LUAD,5.541263545158426,4.562580360916508
CPTAC_to_TCGA,11,coral_pca_hgb,cb622cd6-776d-4681-8a67-4addd61c66b8,STAD,5.159055299214529,4.385748214746494
CPTAC_to_TCGA,11,coral_pca_hgb,540cbfa7-d17d-44f5-b67e-f2b9b03827cd,KIRC,3.1780538303479458,3.755001116733021
CPTAC_to_TCGA,11,coral_pca_hgb,0631dc8c-5950-4419-adf2-ec3b1e259fc8,KIRC,3.912023005428146,3.823117714098096
CPTAC_to_TCGA,11,coral_pca_hgb,840ff11f-f991-4e1b-861b-98d236d573d3,UCEC,4.672828834461906,5.123833953793803
CPTAC_to_TCGA,11,coral_pca_hgb,d7ab7ec0-3de7-4ffd-a5ac-f75579355b2a,KIRC,3.87120101090789,4.067055431996449
CPTAC_to_TCGA,11,coral_pca_hgb,00ee3098-1b32-4e7a-81ea-993773587c41,STAD,3.737669618283368,4.24885983620684
CPTAC_to_TCGA,11,coral_pca_hgb,0b670df6-c487-4ed6-9b48-ef4b01a1aec3,UCEC,3.87120101090789,4.198413170405766
CPTAC_to_TCGA,11,coral_pca_hgb,21814c02-6aa5-4b98-8fd8-41ca0b04ccd2,PAAD,3.828641396489095,4.564570303840057
CPTAC_to_TCGA,11,coral_pca_hgb,25131445-d3cf-46af-b3c5-ca1d1e3561bb,KIRC,3.9318256327243257,4.139138661926726
CPTAC_to_TCGA,11,coral_pca_hgb,ea1c693d-490d-4816-b6e3-d12946ad7cc1,UCEC,3.367295829986474,3.8275167775186953
CPTAC_to_TCGA,11,coral_pca_hgb,70820391-13b4-438f-ba4a-c0804d4c2d76,KIRC,4.07753744390572,4.1152823562612495
CPTAC_to_TCGA,11,coral_pca_hgb,f9ce2045-2821-4843-b5e9-cf7cc7e783d4,GBM,4.189654742026425,3.9133243176267425
CPTAC_to_TCGA,11,coral_pca_hgb,ff127be4-631a-4e0e-a971-842f9eb6760e,KIRC,4.04305126783455,4.1344344244176305
CPTAC_to_TCGA,11,coral_pca_hgb,67ccb182-3021-4621-bffb-6565574dbc58,UCEC,4.158883083359672,4.463512450379107
CPTAC_to_TCGA,11,coral_pca_hgb,4d153600-81f9-44fb-b485-6355ec306d6a,LUAD,5.488937726156687,5.130324616054735
CPTAC_to_TCGA,11,coral_pca_hgb,d6625c4d-cd1c-4c62-8100-e8b2a49ce3ad,KIRC,3.4339872044851463,3.51488444165794
CPTAC_to_TCGA,11,coral_pca_hgb,ede2e8a7-465e-4725-880d-519899aba0c0,PAAD,3.87120101090789,3.9807193901757665
CPTAC_to_TCGA,11,coral_pca_hgb,6783fb7d-f509-47c6-b39f-535a9026f6bc,SKCM,6.473890696352274,5.2056802817504995
CPTAC_to_TCGA,11,coral_pca_hgb,73512f9d-c6e4-446f-8e31-666c6af44da5,KIRC,3.6375861597263857,4.107479982560912
CPTAC_to_TCGA,11,coral_pca_hgb,2fe46394-cfc5-44bb-81a9-e438a0126f5b,UCEC,4.110873864173311,4.914156042903758
CPTAC_to_TCGA,11,coral_pca_hgb,9b93a7c5-f9b4-4461-8078-0201a725c9cf,LUAD,0.6931471805599453,3.4706500691690394
CPTAC_to_TCGA,11,coral_pca_hgb,c129b63f-90cb-40dc-beed-757634004821,KIRC,4.248495242049359,3.8577894753127673
CPTAC_to_TCGA,11,coral_pca_hgb,8e57db50-eb17-4d95-8806-081290ea3cfc,LAML,1.9459101490553128,1.595518385634192
CPTAC_to_TCGA,11,coral_pca_hgb,d3e23815-7f9d-48aa-9aef-3a1dd9d464d7,LUAD,3.5263605246161616,3.94694787630678
CPTAC_to_TCGA,11,coral_pca_hgb,2b82e941-1b16-444e-af41-24dbc0a7e8b5,GBM,4.007333185232471,3.7101633567753614
CPTAC_to_TCGA,11,coral_pca_hgb,fa1f1cfc-9da0-488b-93fe-60aaff99c171,GBM,3.9889840465642745,3.5815204920860673
CPTAC_to_TCGA,11,coral_pca_hgb,ffb88267-1a97-41c9-ae25-6c6cefaf9dd9,KIRC,3.49650756146648,4.238623256976364
CPTAC_to_TCGA,11,coral_pca_hgb,aef8d98f-7a1c-47f3-b5a7-a3cb299c70de,STAD,4.465908118654584,4.721754264587856
CPTAC_to_TCGA,11,coral_pca_hgb,082e32c5-7f82-466a-b52d-a3293a8f8e57,UCEC,3.4339872044851463,4.951247436758856
CPTAC_to_TCGA,11,coral_pca_hgb,2c636fb4-c341-4c55-b920-27bc2d40c815,PAAD,3.912023005428146,3.715219887962351
CPTAC_to_TCGA,11,coral_pca_hgb,da112431-5579-4fd1-a230-9144b359b0e9,STAD,6.86171134048073,5.98805589080287
CPTAC_to_TCGA,11,coral_pca_hgb,b8588e0f-aad6-4ded-845e-3cff67a48d8f,UCEC,3.8918202981106265,4.188840461262431
CPTAC_to_TCGA,11,coral_pca_hgb,fef57c51-0858-42fb-b9eb-3727d274a4e1,KIRC,2.079441541679836,2.9633051458151103
CPTAC_to_TCGA,11,coral_pca_hgb,99f59583-2728-4c1d-b98c-8fbc3bb0a819,KIRC,3.784189633918261,3.975413331988572
CPTAC_to_TCGA,11,coral_pca_hgb,debd7156-8b97-4bdf-9dd9-7e469277d252,SKCM,4.955827057601261,5.240145745281374
CPTAC_to_TCGA,11,coral_pca_hgb,a8d6694c-a213-4544-ac0b-63bce16d8f4e,LUAD,2.3978952727983707,3.0061143187796096
CPTAC_to_TCGA,11,coral_pca_hgb,886d6116-d496-444f-9b7b-7449dad31055,PAAD,3.6635616461296463,3.6254102981105647
CPTAC_to_TCGA,11,coral_pca_hgb,672de064-3378-4004-a3ea-f79885e10d78,UCEC,3.8918202981106265,4.174601273758144
CPTAC_to_TCGA,11,coral_pca_hgb,848fbfa9-1ff6-481f-910f-0423d52763da,LAML,0.0,2.4268205802630414
CPTAC_to_TCGA,11,coral_pca_hgb,54480f58-7e63-4aed-a116-c2c2252e8364,LUAD,5.594711379601839,6.114368390843321
CPTAC_to_TCGA,11,coral_pca_hgb,386b629e-fab1-4033-b088-45d6eeb4a13e,GBM,4.174387269895637,4.062737663397303
CPTAC_to_TCGA,11,coral_pca_hgb,afd710b8-d172-4ac4-9973-e969db1ed231,UCEC,4.262679877041316,4.739720755764183
CPTAC_to_TCGA,11,coral_pca_hgb,dffc7091-bc27-452c-ad94-1ee214107593,UCEC,2.639057329615259,4.207793249414498
CPTAC_to_TCGA,11,coral_pca_hgb,ac1d3946-fe6c-4bd8-b02c-638799cb0f67,UCEC,6.082218910376446,5.948243604221077
CPTAC_to_TCGA,11,coral_pca_hgb,b1b9173c-b370-4fe5-a263-c807e8a9709c,UCEC,6.51471269087253,4.894575638867098
CPTAC_to_TCGA,11,coral_pca_hgb,2d8da564-e69f-4bfa-a1d3-227a294f3886,KIRC,3.8918202981106265,3.8158634044203765
CPTAC_to_TCGA,11,coral_pca_hgb,3280a078-8841-4c5c-a361-b58bc37b965c,KIRC,4.158883083359672,3.814881690853733
CPTAC_to_TCGA,23,coral_pca_hgb,7240d5da-b54e-436b-8069-f2c9f516b75e,PAAD,3.295836866004329,4.175143095539239
CPTAC_to_TCGA,23,coral_pca_hgb,06d86d68-0fd5-4c6e-8783-ed732a3291e8,KIRC,4.158883083359672,4.033700117677552
CPTAC_to_TCGA,23,coral_pca_hgb,31e66b80-c684-4ee8-82ae-36d00f36bc88,PAAD,3.367295829986474,3.14046585384278
CPTAC_to_TCGA,23,coral_pca_hgb,0cd4b4a2-d3ce-4fc4-b899-bbcecb2b3d55,STAD,4.852030263919617,4.724924092985594
CPTAC_to_TCGA,23,coral_pca_hgb,fb86044c-161e-41d7-a49e-3d5ec18294ef,GBM,3.688879454113936,3.913294479271628
CPTAC_to_TCGA,23,coral_pca_hgb,2a790f24-3563-4a7e-b445-56b71c70e685,STAD,4.804021044733257,3.808919227111061
CPTAC_to_TCGA,23,coral_pca_hgb,230dc42d-681c-4e31-9d2e-c724e61829fb,LUAD,6.263398262591624,5.445383979511089
CPTAC_to_TCGA,23,coral_pca_hgb,0022478c-4dfd-4cbe-a05e-fb20310844e3,KIRC,3.970291913552122,3.9394840208284356
CPTAC_to_TCGA,23,coral_pca_hgb,ae39e358-08d7-4367-ae68-82b469e791e4,LUAD,4.060443010546419,4.859243055164308
CPTAC_to_TCGA,23,coral_pca_hgb,1a1d4702-254b-4fff-9609-182442edb83e,STAD,3.58351893845611,3.311523565757001
CPTAC_to_TCGA,23,coral_pca_hgb,7d5c3699-ce28-4129-8391-736f670e8beb,GBM,3.7612001156935615,3.6709749078953298
CPTAC_to_TCGA,23,coral_pca_hgb,e44e2ac3-4a83-40b0-b266-a36626ffd6ae,LAML,1.3862943611198906,1.2421788163778087
CPTAC_to_TCGA,23,coral_pca_hgb,9a2db69e-d429-45d4-89ca-a2c4e0cfc116,PAAD,3.258096538021482,3.671493268851635
CPTAC_to_TCGA,23,coral_pca_hgb,54e90433-5218-4d83-848f-f995ecba2a63,LUAD,7.151485463904735,5.731338427101884
CPTAC_to_TCGA,23,coral_pca_hgb,a5ab4498-8721-40ea-8ee4-fc1a6d05721d,SKCM,3.9889840465642745,4.694398347516426
CPTAC_to_TCGA,23,coral_pca_hgb,f1f80dd2-891d-46dd-a3e0-f007628cb515,LUAD,4.770684624465665,5.598842570467505
CPTAC_to_TCGA,23,coral_pca_hgb,54480f58-7e63-4aed-a116-c2c2252e8364,LUAD,5.594711379601839,5.383262814489494
CPTAC_to_TCGA,23,coral_pca_hgb,ada38f3e-8020-4394-9e7c-50d06dd04769,LAML,3.4657359027997265,2.5308181468105464
CPTAC_to_TCGA,23,coral_pca_hgb,c3cba26e-38c2-4569-afd6-6b045e604808,STAD,7.050989447068045,6.767206829941787
CPTAC_to_TCGA,23,coral_pca_hgb,4519a839-11ea-4628-b5a7-071833ad16de,KIRC,3.610917912644224,3.972899644879023
CPTAC_to_TCGA,23,coral_pca_hgb,759238f2-0d37-404e-96f1-c26cae0ba2ea,KIRC,4.276666119016055,3.893389543471179
CPTAC_to_TCGA,23,coral_pca_hgb,74f859cf-6df5-4e96-ae6b-cfaab691d5fd,STAD,5.176149732573829,4.4654477367275485
CPTAC_to_TCGA,23,coral_pca_hgb,7ab5a708-803f-4d8c-9b25-645f06851a26,STAD,4.718498871295094,4.011620669731905
CPTAC_to_TCGA,23,coral_pca_hgb,1770adbd-b424-4a88-95f0-768e5f168cee,STAD,4.553876891600541,5.152973380830944
CPTAC_to_TCGA,23,coral_pca_hgb,287059fb-4e69-4d6d-99d5-91ec92d35bde,STAD,6.424869023905388,7.054863932339157
CPTAC_to_TCGA,23,coral_pca_hgb,350232cb-b9ba-465b-be9a-81afbc6a92e9,GBM,3.951243718581428,3.3456375751233205
CPTAC_to_TCGA,23,coral_pca_hgb,a597bfa8-8c4d-4f8e-9d85-8a9fdc2c56ff,GBM,3.610917912644224,4.858009124076462
CPTAC_to_TCGA,23,coral_pca_hgb,06fd3086-0801-4d74-bced-4916efc544d2,STAD,4.276666119016055,4.297475648864333
CPTAC_to_TCGA,23,coral_pca_hgb,09d7ce7a-774e-4784-9c9a-32b766fdb173,KIRC,3.912023005428146,3.7169134579965943
CPTAC_to_TCGA,23,coral_pca_hgb,b43de98d-4bb1-41a1-91f2-ce4e7ea4d0ca,UCEC,4.852030263919617,4.4563973689880925
CPTAC_to_TCGA,23,coral_pca_hgb,dcd066ba-5894-453e-b1da-82092858c3db,LUAD,3.713572066704308,4.7513250032972065
CPTAC_to_TCGA,23,coral_pca_hgb,a081da6f-51f3-4555-a6b8-736f8c6cda39,UCEC,3.258096538021482,4.444396110205607
CPTAC_to_TCGA,23,coral_pca_hgb,d438c58e-f038-47a3-8e62-485a5aca9695,UCEC,8.27614021955846,5.744302647770395
CPTAC_to_TCGA,23,coral_pca_hgb,77a8eab6-f6a1-4739-9031-75ead40d68cb,STAD,4.584967478670572,4.589233323537395
CPTAC_to_TCGA,23,coral_pca_hgb,0ea4920f-f4c8-4590-84b3-eb419824e144,LUAD,6.161207321695077,5.776749102307558
CPTAC_to_TCGA,23,coral_pca_hgb,a9a0bad8-6074-4a7c-9f9e-7dbc1de01def,GBM,3.912023005428146,3.7386297226462615
CPTAC_to_TCGA,23,coral_pca_hgb,9cde90c8-2be0-4328-a032-ff1dc19e66fd,UCEC,4.532599493153256,4.935726641909356
CPTAC_to_TCGA,23,coral_pca_hgb,987cb702-057b-4198-8ef3-9cf6a9c51989,GBM,4.060443010546419,4.200001885953102
CPTAC_to_TCGA,23,coral_pca_hgb,f85bc60b-ab07-4b24-820b-6860b198e910,UCEC,3.6635616461296463,3.7741604097259582
CPTAC_to_TCGA,23,coral_pca_hgb,82f069c4-7928-4b7b-8a42-114db7de0501,KIRC,2.4849066497880004,2.952950824932951
CPTAC_to_TCGA,23,coral_pca_hgb,3e09fd70-6464-42f6-96a6-b51d7c298fc5,PAAD,3.1780538303479458,3.5711167758277447
CPTAC_to_TCGA,23,coral_pca_hgb,bc4c4079-b449-485d-84e4-a40496e563e8,LUAD,5.958424693029782,5.778664844458106
CPTAC_to_TCGA,23,coral_pca_hgb,57070e5b-0eb5-44b7-abb3-3007fa34543a,KIRC,3.7612001156935615,3.907271652107793
CPTAC_to_TCGA,23,coral_pca_hgb,a8a9b061-b33c-4c69-bd4c-7f430474cdfd,STAD,4.204692619390966,5.1633467646760955
CPTAC_to_TCGA,23,coral_pca_hgb,923b37e4-fcf7-46a0-8cb2-9139711fec7b,LUAD,4.51085950651685,4.2004332715908905
CPTAC_to_TCGA,23,coral_pca_hgb,45effb44-0b5f-4081-a202-d85969c72f2b,UCEC,3.784189633918261,4.890213657812323
CPTAC_to_TCGA,23,coral_pca_hgb,5f53ace3-14ca-412a-af6c-98d8996f8177,KIRC,2.8903717578961645,3.962340822964979
CPTAC_to_TCGA,23,coral_pca_hgb,bbbce1ba-c739-43ba-b9cf-a4f746491ae3,KIRC,3.737669618283368,3.610235039716603
CPTAC_to_TCGA,23,coral_pca_hgb,05f4058d-3066-4d16-8320-cf92f122945f,SKCM,3.6635616461296463,5.4363170777589085
CPTAC_to_TCGA,23,coral_pca_hgb,5693302a-4548-4c0b-8725-0cb7c67bc4f8,UCEC,3.610917912644224,4.473190413864993
CPTAC_to_TCGA,23,coral_pca_hgb,2b68b51f-bd4c-4bbb-b4e6-2eead53da2a4,LUAD,4.820281565605037,4.726556163460334
CPTAC_to_TCGA,23,coral_pca_hgb,1a1f2197-e303-46e4-8871-53f2eb2e599a,STAD,4.356708826689592,5.550662877953625
CPTAC_to_TCGA,23,coral_pca_hgb,f8a32cb0-8c3d-4bc2-8e53-561b89000be7,STAD,6.885509670034818,6.692180770986469
CPTAC_to_TCGA,23,coral_pca_hgb,8cc6bcec-65df-46a9-a88c-09762a132857,LUAD,4.844187086458591,4.701353813772684
CPTAC_to_TCGA,23,coral_pca_hgb,dcff8659-ecca-4798-80a3-dd6e7642ba2b,UCEC,6.230481447578482,6.156932220053161
CPTAC_to_TCGA,23,coral_pca_hgb,5d33895e-a959-4d5e-8850-c49c7fa49a22,STAD,4.158883083359672,4.81054522638133
CPTAC_to_TCGA,23,coral_pca_hgb,6845099a-b2c9-48d8-b856-9903d39bb92e,LUAD,5.472270673671475,4.37194820718649
CPTAC_to_TCGA,23,coral_pca_hgb,15f12d2c-b834-4bfc-b526-f03bf85bfe96,LUAD,3.828641396489095,4.6812762167249184
CPTAC_to_TCGA,23,coral_pca_hgb,53abce1d-7e33-4ebd-832f-f3789f67377f,GBM,0.0,4.2956605723922685
CPTAC_to_TCGA,23,coral_pca_hgb,e921772f-f81a-49bc-b35e-3354c94447c0,GBM,4.356708826689592,4.0916719545063405
CPTAC_to_TCGA,23,coral_pca_hgb,8eee4228-4d30-480a-8743-5a3d98eb1741,LAML,2.079441541679836,2.2477282308747553
CPTAC_to_TCGA,23,coral_pca_hgb,30bc72d5-07b5-48d2-b025-bba9bcf2f09f,UCEC,9.3982297330736,5.907818749065774
CPTAC_to_TCGA,23,coral_pca_hgb,765ad5a5-134b-4680-a6d4-1dd113dc47cc,LUAD,6.118097198041348,5.145979359055584
CPTAC_to_TCGA,23,coral_pca_hgb,0df9ec46-d600-4845-9d00-2dc2732c68d1,KIRC,4.406719247264253,3.746619669372594
CPTAC_to_TCGA,23,coral_pca_hgb,02e4f2da-9977-4251-81da-9e9f3a2310de,LAML,0.0,1.5124005624329955
CPTAC_to_TCGA,23,coral_pca_hgb,82f9a197-040d-4c5e-89d9-d87a7aa0168d,STAD,4.844187086458591,5.644024666752586
CPTAC_to_TCGA,23,coral_pca_hgb,7436a28f-01a3-4148-b38e-63c57b5d86c4,SKCM,4.77912349311153,5.2032401677028615
CPTAC_to_TCGA,23,coral_pca_hgb,43b7a790-35a2-4786-b375-c3847d2aec62,STAD,3.9318256327243257,5.035589207938264
CPTAC_to_TCGA,23,coral_pca_hgb,dbd5b0de-94c9-45dd-afb3-6820a7ecaca2,LUAD,4.477336814478207,4.813309963330127
CPTAC_to_TCGA,23,coral_pca_hgb,d5ee39e8-a1d2-4244-9c38-07d7c5c1baba,UCEC,4.02535169073515,4.900295412170024
CPTAC_to_TCGA,23,coral_pca_hgb,d8daf273-5334-4be0-b9e0-cc0004552544,STAD,5.8805329864007,4.362166861631805
CPTAC_to_TCGA,23,coral_pca_hgb,56bcb686-5010-439f-819f-95dda9885ca5,STAD,4.330733340286331,5.184537527458574
CPTAC_to_TCGA,23,coral_pca_hgb,b61abdfd-b7a0-4e1a-b570-d1eaecad3a9e,LUAD,4.5217885770490405,5.274159291991197
CPTAC_to_TCGA,23,coral_pca_hgb,2de427e2-b1f3-4915-9750-ab6414edc92e,KIRC,3.610917912644224,3.868649162755033
CPTAC_to_TCGA,23,coral_pca_hgb,5b7e557a-6aee-4077-b3cd-c96179e643ae,STAD,5.768320995793772,4.391055313009598
CPTAC_to_TCGA,23,coral_pca_hgb,c88e3901-f3ee-436a-ba80-143c8eab7d69,UCEC,3.688879454113936,4.091534612254178
CPTAC_to_TCGA,23,coral_pca_hgb,2dc154aa-c478-404b-a92e-86abcc8dbdb7,STAD,4.584967478670572,4.71320171991811
CPTAC_to_TCGA,23,coral_pca_hgb,e52396d1-acd6-44f4-99c5-1a367128008d,STAD,4.23410650459726,4.670065747098638
CPTAC_to_TCGA,23,coral_pca_hgb,9853c6bb-a42c-4698-abe5-f3c897ebc8f6,GBM,3.8501476017100575,3.5568578798460453
CPTAC_to_TCGA,23,coral_pca_hgb,e1e8dc66-467c-48a5-be56-3db4f665b9f1,UCEC,4.532599493153256,4.382223520662655
CPTAC_to_TCGA,23,coral_pca_hgb,74ce7e7f-e214-4b6e-8551-114a153ab7fb,GBM,3.828641396489095,4.105618870765838
CPTAC_to_TCGA,23,coral_pca_hgb,38a3ea92-8965-4bda-9dbd-144832975cdd,UCEC,9.01127949117793,5.8061327057933205
CPTAC_to_TCGA,23,coral_pca_hgb,a24d14d9-4f17-4625-93d0-b0624610d83d,LAML,0.0,2.0868099353824054
CPTAC_to_TCGA,23,coral_pca_hgb,61c655ec-52b5-453f-a6cc-b2aba445b027,LUAD,4.663439094112067,4.469784150959016
CPTAC_to_TCGA,23,coral_pca_hgb,263f67e0-0a28-42e6-b3f3-1ddd0d397220,STAD,3.737669618283368,4.111172324067382
CPTAC_to_TCGA,23,coral_pca_hgb,d28e465c-e553-4c53-8bb7-3d8199b9a8a5,LUAD,6.76849321164863,5.2183944234516
CPTAC_to_TCGA,23,coral_pca_hgb,30b62630-fc6d-4620-874a-1e15fd4f40ea,UCEC,4.430816798843313,3.5483282555350293
CPTAC_to_TCGA,23,coral_pca_hgb,9731e0b3-c62d-43cb-8ae7-8f973d69ab19,UCEC,3.1780538303479458,4.544982716681479
CPTAC_to_TCGA,23,coral_pca_hgb,5b52f882-df12-42ec-a000-ff3b428ba05b,STAD,7.061334366910438,6.697712509631231
CPTAC_to_TCGA,23,coral_pca_hgb,4e9d1a69-1f10-4500-9dda-f8eb1ccc6576,SKCM,2.302585092994046,5.2011178724610785
CPTAC_to_TCGA,23,coral_pca_hgb,3cfe743c-f02e-42bf-a170-9d8b8a514d10,KIRC,3.713572066704308,4.513886497343234
CPTAC_to_TCGA,23,coral_pca_hgb,5898434d-cfa3-4515-a0c0-810d7e515120,PAAD,2.302585092994046,3.286892105746697
CPTAC_to_TCGA,23,coral_pca_hgb,bab53c56-82f1-4d63-98f5-4608ea7b5f4e,STAD,3.688879454113936,3.920222195778513
CPTAC_to_TCGA,23,coral_pca_hgb,69b23036-add9-42c9-941f-02fb74d9b08c,LUAD,3.5263605246161616,4.868865978194265
CPTAC_to_TCGA,23,coral_pca_hgb,8fd493c5-1375-4f76-b337-c9a75e3abdbe,KIRC,3.8501476017100575,4.13446157554755
CPTAC_to_TCGA,23,coral_pca_hgb,fd5c44ef-ea50-4fba-9e8d-e371cf34ebdb,LUAD,6.52649485957079,6.374798828788782
CPTAC_to_TCGA,23,coral_pca_hgb,38469030-8539-4c76-b53b-57073569501c,KIRC,2.639057329615259,3.3521375968323848
CPTAC_to_TCGA,23,coral_pca_hgb,2d166dc0-8890-4b00-ab73-9e2dbb6c530d,UCEC,3.8918202981106265,4.372412912590527
CPTAC_to_TCGA,23,coral_pca_hgb,bee58be0-c2b0-4cdc-adf6-b99243da586a,UCEC,4.0943445622221,5.122132200640114
CPTAC_to_TCGA,23,coral_pca_hgb,5ace9608-d38a-42f2-a877-ec7c9d211808,LUAD,2.079441541679836,4.48625503671238
CPTAC_to_TCGA,23,coral_pca_hgb,ded408ee-053a-43ed-9bcf-1d15cd203051,UCEC,4.007333185232471,4.409368602489527
CPTAC_to_TCGA,23,coral_pca_hgb,7427f9e8-1140-45fd-9613-78b72b13a7ba,UCEC,8.722580021141187,5.176685294644079
CPTAC_to_TCGA,23,coral_pca_hgb,55cee1dd-15a0-4717-a281-63e08e2cfdf9,PAAD,3.58351893845611,3.352569768261584
CPTAC_to_TCGA,23,coral_pca_hgb,aebe37c4-5b37-41f3-ade3-46e41bad8eab,KIRC,3.091042453358316,4.1904695363678925
CPTAC_to_TCGA,23,coral_pca_hgb,b8a1c8c7-3945-4d84-8f58-3a1a1eb10730,STAD,3.912023005428146,5.010832871739782
CPTAC_to_TCGA,23,coral_pca_hgb,7a4c0a14-ac97-4c2b-a9cc-68cb561b2494,GBM,4.007333185232471,4.038612012756137
CPTAC_to_TCGA,23,coral_pca_hgb,98dea82b-46f9-4b77-be8a-06669bcf731b,KIRC,3.784189633918261,4.0065475312956655
CPTAC_to_TCGA,23,coral_pca_hgb,712c2f78-c736-42ce-b689-a954c5290987,PAAD,3.258096538021482,4.614628383139263
CPTAC_to_TCGA,23,coral_pca_hgb,18478121-f1d1-4bdd-9511-8ab22f4a0660,LUAD,6.391917113392602,5.409478728882043
CPTAC_to_TCGA,23,coral_pca_hgb,d4f66f06-9289-45c1-b9eb-aaef991a4bb6,PAAD,3.4339872044851463,3.5487586797200867
CPTAC_to_TCGA,23,coral_pca_hgb,cbbea9f1-396a-4bf3-b67c-2cac3394dceb,LUAD,4.3694478524670215,4.777014378583534
CPTAC_to_TCGA,23,coral_pca_hgb,755d7ab7-4563-408a-9135-f852048af975,UCEC,3.688879454113936,4.406233530248287
CPTAC_to_TCGA,23,coral_pca_hgb,7d915d11-729c-4577-a948-9824a8b033ce,STAD,4.672828834461906,5.4994453885971435
CPTAC_to_TCGA,23,coral_pca_hgb,daf0e08e-1738-43f8-874a-b37d79cbe3a7,LUAD,6.2324480165505225,5.003350922753632
CPTAC_to_TCGA,23,coral_pca_hgb,40fc7973-91c4-4fa8-a105-7fc3d6f3817c,PAAD,3.610917912644224,3.5538865423262167
CPTAC_to_TCGA,23,coral_pca_hgb,47a4161c-9c61-48f5-b9bc-a6d1acad4e5a,GBM,4.143134726391533,4.7683420623364325
CPTAC_to_TCGA,23,coral_pca_hgb,a391d49f-a822-460b-981c-6fbe1868ee38,LUAD,6.3818160174060985,5.6454577359427605
CPTAC_to_TCGA,23,coral_pca_hgb,c970240f-03e2-4395-85be-5eb81a69b710,GBM,4.02535169073515,4.838497089941869
CPTAC_to_TCGA,23,coral_pca_hgb,73cb1350-7590-4f79-bb86-3f395466652e,KIRC,3.7612001156935615,3.8227989326317897
CPTAC_to_TCGA,23,coral_pca_hgb,65ef7ccc-93e9-487a-9d4c-70ee7b9ddb17,STAD,7.024649030453636,6.724852086642703
CPTAC_to_TCGA,23,coral_pca_hgb,474b86d9-d897-467d-85d4-51dfa26ea107,LUAD,4.605170185988092,5.4776154862293485
CPTAC_to_TCGA,23,coral_pca_hgb,2375ef64-8212-4ad4-97e8-bfa6d1db430f,KIRC,4.330733340286331,3.982305908511297
CPTAC_to_TCGA,23,coral_pca_hgb,c856e031-bbd0-431f-b44f-b3ad9b39af7b,UCEC,3.688879454113936,4.836355792185329
CPTAC_to_TCGA,23,coral_pca_hgb,a22d5ba2-5f11-49e9-911a-ec03b785fae5,KIRC,3.951243718581428,4.00941680971655
CPTAC_to_TCGA,23,coral_pca_hgb,8d769b38-862f-46e3-a426-d09f79f28de6,KIRC,4.02535169073515,4.098929735064676
CPTAC_to_TCGA,23,coral_pca_hgb,a68bd706-58e7-4d36-bffa-6c94986a8d4e,KIRC,3.951243718581428,3.980487462866955
CPTAC_to_TCGA,23,coral_pca_hgb,352768f9-3ce1-419c-beef-6515c78f5d7a,GBM,4.48863636973214,3.6187946846651946
CPTAC_to_TCGA,23,coral_pca_hgb,cc141997-edab-4aae-a056-0c079eaa7362,UCEC,3.9318256327243257,4.073345331474525
CPTAC_to_TCGA,23,coral_pca_hgb,46194f7f-af16-42b7-bef6-9c0d1e8f9b0d,KIRC,4.3694478524670215,4.158321233224883
CPTAC_to_TCGA,23,coral_pca_hgb,f587c9ab-2949-4410-80d6-a050865d48aa,LUAD,5.697093486505405,5.100488030752049
CPTAC_to_TCGA,23,coral_pca_hgb,c814c26c-ee8e-4fd8-a3d3-441b302ead3b,KIRC,3.5263605246161616,4.33513687680421
CPTAC_to_TCGA,23,coral_pca_hgb,2943375e-3de8-4d42-959a-62f4192067ae,STAD,6.361302477572996,5.523704960629082
CPTAC_to_TCGA,23,coral_pca_hgb,76df6303-a635-410b-a4d9-db5dce72fcbc,STAD,3.951243718581428,4.823874907256242
CPTAC_to_TCGA,23,coral_pca_hgb,b7d2401e-7d64-4c89-a74c-16d634cafe7f,STAD,4.990432586778736,4.428722865316075
CPTAC_to_TCGA,23,coral_pca_hgb,e0916597-e489-45ef-a8f7-653a3c6591ef,STAD,6.480044561926653,5.12796158002642
CPTAC_to_TCGA,23,coral_pca_hgb,35496e4e-598f-4ffc-b11e-8edaeb676079,STAD,5.564520407322694,4.41078418980633
CPTAC_to_TCGA,23,coral_pca_hgb,ebcba7f2-ce13-4bae-97cd-91a6b1dcd465,LUAD,4.23410650459726,4.995774812062191
CPTAC_to_TCGA,23,coral_pca_hgb,b3a9b0be-2ccb-4e55-b72c-3f218ca46a3e,KIRC,3.688879454113936,4.12339685034984
CPTAC_to_TCGA,23,coral_pca_hgb,59e9029a-8ddd-4447-b35a-72bc39f82a30,UCEC,3.737669618283368,4.018419107608512
CPTAC_to_TCGA,23,coral_pca_hgb,002724fa-7051-49fa-9c58-4bcb7eba4ac6,UCEC,3.6375861597263857,4.6460034429821055
CPTAC_to_TCGA,23,coral_pca_hgb,7751fc13-ec33-4057-965d-3b2ac6183344,GBM,4.3694478524670215,3.894997595771737
CPTAC_to_TCGA,23,coral_pca_hgb,c33d0d12-a744-4a9a-b3f7-e28da6a109ab,KIRC,3.367295829986474,3.489511749121251
CPTAC_to_TCGA,23,coral_pca_hgb,995bdb1e-c67e-43eb-9fbd-16eb290926d5,LAML,1.6094379124341005,2.2328197148209097
CPTAC_to_TCGA,23,coral_pca_hgb,75119d1a-93e5-4ae7-9d60-69ee929a0772,PAAD,4.07753744390572,3.366937643838872
CPTAC_to_TCGA,23,coral_pca_hgb,7997f3d8-bff6-4808-8df0-d88d344d7c9e,STAD,7.158513997329321,6.401684173273533
CPTAC_to_TCGA,23,coral_pca_hgb,77d4d3ef-3fe0-4f93-a863-b5840926576c,GBM,3.970291913552122,3.388552285538201
CPTAC_to_TCGA,23,coral_pca_hgb,e01e4fb3-236a-4d16-9073-555876b688e9,LUAD,6.9930151229329605,5.077408458222035
CPTAC_to_TCGA,23,coral_pca_hgb,51bd85e2-2c60-4654-bfcb-83dccef8964b,UCEC,5.3706380281276624,4.798553560773797
CPTAC_to_TCGA,23,coral_pca_hgb,3e41cf2f-3de9-44c1-a819-bce693baf67d,UCEC,3.58351893845611,4.212011266985792
CPTAC_to_TCGA,23,coral_pca_hgb,01277e9d-a35f-45d9-9e60-2e8cd79630a0,KIRC,4.382026634673881,3.7887102910185297
CPTAC_to_TCGA,23,coral_pca_hgb,df4168bd-9f94-4323-9c33-a446a9fae999,GBM,3.4339872044851463,4.210702305395695
CPTAC_to_TCGA,23,coral_pca_hgb,1b641270-18f8-4257-821b-d26179e08e28,STAD,4.007333185232471,4.468977989807073
CPTAC_to_TCGA,23,coral_pca_hgb,64f0c38f-7f87-4c4b-9e37-66f32645dde4,LAML,2.079441541679836,2.5214767021549167
CPTAC_to_TCGA,23,coral_pca_hgb,c53328b4-0930-4e6a-a648-283b5565295e,PAAD,3.6375861597263857,3.4252085793743765
CPTAC_to_TCGA,23,coral_pca_hgb,6fe664cc-e66b-4abf-a7d2-08bb4ce8eba3,SKCM,5.513428746164983,5.216603792921942
CPTAC_to_TCGA,23,coral_pca_hgb,fcc2192a-1f54-49c5-b3e6-e9bd8025df67,LAML,3.295836866004329,2.4019256442317354
CPTAC_to_TCGA,23,coral_pca_hgb,e737f650-b72d-44e7-b750-558a56716803,LUAD,6.131226489483141,5.560289150447657
CPTAC_to_TCGA,23,coral_pca_hgb,f4b1e633-38e6-4cc6-a0c6-911582d4066b,STAD,4.007333185232471,4.792803508138914
CPTAC_to_TCGA,23,coral_pca_hgb,ef03654a-dcf1-41ff-a67e-4f3fbf9ba807,LUAD,4.553876891600541,4.224717587901101
CPTAC_to_TCGA,23,coral_pca_hgb,51c3409d-5df7-4720-83db-0e6de065f82c,GBM,3.367295829986474,3.888516166906103
CPTAC_to_TCGA,23,coral_pca_hgb,a43401ae-14cd-4f57-946b-9a9c073f2a47,KIRC,3.58351893845611,3.9901682422022864
CPTAC_to_TCGA,23,coral_pca_hgb,44dec838-b653-42a7-a58b-a1fd232cd68c,LUAD,3.555348061489413,4.80444771033202
CPTAC_to_TCGA,23,coral_pca_hgb,3559f697-8fec-4f36-962c-632272fe9c9c,PAAD,9.45461899582035,3.612404905932678
CPTAC_to_TCGA,23,coral_pca_hgb,74749fe8-f5d0-4d0d-8c7a-e56eba6503b3,KIRC,3.4011973816621555,3.751007083356334
CPTAC_to_TCGA,23,coral_pca_hgb,4c31127e-d095-4978-9dac-35153c27f6ed,LUAD,5.71042701737487,5.654128782404821
CPTAC_to_TCGA,23,coral_pca_hgb,78a24c56-576c-4245-bb42-6603b3d19897,LUAD,6.739336627357174,5.858781933403226
CPTAC_to_TCGA,23,coral_pca_hgb,8e7792b3-2b6c-47ac-acbe-3da7462a8321,UCEC,2.833213344056216,4.471631321580245
CPTAC_to_TCGA,23,coral_pca_hgb,66afd908-0c76-469e-abc3-89563de338c6,GBM,3.218875824868201,3.3497123441634016
CPTAC_to_TCGA,23,coral_pca_hgb,96b43e99-d81e-44d2-aac5-a6eb92727368,LAML,0.0,1.5428443278574704
CPTAC_to_TCGA,23,coral_pca_hgb,8e8f19bd-dbaa-4738-bad2-207f634cd63d,UCEC,3.970291913552122,4.573556303541984
CPTAC_to_TCGA,23,coral_pca_hgb,52df074f-a402-4b78-9472-f8eb268efded,LUAD,6.792344427470809,4.789569143092061
CPTAC_to_TCGA,23,coral_pca_hgb,5202458b-c38a-47c0-a0ba-5f1a59a762a0,LUAD,6.180016653652572,4.260268537671962
CPTAC_to_TCGA,23,coral_pca_hgb,8e41153b-9faf-45c3-8397-8a428ef5c0d5,LUAD,3.7612001156935615,3.9084542544379715
CPTAC_to_TCGA,23,coral_pca_hgb,035c0b2b-c722-443b-8962-db4ee92c7532,LUAD,6.602587892189336,5.936319984835022
CPTAC_to_TCGA,23,coral_pca_hgb,5d5cc436-6e57-4d23-a164-7f5153c2e666,LUAD,5.736572297479192,4.834100555605721
CPTAC_to_TCGA,23,coral_pca_hgb,4b56b93e-934c-45ff-9d24-b4b6812a790b,STAD,5.204006687076795,4.530480787263202
CPTAC_to_TCGA,23,coral_pca_hgb,2aaf212f-000a-4a9d-8a4a-198fa94f491e,PAAD,3.4339872044851463,4.138052484218954
CPTAC_to_TCGA,23,coral_pca_hgb,cbe05333-3185-4878-b6e6-977a0e1400e4,STAD,4.418840607796598,5.217802545186284
CPTAC_to_TCGA,23,coral_pca_hgb,16e64a1e-08b0-4c27-8c69-fa64551f8ca4,LUAD,6.833031732786201,5.903196012850168
CPTAC_to_TCGA,23,coral_pca_hgb,0fa89fbc-307a-48d5-adce-192556755c22,PAAD,3.258096538021482,3.404705884355921
CPTAC_to_TCGA,23,coral_pca_hgb,e7d30bc2-42e8-49c5-a5b3-9f58411b007a,LUAD,5.60947179518496,4.738267096640572
CPTAC_to_TCGA,23,coral_pca_hgb,eff78af6-0f68-49b9-866b-0d511606f2b1,SKCM,5.429345628954441,5.492609257891823
CPTAC_to_TCGA,23,coral_pca_hgb,ed2e9354-5ee1-4fcf-92ec-a1b507818b91,KIRC,2.70805020110221,3.666951661694502
CPTAC_to_TCGA,23,coral_pca_hgb,a2a2dbda-d10c-49c4-86a8-61baf6160cda,UCEC,3.9318256327243257,3.8299922031808538
CPTAC_to_TCGA,23,coral_pca_hgb,62d32d19-ec93-4359-ab17-dc32e599b29a,STAD,3.784189633918261,5.230604407385141
CPTAC_to_TCGA,23,coral_pca_hgb,54a0e4d7-c274-4569-9c25-45bbe26d7f21,LUAD,4.532599493153256,4.271487066978752
CPTAC_to_TCGA,23,coral_pca_hgb,6205c2d8-d431-4c4c-8ac6-ee407170e833,KIRC,3.5263605246161616,3.7939451738694463
CPTAC_to_TCGA,23,coral_pca_hgb,b8b5ed35-b299-4c1e-9226-5ca055dc7a43,LUAD,4.3694478524670215,4.000187238079597
CPTAC_to_TCGA,23,coral_pca_hgb,4a00ca75-d23a-4642-bee8-db4182517724,STAD,5.272999558563747,4.7823990611369345
CPTAC_to_TCGA,23,coral_pca_hgb,23489245-48d7-4f19-8a42-e23b1181412b,UCEC,5.855071922202427,5.289899239450139
CPTAC_to_TCGA,23,coral_pca_hgb,00fdf96d-c48a-47e0-b91d-576c52e6819c,STAD,6.2878585601617845,5.295715701165748
CPTAC_to_TCGA,23,coral_pca_hgb,1ab7ad70-0f80-41d8-8efa-3baebc8223cc,LUAD,3.9318256327243257,3.6960190300785714
CPTAC_to_TCGA,23,coral_pca_hgb,e0e1b5b3-6e3c-4b79-aa2a-32b320c3e45a,GBM,4.454347296253507,4.139379538949475
CPTAC_to_TCGA,23,coral_pca_hgb,d27a7f17-fdc9-4325-b98b-ad6839cc88f5,GBM,3.713572066704308,4.314295671825785
CPTAC_to_TCGA,23,coral_pca_hgb,7ddeddd1-b2ad-425f-94a2-9c476b959f2a,UCEC,6.093569770045136,5.4634400117472515
CPTAC_to_TCGA,23,coral_pca_hgb,2939c03a-6f3f-4f7b-b246-34361baadeb9,KIRC,3.1354942159291497,3.4887790609675164
CPTAC_to_TCGA,23,coral_pca_hgb,75a0bb0b-6528-4fb8-a9e6-254905d21df4,LUAD,5.910796644040527,4.859797024036098
CPTAC_to_TCGA,23,coral_pca_hgb,a3f6bc1c-19ab-4eeb-a9ac-3d2fac850bde,LUAD,5.099866427824199,4.769119134344517
CPTAC_to_TCGA,23,coral_pca_hgb,83a0f9ef-4bf0-4efe-8713-f8b6ab4f5773,STAD,4.110873864173311,4.8954687556982375
CPTAC_to_TCGA,23,coral_pca_hgb,df01a5ee-e8b5-40b0-8a6a-b6b3faed9df9,UCEC,3.688879454113936,3.8452995698326884
CPTAC_to_TCGA,23,coral_pca_hgb,393abcf7-1155-4b32-85ca-cd44d259e4b4,KIRC,3.9889840465642745,4.225468328829864
CPTAC_to_TCGA,23,coral_pca_hgb,2f61ea6b-a3f2-477f-ab98-47ed07b3b2cd,GBM,3.4657359027997265,4.267671225164232
CPTAC_to_TCGA,23,coral_pca_hgb,68449d03-6f2e-4b17-a2bf-c0494df32303,LAML,2.4849066497880004,2.0349264988344116
CPTAC_to_TCGA,23,coral_pca_hgb,6144d666-8f77-4efe-95f1-f9e5c4e5e056,LUAD,5.545177444479562,5.332343212892606
CPTAC_to_TCGA,23,coral_pca_hgb,2c636fb4-c341-4c55-b920-27bc2d40c815,PAAD,3.912023005428146,3.761900121001582
CPTAC_to_TCGA,23,coral_pca_hgb,8d2e88d9-d8d0-4c42-8aa2-205a788dea58,GBM,3.6635616461296463,3.672754598998314
CPTAC_to_TCGA,23,coral_pca_hgb,02b2cd50-221f-437c-a1ce-6da1467ec809,UCEC,5.961005339623274,5.389901186480418
CPTAC_to_TCGA,23,coral_pca_hgb,8a235d4d-5ee1-4d6b-839e-e71cadcd8c39,UCEC,5.736572297479192,4.2520312057022345
CPTAC_to_TCGA,23,coral_pca_hgb,7059ea66-93d7-4941-a35c-8a324d1ab94a,STAD,4.61512051684126,4.279467363425077
CPTAC_to_TCGA,23,coral_pca_hgb,9240d5fc-de23-4436-8099-da9bd3054860,LUAD,3.1780538303479458,3.7641780058891783
CPTAC_to_TCGA,23,coral_pca_hgb,12c27db5-db2f-48dc-a2ca-9557b951f43e,LUAD,4.812184355372417,4.7672882063343485
CPTAC_to_TCGA,23,coral_pca_hgb,c350b53b-3c27-4b9e-8b57-d7b6a1205a1f,UCEC,4.127134385045092,3.7997399799891878
CPTAC_to_TCGA,23,coral_pca_hgb,6ee9caec-65ac-46db-9426-ffaa31967ae2,LUAD,4.343805421853684,5.718888328221393
CPTAC_to_TCGA,23,coral_pca_hgb,8f508b78-cdc6-4a3d-b86e-520746d78653,UCEC,3.332204510175204,4.589157356413627
CPTAC_to_TCGA,23,coral_pca_hgb,028d32fc-1b9f-49c6-9cb2-2d69671943cd,KIRC,3.5263605246161616,4.144147962507952
CPTAC_to_TCGA,23,coral_pca_hgb,a1a0177d-e670-4f2f-a99d-6f668a2f9e8a,UCEC,5.71042701737487,5.152945339763019
CPTAC_to_TCGA,23,coral_pca_hgb,6c28f086-6a25-40b6-93eb-bba0014acda6,GBM,3.58351893845611,3.9103160837991706
CPTAC_to_TCGA,23,coral_pca_hgb,1b25795e-69ad-47fd-bb2f-94ff0910fae1,GBM,3.80666248977032,3.7760430136185814
CPTAC_to_TCGA,23,coral_pca_hgb,838fcc2b-48b4-49dd-b8fc-ff27bbd16b17,UCEC,3.828641396489095,5.435276668914909
CPTAC_to_TCGA,23,coral_pca_hgb,10f0d40b-c4c4-441b-9cfb-bef5e44aa91e,PAAD,3.80666248977032,3.390178683930225
CPTAC_to_TCGA,23,coral_pca_hgb,0f59bb0a-135c-4793-b1a7-5ad5172ed82d,UCEC,4.23410650459726,5.459293169398521
CPTAC_to_TCGA,23,coral_pca_hgb,3199cfe5-3be3-43cd-a36b-5cf2c7a9929f,LUAD,5.83773044716594,4.57889797105299
CPTAC_to_TCGA,23,coral_pca_hgb,f5759059-c0e3-4f1a-af96-5c7197d3c33c,KIRC,3.784189633918261,3.8558060287139866
CPTAC_to_TCGA,23,coral_pca_hgb,bd2a14e7-bb30-48d0-a585-7fbab767d4cf,STAD,7.850103545175582,6.715363194205555
CPTAC_to_TCGA,23,coral_pca_hgb,62380447-3b94-4e7c-823a-72dd7b4ccf3a,LUAD,6.063785208687608,4.854658743078975
CPTAC_to_TCGA,23,coral_pca_hgb,26f3ee89-7f74-4c4e-ad6f-fab29a5460f9,STAD,4.624972813284271,5.063352780680932
CPTAC_to_TCGA,23,coral_pca_hgb,4eb95566-0e73-4260-853e-f7df650667a0,UCEC,4.007333185232471,3.6410759393575605
CPTAC_to_TCGA,23,coral_pca_hgb,f47df5f9-7c60-4b1a-b574-7036245af341,UCEC,3.295836866004329,4.087237153192775
CPTAC_to_TCGA,23,coral_pca_hgb,d6ef326a-e3c6-42ad-84b9-3f7f07313101,LAML,0.0,0.9739820095923777
CPTAC_to_TCGA,23,coral_pca_hgb,5cba9441-6812-49c0-a0f6-7928ed4e5b81,UCEC,5.8111409929767,5.022661281090261
CPTAC_to_TCGA,23,coral_pca_hgb,31ff69b5-9e58-44da-8326-bdfc7ee495c4,LUAD,3.1780538303479458,4.121539742660845
CPTAC_to_TCGA,23,coral_pca_hgb,99f59583-2728-4c1d-b98c-8fbc3bb0a819,KIRC,3.784189633918261,4.10146804396966
CPTAC_to_TCGA,23,coral_pca_hgb,d0f908c5-aafd-4b76-a2fb-39b7cc19bcf7,KIRC,3.784189633918261,4.123956298285561
CPTAC_to_TCGA,23,coral_pca_hgb,d1c65e6a-098e-4c10-9183-c303ba66015a,UCEC,3.6635616461296463,4.3652685960029585
CPTAC_to_TCGA,23,coral_pca_hgb,025a7401-a65d-4ea0-8b4e-0ba775b0322a,GBM,3.6635616461296463,3.847665918193963
CPTAC_to_TCGA,23,coral_pca_hgb,3bce9803-e74c-462e-bd40-8ec337a66f3a,UCEC,3.6375861597263857,4.190783622404201
CPTAC_to_TCGA,23,coral_pca_hgb,c1f908ce-f6d5-4557-a4bf-956b71b8bf61,LAML,1.6094379124341005,1.649313273225768
CPTAC_to_TCGA,23,coral_pca_hgb,bf0f1735-f94d-4b82-8f91-2fd2bac80e32,STAD,3.4339872044851463,3.153450076324644
CPTAC_to_TCGA,23,coral_pca_hgb,e516880b-c4e5-43cd-a358-be0db88564d7,STAD,5.468060141135132,4.4032967300491155
CPTAC_to_TCGA,23,coral_pca_hgb,9c47ab1d-e3bd-4191-bd60-4a2123de534e,SKCM,5.8888779583328805,5.468705283053305
CPTAC_to_TCGA,23,coral_pca_hgb,ac2cbce4-4ba8-42c9-ac61-70f42995588e,STAD,4.736198448394496,4.975007563231685
CPTAC_to_TCGA,23,coral_pca_hgb,d1848a5f-053a-4db4-ab4e-c5eb311bc3a0,LAML,2.3978952727983707,1.708563639684333
CPTAC_to_TCGA,23,coral_pca_hgb,05d2adb3-5c6d-4edc-ba4c-bdbf628f4eee,PAAD,3.044522437723423,3.4312127706719133
CPTAC_to_TCGA,23,coral_pca_hgb,6cf49cf0-de4c-4c90-8358-eae19c6206b0,LUAD,5.407171771460119,5.997837028579234
CPTAC_to_TCGA,23,coral_pca_hgb,5d2a9a4f-678d-4089-a8c5-81a5cb696629,LUAD,5.860786223465865,5.05373721500678
CPTAC_to_TCGA,23,coral_pca_hgb,1d43af3c-4279-4aed-9ced-ce3896a48ae0,STAD,3.7612001156935615,4.296304985860795
CPTAC_to_TCGA,23,coral_pca_hgb,f934ed41-090e-4313-bbc5-d1a4a9ed9ad7,LUAD,5.961005339623274,5.441269825505243
CPTAC_to_TCGA,23,coral_pca_hgb,1addcd66-79ab-4976-9679-37f0f31ba1df,UCEC,4.158883083359672,4.852245909047008
CPTAC_to_TCGA,23,coral_pca_hgb,4ed55013-3853-48ea-909f-7d26d5055637,STAD,3.610917912644224,4.878195728533867
CPTAC_to_TCGA,23,coral_pca_hgb,2e0f7da5-9078-4c7f-b074-565246529a83,SKCM,6.879355804460439,5.453050761407199
CPTAC_to_TCGA,23,coral_pca_hgb,036b18ea-3cf7-4f3e-a84c-c6aea5e4fcd7,LAML,1.3862943611198906,1.7898162605238206
CPTAC_to_TCGA,23,coral_pca_hgb,62c6edc7-170d-4825-ab81-f88b14013cc5,KIRC,4.04305126783455,3.644507788931045
CPTAC_to_TCGA,23,coral_pca_hgb,2e04b48c-0805-4965-8afa-c5fcd32993c5,STAD,6.532334292222349,6.306749324061211
CPTAC_to_TCGA,23,coral_pca_hgb,2b85b84f-e680-4b5c-93ea-3c71567227e8,UCEC,6.202535517187923,6.367418658586505
CPTAC_to_TCGA,23,coral_pca_hgb,7186180a-688a-4fcc-9a67-166eff032e4b,UCEC,3.970291913552122,3.9006372926303308
CPTAC_to_TCGA,23,coral_pca_hgb,f5261330-596e-4632-a5a3-8d3a2aa5de38,UCEC,3.258096538021482,4.419328928854985
CPTAC_to_TCGA,23,coral_pca_hgb,2ac986f6-cd6f-4ca5-90cc-7a105cfe85ea,STAD,5.525452939131784,5.446219809346597
CPTAC_to_TCGA,23,coral_pca_hgb,b604b620-cd32-4c87-ace3-00a68ab16973,STAD,4.143134726391533,5.172697320959805
CPTAC_to_TCGA,23,coral_pca_hgb,db0b9e63-4272-4f29-bf0e-1ec0fe79a9d7,LUAD,5.43372200355424,5.714814473315682
CPTAC_to_TCGA,23,coral_pca_hgb,70cdb758-26c9-4c11-a495-0c31cbc84949,UCEC,3.6635616461296463,4.5486854866718405
CPTAC_to_TCGA,23,coral_pca_hgb,d9f4a2c1-ac6d-48c6-95fe-ffbc2fa08268,UCEC,4.990432586778736,4.651128821184284
CPTAC_to_TCGA,23,coral_pca_hgb,67dbe286-edb3-4d07-8f74-9e5254f01945,LUAD,7.154615356913663,5.74872096955224
CPTAC_to_TCGA,23,coral_pca_hgb,f0b6e8f8-995c-47c1-bbec-d1d51dc97828,STAD,4.51085950651685,5.091587554243625
CPTAC_to_TCGA,23,coral_pca_hgb,0078b0c4-68a9-483b-9aab-61156d263213,GBM,4.394449154672439,3.8091388343667067
CPTAC_to_TCGA,23,coral_pca_hgb,f852de27-b600-44a4-ab30-d74108dfc2e9,PAAD,3.49650756146648,4.151290030512922
CPTAC_to_TCGA,23,coral_pca_hgb,b56dad1e-2fd5-47d8-9cc7-a54be9a1bae2,LUAD,5.081404364984463,5.508559984697328
CPTAC_to_TCGA,23,coral_pca_hgb,3ccbe7c7-c779-4a98-b495-ff020d3e9e55,STAD,4.442651256490317,5.547656359061554
CPTAC_to_TCGA,23,coral_pca_hgb,3128d9bf-71fd-4edb-8d07-98f53ef0432e,KIRC,3.091042453358316,4.009374928915761
CPTAC_to_TCGA,23,coral_pca_hgb,d30f460b-8e85-4eb4-83b8-0a5d8bf4d10d,KIRC,4.219507705176107,3.684885713416277
CPTAC_to_TCGA,23,coral_pca_hgb,195a5afb-b79f-44d2-9d12-884487630c2b,LUAD,4.343805421853684,4.875406217722994
CPTAC_to_TCGA,23,coral_pca_hgb,243c6fd6-5516-46e5-bcef-292d93d7b7d3,LUAD,4.189654742026425,4.697075482558755
CPTAC_to_TCGA,23,coral_pca_hgb,c497f8c7-2fb5-44d9-bc7c-69cfd0b51b54,LUAD,5.010635294096256,5.149364908179345
CPTAC_to_TCGA,23,coral_pca_hgb,3372a7d2-79cb-4cf0-9a7e-fe1a6b205daa,KIRC,3.091042453358316,4.271792240799118
CPTAC_to_TCGA,23,coral_pca_hgb,752a6e21-9a91-417f-beba-bfdf331d5cac,GBM,3.5263605246161616,3.5109071233730806
CPTAC_to_TCGA,23,coral_pca_hgb,386b629e-fab1-4033-b088-45d6eeb4a13e,GBM,4.174387269895637,4.259081737546351
CPTAC_to_TCGA,23,coral_pca_hgb,697668df-f834-4a06-8f5a-de999b06a254,LAML,2.079441541679836,1.5875754101091533
CPTAC_to_TCGA,23,coral_pca_hgb,6c3655ca-8ae7-4ad7-b3e4-0c3ec293fba7,LUAD,3.4657359027997265,3.9902359505900247
CPTAC_to_TCGA,23,coral_pca_hgb,807cc7d2-6e3b-4f2d-9531-0da994eeeada,LUAD,6.320768294250582,5.591881042998346
CPTAC_to_TCGA,23,coral_pca_hgb,dfa3ef71-7006-4c6d-81c4-e0c0c7b75c26,GBM,4.127134385045092,3.7243176584970787
CPTAC_to_TCGA,23,coral_pca_hgb,300fa3a7-3c42-4edc-8992-400188e762b4,LAML,0.0,1.9486313916172275
CPTAC_to_TCGA,23,coral_pca_hgb,d2aa7d70-a25f-4a9e-9d52-37e372461824,UCEC,6.2166061010848646,5.311962369799527
CPTAC_to_TCGA,23,coral_pca_hgb,f40301ba-831e-4afd-9ce8-5f3c1a05ff7e,LUAD,5.796057750765372,4.036799475040122
CPTAC_to_TCGA,23,coral_pca_hgb,6d3fdb58-fdc0-4937-ad38-3a455225ea51,UCEC,6.588926477533519,5.683331223283212
CPTAC_to_TCGA,23,coral_pca_hgb,0305db4a-62ee-4ecb-bede-032981298732,UCEC,4.262679877041316,4.716049992972898
CPTAC_to_TCGA,23,coral_pca_hgb,ceead734-1ce0-4385-b65a-a9c853b7308e,LUAD,7.086737934510577,5.299053949566593
CPTAC_to_TCGA,23,coral_pca_hgb,1d9c2113-ddcb-4440-89c3-cd21cee6d401,UCEC,3.9318256327243257,4.893326345551185
CPTAC_to_TCGA,23,coral_pca_hgb,69da7e4d-57d3-40d6-92af-3cd1aaf9e0ec,LAML,2.302585092994046,0.8213363282216486
CPTAC_to_TCGA,23,coral_pca_hgb,10c03d66-a290-4e46-9018-2932a236eb09,KIRC,4.653960350157523,4.131022822157478
CPTAC_to_TCGA,23,coral_pca_hgb,5bbeb8a7-3ac2-4ef1-bd48-6f83bc994a75,GBM,1.0986122886681096,3.6471177853279912
CPTAC_to_TCGA,23,coral_pca_hgb,f77cf4d3-9829-4fd3-95a1-b29aed9e94b8,LUAD,5.8664680569332965,4.675031135567406
CPTAC_to_TCGA,23,coral_pca_hgb,e1c55bac-bb41-4964-add5-ecd6ba04b58d,LUAD,4.48863636973214,5.0689558620030795
CPTAC_to_TCGA,23,coral_pca_hgb,e54de1c4-6cdc-4106-ab5d-1d7c745e690f,LAML,1.0986122886681096,2.209023207696748
CPTAC_to_TCGA,23,coral_pca_hgb,5f468c25-73c3-49d5-ba12-50653dfe2c41,PAAD,2.5649493574615367,2.9237140895137346
CPTAC_to_TCGA,23,coral_pca_hgb,6d5df29c-f2cc-43ce-8d2f-df1da313ad52,STAD,5.468060141135132,5.374814314971517
CPTAC_to_TCGA,23,coral_pca_hgb,8ee720b5-6f3a-4921-85ab-70e75c0835b0,KIRC,4.060443010546419,4.018704670322071
CPTAC_to_TCGA,23,coral_pca_hgb,4fd1cb59-6c50-4355-9d37-a341e1f4fad9,UCEC,3.9889840465642745,4.274712516881046
CPTAC_to_TCGA,23,coral_pca_hgb,e617b5c5-55ca-47a7-8497-854ab2844818,STAD,6.71901315438526,7.024292418429974
CPTAC_to_TCGA,23,coral_pca_hgb,4efc2dac-6330-4b7a-a529-a27285f5fc23,LUAD,5.093750200806762,5.021995321012484
CPTAC_to_TCGA,23,coral_pca_hgb,9f81c602-8afa-4588-b0b6-6e5a1a128d5a,LUAD,5.327876168789581,4.379884274232333
CPTAC_to_TCGA,23,coral_pca_hgb,e3251837-f6f3-4dad-856f-108e20d03dad,GBM,4.3694478524670215,4.31978543925165
CPTAC_to_TCGA,23,coral_pca_hgb,f6c6e2c9-a3d6-4b81-a421-04ffef6b8744,GBM,4.290459441148391,3.382337939699858
CPTAC_to_TCGA,23,coral_pca_hgb,48abe0ef-dfd5-4e36-a319-c4ec3165cba1,STAD,7.191429330036379,5.564390295587132
CPTAC_to_TCGA,23,coral_pca_hgb,5fd0f07b-8bb9-4378-bd26-28a26057e8fe,LUAD,5.356586274672012,4.123063619879696
CPTAC_to_TCGA,23,coral_pca_hgb,3b218ab7-5c2e-4458-a0ac-5152ec3d2b94,UCEC,6.342121418721152,5.797220819069638
CPTAC_to_TCGA,23,coral_pca_hgb,28c8c2c6-c7bd-4a35-baaf-54133c2ba3ee,KIRC,3.713572066704308,4.424115576248705
CPTAC_to_TCGA,23,coral_pca_hgb,d211e0c1-7968-4343-8aae-27fab0039367,PAAD,4.262679877041316,4.859663062859293
CPTAC_to_TCGA,23,coral_pca_hgb,2d7e2ae4-09ba-40af-82ce-66ac7dbd4831,KIRC,3.713572066704308,4.011609746847031
CPTAC_to_TCGA,23,coral_pca_hgb,54775a66-08cc-4f38-98f2-e7b2b5cec994,LUAD,3.7612001156935615,4.9118913347219735
CPTAC_to_TCGA,23,coral_pca_hgb,442d7415-d095-4962-8296-a14390bad40a,STAD,4.605170185988092,4.549113350567255
CPTAC_to_TCGA,23,coral_pca_hgb,30425882-20d7-47ed-9630-60977ba62c72,STAD,2.3978952727983707,3.015008053382895
CPTAC_to_TCGA,23,coral_pca_hgb,848fbfa9-1ff6-481f-910f-0423d52763da,LAML,0.0,1.9135942137013073
CPTAC_to_TCGA,23,coral_pca_hgb,43e3fbf3-7812-45fb-bf4c-ce22a2aa1eee,STAD,7.1592919047975645,5.661178205785785
CPTAC_to_TCGA,23,coral_pca_hgb,aa7ad106-eadc-489e-83b2-5698652434ea,GBM,3.80666248977032,3.957500588104543
CPTAC_to_TCGA,23,coral_pca_hgb,bc02493a-0296-4329-939a-bf91a4d0c16a,UCEC,2.772588722239781,3.7431526059011944
CPTAC_to_TCGA,23,coral_pca_hgb,c1a01e8c-1f7e-4e24-bfad-90b73f88e992,LUAD,3.4011973816621555,4.63647508224068
CPTAC_to_TCGA,23,coral_pca_hgb,12f63577-7fae-4fc8-9106-39729669fdfe,STAD,3.218875824868201,3.922912680913454
CPTAC_to_TCGA,23,coral_pca_hgb,36bf02f8-c1c8-49f9-a417-adf88a205c70,LUAD,3.713572066704308,3.245544098396071
CPTAC_to_TCGA,23,coral_pca_hgb,59cebae6-632d-4632-b695-c48ae46b2e67,UCEC,7.07326971745971,5.236427356729205
CPTAC_to_TCGA,23,coral_pca_hgb,88eaebfc-d740-4cdc-88f5-df5e08633e2d,PAAD,0.6931471805599453,3.108184414727347
CPTAC_to_TCGA,23,coral_pca_hgb,cc68632c-b1e3-491b-b562-9468e2d1c101,LUAD,4.882801922586371,5.628348043755217
CPTAC_to_TCGA,23,coral_pca_hgb,baf9a42a-e39e-4aac-b7b5-1b63b7fa1435,STAD,4.290459441148391,5.2350867496304785
CPTAC_to_TCGA,23,coral_pca_hgb,1b0ad45e-b917-4e91-83c4-e5386cdf0eee,KIRC,3.8918202981106265,4.131952220992911
CPTAC_to_TCGA,23,coral_pca_hgb,2cf8de9f-b305-4d98-bfd4-33377bf6138f,UCEC,3.555348061489413,4.6267567230978095
CPTAC_to_TCGA,23,coral_pca_hgb,02661985-d13f-4007-9a42-5e08d1a6ca10,STAD,6.584791392385716,7.619547484376887
CPTAC_to_TCGA,23,coral_pca_hgb,a2ac9937-f351-4d78-9261-264bf6c21e0c,GBM,3.6635616461296463,3.7480681992349507
CPTAC_to_TCGA,23,coral_pca_hgb,976bb47a-d999-4e24-ad08-452fea73c846,UCEC,3.610917912644224,4.164273138880759
CPTAC_to_TCGA,23,coral_pca_hgb,ca594f56-9c68-4b7e-84b2-669f1004e3a4,UCEC,7.428333194190806,3.787321964604758
CPTAC_to_TCGA,23,coral_pca_hgb,7e64ea6c-a3db-48eb-91be-131361510a92,UCEC,3.737669618283368,4.021274441896043
CPTAC_to_TCGA,23,coral_pca_hgb,b36b7567-30d3-4d0c-84c4-b203986e0fdb,LUAD,5.41610040220442,4.2898951023606955
CPTAC_to_TCGA,23,coral_pca_hgb,50279b37-828d-4e18-b41f-f793c3923e75,STAD,3.828641396489095,4.513196693096501
CPTAC_to_TCGA,23,coral_pca_hgb,f6810357-a598-4a39-8cbd-067795b8d860,LAML,2.302585092994046,2.171308740129748
CPTAC_to_TCGA,23,coral_pca_hgb,e2e83064-7d1c-4dd5-993f-cc7a5ee228ed,GBM,4.262679877041316,4.07749053495611
CPTAC_to_TCGA,23,coral_pca_hgb,0e9c36fd-2d5d-48da-8364-f8c5edc3d873,UCEC,6.878326468291325,4.7638624184799445
CPTAC_to_TCGA,23,coral_pca_hgb,c29d73c0-c885-4105-bf74-38e9178e71c9,GBM,3.4339872044851463,3.245962397213151
CPTAC_to_TCGA,23,coral_pca_hgb,a7329910-b1c7-4a18-b28e-8fad79121339,UCEC,3.970291913552122,4.733653002245823
CPTAC_to_TCGA,23,coral_pca_hgb,9246c642-3231-4137-a24b-3efae151b655,PAAD,0.0,3.0943087617572287
CPTAC_to_TCGA,23,coral_pca_hgb,6250b800-f72e-4c8e-a0e0-206049398ba7,SKCM,3.1780538303479458,4.03980823243321
CPTAC_to_TCGA,23,coral_pca_hgb,ef7bc188-6aec-467e-801a-ab2109a28104,SKCM,4.02535169073515,5.847301138284593
CPTAC_to_TCGA,23,coral_pca_hgb,52fef8a9-6860-48bd-b992-a56ccad1243c,UCEC,3.49650756146648,4.014186243712366
CPTAC_to_TCGA,23,coral_pca_hgb,9b5e5122-8ea0-432c-bc64-932bf376fffd,STAD,4.762173934797756,3.594895510476781
CPTAC_to_TCGA,23,coral_pca_hgb,e9d0aa8b-9ef4-40f7-8254-38fdce349bee,STAD,4.23410650459726,4.274861305405716
CPTAC_to_TCGA,23,coral_pca_hgb,b045f24b-f822-4df9-9ffa-47308edcec8c,UCEC,8.925321416943886,6.440135934824077
CPTAC_to_TCGA,23,coral_pca_hgb,b28b3575-8097-4a97-b32a-5f0eeff64863,GBM,4.02535169073515,3.764051538168174
CPTAC_to_TCGA,23,coral_pca_hgb,a3e728ce-0874-4f4b-a83d-8c679f4bd938,UCEC,6.473890696352274,6.5735721535114395
CPTAC_to_TCGA,23,coral_pca_hgb,6e2ecc9d-dc68-4922-a36e-e8bbaf9eafb3,STAD,3.218875824868201,4.276865895628598
CPTAC_to_TCGA,23,coral_pca_hgb,863d58e7-91c2-4602-98ed-c6c6e0859566,GBM,4.143134726391533,3.7529673892416384
CPTAC_to_TCGA,23,coral_pca_hgb,7994d0a6-cef5-4391-a121-5a0853a34fa7,LAML,0.6931471805599453,1.5386245309656434
CPTAC_to_TCGA,23,coral_pca_hgb,2efc156c-464a-4c2f-a854-39fefe32081c,LUAD,4.969813299576001,4.777756075580269
CPTAC_to_TCGA,23,coral_pca_hgb,bb0aca6b-55ab-4b24-8e64-29e0c96a9862,GBM,3.87120101090789,3.9222854292261586
CPTAC_to_TCGA,23,coral_pca_hgb,8e2aca86-7cba-4631-9f25-4d14219dbc6d,LUAD,5.645446897643238,4.951796990197281
CPTAC_to_TCGA,23,coral_pca_hgb,8f3acbbd-b2ca-4e66-8fe5-dbb49277f35b,GBM,3.9318256327243257,3.941844775924038
CPTAC_to_TCGA,23,coral_pca_hgb,47fd3741-28ea-427b-9c2a-8cb39153c8ab,STAD,6.697034247666484,6.612970334564664
CPTAC_to_TCGA,23,coral_pca_hgb,d45aee46-838e-44af-8422-46710b3240a8,LUAD,3.87120101090789,4.242474881759907
CPTAC_to_TCGA,23,coral_pca_hgb,d3638a1f-da14-4c78-bb53-a5cc30850cbe,KIRC,4.262679877041316,3.9518421639438404
CPTAC_to_TCGA,23,coral_pca_hgb,e7c8a4d3-d51e-482a-9045-4de9c9f29945,KIRC,4.174387269895637,3.9692185927651265
CPTAC_to_TCGA,23,coral_pca_hgb,e5d74e47-b63f-410a-8b7a-c9aacc9aa337,UCEC,5.963579343618446,5.411258461140741
CPTAC_to_TCGA,23,coral_pca_hgb,bca1057a-1e96-404d-8a37-5a8dc1944ee7,UCEC,3.8501476017100575,3.519298601431547
CPTAC_to_TCGA,23,coral_pca_hgb,d9f1bb02-4cb0-4f7c-8f34-ff5f301c6b2c,KIRC,3.87120101090789,4.166782294754226
CPTAC_to_TCGA,23,coral_pca_hgb,dc43cfe0-8880-419f-946c-c0ad586e57ca,KIRC,4.543294782270004,4.1311746982148305
CPTAC_to_TCGA,23,coral_pca_hgb,1380d4cc-8f56-4206-bfe6-8e99462fe180,KIRC,4.564348191467836,4.3070634682225455
CPTAC_to_TCGA,23,coral_pca_hgb,4cd3d483-2283-4c6a-a57a-444216119d34,LUAD,4.962844630259907,5.588112022600695
CPTAC_to_TCGA,23,coral_pca_hgb,7d35b1e4-8dcf-4caa-adce-e4b72a2a10ca,KIRC,3.784189633918261,4.5654350008427595
CPTAC_to_TCGA,23,coral_pca_hgb,5624beab-545a-4a5b-960e-c33429572272,STAD,5.220355825078325,4.181652584473299
CPTAC_to_TCGA,23,coral_pca_hgb,cf97d5ff-1cb7-434e-9ca8-c396cf960e5a,SKCM,6.765038976780541,5.356976210613397
CPTAC_to_TCGA,23,coral_pca_hgb,3dddfc44-7bb1-4974-8a65-a84fd4bac484,GBM,3.610917912644224,3.54147326016451
CPTAC_to_TCGA,23,coral_pca_hgb,4387a2c2-8007-4735-a48c-34a2b476018e,PAAD,1.791759469228055,2.6728990447219423
CPTAC_to_TCGA,23,coral_pca_hgb,37e22429-efd7-4d6a-b79a-9d8c7be2170c,STAD,4.465908118654584,5.232544427090019
CPTAC_to_TCGA,23,coral_pca_hgb,5a12857b-4132-4089-a7b7-e706366102db,STAD,4.174387269895637,4.341345243381496
CPTAC_to_TCGA,23,coral_pca_hgb,3ea341e3-868a-44f5-937f-e6a93b031544,KIRC,4.143134726391533,4.022600187826145
CPTAC_to_TCGA,23,coral_pca_hgb,9d1d9ae5-4640-4060-a207-c9c5b0e905e1,GBM,3.610917912644224,3.837564395065188
CPTAC_to_TCGA,23,coral_pca_hgb,6a9b3d65-ae15-4e3c-84ed-468e2196372b,STAD,3.737669618283368,5.305030603643621
CPTAC_to_TCGA,23,coral_pca_hgb,c24c54ea-4095-460d-bb53-e3629a56cd62,PAAD,3.258096538021482,2.695183765227626
CPTAC_to_TCGA,23,coral_pca_hgb,43476c88-86bc-4a65-9327-f0d24a41c971,UCEC,7.4821189235521155,5.668066260310906
CPTAC_to_TCGA,23,coral_pca_hgb,c00bdbdc-a65d-494d-a9d7-4309c28277ca,LAML,0.6931471805599453,2.1302452565964565
CPTAC_to_TCGA,23,coral_pca_hgb,851867cb-9ad0-4fdf-ac75-9bb0427ad440,LUAD,5.493061443340548,4.354826985058897
CPTAC_to_TCGA,23,coral_pca_hgb,3ea53b15-37f0-446e-a130-6bb2dee56865,UCEC,3.610917912644224,3.9403275757449845
CPTAC_to_TCGA,23,coral_pca_hgb,508bf716-46f9-44dc-8e39-09261dfb073e,UCEC,9.333088837235236,6.720413504456736
CPTAC_to_TCGA,23,coral_pca_hgb,a5790b81-5001-4d1a-97ad-0ec9fc658f44,KIRC,3.49650756146648,2.94470750871554
CPTAC_to_TCGA,23,coral_pca_hgb,886d6116-d496-444f-9b7b-7449dad31055,PAAD,3.6635616461296463,3.3643341251994787
CPTAC_to_TCGA,23,coral_pca_hgb,48f730a5-26c3-4716-964e-36fa9af26966,LAML,2.302585092994046,1.5693411142790157
CPTAC_to_TCGA,23,coral_pca_hgb,5779f7a7-05d7-4972-bd4f-aacb32420510,STAD,6.437751649736401,5.6030291990570955
CPTAC_to_TCGA,23,coral_pca_hgb,178e68c0-4cb8-4042-a942-5a159ec1e12b,PAAD,4.356708826689592,3.488576054234029
CPTAC_to_TCGA,23,coral_pca_hgb,0b970feb-914f-4159-912f-6efec02b617f,KIRC,4.852030263919617,3.094159823426711
CPTAC_to_TCGA,23,coral_pca_hgb,136c95cd-febd-43f0-af35-125d3321a145,KIRC,4.02535169073515,4.046636561013747
CPTAC_to_TCGA,23,coral_pca_hgb,389f78a3-fa0b-406c-9434-aa0298341a8c,LUAD,5.908082938168931,5.479769146791266
CPTAC_to_TCGA,23,coral_pca_hgb,c7b4fd72-b45d-4524-8424-983120abfec0,GBM,3.828641396489095,3.941390402290648
CPTAC_to_TCGA,23,coral_pca_hgb,4f50397e-c4bd-4408-b6e9-776b8a14c8a9,GBM,4.04305126783455,3.8049859808242745
CPTAC_to_TCGA,23,coral_pca_hgb,e3953994-0299-4e04-9423-6153b142fb8e,GBM,3.6635616461296463,4.472094155703305
CPTAC_to_TCGA,23,coral_pca_hgb,ea26d89f-2843-489b-8627-3d5ed0cabc2a,KIRC,3.5263605246161616,3.9924623096000516
CPTAC_to_TCGA,23,coral_pca_hgb,1db061c0-9b28-4bf9-8ad2-0383c69b6800,PAAD,3.8918202981106265,3.762691662536016
CPTAC_to_TCGA,23,coral_pca_hgb,0b787bdb-949d-499c-aece-7a3977fcd198,STAD,4.060443010546419,4.667281163914196
CPTAC_to_TCGA,23,coral_pca_hgb,86cbca52-29bd-4b88-a203-e8b9a072bd4b,STAD,7.254884810077338,7.047142037713991
CPTAC_to_TCGA,23,coral_pca_hgb,4c3e4727-77f5-4374-9d83-ec86d61b02b2,KIRC,3.688879454113936,4.164962484392032
CPTAC_to_TCGA,23,coral_pca_hgb,f74da4c6-4291-46d2-abd4-7d7f6ef03b00,UCEC,6.470799503782602,6.1724089953591
CPTAC_to_TCGA,23,coral_pca_hgb,c306d7e8-5486-41d3-84dd-9311ce3e2069,UCEC,3.8501476017100575,4.168062148603805
CPTAC_to_TCGA,23,coral_pca_hgb,055e9a43-3c00-4110-a303-e4407676bec0,LUAD,5.71042701737487,5.275757535883031
CPTAC_to_TCGA,23,coral_pca_hgb,d129ebb4-db21-4342-8d9b-318a67aefa56,UCEC,6.253828811575473,6.196064327773117
CPTAC_to_TCGA,23,coral_pca_hgb,6244e506-d163-4d34-8fec-6158191679cb,STAD,6.075346031088684,5.3217615632211
CPTAC_to_TCGA,23,coral_pca_hgb,9944f46f-9fa8-4e2c-a806-776bec7f8803,LUAD,6.439350371100098,4.359808318983879
CPTAC_to_TCGA,23,coral_pca_hgb,0ae2b51d-aade-4d24-8d0b-6990123d9074,STAD,4.406719247264253,4.393982190300846
CPTAC_to_TCGA,23,coral_pca_hgb,6d96a298-be5a-4e14-afe8-ca4b6ca298d6,LUAD,6.453624998892692,5.7789290178711505
CPTAC_to_TCGA,23,coral_pca_hgb,e6e2d4c3-d37c-4de3-ac68-b301800770f0,GBM,3.713572066704308,2.8782135709326533
CPTAC_to_TCGA,23,coral_pca_hgb,d3e23815-7f9d-48aa-9aef-3a1dd9d464d7,LUAD,3.5263605246161616,4.4436877108836565
CPTAC_to_TCGA,23,coral_pca_hgb,a267ddb4-b2d9-4292-b120-6e13e70d01f8,STAD,4.709530201312334,4.856818883315302
CPTAC_to_TCGA,23,coral_pca_hgb,21faf1a4-f6d3-4cc6-a49a-04b8541ef598,UCEC,3.9318256327243257,4.586804617105188
CPTAC_to_TCGA,23,coral_pca_hgb,bb4a6123-5851-4e49-b859-606ffd2a4d11,KIRC,3.4657359027997265,3.821003587561985
CPTAC_to_TCGA,23,coral_pca_hgb,5b6b9d0f-787c-4ae9-afd4-de7ce6c57a42,UCEC,5.771441123130016,4.888262616911504
CPTAC_to_TCGA,23,coral_pca_hgb,efa4c675-e35e-4f48-8d12-a40f30b63ddb,UCEC,4.02535169073515,4.359633449296104
CPTAC_to_TCGA,23,coral_pca_hgb,e70465f6-1922-4eb7-b646-8b01ad3ce77b,UCEC,3.951243718581428,4.518342752361016
CPTAC_to_TCGA,23,coral_pca_hgb,a7d07151-5fc8-4c2a-a1cd-e7c7a2a9a7a7,UCEC,7.77863014732581,6.167442802058786
CPTAC_to_TCGA,23,coral_pca_hgb,ecdd0e44-0add-4a08-a3f8-ab2f51df7afd,PAAD,3.49650756146648,3.619805976141248
CPTAC_to_TCGA,23,coral_pca_hgb,c4c1469d-752f-42b6-8686-714ad4a8ac97,LUAD,4.330733340286331,4.759888977921926
CPTAC_to_TCGA,23,coral_pca_hgb,de5abe44-6d9d-4797-a57a-5adfd71383f0,UCEC,3.9889840465642745,3.672684049069457
CPTAC_to_TCGA,23,coral_pca_hgb,c68dd983-b199-4f53-ac0c-b2d8dd6a7931,UCEC,5.337538079701318,4.665094289507774
CPTAC_to_TCGA,23,coral_pca_hgb,df3c1d61-79c1-43e9-971a-8029497ffeab,GBM,3.688879454113936,3.399893434886813
CPTAC_to_TCGA,23,coral_pca_hgb,42259aa6-c9f5-4309-a956-dbf930312f44,LUAD,6.075346031088684,5.204701546681771
CPTAC_to_TCGA,23,coral_pca_hgb,263b18e1-5722-4650-b16b-dac1961a3af8,STAD,5.480638923341991,5.396135971303768
CPTAC_to_TCGA,23,coral_pca_hgb,6983fc34-9577-45e1-b246-40e18fab953f,PAAD,0.0,3.430394415124924
CPTAC_to_TCGA,23,coral_pca_hgb,cfd096ac-4d0f-4b89-8822-00656bc7f516,UCEC,3.784189633918261,4.3926198539563
CPTAC_to_TCGA,23,coral_pca_hgb,41685c5a-a548-483a-8a20-305ad8d61771,GBM,3.80666248977032,3.06550574337684
CPTAC_to_TCGA,23,coral_pca_hgb,1a3e7ec6-c9be-4174-8799-72267eb8a7bf,STAD,5.537334267018537,4.545458948246592
CPTAC_to_TCGA,23,coral_pca_hgb,9ee20c0d-a1c3-47f3-abda-131b3f190f52,LUAD,5.468060141135132,4.100525769113093
CPTAC_to_TCGA,23,coral_pca_hgb,8e9e684c-20e5-48b1-9e40-970037fe959f,KIRC,3.6375861597263857,4.173778076289108
CPTAC_to_TCGA,23,coral_pca_hgb,ae55b2d3-62a1-419e-9f9a-5ddfac356db4,KIRC,2.302585092994046,2.7945052821604217
CPTAC_to_TCGA,23,coral_pca_hgb,576ea0ef-3abb-479d-adb7-ba646cee344e,KIRC,4.127134385045092,3.898055396493373
CPTAC_to_TCGA,23,coral_pca_hgb,eeab558b-8d1e-4843-861d-dbfb06061758,LUAD,5.2574953720277815,3.976721051183044
CPTAC_to_TCGA,23,coral_pca_hgb,3dd36758-04ad-4ba4-bf17-707649d6f1a0,KIRC,3.8918202981106265,4.158917514268684
CPTAC_to_TCGA,23,coral_pca_hgb,284174fd-1320-4617-9e99-75bd75df9bf3,UCEC,3.7612001156935615,3.9900282693990072
CPTAC_to_TCGA,23,coral_pca_hgb,5f2f2e7a-8aec-4011-b261-0c5bc68da840,UCEC,4.04305126783455,4.393212830373027
CPTAC_to_TCGA,23,coral_pca_hgb,24164e89-16ae-48c1-a464-9be94141deef,GBM,4.442651256490317,4.120739911224563
CPTAC_to_TCGA,23,coral_pca_hgb,adc22472-e31d-419f-aeae-cb01b9423343,UCEC,3.713572066704308,4.593998323407929
CPTAC_to_TCGA,23,coral_pca_hgb,dfa9513d-4e09-405b-a80f-2987ec5c5263,KIRC,3.9318256327243257,4.148756194618593
CPTAC_to_TCGA,23,coral_pca_hgb,9fe336a8-08a7-4fe7-bf45-afd6a8eb9c75,KIRC,4.04305126783455,3.93264418391799
CPTAC_to_TCGA,23,coral_pca_hgb,d22de643-5f93-42d0-9199-1f55405241d6,STAD,5.318119993844216,6.277651322568085
CPTAC_to_TCGA,23,coral_pca_hgb,793649e5-f479-4d64-8723-2ef488fe0fd9,LUAD,3.5263605246161616,5.469947522281308
CPTAC_to_TCGA,23,coral_pca_hgb,b351345a-18c2-42ed-8911-c37267c9cb58,LAML,2.639057329615259,1.2770677886573067
CPTAC_to_TCGA,23,coral_pca_hgb,8352cbb0-10e7-40bd-96f0-1e982ab4c07b,SKCM,6.190315405853148,5.511818828055835
CPTAC_to_TCGA,23,coral_pca_hgb,e4ad3f09-7e23-4a84-b8f3-3faf2db890f4,LAML,0.6931471805599453,2.777900989588851
CPTAC_to_TCGA,23,coral_pca_hgb,5edaed6d-9914-4df2-a843-d6009c36cbcc,UCEC,3.6635616461296463,3.88100588190465
CPTAC_to_TCGA,23,coral_pca_hgb,beef6a78-a57c-46f1-8f4e-6899f0ba2c6d,KIRC,3.6375861597263857,4.117237908111005
CPTAC_to_TCGA,23,coral_pca_hgb,3e34c7d9-90fa-41e2-ba6b-4bbc332adc4e,LUAD,6.356107660695892,4.501331604312599
CPTAC_to_TCGA,23,coral_pca_hgb,8d9bd437-8b4b-4da5-87ba-6b5790f05022,PAAD,3.258096538021482,3.4714326291695943
CPTAC_to_TCGA,23,coral_pca_hgb,4c9e6085-41c3-4cfe-ad3d-5f94196a86e0,PAAD,0.6931471805599453,2.7537217743043496
CPTAC_to_TCGA,23,coral_pca_hgb,46692ac0-8993-4cd3-9590-32ec9dd2c802,LAML,0.6931471805599453,1.736274803715254
CPTAC_to_TCGA,23,coral_pca_hgb,68181bc9-aa8b-44ec-8601-564b30ea0561,UCEC,3.295836866004329,3.309280596238887
CPTAC_to_TCGA,23,coral_pca_hgb,b123e7c1-2472-4427-bfeb-79666f971e66,KIRC,3.5263605246161616,3.9846341719296894
CPTAC_to_TCGA,23,coral_pca_hgb,9f632fc3-2241-469a-a14a-cd537350155f,KIRC,3.49650756146648,4.140193944194526
CPTAC_to_TCGA,23,coral_pca_hgb,f9ce2045-2821-4843-b5e9-cf7cc7e783d4,GBM,4.189654742026425,3.688347595309301
CPTAC_to_TCGA,23,coral_pca_hgb,c70621cc-c8e1-441d-93ec-bd6922cc7f61,PAAD,3.4339872044851463,3.776053415686186
CPTAC_to_TCGA,23,coral_pca_hgb,76f98002-e8df-4dfa-926e-8bb2d5114966,UCEC,6.693323668269949,6.485278371777436
CPTAC_to_TCGA,23,coral_pca_hgb,383d1253-349f-43b3-bebd-9f1d1cf14b3d,LUAD,4.07753744390572,4.862720627508149
CPTAC_to_TCGA,23,coral_pca_hgb,d2824e6d-3784-45c2-9b0f-52b17356b5da,LUAD,3.555348061489413,4.191156533558429
CPTAC_to_TCGA,23,coral_pca_hgb,a9eb1022-ffd3-42de-a39d-2126fc7ec0ce,SKCM,2.833213344056216,5.634884196434487
CPTAC_to_TCGA,23,coral_pca_hgb,1fc81cd4-fa89-4135-8c3c-027ffae82b05,LUAD,6.683360945766275,5.618437523042052
CPTAC_to_TCGA,23,coral_pca_hgb,7adaf608-19a5-4184-8b79-bbc6f9cf24ae,UCEC,3.713572066704308,5.47609889000027
CPTAC_to_TCGA,23,coral_pca_hgb,f17bb238-2651-48a5-9a47-5077218efe08,UCEC,6.366470447731438,5.648368904979676
CPTAC_to_TCGA,23,coral_pca_hgb,fff35c80-88cd-4923-80c1-0273ba5bed0f,LAML,1.0986122886681096,1.5604700999841548
CPTAC_to_TCGA,23,coral_pca_hgb,7e620e32-54c5-4f5b-9e18-211516a3eb41,KIRC,3.970291913552122,4.285740250207966
CPTAC_to_TCGA,23,coral_pca_hgb,cc4bd56a-25c5-4c48-b583-ac3aeb778ca6,LUAD,4.6443908991413725,4.831181980987508
CPTAC_to_TCGA,23,coral_pca_hgb,8bb9cfd8-7012-41b1-8aa1-b6592b0c0d43,STAD,4.61512051684126,5.727487243898311
CPTAC_to_TCGA,23,coral_pca_hgb,3e698caf-4d86-43f5-b657-5f4cef64fc5f,LAML,1.0986122886681096,1.4725652252109238
CPTAC_to_TCGA,23,coral_pca_hgb,edee2bf5-284c-4d77-823a-d037fe4c4b9e,UCEC,5.713732805509369,5.850683410968765
CPTAC_to_TCGA,23,coral_pca_hgb,31ac4afd-8195-479a-97da-92edaa89a85e,LAML,2.995732273553991,2.7185150249889967
CPTAC_to_TCGA,23,coral_pca_hgb,d262fdf0-30bf-4618-9342-de5a2a053828,STAD,5.459585514144159,4.387541765552462
CPTAC_to_TCGA,23,coral_pca_hgb,3c25d91d-0e1b-46db-a842-06275c5db258,LAML,1.6094379124341005,2.493265543097941
CPTAC_to_TCGA,23,coral_pca_hgb,597c81a3-5820-48b0-9a9c-c45257c7ad70,KIRC,4.0943445622221,4.6849955632144855
CPTAC_to_TCGA,23,coral_pca_hgb,028e99e9-5b9a-4954-bb6e-6d4709a3cea8,LUAD,2.772588722239781,4.166437953364563
CPTAC_to_TCGA,23,coral_pca_hgb,ef646014-78a9-43af-b6fa-85fa288cd51b,GBM,3.688879454113936,3.773743122257347
CPTAC_to_TCGA,23,coral_pca_hgb,13b4d676-ee9b-499b-94bb-2365830fb37e,GBM,3.044522437723423,3.7642258595814697
CPTAC_to_TCGA,23,coral_pca_hgb,57578a0d-b719-46e7-83ab-872a4e984dbb,KIRC,4.330733340286331,3.772861052680621
CPTAC_to_TCGA,23,coral_pca_hgb,ea456a1f-6e2c-4b34-ad24-ccd614bd57c9,KIRC,3.555348061489413,4.173962740042731
CPTAC_to_TCGA,23,coral_pca_hgb,b85b14d7-3b5a-4800-af12-622ec03b9fe5,SKCM,4.343805421853684,5.310744739984438
CPTAC_to_TCGA,23,coral_pca_hgb,ec7a9d74-8b3f-4747-8926-1739a016ab2b,UCEC,8.434680769841773,5.461531344739767
CPTAC_to_TCGA,23,coral_pca_hgb,13e25128-9be1-4f67-a43f-a8744a619203,KIRC,3.58351893845611,5.159547322524898
CPTAC_to_TCGA,23,coral_pca_hgb,c1f1dc90-2c67-4862-9e5f-078b861ffc6e,UCEC,3.688879454113936,4.802638784679281
CPTAC_to_TCGA,23,coral_pca_hgb,0a11e958-7ec0-493c-bd7a-eb17536facd7,STAD,4.0943445622221,3.82938730397975
CPTAC_to_TCGA,23,coral_pca_hgb,73c712fe-54d6-4743-90bb-03313eb9fa77,KIRC,4.8283137373023015,4.355828928161064
CPTAC_to_TCGA,23,coral_pca_hgb,35a7e49e-747b-45ce-9a07-3a5faba0ca94,GBM,3.784189633918261,4.129785263544145
CPTAC_to_TCGA,23,coral_pca_hgb,31c23e65-1f18-4f59-8a54-31febedef8a2,PAAD,2.70805020110221,2.615258281475001
CPTAC_to_TCGA,23,coral_pca_hgb,3c4ff061-d214-4d1c-8d2e-3034f207c252,LUAD,4.406719247264253,4.405388916854929
CPTAC_to_TCGA,23,coral_pca_hgb,b256e065-c681-4f82-8b68-a8ef7c413791,LUAD,5.552959584921617,4.396675964065021
CPTAC_to_TCGA,23,coral_pca_hgb,aa82fb26-96c3-4b3d-a2e9-7123c0a07321,KIRC,3.5263605246161616,4.118959448406238
CPTAC_to_TCGA,23,coral_pca_hgb,51f3321b-ed78-4bdd-aa75-7d632ef53df1,SKCM,5.44673737166631,5.122133043079536
CPTAC_to_TCGA,23,coral_pca_hgb,ad220f0d-06b7-4dad-a87d-36dff31c8623,PAAD,0.0,3.5779129640012535
CPTAC_to_TCGA,23,coral_pca_hgb,2079155a-d91d-4246-a038-01934a580f32,LUAD,5.14166355650266,4.610887732299221
CPTAC_to_TCGA,23,coral_pca_hgb,633e6994-3e8b-4c0b-9b79-06cf4ab6f9bc,UCEC,5.556828061699537,5.019121196307838
CPTAC_to_TCGA,23,coral_pca_hgb,0f361166-2b7d-4ef5-9f8f-ee2488548a0b,UCEC,3.713572066704308,3.3039600191403578
CPTAC_to_TCGA,23,coral_pca_hgb,d1e0f479-77dd-42cd-89cb-c1eeac60c10a,PAAD,4.007333185232471,3.9074218277836175
CPTAC_to_TCGA,23,coral_pca_hgb,22618073-4ef0-4c3a-97b9-90ba1caa1d72,UCEC,7.75491027202143,5.689754887841984
CPTAC_to_TCGA,23,coral_pca_hgb,a2338b30-f511-4163-af3b-1e4a40ff00e1,GBM,3.332204510175204,4.628155496906732
CPTAC_to_TCGA,23,coral_pca_hgb,8097fddc-c7b9-4192-89d7-6bcceb7465b5,STAD,5.003946305945459,4.851538796832094
CPTAC_to_TCGA,23,coral_pca_hgb,5c06d97f-2aaa-43de-b085-09d7829356ba,LUAD,4.941642422609304,4.83122484024453
CPTAC_to_TCGA,23,coral_pca_hgb,e62d5f3c-0a99-4932-a589-bff4fa02b1d3,STAD,3.6375861597263857,4.339113932016838
CPTAC_to_TCGA,23,coral_pca_hgb,e56491af-718f-4ca1-b3cd-0e5b3154697b,UCEC,4.330733340286331,4.262187792224169
CPTAC_to_TCGA,23,coral_pca_hgb,9072cf34-8632-4b57-acc8-58e8fe21c136,LAML,1.0986122886681096,1.7304326264953267
CPTAC_to_TCGA,23,coral_pca_hgb,0780eb43-d5b5-4c3d-9825-beacba5cc723,LUAD,3.5263605246161616,3.9687061448204632
CPTAC_to_TCGA,23,coral_pca_hgb,c9e4f0bf-48fc-4600-9e03-314bc575273f,GBM,3.218875824868201,3.6885106813707242
CPTAC_to_TCGA,23,coral_pca_hgb,f809e21d-5f2e-4f3b-a1aa-d6b8d463552a,LUAD,3.87120101090789,4.53070151840467
CPTAC_to_TCGA,23,coral_pca_hgb,bc316a17-9d73-4ef3-97e9-c4ac5516b75a,GBM,3.688879454113936,4.365398493919533
CPTAC_to_TCGA,23,coral_pca_hgb,3ede5dff-8cf5-43e8-bf4b-e8ad75bf68ee,UCEC,4.48863636973214,4.069995227383737
CPTAC_to_TCGA,23,coral_pca_hgb,d59ffef5-f39b-4627-a7c7-6920b99c2408,GBM,2.3978952727983707,3.3866244486002754
CPTAC_to_TCGA,23,coral_pca_hgb,565ee830-5236-4414-aeaa-48ea7eb3b753,PAAD,0.0,3.440856436419648
CPTAC_to_TCGA,23,coral_pca_hgb,615ea37d-6302-4d68-b253-d24efd947c3e,UCEC,5.730099782973575,5.628769314754957
CPTAC_to_TCGA,23,coral_pca_hgb,0df573ee-28f0-4244-b434-09e6ca59fbf0,LUAD,6.92951677076365,5.347059987329153
CPTAC_to_TCGA,23,coral_pca_hgb,d47e214d-efbc-436d-b928-303d1f5135c4,PAAD,3.5263605246161616,3.604093800096664
CPTAC_to_TCGA,23,coral_pca_hgb,ba3911e6-2208-4a04-8891-b5cba9fda6bf,STAD,4.605170185988092,3.8800724285097448
CPTAC_to_TCGA,23,coral_pca_hgb,3f960d3b-a58c-43d0-a8a4-f3555b399c9d,GBM,3.258096538021482,3.7484753942716127
CPTAC_to_TCGA,23,coral_pca_hgb,3e976301-4042-4ac0-8f01-ef2f1a8161a6,KIRC,3.80666248977032,4.032693546333177
CPTAC_to_TCGA,23,coral_pca_hgb,1adb05d4-e1ca-4ede-81c7-ff24a243abae,KIRC,4.158883083359672,4.219112783224789
CPTAC_to_TCGA,23,coral_pca_hgb,c60e89a7-a8ba-458e-8f10-785c3f562fd6,STAD,4.406719247264253,4.70469175760427
CPTAC_to_TCGA,23,coral_pca_hgb,a7ddd737-714d-423f-8fb5-5a932d014487,KIRC,3.4657359027997265,4.093691548994061
CPTAC_to_TCGA,23,coral_pca_hgb,a250a369-e536-4a18-b7af-2911133d7bdc,LUAD,5.723585101952381,4.344660430609667
CPTAC_to_TCGA,23,coral_pca_hgb,edce7aac-1d8b-41cb-88e2-f50b8eeca4d8,STAD,7.290292882446597,6.756741689112441
CPTAC_to_TCGA,23,coral_pca_hgb,d3e93d76-6565-454a-a085-4492024350e9,UCEC,5.3471075307174685,4.489447245358497
CPTAC_to_TCGA,23,coral_pca_hgb,0d980584-4484-4063-8243-c3cd67f6f588,LUAD,2.833213344056216,4.2317477555393035
CPTAC_to_TCGA,23,coral_pca_hgb,38243a33-073a-479b-8cf6-c8847aeb5a48,UCEC,4.189654742026425,3.9884298244143963
CPTAC_to_TCGA,23,coral_pca_hgb,5c984433-33cf-42fc-b3ba-511efcdcab19,GBM,3.8918202981106265,3.8374523412518804
CPTAC_to_TCGA,23,coral_pca_hgb,66c04b8f-42fd-44c5-945b-ee149bcf5dad,STAD,4.997212273764115,4.789448701588442
CPTAC_to_TCGA,23,coral_pca_hgb,b2feca3f-8602-4a30-92bf-958ab2a2bd5d,KIRC,3.555348061489413,4.4895022484867875
CPTAC_to_TCGA,23,coral_pca_hgb,81b6b844-d760-4146-9b01-1c4b2596eb77,PAAD,3.4657359027997265,3.8754298979475346
CPTAC_to_TCGA,23,coral_pca_hgb,8432401d-799f-4f2f-b536-e79e1e8be064,UCEC,3.4011973816621555,4.287909593456715
CPTAC_to_TCGA,23,coral_pca_hgb,b1ce95bf-7441-4aac-8131-19a177d2b8ac,GBM,3.9889840465642745,2.9175705883589726
CPTAC_to_TCGA,23,coral_pca_hgb,369f14c4-2191-4962-a309-3e23ddc4e5fc,LUAD,4.060443010546419,4.014419185122663
CPTAC_to_TCGA,23,coral_pca_hgb,c184c3ca-7ad3-4202-b108-cb9fd5f5d947,GBM,4.127134385045092,4.030848763117636
CPTAC_to_TCGA,23,coral_pca_hgb,11ab53c8-6366-4bc9-b60d-23e6ed2d1cae,KIRC,4.174387269895637,4.471426541291043
CPTAC_to_TCGA,23,coral_pca_hgb,603d2b61-b636-4054-ac95-ab66dabb3b48,GBM,3.367295829986474,4.060536443621644
CPTAC_to_TCGA,23,coral_pca_hgb,78ec8bc9-e502-4f5b-b0f6-893718650352,KIRC,2.639057329615259,3.0171006352687515
CPTAC_to_TCGA,23,coral_pca_hgb,77f8c850-b4e6-46a1-ab12-a50e0044a0c8,LUAD,5.541263545158426,4.521204326540601
CPTAC_to_TCGA,23,coral_pca_hgb,ab7adf74-6e87-4117-9742-54e323348e06,UCEC,4.0943445622221,3.582584820698476
CPTAC_to_TCGA,23,coral_pca_hgb,7e4e5633-6f83-4b46-b6eb-64b3f2866ba3,PAAD,3.4657359027997265,3.731379309597844
CPTAC_to_TCGA,23,coral_pca_hgb,119b1761-a5b4-42b6-9971-ece11fb0e0f6,UCEC,8.122371243406553,5.349686841875256
CPTAC_to_TCGA,23,coral_pca_hgb,e37cae9e-0656-4b89-b326-739a5cc859e0,STAD,3.713572066704308,4.494138658749546
CPTAC_to_TCGA,23,coral_pca_hgb,b46b5a4c-59fc-4769-b05a-d15f9aaa753a,PAAD,2.302585092994046,3.347327347509339
CPTAC_to_TCGA,23,coral_pca_hgb,42e92d73-29eb-4508-a653-9b77f36021c0,GBM,4.143134726391533,3.9311739464889444
CPTAC_to_TCGA,23,coral_pca_hgb,d383008a-a1bf-4689-b243-3c464c79b818,UCEC,8.202482446576537,5.9808115086530025
CPTAC_to_TCGA,23,coral_pca_hgb,d7ee2693-39a8-4e3a-b6f6-e4729800e34e,SKCM,6.082218910376446,4.6556126883733056
CPTAC_to_TCGA,23,coral_pca_hgb,5a2f8140-8f90-4e94-b703-5fa5aa96be7b,LUAD,5.1298987149230735,5.564826239108429
CPTAC_to_TCGA,23,coral_pca_hgb,d74bc72e-8103-4aed-8958-5f40953d48eb,UCEC,3.295836866004329,4.252845502019334
CPTAC_to_TCGA,23,coral_pca_hgb,525fb4fc-2167-4506-b4fa-fb896bf64cd0,UCEC,3.49650756146648,5.933068269378299
CPTAC_to_TCGA,23,coral_pca_hgb,433a32d0-93d1-4897-8e36-beb1ec1d998e,LUAD,3.58351893845611,5.694326543840961
CPTAC_to_TCGA,23,coral_pca_hgb,1575148b-0f63-44ee-86fd-93ae1a02be0b,LUAD,4.912654885736052,6.3855577779051975
CPTAC_to_TCGA,23,coral_pca_hgb,ffb0c0b7-165e-4439-b3e6-62431f40b7fe,LUAD,4.962844630259907,3.7514189315685758
CPTAC_to_TCGA,23,coral_pca_hgb,129d95ca-71ef-44aa-a93d-f87803c37c9a,STAD,4.553876891600541,5.253644995306028
CPTAC_to_TCGA,23,coral_pca_hgb,068016e2-7829-493c-b8be-d3b85beaab13,UCEC,3.9889840465642745,4.045200217186351
CPTAC_to_TCGA,23,coral_pca_hgb,e739b4f7-ae46-45c6-9013-9571cbadaf99,LUAD,4.499809670330265,3.830661164910976
CPTAC_to_TCGA,23,coral_pca_hgb,86f68b7d-30f9-4f01-a9ea-5db1fcd00453,KIRC,4.442651256490317,4.360513354926465
CPTAC_to_TCGA,23,coral_pca_hgb,1654c42b-664b-407e-8ca7-d4cd908b709a,STAD,5.159055299214529,5.523844130155406
CPTAC_to_TCGA,23,coral_pca_hgb,38dd826d-06dc-4a73-b852-c3d78c9c3ff4,GBM,2.8903717578961645,3.653352834000338
CPTAC_to_TCGA,23,coral_pca_hgb,30f276a8-3a4b-4de8-aea0-7f605d100401,LUAD,4.624972813284271,4.338989084311966
CPTAC_to_TCGA,23,coral_pca_hgb,fbfed398-2a44-44a9-83cf-657c29cb7d28,UCEC,3.970291913552122,4.132243208068984
CPTAC_to_TCGA,23,coral_pca_hgb,548b0b68-ff45-4d45-adbe-984259e4a68b,LUAD,0.0,3.94039269437271
CPTAC_to_TCGA,23,coral_pca_hgb,6fa99ae9-1d72-455e-938e-0ec0d240f5a3,UCEC,4.007333185232471,3.644272127477755
CPTAC_to_TCGA,23,coral_pca_hgb,4846cb23-d7e7-47f4-972f-3abe229f7bdb,UCEC,3.555348061489413,4.766639302964077
CPTAC_to_TCGA,23,coral_pca_hgb,0d88e6ab-cf1d-4888-878b-0ac7d687c4cc,KIRC,4.02535169073515,3.8465115195382906
CPTAC_to_TCGA,23,coral_pca_hgb,7080bc0a-709e-4871-9539-4616f194e310,KIRC,3.1354942159291497,3.6884867512381962
CPTAC_to_TCGA,23,coral_pca_hgb,88c91a7b-5c41-4361-85d0-da759ab94204,KIRC,3.367295829986474,3.8444310708543212
CPTAC_to_TCGA,23,coral_pca_hgb,44d8c859-4b7a-4e9d-bffc-0de0e6afdcc4,LUAD,4.795790545596741,5.101276696806211
CPTAC_to_TCGA,23,coral_pca_hgb,127bf818-f7e5-46b5-a9de-39f6d96b8b83,LUAD,5.420534999272286,4.480641692725782
CPTAC_to_TCGA,23,coral_pca_hgb,45aacbb4-0fd8-431c-a57b-279ea57a19fc,STAD,5.2574953720277815,5.57024216651088
CPTAC_to_TCGA,23,coral_pca_hgb,5aa57fff-4515-4076-8798-55015bb4f156,PAAD,4.204692619390966,3.7765099523943815
CPTAC_to_TCGA,23,coral_pca_hgb,f7ba48c8-46cf-40a9-8826-7e1f67d57171,GBM,3.5263605246161616,3.3232190160800306
CPTAC_to_TCGA,23,coral_pca_hgb,1a93dd15-f404-484c-b67c-98169d5522c7,LAML,2.302585092994046,1.337927499277844
CPTAC_to_TCGA,23,coral_pca_hgb,23c7555b-7a37-415d-bda8-3588078a0c2e,KIRC,3.737669618283368,3.8422173479432233
CPTAC_to_TCGA,23,coral_pca_hgb,712335e1-f1e9-44b9-957c-497ea5e8fa2f,PAAD,4.219507705176107,4.493857262707535
CPTAC_to_TCGA,23,coral_pca_hgb,52d73201-9333-422f-a530-5958e866a298,KIRC,4.02535169073515,3.9127652149236254
CPTAC_to_TCGA,23,coral_pca_hgb,5bfe94ed-88b9-44ce-8bbd-1285ab9678a4,PAAD,3.4657359027997265,3.4014225762051518
CPTAC_to_TCGA,23,coral_pca_hgb,03381d49-e25f-4376-8e36-f47063a7d3fb,UCEC,6.741700694652055,4.283873934901908
CPTAC_to_TCGA,23,coral_pca_hgb,7338e476-10ff-444a-a16f-429d28355f65,GBM,3.713572066704308,3.8143073454853225
CPTAC_to_TCGA,23,coral_pca_hgb,2bbf00f4-7798-4dad-9894-96202c9132be,SKCM,6.966024187106113,5.659683024666545
CPTAC_to_TCGA,23,coral_pca_hgb,9ebc8b58-363b-4638-8365-cfbde31a71ae,STAD,4.007333185232471,4.084693742099213
CPTAC_to_TCGA,23,coral_pca_hgb,4549bff6-6886-4102-a1de-02691b664c52,UCEC,9.181735114965848,5.758489530718912
CPTAC_to_TCGA,23,coral_pca_hgb,aa2b6825-3352-4d47-a637-48452f4a958b,KIRC,4.174387269895637,3.834340207745579
CPTAC_to_TCGA,23,coral_pca_hgb,36ad7fc7-0cc1-4f01-aef1-f89b3cb4feac,LUAD,4.532599493153256,4.708248287020832
CPTAC_to_TCGA,23,coral_pca_hgb,310c31bf-91ce-40b4-99e4-a10242296de9,KIRC,3.970291913552122,4.036130641632984
CPTAC_to_TCGA,23,coral_pca_hgb,159e0318-6173-440f-be07-8d956086e99d,GBM,3.970291913552122,3.5813747443657378
CPTAC_to_TCGA,23,coral_pca_hgb,d9cae674-1100-44a4-8c61-2f15ea1b6214,GBM,3.332204510175204,3.2945248444914026
CPTAC_to_TCGA,23,coral_pca_hgb,70820391-13b4-438f-ba4a-c0804d4c2d76,KIRC,4.07753744390572,3.5290594481134474
CPTAC_to_TCGA,23,coral_pca_hgb,4d3af3af-24f4-415a-9677-20b0f366a102,UCEC,4.060443010546419,3.8489673863831615
CPTAC_to_TCGA,23,coral_pca_hgb,cb58b5fe-ee0d-46f1-8502-1c8bcf729f3b,GBM,4.304065093204169,3.76477515821183
CPTAC_to_TCGA,23,coral_pca_hgb,d7fe7004-6268-4dac-b145-ff76e678e77e,STAD,4.110873864173311,4.938955444285536
CPTAC_to_TCGA,23,coral_pca_hgb,02634746-93b2-4cc4-9912-4a6d0bcd2e15,LAML,2.079441541679836,1.3360263093087317
CPTAC_to_TCGA,23,coral_pca_hgb,0487fc41-386c-4d76-9084-daf959bf5e98,KIRC,3.713572066704308,4.014000736987408
CPTAC_to_TCGA,23,coral_pca_hgb,8cb0144b-be6b-40a1-86a2-708f96d9b615,STAD,4.330733340286331,4.769666876246504
CPTAC_to_TCGA,23,coral_pca_hgb,d5f2bae1-7cd1-49bf-ae41-12d2aa44408e,UCEC,4.04305126783455,5.64545590507763
CPTAC_to_TCGA,23,coral_pca_hgb,53707bb3-426a-43cb-830f-3eeed930295f,UCEC,9.006263883379198,5.6286140473999895
CPTAC_to_TCGA,23,coral_pca_hgb,659294b9-ded9-498a-bc00-c1d4d456aa4a,KIRC,4.262679877041316,3.796524095504517
CPTAC_to_TCGA,23,coral_pca_hgb,4036c6fc-c82e-47bb-a384-6f299dc30b52,LUAD,4.804021044733257,4.329485954502156
CPTAC_to_TCGA,23,coral_pca_hgb,bae3c762-d894-4742-860c-43d18659b4bc,STAD,6.45833828334479,5.2347293279940885
CPTAC_to_TCGA,23,coral_pca_hgb,c5bf474c-6919-47b4-ba59-34ab20c087d5,KIRC,3.80666248977032,4.049021776634771
CPTAC_to_TCGA,23,coral_pca_hgb,dc9eaaa0-0bfd-46d0-994f-310826879da4,LUAD,5.356586274672012,5.486568628311921
CPTAC_to_TCGA,23,coral_pca_hgb,e302f643-eed3-4f07-a7fb-c32ee2031a1c,STAD,4.762173934797756,5.461470308011176
CPTAC_to_TCGA,23,coral_pca_hgb,28011111-4a01-4cdc-8d6b-7223fb2c501b,KIRC,3.9889840465642745,4.102133516331316
CPTAC_to_TCGA,23,coral_pca_hgb,305eaef4-4644-46e3-a696-d2e4a972f691,KIRC,4.276666119016055,3.9926682120452996
CPTAC_to_TCGA,23,coral_pca_hgb,0c59ff96-5e4a-4664-a0b1-d057b4725483,LUAD,5.424950017481403,4.635581453830341
CPTAC_to_TCGA,23,coral_pca_hgb,43e228ae-c890-444f-afbd-49385562e33a,UCEC,9.299541017434484,3.4054993556364566
CPTAC_to_TCGA,23,coral_pca_hgb,645903b5-ba37-48a1-985b-a019b8db3236,LUAD,4.634728988229636,4.395957282297862
CPTAC_to_TCGA,23,coral_pca_hgb,4abbd258-0f0c-4428-901d-625d47ad363a,UCEC,10.039416069760373,4.464319633796669
CPTAC_to_TCGA,23,coral_pca_hgb,f42868c0-ff59-438b-90a7-489aea678de9,UCEC,6.282266746896006,5.706359675538307
CPTAC_to_TCGA,23,coral_pca_hgb,5226b25f-e326-4884-af79-916e4bbb701f,SKCM,5.739792912179234,4.97949148655028
CPTAC_to_TCGA,23,coral_pca_hgb,ef009667-aaaf-4138-a170-e446012e0930,LAML,2.3978952727983707,1.8846737903400885
CPTAC_to_TCGA,23,coral_pca_hgb,cf67eaf8-f5e6-41be-8992-cdb97091e1b0,KIRC,4.290459441148391,3.8575739433910896
CPTAC_to_TCGA,23,coral_pca_hgb,62cf9546-b932-4a5e-bc9b-4103506d296d,KIRC,4.0943445622221,4.187191220630087
CPTAC_to_TCGA,23,coral_pca_hgb,3f9cc59e-9f7d-40d1-9365-28b40dff3c59,PAAD,3.044522437723423,3.745999762497626
CPTAC_to_TCGA,23,coral_pca_hgb,1a094c2b-9fba-4bb1-929d-bb2cdf874bee,UCEC,3.258096538021482,3.88047220906856
CPTAC_to_TCGA,23,coral_pca_hgb,2a9c4ce5-f5b3-4d3e-b6f5-07a9369096b8,KIRC,3.4011973816621555,4.219745640655891
CPTAC_to_TCGA,23,coral_pca_hgb,781f40c9-c099-4c96-8269-ebe2a449c93d,LUAD,5.293304824724492,5.640449965210986
CPTAC_to_TCGA,23,coral_pca_hgb,ddcc73bf-b10f-4fab-96d4-3077947fcd2d,STAD,3.6375861597263857,4.1371332314434985
CPTAC_to_TCGA,23,coral_pca_hgb,95eefb47-3f96-4a6d-8773-4d22843f0a6a,UCEC,9.09627541568821,6.610755166557056
CPTAC_to_TCGA,23,coral_pca_hgb,2923e404-38f2-437a-b57e-23401fbe0273,LUAD,6.049733455231958,4.3178503697523585
CPTAC_to_TCGA,23,coral_pca_hgb,75783dbe-e18c-4535-b9eb-2affd320e098,UCEC,4.48863636973214,4.4209827541794615
CPTAC_to_TCGA,23,coral_pca_hgb,4b37b026-1d41-4bad-8996-7cb1f0e569af,PAAD,1.9459101490553128,3.2050432968908904
CPTAC_to_TCGA,23,coral_pca_hgb,aa3d2d17-19e3-4b76-8235-98550f49dc91,STAD,3.49650756146648,4.53985424558376
CPTAC_to_TCGA,23,coral_pca_hgb,0f36c3a2-0ba5-4c43-a3f0-78d125e5d0ac,UCEC,4.02535169073515,5.195355684746906
CPTAC_to_TCGA,23,coral_pca_hgb,c7b3ac87-5260-4042-895a-279cd8cda620,UCEC,4.330733340286331,4.778203698617411
CPTAC_to_TCGA,23,coral_pca_hgb,66e305ca-8a16-44f0-b837-85e529b7ad55,UCEC,3.784189633918261,4.39623276311088
CPTAC_to_TCGA,23,coral_pca_hgb,03b2ac94-05a3-49a7-b68f-51d045395b07,KIRC,3.7612001156935615,4.08427802927121
CPTAC_to_TCGA,23,coral_pca_hgb,a2663a86-a006-4867-9e88-2b523df48303,KIRC,2.70805020110221,3.2335417575257703
CPTAC_to_TCGA,23,coral_pca_hgb,2ad10199-1381-42b7-b54f-da34c1b1d3c0,PAAD,3.610917912644224,3.746557898452784
CPTAC_to_TCGA,23,coral_pca_hgb,4284a85d-d9b6-40ee-aac4-c2c03554528e,UCEC,3.8918202981106265,4.1861349678083375
CPTAC_to_TCGA,23,coral_pca_hgb,e5d64754-15e8-494e-b7f7-25cf2819fe4c,UCEC,3.1780538303479458,4.574605028776428
CPTAC_to_TCGA,23,coral_pca_hgb,d6562acf-6d82-4f08-a779-82cdc5df16f9,UCEC,4.0943445622221,4.747675105686646
CPTAC_to_TCGA,23,coral_pca_hgb,5e3b981e-73fe-4cc9-8c89-b420e8e2f426,UCEC,3.688879454113936,4.723462693813389
CPTAC_to_TCGA,23,coral_pca_hgb,2a227292-c73d-45fc-ab68-cdfaf7aef9e7,STAD,4.110873864173311,4.1224979223568505
CPTAC_to_TCGA,23,coral_pca_hgb,a2a71cb0-9dbd-45cc-8867-da84500515e7,STAD,6.875232087276577,5.780666867561219
CPTAC_to_TCGA,23,coral_pca_hgb,33cd8b05-2b9b-40dd-97a2-40d02e27ee90,KIRC,3.610917912644224,4.098195323849451
CPTAC_to_TCGA,23,coral_pca_hgb,db601d82-e2e7-469c-91da-3dbfcb477326,KIRC,4.262679877041316,4.0630214963641835
CPTAC_to_TCGA,23,coral_pca_hgb,129a49d4-edb8-4a1d-aabb-51b9ad5a8dd1,UCEC,5.209486152841421,4.082429313923209
CPTAC_to_TCGA,23,coral_pca_hgb,c2f7f72f-13ae-4efc-9cda-69ca037b4498,GBM,3.6375861597263857,4.134574222692551
CPTAC_to_TCGA,23,coral_pca_hgb,01e9888d-b5b9-48f1-8ba6-8a89af108a04,LUAD,3.1780538303479458,4.146776561295781
CPTAC_to_TCGA,23,coral_pca_hgb,50b2c647-aecd-4c81-af22-0d8116593552,LUAD,5.087596335232384,4.813288985419737
CPTAC_to_TCGA,23,coral_pca_hgb,22669a01-21d3-404c-ac19-cf0a6c03bb1d,UCEC,3.6375861597263857,4.469691928775055
CPTAC_to_TCGA,23,coral_pca_hgb,f1ae0181-74f8-47fd-83be-83a7d01101cc,KIRC,3.4339872044851463,3.286340465951179
CPTAC_to_TCGA,23,coral_pca_hgb,73bd696b-0f35-4f70-8888-8153b1ba9ee4,STAD,7.114769448366463,5.706709079411723
CPTAC_to_TCGA,23,coral_pca_hgb,a89e46f4-4808-41e5-a047-acebf8744eb7,STAD,5.472270673671475,5.9815436422392985
CPTAC_to_TCGA,23,coral_pca_hgb,e2b0d873-4942-4483-9a88-d5c6338d0382,LUAD,4.941642422609304,4.490498141032194
CPTAC_to_TCGA,23,coral_pca_hgb,7d22ff96-9249-46b3-9cfa-e40dc4ecebd6,UCEC,4.3694478524670215,4.688053060974574
CPTAC_to_TCGA,23,coral_pca_hgb,62393dab-ab41-4785-9a57-aa4c25d223e9,SKCM,4.709530201312334,4.103028430777192
CPTAC_to_TCGA,23,coral_pca_hgb,32592562-11fa-435a-b40b-2b242bae53aa,LUAD,6.356107660695892,4.928249246244079
CPTAC_to_TCGA,23,coral_pca_hgb,3fe8f8e4-5396-4362-82f5-366e2fb69db2,LUAD,5.717027701406222,5.864581010606425
CPTAC_to_TCGA,23,coral_pca_hgb,5d2f1a0f-a01b-48c2-b749-1ca710aa2bb4,UCEC,3.784189633918261,4.7303740603076445
CPTAC_to_TCGA,23,coral_pca_hgb,7a077812-f6ee-4820-a084-1a52c7ef062c,UCEC,3.258096538021482,4.380882906381324
CPTAC_to_TCGA,23,coral_pca_hgb,c499b3be-9db0-4809-b7c0-f5d81208d7ec,KIRC,4.143134726391533,4.219902758269379
CPTAC_to_TCGA,23,coral_pca_hgb,6d061ca9-ba7e-4b82-ab3c-34e33f244a54,UCEC,5.942799375126701,5.729851413237244
CPTAC_to_TCGA,23,coral_pca_hgb,7a2cf5ce-8317-4fff-946e-b9937afab815,UCEC,6.628041376179533,6.162639019493073
CPTAC_to_TCGA,23,coral_pca_hgb,ec6aa756-c875-49f5-89e4-365b3f18b589,KIRC,3.7612001156935615,3.773608658235397
CPTAC_to_TCGA,23,coral_pca_hgb,b2bc53d6-ef78-4ae9-a6b5-1c7cad9a43eb,LUAD,5.560681631015528,5.439704541996826
CPTAC_to_TCGA,23,coral_pca_hgb,d31aeefc-b59b-42e9-9919-750b17a70a3d,LUAD,5.53338948872752,5.542259565516346
CPTAC_to_TCGA,23,coral_pca_hgb,c5e08764-822b-4214-9ce6-f3ec2756190e,GBM,4.418840607796598,3.752594859677539
CPTAC_to_TCGA,23,coral_pca_hgb,06fe7f3e-4edd-4150-981c-93787ea19b39,LUAD,4.465908118654584,5.158038834405538
CPTAC_to_TCGA,23,coral_pca_hgb,956017ba-5e4b-42c7-b93d-42316874ba93,STAD,3.737669618283368,4.914516446696207
CPTAC_to_TCGA,23,coral_pca_hgb,3c2a6e30-a507-49f6-8b1f-36eb3aa41e60,UCEC,7.045776576879511,6.477113831578988
CPTAC_to_TCGA,23,coral_pca_hgb,12c07138-e3fa-418a-89e3-628da12bc99e,LUAD,5.673323267171493,5.065345558600155
CPTAC_to_TCGA,23,coral_pca_hgb,294ff941-aea1-4588-9a0e-e9f5393e2bb6,LUAD,5.147494476813453,5.114354244368097
CPTAC_to_TCGA,23,coral_pca_hgb,5c76cb89-b1b1-4910-b811-e44d3b277430,STAD,3.6375861597263857,4.948078601880366
CPTAC_to_TCGA,23,coral_pca_hgb,a643d0b8-aa50-481c-9f12-f2e634d61d90,PAAD,2.833213344056216,3.4860851013638747
CPTAC_to_TCGA,23,coral_pca_hgb,b84b58c7-95b8-4162-8e61-414f8fe422c6,PAAD,2.995732273553991,3.4745141681668343
CPTAC_to_TCGA,23,coral_pca_hgb,b37d944c-c65c-46d6-bb8b-3eb37cb85b68,GBM,3.218875824868201,3.729274685696607
CPTAC_to_TCGA,23,coral_pca_hgb,3bc7026f-73f2-418b-bd62-f4768582b790,LUAD,6.61338421837956,5.4731131004806235
CPTAC_to_TCGA,23,coral_pca_hgb,224235c1-5b6e-48d5-a5d1-777dfede0f1e,GBM,3.4339872044851463,4.16839224149563
CPTAC_to_TCGA,23,coral_pca_hgb,137dfe0a-2a2b-423c-9a8a-78233b6ead74,LAML,2.639057329615259,1.8129001666820406
CPTAC_to_TCGA,23,coral_pca_hgb,98c56f92-547b-473d-9fe0-2135dd5a96a8,STAD,4.770684624465665,5.534274618584005
CPTAC_to_TCGA,23,coral_pca_hgb,caaf50a4-13b5-4003-b52f-e5f9780f9f94,SKCM,2.8903717578961645,5.376865038582175
CPTAC_to_TCGA,23,coral_pca_hgb,fe1ad544-3189-4495-86be-0c68f3234238,STAD,5.0238805208462765,4.38295655998192
CPTAC_to_TCGA,23,coral_pca_hgb,3be0bc1d-d81f-4769-b650-8cc8858e45db,KIRC,6.318968113746434,4.713851648271463
CPTAC_to_TCGA,23,coral_pca_hgb,db3a4986-55d5-4ecc-be73-59725dce3c33,UCEC,7.724004656676065,5.690199904336313
CPTAC_to_TCGA,23,coral_pca_hgb,830b8de5-fd22-49d6-ad1d-c7cf619bf0ac,KIRC,3.737669618283368,3.973135312033585
CPTAC_to_TCGA,23,coral_pca_hgb,2db08267-d346-4d42-aac0-b76831903253,LUAD,5.736572297479192,6.018364255690847
CPTAC_to_TCGA,23,coral_pca_hgb,75fb484d-cd12-4cf0-a99d-faf27aead118,UCEC,3.258096538021482,3.709719734540378
CPTAC_to_TCGA,23,coral_pca_hgb,df89b0be-fbe1-4ca7-bea7-ae057c3f6461,STAD,4.762173934797756,5.341684825157041
CPTAC_to_TCGA,23,coral_pca_hgb,e12d142e-7339-48fc-b17a-9e311b65327f,STAD,3.9318256327243257,5.114467460322197
CPTAC_to_TCGA,23,coral_pca_hgb,77e49007-3e44-4157-beae-8f7e94234c78,PAAD,3.367295829986474,3.6156362826793824
CPTAC_to_TCGA,23,coral_pca_hgb,a9b6cd65-f042-4073-9000-4143a2c55373,UCEC,3.87120101090789,4.479375340549417
CPTAC_to_TCGA,23,coral_pca_hgb,f7527b5e-5330-49ea-82ce-f6f2cdccbadc,UCEC,6.38856140554563,6.25010649318615
CPTAC_to_TCGA,23,coral_pca_hgb,e78ff499-037b-450a-ac04-6fb3a9e124a4,LAML,6.056784013228625,2.0266637448296008
CPTAC_to_TCGA,23,coral_pca_hgb,507a4e05-d5ab-4dbb-9b4f-76b1a21b79dd,PAAD,1.791759469228055,3.233765523424016
CPTAC_to_TCGA,23,coral_pca_hgb,02b25675-094d-4098-96da-51d121380fec,UCEC,3.951243718581428,4.972828385560189
CPTAC_to_TCGA,23,coral_pca_hgb,06197e26-3cb0-4bd0-a6e8-dd9af5047c6a,KIRC,4.04305126783455,4.01043302890007
CPTAC_to_TCGA,23,coral_pca_hgb,12824b2b-9c0a-4dcf-8941-34593a4e93da,GBM,3.258096538021482,4.270318863986329
CPTAC_to_TCGA,23,coral_pca_hgb,46d7489a-cfe6-440e-9d50-919d0ead8018,STAD,4.442651256490317,4.662971682471569
CPTAC_to_TCGA,23,coral_pca_hgb,fd3fc273-c035-40ea-a459-ff4806f5d592,LUAD,4.736198448394496,5.077198541853805
CPTAC_to_TCGA,23,coral_pca_hgb,9e5a0b7e-9682-4f29-8e4a-7af968ca93fc,SKCM,4.762173934797756,5.300683168737889
CPTAC_to_TCGA,23,coral_pca_hgb,2a19051e-3ad1-444a-9d02-f895c26ac02c,UCEC,6.53813982376767,5.664063408140881
CPTAC_to_TCGA,23,coral_pca_hgb,51de7e94-e2fa-420b-9aa2-3637d17fc6ea,UCEC,9.112617283447568,5.291058827571147
CPTAC_to_TCGA,23,coral_pca_hgb,772324a5-5513-454d-ad6b-605798f69b73,LUAD,2.772588722239781,3.6421319333964037
CPTAC_to_TCGA,23,coral_pca_hgb,936c217f-f10b-43cf-bb6d-0a74ebec9b13,KIRC,2.639057329615259,3.269478697126333
CPTAC_to_TCGA,23,coral_pca_hgb,170bbbac-940f-4e1b-b0b8-60fa36d0fa23,UCEC,6.169610732491456,5.872470437129846
CPTAC_to_TCGA,23,coral_pca_hgb,ab60901b-d2ad-401a-9742-52df35ce1de0,LAML,0.0,1.4543310465794312
CPTAC_to_TCGA,23,coral_pca_hgb,df1e2e79-0126-4f3a-85e3-36f59be04622,KIRC,3.4011973816621555,3.6039665597821586
CPTAC_to_TCGA,23,coral_pca_hgb,acab1362-c8a0-448b-8533-0cd84d97959c,STAD,3.218875824868201,3.654936569604447
CPTAC_to_TCGA,23,coral_pca_hgb,08b11e0e-5b8e-45ea-9b6b-30e3185b03d7,UCEC,5.513428746164983,4.4784530318937525
CPTAC_to_TCGA,23,coral_pca_hgb,4a60e87e-6bc1-4ae0-9ccb-4cdc3e99c608,PAAD,4.23410650459726,4.23286897247442
CPTAC_to_TCGA,23,coral_pca_hgb,6bffe800-ec2b-4638-9333-97fe85dcd91c,LUAD,5.918893854273146,6.7578971367933995
CPTAC_to_TCGA,23,coral_pca_hgb,7c831a1d-3253-4af4-a0ff-7fe9ff9af1ce,STAD,5.953243334287785,5.770587876134276
CPTAC_to_TCGA,23,coral_pca_hgb,a816e355-be6f-4d16-b051-b6d86ed8cded,LUAD,4.3694478524670215,4.184512044552965
CPTAC_to_TCGA,23,coral_pca_hgb,a3fd20b2-e001-44ab-9716-754e5ae70808,LUAD,0.6931471805599453,4.23523613603913
CPTAC_to_TCGA,23,coral_pca_hgb,0b4443a0-087d-47e7-9e67-795eac6750c3,PAAD,3.258096538021482,3.6486624428249264
CPTAC_to_TCGA,23,coral_pca_hgb,a8def1a0-a136-47f4-9ad9-60ebcf9b726b,UCEC,8.846353043314327,6.602186956132096
CPTAC_to_TCGA,23,coral_pca_hgb,25d4ea9e-f773-4f11-bac9-64efdad73211,LUAD,5.25227342804663,5.009277262427939
CPTAC_to_TCGA,23,coral_pca_hgb,c0db966b-1024-4ee3-899a-f12e3c71a42c,UCEC,6.71295620067707,5.411253772939598
CPTAC_to_TCGA,23,coral_pca_hgb,44ac7093-a733-4c55-a964-0ba9ec141d2d,UCEC,3.58351893845611,4.566205832527356
CPTAC_to_TCGA,23,coral_pca_hgb,9924e309-5c47-42fe-b937-547f2b3d6842,PAAD,3.332204510175204,4.166498395212541
CPTAC_to_TCGA,23,coral_pca_hgb,dccd3854-8865-4452-9f1c-97283509b553,STAD,3.737669618283368,4.835261326617076
CPTAC_to_TCGA,23,coral_pca_hgb,4776b959-d5f5-41ad-ab39-dba6031f6884,GBM,4.04305126783455,3.975047431282683
CPTAC_to_TCGA,23,coral_pca_hgb,9848f14b-8eab-4ac9-89b0-99a5ebf14696,GBM,3.951243718581428,3.842919893077862
CPTAC_to_TCGA,23,coral_pca_hgb,c3096984-bd11-44a0-8ee0-47f07ad04d81,UCEC,6.920671504248683,5.209865057549561
CPTAC_to_TCGA,23,coral_pca_hgb,69d56f2d-6924-409b-9d1e-c8d69b400270,GBM,3.784189633918261,3.547699895288695
CPTAC_to_TCGA,23,coral_pca_hgb,36e36773-1d03-4ed0-ae31-1c0ca55577a4,STAD,2.5649493574615367,4.613083052711815
CPTAC_to_TCGA,23,coral_pca_hgb,3280a078-8841-4c5c-a361-b58bc37b965c,KIRC,4.158883083359672,3.79058893066623
CPTAC_to_TCGA,23,coral_pca_hgb,497cc506-03fe-4ffa-860b-5a12adb1bc7d,LUAD,3.295836866004329,3.5996388464839426
CPTAC_to_TCGA,23,coral_pca_hgb,67ccb182-3021-4621-bffb-6565574dbc58,UCEC,4.158883083359672,4.852532802941126
CPTAC_to_TCGA,23,coral_pca_hgb,878584ad-e6b6-493a-9f7f-3e284f5d9f68,GBM,3.7612001156935615,3.7781826723801037
CPTAC_to_TCGA,23,coral_pca_hgb,131fb0f0-e0af-431c-8462-f1925a5f4c72,STAD,3.912023005428146,4.247271842912664
CPTAC_to_TCGA,23,coral_pca_hgb,67fa3e41-c7c6-44c5-9e67-6bcb2715aacc,LUAD,5.942799375126701,6.08475298036814
CPTAC_to_TCGA,23,coral_pca_hgb,713190ed-c6c1-4695-814b-85ca9b95e6a0,GBM,3.58351893845611,3.966288196195833
CPTAC_to_TCGA,23,coral_pca_hgb,4e3334e2-918f-4005-bb5a-12a67c7c0380,KIRC,4.02535169073515,4.0761529654176645
CPTAC_to_TCGA,23,coral_pca_hgb,40837a4d-7931-497c-a6bf-6a661813c443,STAD,4.718498871295094,5.225492987558455
CPTAC_to_TCGA,23,coral_pca_hgb,233e947a-d5e2-48e5-a8ce-5da1abb20681,UCEC,5.749392985908253,5.593453721332581
CPTAC_to_TCGA,23,coral_pca_hgb,ab68cd1b-5075-4b30-a829-d6d0f95871cb,UCEC,4.060443010546419,4.848833442976301
CPTAC_to_TCGA,23,coral_pca_hgb,8a24f1a3-4bab-4591-9676-7bee01d096c1,STAD,4.127134385045092,5.7732355271233144
CPTAC_to_TCGA,23,coral_pca_hgb,4b22ad71-c585-4077-ad3c-c6e026d0c7fa,LUAD,5.958424693029782,5.400317362606373
CPTAC_to_TCGA,23,coral_pca_hgb,c46ff2bb-bdd0-48cd-b2ae-7ef421b4b91a,STAD,4.962844630259907,4.108450893315874
CPTAC_to_TCGA,23,coral_pca_hgb,9d449aa3-b740-4d5a-9aea-880b6f84cff4,PAAD,3.80666248977032,3.62484736459844
CPTAC_to_TCGA,23,coral_pca_hgb,0fe909ea-d52c-4b71-816f-57f62d4a5744,LUAD,5.19295685089021,6.079212066655112
CPTAC_to_TCGA,23,coral_pca_hgb,93aebbd4-19cf-495a-b8ce-3c4a3feba152,STAD,5.075173815233827,4.05491659869961
CPTAC_to_TCGA,23,coral_pca_hgb,f2d8b332-2f03-46e5-a9d5-f163972e5fa7,LUAD,3.295836866004329,4.247982549054565
CPTAC_to_TCGA,23,coral_pca_hgb,caebdce0-f954-471a-ac63-5daaa2e76d97,UCEC,6.57507584059962,5.93501171858316
CPTAC_to_TCGA,23,coral_pca_hgb,0164acd3-34db-4d35-b96c-936daad0ff22,GBM,3.5263605246161616,4.0754941692495885
CPTAC_to_TCGA,23,coral_pca_hgb,e8060c45-451d-4779-9584-f284db47e63e,LUAD,5.198497031265826,5.239114494630046
CPTAC_to_TCGA,23,coral_pca_hgb,960d1eaf-0b96-488b-b62c-829c024fd4b8,KIRC,3.87120101090789,4.0169872504675626
CPTAC_to_TCGA,23,coral_pca_hgb,f5558dc7-5bef-426f-a6bf-b704fd5dbda0,PAAD,3.5263605246161616,4.54626911696478
CPTAC_to_TCGA,23,coral_pca_hgb,bf34664d-423d-4257-99d4-797f7d366455,LUAD,4.736198448394496,4.196298959775915
CPTAC_to_TCGA,23,coral_pca_hgb,bd4e9a9f-17f3-4d33-92fc-fcc45dd0e7b4,LUAD,5.6240175061873385,5.5099648480582815
CPTAC_to_TCGA,23,coral_pca_hgb,6eeee564-1057-42e4-bfce-b6fe17d58d10,STAD,4.442651256490317,4.588922815327245
CPTAC_to_TCGA,23,coral_pca_hgb,9f0a0548-e8b4-4c44-94e7-9d5e793e5601,LAML,1.6094379124341005,2.0224123453731906
CPTAC_to_TCGA,23,coral_pca_hgb,dc2208d9-dcb3-47ff-826b-676f199b8ccd,KIRC,3.970291913552122,4.125138714914791
CPTAC_to_TCGA,23,coral_pca_hgb,cbe0bd4a-02b7-43e7-b08e-2b0f13560eaf,UCEC,5.147494476813453,4.646447732899893
CPTAC_to_TCGA,23,coral_pca_hgb,758b70f6-8064-4f43-aabe-e5f968fe2955,PAAD,3.044522437723423,3.2430008856968153
CPTAC_to_TCGA,23,coral_pca_hgb,2a2f168c-f93a-4e83-8df2-93a3e7bc06a0,KIRC,3.49650756146648,3.9899616658000436
CPTAC_to_TCGA,23,coral_pca_hgb,916ccf0d-02ef-4ccb-824b-6b4294095a08,UCEC,3.555348061489413,4.5451113765718825
CPTAC_to_TCGA,23,coral_pca_hgb,a0339182-2fd6-459d-9703-422474222e76,GBM,2.772588722239781,3.8825197404037297
CPTAC_to_TCGA,23,coral_pca_hgb,865cda60-ec30-4562-b681-0e90737a97ca,LAML,1.3862943611198906,1.5517658860762753
CPTAC_to_TCGA,23,coral_pca_hgb,2bc5b2ec-aa8f-4889-9d92-d27f96c9fda1,KIRC,3.87120101090789,4.459716203269281
CPTAC_to_TCGA,23,coral_pca_hgb,c35d97f8-1b70-4fbd-a603-9230b3ba7952,SKCM,5.545177444479562,5.6303667086382045
CPTAC_to_TCGA,23,coral_pca_hgb,bcc72cf4-90ce-466e-a683-bb0ebfb3cf82,GBM,3.6635616461296463,3.188000566536323
CPTAC_to_TCGA,23,coral_pca_hgb,e604f5d4-f2c0-4404-9073-b8dbc8396778,UCEC,3.4657359027997265,4.153708382534555
CPTAC_to_TCGA,23,coral_pca_hgb,8504fd86-a70a-4cba-9ec8-25c9e60ca549,LUAD,6.113682179832232,4.715821739155042
CPTAC_to_TCGA,23,coral_pca_hgb,98ef41fa-3015-445a-bbdc-984361c911f7,LUAD,6.450470422144176,4.033631199484139
CPTAC_to_TCGA,23,coral_pca_hgb,927fc5e0-2c14-4c20-a49b-f10d8a1175c3,LUAD,6.453624998892692,4.781503546434547
CPTAC_to_TCGA,23,coral_pca_hgb,06c427a1-8c2d-4003-b744-139114a04440,GBM,3.1780538303479458,3.4681307380714688
CPTAC_to_TCGA,23,coral_pca_hgb,fb7475df-30cc-4316-b9ac-37cbeeb6ba2b,UCEC,5.993961427306569,6.1634894309094905
CPTAC_to_TCGA,23,coral_pca_hgb,7fc6b44d-ae66-409c-98e1-c1a518c33e95,KIRC,4.060443010546419,3.935593071791991
CPTAC_to_TCGA,23,coral_pca_hgb,ceb7cd9a-9cb1-42f2-a4ab-0b4381e2b85b,KIRC,3.970291913552122,4.198602293355248
CPTAC_to_TCGA,23,coral_pca_hgb,2fabeb98-05e3-4f55-97f5-fbc675e25a3d,LUAD,4.219507705176107,5.1125090752426985
CPTAC_to_TCGA,23,coral_pca_hgb,ff07ea4b-4e50-410d-99d6-96a351dad7b1,LUAD,5.75890177387728,5.602046771864875
CPTAC_to_TCGA,23,coral_pca_hgb,e8e43a65-4ec8-4e07-a884-a6989eec28cc,GBM,4.158883083359672,3.705081888521381
CPTAC_to_TCGA,23,coral_pca_hgb,3e1df30f-744a-41e9-a169-7dbbff66622e,LUAD,6.045005314036012,5.921795820611624
CPTAC_to_TCGA,23,coral_pca_hgb,9aa63985-16ba-4d43-a6ec-4a35f2ff6513,KIRC,3.6375861597263857,3.9061076327961053
CPTAC_to_TCGA,23,coral_pca_hgb,b6d4e2d5-5739-4be3-8a4c-6e7a17d1d40f,KIRC,3.49650756146648,4.119139162313809
CPTAC_to_TCGA,23,coral_pca_hgb,69fb3eff-a32c-48e1-aab8-645ef31d163a,KIRC,4.060443010546419,4.068549746246329
CPTAC_to_TCGA,23,coral_pca_hgb,1d3a03a5-b757-4617-b65a-50f429a0e026,STAD,6.665683717782408,6.908302822695952
CPTAC_to_TCGA,23,coral_pca_hgb,396ff766-a383-4f42-bce3-f2f32b7f1151,PAAD,4.465908118654584,2.5309626741707625
CPTAC_to_TCGA,23,coral_pca_hgb,21814c02-6aa5-4b98-8fd8-41ca0b04ccd2,PAAD,3.828641396489095,4.56195324815483
CPTAC_to_TCGA,23,coral_pca_hgb,fce4e670-84be-4592-ae6c-2b7a59218110,STAD,5.123963979403259,5.134836132095849
CPTAC_to_TCGA,23,coral_pca_hgb,dd46c83e-6551-485b-b935-f3beed891244,LUAD,4.762173934797756,5.347995558451482
CPTAC_to_TCGA,23,coral_pca_hgb,e51f717f-72e8-400e-9f35-fc5dc32fdf71,LUAD,5.093750200806762,5.011047028169956
CPTAC_to_TCGA,23,coral_pca_hgb,e0a19099-5d25-40df-ad73-6260df3a1b32,LUAD,4.532599493153256,4.5451805357809345
CPTAC_to_TCGA,23,coral_pca_hgb,d1547b99-3c96-4c62-8261-5111bcf860a9,GBM,4.890349128221754,3.937029985985541
CPTAC_to_TCGA,23,coral_pca_hgb,f4a7f2ff-be76-48d3-9f59-9223db33680e,UCEC,3.5263605246161616,4.380531818023526
CPTAC_to_TCGA,23,coral_pca_hgb,16bde24f-61b8-458d-aca3-df4806abbd1b,UCEC,8.309676895987726,5.844295908062725
CPTAC_to_TCGA,23,coral_pca_hgb,1f1df7ea-00b9-4432-86de-da773d1451e5,LUAD,6.102558594613569,5.354991887801546
CPTAC_to_TCGA,23,coral_pca_hgb,c650b1ff-8a4c-4ee9-b7c1-268c28c83827,LUAD,6.821107472256465,5.226860836123649
CPTAC_to_TCGA,23,coral_pca_hgb,6e9e5e05-2bf8-4724-8e31-241f517289de,KIRC,3.80666248977032,4.082738106372489
CPTAC_to_TCGA,23,coral_pca_hgb,50dc9c63-c491-4afc-ab12-74b40eba58b6,SKCM,5.049856007249537,5.4999065307427255
CPTAC_to_TCGA,23,coral_pca_hgb,34f216fb-09dc-48af-9e09-7d12cc07c1f7,GBM,3.610917912644224,4.217509797333136
CPTAC_to_TCGA,23,coral_pca_hgb,1fe937f7-b4e5-4cf6-be9b-215a012533c6,PAAD,0.6931471805599453,3.2432718525012114
CPTAC_to_TCGA,23,coral_pca_hgb,737b35e1-d668-4fce-9b6e-76946c7952b6,GBM,3.87120101090789,3.899325861262115
CPTAC_to_TCGA,23,coral_pca_hgb,23908554-b98e-4ff8-98e7-dee3e2c5feaf,PAAD,2.8903717578961645,3.6283541821316017
CPTAC_to_TCGA,23,coral_pca_hgb,8b119d1c-6d21-4bbd-8a00-12da7b97d6c4,LUAD,4.143134726391533,4.923311952156091
CPTAC_to_TCGA,23,coral_pca_hgb,1412ed30-82b3-4a89-9d19-f04196dc3a9c,SKCM,4.158883083359672,5.245361234532952
CPTAC_to_TCGA,23,coral_pca_hgb,2a43e61e-2151-4c5a-b062-74ce9dfd8d4a,LUAD,5.4510384535657,5.1339193510871395
CPTAC_to_TCGA,23,coral_pca_hgb,e254aaeb-012c-4d92-8a03-cce1f6a2bcd6,LUAD,3.1780538303479458,4.44962636902559
CPTAC_to_TCGA,23,coral_pca_hgb,456bcab3-165d-456f-94e3-f34f81a61d2e,GBM,6.269096283706261,3.597083113838021
CPTAC_to_TCGA,23,coral_pca_hgb,64690c6f-80cf-4a87-932c-7d7b3d0fbf6f,SKCM,4.23410650459726,5.601411517080886
CPTAC_to_TCGA,23,coral_pca_hgb,0403e788-27f1-4205-9e73-ade13b8df1e0,STAD,4.219507705176107,4.252570678051306
CPTAC_to_TCGA,23,coral_pca_hgb,4cf1e489-dd24-4227-b306-4bc5266a224c,LAML,1.791759469228055,1.702505481066583
CPTAC_to_TCGA,23,coral_pca_hgb,cb262c7c-2646-45e3-bea9-376e48eefe65,LAML,1.3862943611198906,1.7511157081376039
CPTAC_to_TCGA,23,coral_pca_hgb,99c35245-e1c8-4805-b7a5-f703bb506030,LUAD,5.342334251964811,5.387879116572514
CPTAC_to_TCGA,23,coral_pca_hgb,9ca1a26c-82e0-48b3-b3bb-2ed57086eeb1,LUAD,3.091042453358316,3.837779393834031
CPTAC_to_TCGA,23,coral_pca_hgb,f7dd387f-eca9-4028-b296-2ca6d56d3bde,GBM,3.7612001156935615,3.8312778778141543
CPTAC_to_TCGA,23,coral_pca_hgb,3434b91a-c05f-460f-a078-7b1bb6e7085d,LUAD,7.247792581767846,5.115473332687599
CPTAC_to_TCGA,23,coral_pca_hgb,69285f58-9b70-4262-acc0-8cf3d47540c3,PAAD,0.6931471805599453,3.350019255910902
CPTAC_to_TCGA,23,coral_pca_hgb,7a1d9862-910b-403e-9eab-697dc65618c7,PAAD,3.1780538303479458,3.736893754534516
CPTAC_to_TCGA,23,coral_pca_hgb,e4787c7b-40e7-483c-98c0-38da03e26b56,UCEC,3.6635616461296463,4.127345584556528
CPTAC_to_TCGA,23,coral_pca_hgb,9c7875ad-ab71-4d48-b2e3-e4c7a46393e9,LUAD,4.605170185988092,4.878973533888821
CPTAC_to_TCGA,23,coral_pca_hgb,0bbfeec1-fbae-4c92-ae90-60ba39303bd8,KIRC,3.49650756146648,3.7951005124110093
CPTAC_to_TCGA,23,coral_pca_hgb,e5cb0c86-8fe2-4cfc-b32b-e8ec3839ffc4,LUAD,5.8805329864007,4.376898634182969
CPTAC_to_TCGA,23,coral_pca_hgb,b1c4579c-72fa-4974-830c-b6a81ace45f4,GBM,4.07753744390572,3.726595131219695
CPTAC_to_TCGA,23,coral_pca_hgb,93a337ae-2bd3-4464-b38f-93dff92d3fde,STAD,4.605170185988092,4.065077990325228
CPTAC_to_TCGA,23,coral_pca_hgb,4d856b5d-a59b-45f2-a9b2-4d43ec8a20e4,KIRC,4.343805421853684,4.190373207932104
CPTAC_to_TCGA,23,coral_pca_hgb,6ccd4657-ffa3-4e82-929f-9a7366a89578,KIRC,3.9889840465642745,3.8524783120237966
CPTAC_to_TCGA,23,coral_pca_hgb,7739f659-0e25-4404-ad25-ee52fbbcfd44,STAD,7.407924322559599,6.061782963636116
CPTAC_to_TCGA,23,coral_pca_hgb,3bd6badb-27ff-4d8d-b206-4d28dc264862,LUAD,5.0369526024136295,4.297942096105911
CPTAC_to_TCGA,23,coral_pca_hgb,39609d3c-f5d3-4bc4-b356-1403c6dd1cb5,UCEC,3.7612001156935615,4.1449898493066035
CPTAC_to_TCGA,23,coral_pca_hgb,a93c47a9-65b5-4785-af4f-a2078db4514e,UCEC,6.013715156042802,5.231917968171817
CPTAC_to_TCGA,23,coral_pca_hgb,197ac33e-d5df-40de-92f2-6ef7fe2ad6dd,SKCM,5.455321115357702,5.194606296682704
CPTAC_to_TCGA,23,coral_pca_hgb,44ef426e-b67d-4b49-80a3-86681b9abf1a,GBM,4.330733340286331,4.248837207372842
CPTAC_to_TCGA,23,coral_pca_hgb,b14f2fcb-e869-475e-bc7c-adaf6e7e636f,STAD,4.143134726391533,4.124793150043619
CPTAC_to_TCGA,23,coral_pca_hgb,b60f22ac-a659-4f33-b01d-820e86a9a5c9,UCEC,4.74493212836325,4.302461039021287
CPTAC_to_TCGA,23,coral_pca_hgb,dfe9d2bd-2317-4103-b493-41c5469e08a0,SKCM,5.525452939131784,4.998684149610643
CPTAC_to_TCGA,23,coral_pca_hgb,be3a7ef3-34ed-40e1-9d9c-187940596b26,GBM,4.007333185232471,3.885572499876364
CPTAC_to_TCGA,23,coral_pca_hgb,21941181-8ed5-4211-867d-516ad09fbe06,UCEC,3.737669618283368,3.9917901123591215
CPTAC_to_TCGA,23,coral_pca_hgb,082e32c5-7f82-466a-b52d-a3293a8f8e57,UCEC,3.4339872044851463,4.678630626597763
CPTAC_to_TCGA,23,coral_pca_hgb,1d276b62-5e64-48fb-b2ce-5192b511fe37,LUAD,4.983606621708336,4.580866340849628
CPTAC_to_TCGA,23,coral_pca_hgb,0628cb4a-c480-4b2f-bd2e-bb33e6994302,GBM,3.784189633918261,4.346187064041138
CPTAC_to_TCGA,23,coral_pca_hgb,15340dd3-84ae-49fb-989a-eb212f3e73da,LUAD,5.117993812416755,4.2600804277370115
CPTAC_to_TCGA,23,coral_pca_hgb,ebc25a41-becb-4395-ae33-483a304b07d8,UCEC,3.4011973816621555,3.8852806684731807
CPTAC_to_TCGA,23,coral_pca_hgb,5722df9f-5631-476d-a11b-b3c1e9a40fbf,KIRC,3.8918202981106265,4.177567279447949
CPTAC_to_TCGA,23,coral_pca_hgb,888ef0fc-fc84-4afb-a369-695fee5ae4f6,SKCM,4.897839799950911,4.979745250497057
CPTAC_to_TCGA,23,coral_pca_hgb,a6635058-4498-463c-9bbc-1009dda3308c,STAD,5.225746673713202,4.546999895066689
CPTAC_to_TCGA,23,coral_pca_hgb,59278f79-4f42-4d1c-9007-3958486042fc,KIRC,4.406719247264253,4.202819743735341
CPTAC_to_TCGA,23,coral_pca_hgb,bf632368-8ce7-4b4b-8842-d1b1801e62ef,UCEC,8.79133399330135,5.481892271504817
CPTAC_to_TCGA,23,coral_pca_hgb,e499069b-a16a-49e9-941a-e3e9ea62af25,LUAD,3.87120101090789,5.673938224416933
CPTAC_to_TCGA,23,coral_pca_hgb,314d9188-c8fd-43fc-905d-b6889de542c8,GBM,2.302585092994046,4.274260717699231
CPTAC_to_TCGA,23,coral_pca_hgb,f384eb3f-92ab-4327-87eb-45b5f72a1580,UCEC,3.8501476017100575,5.025042172463561
CPTAC_to_TCGA,23,coral_pca_hgb,722a3067-2b68-442f-a333-540ab085af32,STAD,4.418840607796598,5.22253605854163
CPTAC_to_TCGA,23,coral_pca_hgb,e095a927-d985-4fbd-8093-46c1c6ace4de,UCEC,3.784189633918261,3.410261035896713
CPTAC_to_TCGA,23,coral_pca_hgb,b2e2d35c-7a79-4165-97a5-82d5c37d94f2,STAD,3.970291913552122,5.326152030679541
CPTAC_to_TCGA,23,coral_pca_hgb,d5fe3b27-c6a6-4a35-a173-3f7b73c2ed14,LAML,2.19722457733622,1.6638482889831108
CPTAC_to_TCGA,23,coral_pca_hgb,c0fdb152-25d2-404b-bec7-a43ece381f5b,LUAD,5.0238805208462765,4.6433680481397515
CPTAC_to_TCGA,23,coral_pca_hgb,878d1caa-c4d8-4864-888c-310a0c1ee898,KIRC,4.605170185988092,4.3521729727251435
CPTAC_to_TCGA,23,coral_pca_hgb,81a7f6a2-e44c-43d6-b687-01158eaf44ee,STAD,4.454347296253507,3.715180205824128
CPTAC_to_TCGA,23,coral_pca_hgb,79a68b32-29a3-47bf-9b2b-643ec7323d73,GBM,4.143134726391533,4.061707438025443
CPTAC_to_TCGA,23,coral_pca_hgb,f9e36bc2-484f-48e8-82ba-99026957277a,SKCM,5.655991810819852,5.948622325665381
CPTAC_to_TCGA,23,coral_pca_hgb,cfda26b9-d417-425c-9a72-fa76ca4b296c,PAAD,2.5649493574615367,2.402336801818092
CPTAC_to_TCGA,23,coral_pca_hgb,552712d3-da16-441e-ba93-11810793d598,LUAD,5.484796933490655,4.721045109308903
CPTAC_to_TCGA,23,coral_pca_hgb,1eb2038d-3b4f-4da2-964b-e629ea068215,STAD,4.0943445622221,4.418230247503091
CPTAC_to_TCGA,23,coral_pca_hgb,59f49821-412c-4945-b9e2-be0dcc8bf8bf,KIRC,3.9318256327243257,3.955292850884028
CPTAC_to_TCGA,23,coral_pca_hgb,74844571-c5a3-4a14-ac19-c7c1ce40259b,KIRC,4.04305126783455,3.834690033266498
CPTAC_to_TCGA,23,coral_pca_hgb,9dbd2ef7-77da-42ef-90d2-8d30b4330f94,LAML,1.0986122886681096,1.7812850240873648
CPTAC_to_TCGA,23,coral_pca_hgb,95a4f9f6-d6c7-4d9d-ae34-e4a91d8927e9,LAML,1.0986122886681096,2.526945854563393
CPTAC_to_TCGA,23,coral_pca_hgb,fe714ac0-f874-426a-924b-a2980232b5f7,LUAD,5.998936561946683,5.450099055864474
CPTAC_to_TCGA,23,coral_pca_hgb,e9a98a44-83f2-490c-b053-1e953ebd4e7e,STAD,3.9318256327243257,4.979680054578067
CPTAC_to_TCGA,23,coral_pca_hgb,8ed08632-b5b3-4be3-bd71-999456fa2d23,KIRC,3.970291913552122,3.864298058684554
CPTAC_to_TCGA,23,coral_pca_hgb,eff7f13b-ed32-4e85-a8d0-831b655d773f,GBM,3.828641396489095,3.603328659837426
CPTAC_to_TCGA,23,coral_pca_hgb,ccfdad76-cc45-447f-bed8-ede8f6a8844d,LUAD,5.187385805840755,4.9006648066141665
CPTAC_to_TCGA,23,coral_pca_hgb,12c4c4f1-5880-4bf9-9945-80bf45415de6,KIRC,3.555348061489413,4.118054784490653
CPTAC_to_TCGA,23,coral_pca_hgb,d6ea5cec-97bf-4c0f-85bf-293d463b0586,KIRC,3.367295829986474,3.9678088942212626
CPTAC_to_TCGA,23,coral_pca_hgb,3264459c-adeb-486e-ab8f-274574441593,PAAD,3.49650756146648,3.499764999075812
CPTAC_to_TCGA,23,coral_pca_hgb,7b4e529f-5ed9-4a81-94e6-7a62d604d46d,KIRC,3.87120101090789,3.7892341170572474
CPTAC_to_TCGA,23,coral_pca_hgb,05c4d180-a571-4abb-bbdc-7363269dc0a6,STAD,1.0986122886681096,4.6565266144654
CPTAC_to_TCGA,23,coral_pca_hgb,21bd7197-2504-4710-8c13-a9da9f71b0d5,LAML,0.6931471805599453,1.2082672236118261
CPTAC_to_TCGA,23,coral_pca_hgb,f5bd3902-ff7f-4233-8f74-beef3676af9a,UCEC,4.127134385045092,4.556052820732257
CPTAC_to_TCGA,23,coral_pca_hgb,bd73ed94-5f4f-4eb3-8b9b-391af4422d0e,PAAD,3.610917912644224,3.861109318449954
CPTAC_to_TCGA,23,coral_pca_hgb,a7fd6522-8953-461f-9e5f-fdeb7d180d46,UCEC,4.158883083359672,5.2208959736341995
CPTAC_to_TCGA,23,coral_pca_hgb,638b78d6-4523-4dd3-8d8a-8c46682f3fd1,LAML,2.4849066497880004,1.816190962923674
CPTAC_to_TCGA,23,coral_pca_hgb,8214a0d1-5e2d-4a7a-acb1-e5580755db83,LUAD,3.80666248977032,4.221673025618049
CPTAC_to_TCGA,23,coral_pca_hgb,53e8e07e-18f9-4c9b-9783-a5b67ceddcf7,UCEC,9.356170820187725,6.039922798631154
CPTAC_to_TCGA,23,coral_pca_hgb,e865d40a-9989-436c-8426-88cc84c863e8,KIRC,4.189654742026425,3.835461602545504
CPTAC_to_TCGA,23,coral_pca_hgb,c991697f-77f9-412a-9bd1-0e47f7387cb2,STAD,3.295836866004329,4.932341276771492
CPTAC_to_TCGA,23,coral_pca_hgb,ca2da39a-263c-4238-9826-de7d52e63d0f,PAAD,3.091042453358316,3.1946697683208525
CPTAC_to_TCGA,23,coral_pca_hgb,326745d8-98ca-4f4d-b217-96aea9faa1ad,KIRC,3.58351893845611,3.9339386974750243
CPTAC_to_TCGA,23,coral_pca_hgb,d5326429-9805-47f9-97b0-fbda658e3f01,LUAD,4.605170185988092,4.463072979617452
CPTAC_to_TCGA,23,coral_pca_hgb,1b391187-1d9a-4428-ba9a-ef1800f17d3e,STAD,4.584967478670572,5.140823587605143
CPTAC_to_TCGA,23,coral_pca_hgb,69d0a566-5fbf-45f6-a240-649b06868e27,GBM,3.713572066704308,4.4663234889106755
CPTAC_to_TCGA,23,coral_pca_hgb,4c2e6abf-02e1-4ef7-a0be-6a6d4069581d,UCEC,9.14141892650976,6.431350579060573
CPTAC_to_TCGA,23,coral_pca_hgb,8f9be4e3-a1e5-4fa3-8d31-a53de781ed97,STAD,4.532599493153256,4.497775346029261
CPTAC_to_TCGA,23,coral_pca_hgb,e6daa4fa-dcf7-4698-b13f-fdfa4eda6943,STAD,4.060443010546419,5.875401617529921
CPTAC_to_TCGA,23,coral_pca_hgb,8b93bdb4-b64b-4940-a814-f5b3f5ae56cc,SKCM,6.154858094016418,4.932357070660115
CPTAC_to_TCGA,23,coral_pca_hgb,588abaea-ab16-42f4-9457-5901ee791b5f,STAD,8.193400231952097,6.169477988483352
CPTAC_to_TCGA,23,coral_pca_hgb,2188c194-dfe4-4471-9b8b-050db1a1062c,GBM,4.189654742026425,3.183982423831481
CPTAC_to_TCGA,23,coral_pca_hgb,aa3ad7c0-37cf-4337-945e-cefeee801bbb,UCEC,4.174387269895637,4.471522113079511
CPTAC_to_TCGA,23,coral_pca_hgb,7340f325-579f-4b90-96aa-3a7b362129ca,GBM,4.454347296253507,4.371087410951769
CPTAC_to_TCGA,23,coral_pca_hgb,2cd8ea73-cb3f-4b17-9b97-fa12eb03b85b,LUAD,4.997212273764115,4.753235137969738
CPTAC_to_TCGA,23,coral_pca_hgb,a9597785-a1d3-4788-a431-d25d69025690,GBM,3.828641396489095,4.045486864861109
CPTAC_to_TCGA,23,coral_pca_hgb,ab8d7f84-dd71-42c7-9471-4db967a9c89c,LUAD,3.8501476017100575,4.521079231811008
CPTAC_to_TCGA,23,coral_pca_hgb,8e225f5f-49c1-4a39-a8b5-41fea6a79819,UCEC,6.432940092739179,5.361921970266924
CPTAC_to_TCGA,23,coral_pca_hgb,08a8eec3-c97a-4493-a7de-b2a686b4df67,KIRC,3.4657359027997265,3.1452196222273163
CPTAC_to_TCGA,23,coral_pca_hgb,7b7d2d2b-abe6-4f32-add0-3715096995d1,UCEC,7.080026499922591,4.714015615736815
CPTAC_to_TCGA,23,coral_pca_hgb,c0b684d1-b96c-4420-9285-172402b7b123,UCEC,7.9672801789422,4.720732894497248
CPTAC_to_TCGA,23,coral_pca_hgb,5134c56f-8286-4ec8-8348-237cee7dad5e,LUAD,3.218875824868201,5.215576551149223
CPTAC_to_TCGA,23,coral_pca_hgb,9aa8c2b4-db32-4899-bf0c-d578cb175e90,UCEC,3.951243718581428,4.317547196103856
CPTAC_to_TCGA,23,coral_pca_hgb,ccd44d97-f0d5-47cd-9c12-af458c750d23,KIRC,3.5263605246161616,4.0756503279267156
CPTAC_to_TCGA,23,coral_pca_hgb,652a39f0-c539-4303-bedc-f0d7f4669d9f,GBM,3.7612001156935615,4.293642076959929
CPTAC_to_TCGA,23,coral_pca_hgb,1c339545-c08a-4a77-b8e9-a7e49e53853f,LUAD,3.8501476017100575,4.49205216534654
CPTAC_to_TCGA,23,coral_pca_hgb,e8c7195b-a26b-4d98-b1c5-0aa18385e9c8,UCEC,5.993961427306569,5.525298097056791
CPTAC_to_TCGA,23,coral_pca_hgb,008ddf20-f7fb-4673-b2ed-b5d5212fbf09,LAML,0.6931471805599453,2.1543448687251976
CPTAC_to_TCGA,23,coral_pca_hgb,1b31d2e9-5b05-4fff-88d6-3a95bf8f8d43,PAAD,2.5649493574615367,3.253437069698419
CPTAC_to_TCGA,23,coral_pca_hgb,c4f8f33f-a07c-4dfb-be24-c52d577bd640,UCEC,3.044522437723423,4.810607240435749
CPTAC_to_TCGA,23,coral_pca_hgb,748e38b1-2ead-4a0a-8881-d640617b856b,UCEC,5.313205979041787,4.251410554153509
CPTAC_to_TCGA,23,coral_pca_hgb,8520654b-2192-46cf-9d72-1ddb885a7c55,STAD,7.174724309836376,4.719452255646491
CPTAC_to_TCGA,23,coral_pca_hgb,8f2d3495-8ce7-4f6e-a41d-8cfae5750937,UCEC,6.393590753950631,6.820927075780656
CPTAC_to_TCGA,23,coral_pca_hgb,d70b3c6e-04da-4abc-a832-a461e4cfcc94,UCEC,3.258096538021482,4.734796412405585
CPTAC_to_TCGA,23,coral_pca_hgb,4adc20d7-5af1-4126-9073-c7d7ae465d92,UCEC,3.332204510175204,3.787581398898724
CPTAC_to_TCGA,23,coral_pca_hgb,dcfbe781-a92a-45b5-b80a-e3bb3bdc0d9a,UCEC,9.380251908693456,5.973977162920293
CPTAC_to_TCGA,23,coral_pca_hgb,ddeacccf-0953-4952-8a4e-c2617f2e7bcc,LUAD,3.610917912644224,4.066958939196311
CPTAC_to_TCGA,23,coral_pca_hgb,1030a6b9-0df8-4d60-b69f-2a36e630a6ad,GBM,3.713572066704308,4.402970185472797
CPTAC_to_TCGA,23,coral_pca_hgb,8ca597db-ac21-43d1-9329-586b2eaf6982,STAD,4.736198448394496,5.191822851289475
CPTAC_to_TCGA,23,coral_pca_hgb,3972ae59-114d-4e5d-89fa-f7675da417ab,KIRC,3.8918202981106265,4.079113413176369
CPTAC_to_TCGA,23,coral_pca_hgb,a59a79fd-433d-44dc-9601-4c63d599ab28,UCEC,4.304065093204169,5.3424668560266655
CPTAC_to_TCGA,23,coral_pca_hgb,b8588e0f-aad6-4ded-845e-3cff67a48d8f,UCEC,3.8918202981106265,4.493548313443718
CPTAC_to_TCGA,23,coral_pca_hgb,9da5ecd0-a287-4e67-84b6-af9077a98009,UCEC,5.883322388488279,5.093589125999408
CPTAC_to_TCGA,23,coral_pca_hgb,9b38eded-3f46-4aaa-9991-68008d97bdbe,LUAD,6.807934943699926,5.636824210975958
CPTAC_to_TCGA,23,coral_pca_hgb,b5c1e511-baf2-45b3-9919-110e8941e3c2,UCEC,6.822197390620491,5.437974110554842
CPTAC_to_TCGA,23,coral_pca_hgb,a28cfa95-5a99-40f3-928e-7a94f2492d2c,PAAD,3.367295829986474,2.7320935604199774
CPTAC_to_TCGA,23,coral_pca_hgb,41e14a71-95df-46d3-a357-a227a00029cf,UCEC,3.49650756146648,4.3542919732665855
CPTAC_to_TCGA,23,coral_pca_hgb,c6d78e27-e510-4f57-abae-19efa6105a8d,LUAD,5.010635294096256,4.816096768258258
CPTAC_to_TCGA,23,coral_pca_hgb,a3cc2845-8a44-4b50-8a3e-17a3c2c3e077,GBM,3.332204510175204,3.7113731566439996
CPTAC_to_TCGA,23,coral_pca_hgb,6d271451-affa-4c76-bce5-6bf8622d83a9,LAML,1.0986122886681096,1.330350185907476
CPTAC_to_TCGA,23,coral_pca_hgb,a45a2343-f425-4e62-9049-7782733b6234,UCEC,3.87120101090789,5.093755421292185
CPTAC_to_TCGA,23,coral_pca_hgb,c53d66d9-ad9a-417e-a441-df5bcf1ae13f,PAAD,0.0,3.02504282839531
CPTAC_to_TCGA,23,coral_pca_hgb,4310a287-5f01-4e0d-94e3-96c5379c3245,STAD,6.280395838960195,4.892771933143363
CPTAC_to_TCGA,23,coral_pca_hgb,5c73b91a-2bee-4388-854c-1c3a6ae732db,KIRC,3.4011973816621555,4.0678356392829
CPTAC_to_TCGA,23,coral_pca_hgb,ac216bb5-15e4-4462-955e-8a522380690e,UCEC,3.1780538303479458,4.384771655994983
CPTAC_to_TCGA,23,coral_pca_hgb,13e5a0ad-6d0c-4fb4-bf62-325f5c8ed329,STAD,4.709530201312334,4.774152233499045
CPTAC_to_TCGA,23,coral_pca_hgb,7093024b-cf56-4783-b973-b72573ed7f2b,LUAD,4.61512051684126,5.497338143963875
CPTAC_to_TCGA,23,coral_pca_hgb,d23d354d-04b0-4ff4-bd83-6a2d1ecf3b47,KIRC,3.4011973816621555,3.820594887836006
CPTAC_to_TCGA,23,coral_pca_hgb,620282f9-f932-4335-9c7d-ece53dcaf7a1,GBM,3.5263605246161616,4.508922509601973
CPTAC_to_TCGA,23,coral_pca_hgb,aa2934f9-8783-428e-88a6-1d04b93fa1fd,STAD,4.927253685157205,4.491424363127298
CPTAC_to_TCGA,23,coral_pca_hgb,c26002e7-abf1-42b9-bf36-0e97249d872f,PAAD,3.1780538303479458,3.474425304925361
CPTAC_to_TCGA,23,coral_pca_hgb,22b6724c-a59f-4796-8166-992253e8caf1,KIRC,4.356708826689592,4.225341482023402
CPTAC_to_TCGA,23,coral_pca_hgb,cad2adc1-0f41-4651-9c80-ae9961e2dc8d,STAD,3.7612001156935615,5.395801444101574
CPTAC_to_TCGA,23,coral_pca_hgb,2d750c67-24a2-4b12-b4f2-dbd65f2f27f0,UCEC,4.060443010546419,4.373575535575886
CPTAC_to_TCGA,23,coral_pca_hgb,2f1a4b16-104c-40eb-8114-8245847bb716,LUAD,6.184148890937483,4.826342588166919
CPTAC_to_TCGA,23,coral_pca_hgb,2f1b96b2-7031-4f7d-9490-14728d320f3e,STAD,5.043425116919247,5.650536156864244
CPTAC_to_TCGA,23,coral_pca_hgb,11c2e619-8aeb-4f86-b03b-78f9a8099263,LUAD,4.948759890378168,4.705448126221315
CPTAC_to_TCGA,23,coral_pca_hgb,e7e667be-9b31-4870-9c38-740098f37213,UCEC,6.921658184151129,4.903683903682656
CPTAC_to_TCGA,23,coral_pca_hgb,681b1176-9676-44d3-892c-1d5dba1ce25b,LUAD,3.1354942159291497,3.5955011336410765
CPTAC_to_TCGA,23,coral_pca_hgb,cca5717d-226d-4390-a99b-c7aed6d9d70e,UCEC,5.968707559985366,6.103285014364583
CPTAC_to_TCGA,23,coral_pca_hgb,439794a8-51bd-4c70-968c-34cf26b90148,KIRC,3.4339872044851463,3.9483511228858346
CPTAC_to_TCGA,23,coral_pca_hgb,1dcf33e9-4c9b-4b2b-914e-15e6be5dcd07,UCEC,6.576469569048224,5.077797747285611
CPTAC_to_TCGA,23,coral_pca_hgb,6092bd5c-e97c-4a77-a4ad-c87623b17507,LUAD,4.859812404361672,4.420977375954442
CPTAC_to_TCGA,23,coral_pca_hgb,fedcaa7b-ec9d-4bae-a8ac-af10fbf3e568,KIRC,4.330733340286331,4.3449790576285245
CPTAC_to_TCGA,23,coral_pca_hgb,12df24c6-1229-4777-ad90-7dd66259b65f,UCEC,6.333279628139691,4.233305089381365
CPTAC_to_TCGA,23,coral_pca_hgb,0119eab6-00e7-4346-aa52-cbbeeba3621d,UCEC,3.737669618283368,4.441320860988323
CPTAC_to_TCGA,23,coral_pca_hgb,75589307-f141-4d0d-b35d-adbbc77b3dec,LUAD,5.1647859739235145,4.143887334199873
CPTAC_to_TCGA,23,coral_pca_hgb,87c217d4-66f4-46ca-8244-7856ce658fd3,STAD,4.110873864173311,5.385449241808497
CPTAC_to_TCGA,23,coral_pca_hgb,827453a9-7388-4336-9ac5-4defcb904607,GBM,3.87120101090789,3.816614277431713
CPTAC_to_TCGA,23,coral_pca_hgb,a45a91f6-55a5-4a5e-ba54-0ac0b4e87d8c,LAML,1.3862943611198906,1.8203365138743894
CPTAC_to_TCGA,23,coral_pca_hgb,8b6b1cbf-dedb-4c99-8f75-eafbe5c43592,SKCM,3.4657359027997265,5.53880489962071
CPTAC_to_TCGA,23,coral_pca_hgb,a8f38e37-978b-4435-b676-e8d4c34da909,UCEC,3.8918202981106265,4.906972673576757
CPTAC_to_TCGA,23,coral_pca_hgb,c63ae423-c90a-4cf4-aa42-653bb8fa3e69,STAD,4.382026634673881,4.3133325232825515
CPTAC_to_TCGA,23,coral_pca_hgb,a534b96b-1665-444a-9308-e610f2f0e510,LUAD,5.616771097666572,5.068364913456134
CPTAC_to_TCGA,23,coral_pca_hgb,73512f9d-c6e4-446f-8e31-666c6af44da5,KIRC,3.6375861597263857,4.037925181889885
CPTAC_to_TCGA,23,coral_pca_hgb,88fc4bc4-32cf-4d92-8c29-20d920b8f719,KIRC,4.31748811353631,4.032826306136022
CPTAC_to_TCGA,23,coral_pca_hgb,fe1f95a3-a6c2-4a39-8586-f8a70e975dd4,KIRC,3.688879454113936,3.6705533313429664
CPTAC_to_TCGA,23,coral_pca_hgb,6e3b6b72-142d-4b8d-a462-28a205796e41,LUAD,6.82001636467413,4.149393199415447
CPTAC_to_TCGA,23,coral_pca_hgb,ef6f6553-2575-457e-bc07-401215e54759,GBM,4.060443010546419,3.370874227432582
CPTAC_to_TCGA,23,coral_pca_hgb,cb4394ec-1991-460d-b823-b74e005e3da7,STAD,4.584967478670572,4.6588571701234285
CPTAC_to_TCGA,23,coral_pca_hgb,077bdc90-1bbd-49ec-93a5-729b1ac1ba8d,UCEC,6.695798917058491,5.480802174580882
CPTAC_to_TCGA,23,coral_pca_hgb,b5f51cf6-1013-4d4b-aff1-4b7e8f6afd9c,KIRC,3.555348061489413,4.129327935308414
CPTAC_to_TCGA,23,coral_pca_hgb,68c0bc1b-3195-4ed6-8345-3ca53dfc54fc,PAAD,2.079441541679836,2.8782397612214643
CPTAC_to_TCGA,23,coral_pca_hgb,95edfabe-0b35-4cdd-aed4-e2234d806f35,STAD,5.488937726156687,5.537958924318649
CPTAC_to_TCGA,23,coral_pca_hgb,09066fbf-6a1d-46c9-a4c5-c53340c3d1ba,UCEC,5.58724865840025,5.243039111869657
CPTAC_to_TCGA,23,coral_pca_hgb,d46d5af5-62ae-43eb-a885-4c078e0c956e,UCEC,3.6375861597263857,3.2412570075875258
CPTAC_to_TCGA,23,coral_pca_hgb,0a1eea76-e19a-4547-9b24-abf7051cc4db,LUAD,5.468060141135132,4.560123923785238
CPTAC_to_TCGA,23,coral_pca_hgb,71ed7d6d-8c44-4d37-a04a-7a78df21e514,UCEC,3.044522437723423,3.3564800541231943
CPTAC_to_TCGA,23,coral_pca_hgb,900b5f21-e8fb-4a3f-b8e3-ef098716e508,KIRC,3.1780538303479458,3.4961339364714945
CPTAC_to_TCGA,23,coral_pca_hgb,62df1bd8-23a8-4e52-a483-6895b2f02494,UCEC,3.80666248977032,3.663775577302434
CPTAC_to_TCGA,23,coral_pca_hgb,f17d3463-af6c-42c2-a8e9-fae45f69286f,LUAD,4.61512051684126,4.52909349032819
CPTAC_to_TCGA,23,coral_pca_hgb,931e39cd-b0c4-437f-b6c5-9358d74ea533,SKCM,6.493753839851687,3.4432493451020547
CPTAC_to_TCGA,23,coral_pca_hgb,a262928c-e20a-4c02-8114-1227e05c43e1,GBM,4.584967478670572,3.9756969720887887
CPTAC_to_TCGA,23,coral_pca_hgb,5262d82d-fc43-41f4-9b23-c9ac6f237ff0,UCEC,3.5263605246161616,3.931653289267118
CPTAC_to_TCGA,23,coral_pca_hgb,3f67b6bc-8886-459a-be73-d702f977a8ba,LAML,6.249975242259483,1.935759619040575
CPTAC_to_TCGA,23,coral_pca_hgb,8b4cf993-1e16-4009-a37f-a629528b7d7e,UCEC,7.05444965813294,5.289806475250618
CPTAC_to_TCGA,23,coral_pca_hgb,18960eb6-2d79-4d12-886a-4cd1e8fc1e21,PAAD,0.0,2.7111329969713993
CPTAC_to_TCGA,23,coral_pca_hgb,e31db89c-15ac-45a4-9788-afb339b0f3bc,UCEC,3.9318256327243257,5.080347739661417
CPTAC_to_TCGA,23,coral_pca_hgb,6cf73307-dcf9-43fb-8848-618ae5c1723b,LAML,2.19722457733622,1.0599347852333987
CPTAC_to_TCGA,23,coral_pca_hgb,cb9f842c-9bf5-48c3-8d3e-b344b1b6c190,GBM,3.8501476017100575,3.8550045279385454
CPTAC_to_TCGA,23,coral_pca_hgb,6de6b8e2-03eb-4f32-b5a3-bea73fc632b4,STAD,4.007333185232471,4.0588372216263355
CPTAC_to_TCGA,23,coral_pca_hgb,b40d0849-f4ef-4a14-9732-9beb708cb46b,LUAD,5.187385805840755,5.015388989774268
CPTAC_to_TCGA,23,coral_pca_hgb,86dac334-f30e-438e-810a-8e45f69dbb7e,LUAD,5.82600010738045,5.3144296233399135
CPTAC_to_TCGA,23,coral_pca_hgb,38f9fe64-de79-498c-b3ca-1c83af0ed72a,UCEC,3.737669618283368,4.256402474900698
CPTAC_to_TCGA,23,coral_pca_hgb,3052065a-b8b1-48d3-971d-9d605292249c,UCEC,3.713572066704308,4.540079223196875
CPTAC_to_TCGA,23,coral_pca_hgb,ea1c693d-490d-4816-b6e3-d12946ad7cc1,UCEC,3.367295829986474,4.330047720942778
CPTAC_to_TCGA,23,coral_pca_hgb,16b38977-aea1-4c75-89ec-4fb551f652dd,PAAD,3.713572066704308,3.645537387929527
CPTAC_to_TCGA,23,coral_pca_hgb,ee143e06-0334-45dd-a2b0-1169527d6b4e,SKCM,7.284820912568604,4.430007892635145
CPTAC_to_TCGA,23,coral_pca_hgb,6ffefb3f-3919-4fef-ab15-5d32d8f51d57,STAD,4.174387269895637,4.789020802250815
CPTAC_to_TCGA,23,coral_pca_hgb,6ccd57e5-9215-46fa-b3be-e408a0f424dc,GBM,2.995732273553991,2.654123693931264
CPTAC_to_TCGA,23,coral_pca_hgb,ff6b5fc8-0572-4b58-b3a5-bcda41badbc8,UCEC,4.68213122712422,3.9160369017419843
CPTAC_to_TCGA,23,coral_pca_hgb,6a0a280d-4a30-4071-afe7-de6b82a6e34c,PAAD,3.8918202981106265,4.229124349264988
CPTAC_to_TCGA,23,coral_pca_hgb,bf755bc2-b7aa-4c3c-8b3c-58b089b5cab6,LUAD,6.875232087276577,5.807673678236248
CPTAC_to_TCGA,23,coral_pca_hgb,d15b7b29-c5c5-41d8-b83b-7cc12fe92820,LUAD,5.093750200806762,6.485555732953122
CPTAC_to_TCGA,23,coral_pca_hgb,7fd03220-531e-4ef8-beca-e9703e8c0ae1,LUAD,4.852030263919617,4.445074237906744
CPTAC_to_TCGA,23,coral_pca_hgb,7e70a318-3acc-42f3-8287-158a2199f0bc,GBM,8.713910628493924,3.6016425602013844
CPTAC_to_TCGA,23,coral_pca_hgb,0c139772-e303-45d1-b0c7-438fa1db105e,KIRC,3.87120101090789,4.187316850794877
CPTAC_to_TCGA,23,coral_pca_hgb,3f0a2571-c088-4735-8152-61f6fd60ac63,KIRC,3.9889840465642745,3.9907774881486735
CPTAC_to_TCGA,23,coral_pca_hgb,e7bbc8a9-b63b-4967-812b-f9280a5e181e,KIRC,3.970291913552122,3.9124812923405003
CPTAC_to_TCGA,23,coral_pca_hgb,69fc74bc-e961-40e2-9169-d7b51658eb10,UCEC,5.3706380281276624,4.694666924225337
CPTAC_to_TCGA,23,coral_pca_hgb,bebd0025-74e2-451b-93b3-86f82df43573,LUAD,4.718498871295094,5.610879821680352
CPTAC_to_TCGA,23,coral_pca_hgb,98f1d0eb-0977-4f53-a3b1-e6875a34c27b,PAAD,3.295836866004329,3.511239943512843
CPTAC_to_TCGA,23,coral_pca_hgb,e173c4ba-9c08-4ce6-b46c-1673b5af9e2d,KIRC,3.5263605246161616,3.7603772882935416
CPTAC_to_TCGA,23,coral_pca_hgb,9a9bd705-1ef1-4a6c-bb1e-bdd346dc01c0,LUAD,5.869296913133774,5.064307684524934
CPTAC_to_TCGA,23,coral_pca_hgb,bbe88801-34f3-46d2-bbfd-b46c3901ed71,LUAD,6.028278520230698,5.223184392043395
CPTAC_to_TCGA,23,coral_pca_hgb,2de1ba51-eae1-4a54-b7cd-d6d739fdc39d,LUAD,4.736198448394496,4.444920255401679
CPTAC_to_TCGA,23,coral_pca_hgb,7890628d-7120-4dbc-85ae-1f895b6660c2,UCEC,4.442651256490317,5.279621206328597
CPTAC_to_TCGA,23,coral_pca_hgb,f77d7256-2ccf-42a7-9b30-332ac24ca812,UCEC,8.934323331054905,5.460838212831247
CPTAC_to_TCGA,23,coral_pca_hgb,959e1f13-360e-4e12-add5-bf9a376990d2,PAAD,2.639057329615259,2.866253379431162
CPTAC_to_TCGA,23,coral_pca_hgb,16559faa-8103-4973-a47d-3435443e8ec1,KIRC,2.772588722239781,3.912755454454269
CPTAC_to_TCGA,23,coral_pca_hgb,d62d39f9-c896-4758-a785-e236f0154f14,KIRC,3.970291913552122,3.9831691660773503
CPTAC_to_TCGA,23,coral_pca_hgb,ec178822-d719-4e98-b864-16ec5aa005a4,STAD,4.406719247264253,4.780130148733853
CPTAC_to_TCGA,23,coral_pca_hgb,09918b81-4696-4cba-a45a-5fe7407c2337,LUAD,5.488937726156687,5.183465069511336
CPTAC_to_TCGA,23,coral_pca_hgb,727a7579-bd82-4141-973f-794424f4d111,SKCM,6.419994928147142,6.536969223852788
CPTAC_to_TCGA,23,coral_pca_hgb,a873475c-b2c7-4c84-bd89-5b9ee6060ce1,STAD,3.091042453358316,4.432247514644222
CPTAC_to_TCGA,23,coral_pca_hgb,fc4ae4f8-f66b-4137-9821-e579b339cbf6,LAML,1.9459101490553128,1.726793580596005
CPTAC_to_TCGA,23,coral_pca_hgb,2216fd35-fea8-4d0c-9673-fbe2146fb40c,LAML,0.6931471805599453,0.6386533769090539
CPTAC_to_TCGA,23,coral_pca_hgb,d288b69f-1e79-4429-8646-9994b7c54f8f,LUAD,5.153291594497779,5.400878333351837
CPTAC_to_TCGA,23,coral_pca_hgb,eee108d6-bb11-4369-b776-0f524afef6f3,KIRC,4.406719247264253,4.022014717458074
CPTAC_to_TCGA,23,coral_pca_hgb,4c325ee1-9b8e-45d4-a0a7-e47ec1eac402,KIRC,4.127134385045092,3.934791427632972
CPTAC_to_TCGA,23,coral_pca_hgb,55a2c884-49a7-4d1a-9e0e-42f6a8b720fa,STAD,3.091042453358316,4.319421006769438
CPTAC_to_TCGA,23,coral_pca_hgb,e7c159b7-e7c3-4482-8e80-72402dc3fdb4,KIRC,3.5263605246161616,4.395638613542699
CPTAC_to_TCGA,23,coral_pca_hgb,c532cfda-a8fa-4a8a-92ba-33ad8b47404d,LAML,0.0,2.7346900671494487
CPTAC_to_TCGA,23,coral_pca_hgb,6f70e9f0-580b-4199-934b-dacd29fb28a0,STAD,3.367295829986474,4.564916764806526
CPTAC_to_TCGA,23,coral_pca_hgb,1c58d9b8-17a2-4fc6-9898-fe6f47bd2c2a,LUAD,5.717027701406222,4.699381242349014
CPTAC_to_TCGA,23,coral_pca_hgb,1b6c184a-5868-4a51-8a82-aa16a7e65126,GBM,4.543294782270004,3.64615847586557
CPTAC_to_TCGA,23,coral_pca_hgb,f7f9f522-de88-4f9c-8ba4-7be3726faaf8,LUAD,5.659482215759621,4.54991676023646
CPTAC_to_TCGA,23,coral_pca_hgb,bcf26561-6e11-441c-955e-181ef2e68b41,KIRC,4.174387269895637,3.953115814902707
CPTAC_to_TCGA,23,coral_pca_hgb,9becf65d-01f2-4e84-a256-106002e22526,UCEC,3.80666248977032,4.480407781112737
CPTAC_to_TCGA,23,coral_pca_hgb,23451ab5-a32b-4eec-9b8b-fd282282a0d4,STAD,4.127134385045092,4.492614561970207
CPTAC_to_TCGA,23,coral_pca_hgb,114a34c0-983b-4d90-9181-1823c9637a63,LUAD,6.556778356158042,5.272075280331196
CPTAC_to_TCGA,23,coral_pca_hgb,29ed984c-74b5-4016-a649-c32e5d1d9869,STAD,7.652070746116482,5.782872944413862
CPTAC_to_TCGA,23,coral_pca_hgb,e7afc830-fa22-4562-a1f3-0f4f5a34eacd,KIRC,3.912023005428146,4.035696048754967
CPTAC_to_TCGA,23,coral_pca_hgb,e2b1d0de-5221-44a1-8fad-9708a3cada14,UCEC,3.555348061489413,4.171582233816528
CPTAC_to_TCGA,23,coral_pca_hgb,f1a69042-8347-45c1-b925-8526a8443b86,SKCM,2.5649493574615367,4.659342822134918
CPTAC_to_TCGA,23,coral_pca_hgb,e71b3ce1-41e0-4cfc-9570-367b8c2124c1,UCEC,6.3473892096560105,5.783893942204438
CPTAC_to_TCGA,23,coral_pca_hgb,555bbd13-8ad7-43b3-9087-001db30089f1,SKCM,5.703782474656201,4.686623004955471
CPTAC_to_TCGA,23,coral_pca_hgb,8f8a632d-7fbd-4c86-b909-afb7edb9ad28,KIRC,4.406719247264253,4.0379204737507965
CPTAC_to_TCGA,23,coral_pca_hgb,ec9ac713-08e9-4559-b606-5f58d2c4df50,PAAD,3.49650756146648,2.998445456610324
CPTAC_to_TCGA,23,coral_pca_hgb,8027adc9-4918-45f0-a7da-5767da0b999e,STAD,4.990432586778736,4.30116997999985
CPTAC_to_TCGA,23,coral_pca_hgb,32b44138-64e2-4bbf-aa2f-93a3b07ec670,STAD,5.19295685089021,5.701482624895704
CPTAC_to_TCGA,23,coral_pca_hgb,18d0aae7-9694-4252-b8fe-16e62dadab07,STAD,4.770684624465665,4.485329554903399
CPTAC_to_TCGA,23,coral_pca_hgb,f17e446a-c145-45be-8335-a856acb0b9b8,UCEC,8.82217476094608,6.391693356368339
CPTAC_to_TCGA,23,coral_pca_hgb,4b92fce2-3772-40eb-ab34-a27937b58590,LUAD,6.102558594613569,4.106433563434145
CPTAC_to_TCGA,23,coral_pca_hgb,25131445-d3cf-46af-b3c5-ca1d1e3561bb,KIRC,3.9318256327243257,4.145992024661768
CPTAC_to_TCGA,23,coral_pca_hgb,9245a557-01ea-4446-b9e9-313f6ab18834,KIRC,3.5263605246161616,3.0384231415943974
CPTAC_to_TCGA,23,coral_pca_hgb,e60a8f8a-0fe6-40e5-9f30-bcff48ac73f4,LUAD,4.605170185988092,4.984818251984986
CPTAC_to_TCGA,23,coral_pca_hgb,e33dff22-5bf1-4dd8-bed7-063cb555677c,KIRC,3.367295829986474,3.9606869828482636
CPTAC_to_TCGA,23,coral_pca_hgb,56bdb68c-a647-4aba-94ac-9cd52bb5344a,UCEC,6.298949246855942,4.666397373358464
CPTAC_to_TCGA,23,coral_pca_hgb,04b4ebb4-6780-42d8-a980-711cd10cfe14,GBM,3.912023005428146,3.184871861865167
CPTAC_to_TCGA,23,coral_pca_hgb,3f305a1f-1020-4ebb-82ab-fd132bcaea02,UCEC,3.58351893845611,3.218595449740737
CPTAC_to_TCGA,23,coral_pca_hgb,92654ad8-156c-4dd1-862e-dc339240d721,STAD,1.3862943611198906,4.848127566239621
CPTAC_to_TCGA,23,coral_pca_hgb,cf77afe9-3785-45d4-ba2a-61c9cb706225,UCEC,8.880307358983872,6.24811279039064
CPTAC_to_TCGA,23,coral_pca_hgb,27988b3e-cde1-4f4b-82a1-6d8ad08db8e9,STAD,8.231908243564177,7.067941889609414
CPTAC_to_TCGA,23,coral_pca_hgb,79ecc142-8f6e-4260-a7ce-c8e2a6212c35,UCEC,3.8501476017100575,3.95250008834859
CPTAC_to_TCGA,23,coral_pca_hgb,3bfa8069-6ca3-4405-9e32-11aa16b010ac,STAD,4.48863636973214,4.273839445933887
CPTAC_to_TCGA,23,coral_pca_hgb,aea68827-dc0f-484d-a00d-06deeaa4b3ce,LUAD,3.4339872044851463,4.263727321775406
CPTAC_to_TCGA,23,coral_pca_hgb,cba5705a-80dd-4496-9283-c5d3a92c7dba,KIRC,3.332204510175204,5.502779275220544
CPTAC_to_TCGA,23,coral_pca_hgb,4d153600-81f9-44fb-b485-6355ec306d6a,LUAD,5.488937726156687,5.473194409180076
CPTAC_to_TCGA,23,coral_pca_hgb,abd6647b-d2eb-404d-8283-443e92addf55,LUAD,6.306275286948016,4.93736792043418
CPTAC_to_TCGA,23,coral_pca_hgb,f299ad43-bb16-46ce-9617-48cc6c6f29e7,UCEC,3.80666248977032,4.128473633084377
CPTAC_to_TCGA,23,coral_pca_hgb,eae44c1c-1628-4b58-8b90-d3372e3577d5,GBM,4.454347296253507,3.8293577716116327
CPTAC_to_TCGA,23,coral_pca_hgb,3b21b982-dba2-45f4-ad8d-21dc86fcaaa7,LUAD,3.610917912644224,4.914957403831672
CPTAC_to_TCGA,23,coral_pca_hgb,94817e78-78f5-4556-9394-610df65605e2,UCEC,4.174387269895637,4.5231719152367695
CPTAC_to_TCGA,23,coral_pca_hgb,a1ad1a96-2b6e-4c86-9d71-e176b902e9d4,KIRC,3.044522437723423,3.617272141841029
CPTAC_to_TCGA,23,coral_pca_hgb,a438dce7-6592-4ea6-a401-57f5a8fe8ba6,UCEC,6.309918278226516,6.792635593908136
CPTAC_to_TCGA,23,coral_pca_hgb,d6e274a0-6425-437b-bc07-1225be7808d5,LUAD,5.7899601708972535,5.445229342995594
CPTAC_to_TCGA,23,coral_pca_hgb,3c5f27e9-db2f-4963-9240-94815808d32f,KIRC,3.4011973816621555,2.848871231489571
CPTAC_to_TCGA,23,coral_pca_hgb,cadc555e-e350-40cf-8674-3536942f3e02,STAD,2.079441541679836,3.85771372693849
CPTAC_to_TCGA,23,coral_pca_hgb,4557d1fb-9786-4780-bd33-02e9da04b7e3,UCEC,5.327876168789581,4.994509047764504
CPTAC_to_TCGA,23,coral_pca_hgb,f6d28a1d-6691-4ac1-8afb-ab0e7dcef867,KIRC,3.9318256327243257,3.756028465454489
CPTAC_to_TCGA,23,coral_pca_hgb,9dc7812b-c7a2-4de4-bf6d-4c7261384a62,KIRC,4.189654742026425,4.042004233989799
CPTAC_to_TCGA,23,coral_pca_hgb,fe699c36-82ef-45dd-b636-8c18a9ef6c76,PAAD,3.1780538303479458,3.654075582413551
CPTAC_to_TCGA,23,coral_pca_hgb,597a5a56-244b-4218-a55d-5d08217ea28c,PAAD,3.295836866004329,3.5678229070627596
CPTAC_to_TCGA,23,coral_pca_hgb,840ff11f-f991-4e1b-861b-98d236d573d3,UCEC,4.672828834461906,5.237877838789761
CPTAC_to_TCGA,23,coral_pca_hgb,f063ddbb-1668-40df-9ec2-b0a23ca2c389,LUAD,2.8903717578961645,3.4584289555344654
CPTAC_to_TCGA,23,coral_pca_hgb,585a1f31-3804-43ca-81e9-4e571fe03642,UCEC,8.92996487470684,6.268424667072415
CPTAC_to_TCGA,23,coral_pca_hgb,f3f024c2-52f1-400e-946c-398f5b72e6dc,LUAD,5.720311776607412,4.7627119193669145
CPTAC_to_TCGA,23,coral_pca_hgb,98e2f2ec-bdcd-490a-bf45-600e3b6c7491,GBM,4.127134385045092,4.079677461306448
CPTAC_to_TCGA,23,coral_pca_hgb,b2aa0220-6387-4eea-b6d4-a4fa0f15b2d9,UCEC,3.713572066704308,4.304045861273213
CPTAC_to_TCGA,23,coral_pca_hgb,96fc529a-6ad3-456f-a41a-63238ecbb9c4,SKCM,7.183111701743281,5.437773889026123
CPTAC_to_TCGA,23,coral_pca_hgb,afe83af5-af22-49c0-88b4-f1d0dfcbe238,LUAD,4.477336814478207,4.39479245598075
CPTAC_to_TCGA,23,coral_pca_hgb,54ac877a-52ff-450c-9df9-b7cd3fc8e2e2,UCEC,3.9889840465642745,4.2096178102242625
CPTAC_to_TCGA,23,coral_pca_hgb,40a3ed98-3892-449c-b07e-7b7612bd997e,UCEC,3.7612001156935615,4.527996871314725
CPTAC_to_TCGA,23,coral_pca_hgb,798d51ff-182e-406c-8885-8a198d9959d1,KIRC,3.951243718581428,3.9414603708937688
CPTAC_to_TCGA,23,coral_pca_hgb,fc79086c-af9a-4c27-b074-f7050b6f3381,LUAD,7.1592919047975645,5.7514596371854445
CPTAC_to_TCGA,23,coral_pca_hgb,a28beb70-d309-45b8-a2ba-40558f3c8f4f,UCEC,3.6375861597263857,4.3622244361811315
CPTAC_to_TCGA,23,coral_pca_hgb,73a0dd38-115d-48fb-b683-04aa5d612f2a,UCEC,5.3981627015177525,4.7883890606269315
CPTAC_to_TCGA,23,coral_pca_hgb,76c666e8-75c0-4e82-978c-1e346435b0fa,STAD,6.2766434893416445,6.629267002159489
CPTAC_to_TCGA,23,coral_pca_hgb,404dafe8-369c-4659-a088-c85dccb7ad3b,LAML,1.3862943611198906,1.5760097915286075
CPTAC_to_TCGA,23,coral_pca_hgb,92a2cae3-b8ee-4ebb-ac5c-01e58749448f,UCEC,6.311734809152915,5.118866708663831
CPTAC_to_TCGA,23,coral_pca_hgb,fb3a387f-ebc6-4422-a782-5c19056f77f2,KIRC,3.8501476017100575,4.251718444923911
CPTAC_to_TCGA,23,coral_pca_hgb,5c3f826c-b447-457d-a90e-715bad3c7118,UCEC,3.4657359027997265,3.6540386303188432
CPTAC_to_TCGA,23,coral_pca_hgb,32d9935a-f5cd-43b3-88bd-09e6e2b9090d,LUAD,5.717027701406222,3.8785498791881143
CPTAC_to_TCGA,23,coral_pca_hgb,a8d6694c-a213-4544-ac0b-63bce16d8f4e,LUAD,2.3978952727983707,3.605272164146243
CPTAC_to_TCGA,23,coral_pca_hgb,285d8e2c-f183-49d5-bc1c-fd47c6670acc,SKCM,4.0943445622221,4.5643931019954636
CPTAC_to_TCGA,23,coral_pca_hgb,787c3e2f-a708-4985-a5b1-b2383c7bfc52,UCEC,4.406719247264253,3.93175974468302
CPTAC_to_TCGA,23,coral_pca_hgb,7f4f3aed-69af-421e-817b-b258dcc0bac5,UCEC,3.295836866004329,3.94586765487579
CPTAC_to_TCGA,23,coral_pca_hgb,43f0421c-6578-4d77-9314-ef0305c7efbd,STAD,6.6293632534374485,5.218062402631905
CPTAC_to_TCGA,23,coral_pca_hgb,2f0710f4-827b-45b2-9b7e-c27385b481a7,LUAD,2.302585092994046,4.035369729214147
CPTAC_to_TCGA,23,coral_pca_hgb,ab327397-a510-4b39-a12e-185c726650ff,GBM,4.219507705176107,3.724701873142288
CPTAC_to_TCGA,23,coral_pca_hgb,f35e8fef-f61d-4614-b73f-f7e1d0f21f52,STAD,4.204692619390966,5.500677912192055
CPTAC_to_TCGA,23,coral_pca_hgb,24ae6f30-eec8-49a7-abde-246b3873679e,GBM,3.80666248977032,3.625169443615526
CPTAC_to_TCGA,23,coral_pca_hgb,9ef7582b-d4c1-4036-a1ed-ef65aa46fc60,STAD,5.69035945432406,4.777127267590579
CPTAC_to_TCGA,23,coral_pca_hgb,a0d35a25-3500-46f3-874f-1a0820200473,STAD,8.674367865788236,7.4067716865763185
CPTAC_to_TCGA,23,coral_pca_hgb,cd9dc5c5-1161-43ea-a617-1356a3b23e16,PAAD,3.332204510175204,3.7770555573178175
CPTAC_to_TCGA,23,coral_pca_hgb,5dc807f2-f4f0-434b-b099-43cf41d99cbd,KIRC,3.784189633918261,3.9984371845669244
CPTAC_to_TCGA,23,coral_pca_hgb,e591adad-8331-4198-94c4-d03ea01f70c5,LAML,2.70805020110221,1.9775650638545947
CPTAC_to_TCGA,23,coral_pca_hgb,81769d23-74f4-4ca1-8fcf-3e03aa1bf3c9,LAML,2.302585092994046,2.065416142018044
CPTAC_to_TCGA,23,coral_pca_hgb,1b31cdb3-1837-49d6-a857-1830f8800299,LUAD,3.951243718581428,4.83193037817483
CPTAC_to_TCGA,23,coral_pca_hgb,f3501466-cf32-4866-b5fb-e94dd32341bc,LUAD,3.367295829986474,3.7858906120325564
CPTAC_to_TCGA,23,coral_pca_hgb,0d66bf6c-eed0-4726-bd5b-3bf6d610b4e0,LUAD,3.6635616461296463,4.195554708563744
CPTAC_to_TCGA,23,coral_pca_hgb,762dea8a-5b41-4058-979a-b7876ed13d7e,LUAD,5.318119993844216,5.5755244549993686
CPTAC_to_TCGA,23,coral_pca_hgb,8df94420-c736-4a36-b001-5dbe3dff17f0,GBM,3.8918202981106265,4.607247758295554
CPTAC_to_TCGA,23,coral_pca_hgb,cc3d9750-7ce0-489f-86d4-8017b7ebed29,LUAD,2.3978952727983707,3.852967321299319
CPTAC_to_TCGA,23,coral_pca_hgb,b8e0f4fb-c916-43b8-afd2-8077a7e3aebc,PAAD,3.7612001156935615,4.50411326495122
CPTAC_to_TCGA,23,coral_pca_hgb,0a6a375b-3b61-453f-a64a-db3d49352949,KIRC,3.218875824868201,3.2250767622741754
CPTAC_to_TCGA,23,coral_pca_hgb,7861dca2-badc-4575-a388-621d3614a8e4,STAD,3.4657359027997265,5.135756263711885
CPTAC_to_TCGA,23,coral_pca_hgb,c21aab2a-36a0-464c-aa7d-d0c6937cab29,LAML,3.044522437723423,2.58206199263988
CPTAC_to_TCGA,23,coral_pca_hgb,a515cf2d-e918-4958-9bf6-e611b425a97e,GBM,4.02535169073515,4.018232896125365
CPTAC_to_TCGA,23,coral_pca_hgb,9536e32d-2707-48d2-a36d-08c521665bb9,LUAD,5.455321115357702,4.9795195351379
CPTAC_to_TCGA,23,coral_pca_hgb,dbbbddae-d711-40f5-bd10-863735885b1f,UCEC,4.74493212836325,4.826231406444598
CPTAC_to_TCGA,23,coral_pca_hgb,5e248b21-e69d-4dee-a1e8-029ade80d0eb,KIRC,4.51085950651685,3.910332772889483
CPTAC_to_TCGA,23,coral_pca_hgb,33c71ead-4c2a-476d-85ef-885dbbfc2cbd,LUAD,5.455321115357702,4.6416180550485615
CPTAC_to_TCGA,23,coral_pca_hgb,ef2d7ef5-cdfc-48c9-b3fe-6eaf3be1106d,KIRC,4.31748811353631,4.453605418652999
CPTAC_to_TCGA,23,coral_pca_hgb,14db56ef-ec5e-4775-a229-5d83e58e027c,UCEC,8.496990484098719,7.15647773949701
CPTAC_to_TCGA,23,coral_pca_hgb,2e8f90f4-aed3-43b0-985c-dfdc2581f24f,PAAD,3.688879454113936,3.61610990468297
CPTAC_to_TCGA,23,coral_pca_hgb,79378590-e28e-403b-bbde-c76c0195a980,LAML,1.9459101490553128,2.2714497171967643
CPTAC_to_TCGA,23,coral_pca_hgb,2360c1e2-90f5-4737-9486-3f4590c37322,STAD,1.0986122886681096,4.738545087540193
CPTAC_to_TCGA,23,coral_pca_hgb,621411ee-c1f2-4da4-b1c0-cbe0936060f6,STAD,4.983606621708336,4.312044907584899
CPTAC_to_TCGA,23,coral_pca_hgb,98ee294a-46ed-4572-bdd4-a932c3498a25,LUAD,5.638354669333745,5.638678546457334
CPTAC_to_TCGA,23,coral_pca_hgb,5c087d33-0bd3-407d-8350-fabba6aec597,STAD,4.875197323201151,5.281805843348899
CPTAC_to_TCGA,23,coral_pca_hgb,199386c2-bb53-4fad-a1b6-59ab216a4a50,LUAD,5.187385805840755,5.590193952725362
CPTAC_to_TCGA,23,coral_pca_hgb,e4babd46-005a-4af3-8041-131648d9c2c6,PAAD,0.0,3.14587236583803
CPTAC_to_TCGA,23,coral_pca_hgb,2f1bbe96-49d9-417b-bc9c-a09992489340,SKCM,3.1780538303479458,5.278383895487924
CPTAC_to_TCGA,23,coral_pca_hgb,c583fdd1-8cd2-4c15-a23e-0644261f65da,LUAD,4.04305126783455,3.7155038209996665
CPTAC_to_TCGA,23,coral_pca_hgb,aad2c954-39a4-4ef3-9940-e754619007a4,GBM,4.882801922586371,4.905380352214062
CPTAC_to_TCGA,23,coral_pca_hgb,dcf1beb9-bce4-4f4c-98dd-1226d8e0c125,UCEC,6.925595197110468,5.821274829507736
CPTAC_to_TCGA,23,coral_pca_hgb,23ef21a0-3695-4ca2-99e2-274805f11892,STAD,5.10594547390058,4.963624367865673
CPTAC_to_TCGA,23,coral_pca_hgb,2d0f6d4f-acb9-4b45-a69d-c9a3f68c3732,KIRC,3.8918202981106265,4.253213769235284
CPTAC_to_TCGA,23,coral_pca_hgb,1e1cdf72-820f-48a4-8fb6-89575d07cde9,STAD,4.477336814478207,4.547684646334425
CPTAC_to_TCGA,23,coral_pca_hgb,96dfa373-4597-49a5-942e-d9b4dc5d28fc,LUAD,4.007333185232471,3.7879516465305576
CPTAC_to_TCGA,23,coral_pca_hgb,d7cf4fc0-6357-4973-af4c-b456f430478a,KIRC,3.332204510175204,4.606746819340611
CPTAC_to_TCGA,23,coral_pca_hgb,7a0ea814-f0de-4bc4-a81a-daa000559369,LUAD,5.991464547107982,5.651697827264351
CPTAC_to_TCGA,23,coral_pca_hgb,f89ac782-e0b2-4e62-844d-2e00d10a1c65,STAD,5.099866427824199,5.094390185270575
CPTAC_to_TCGA,23,coral_pca_hgb,60fcf50a-8598-475d-8dd0-6b3044661233,UCEC,3.970291913552122,3.397838753571858
CPTAC_to_TCGA,23,coral_pca_hgb,ebf4703c-7517-492f-8ea3-134e798ac820,LAML,0.0,1.8425994836505306
CPTAC_to_TCGA,23,coral_pca_hgb,ea6337b3-3b5e-489e-ae2f-2908447f6300,SKCM,5.700443573390686,6.234543786221816
CPTAC_to_TCGA,23,coral_pca_hgb,514d12b0-6f60-406e-bde9-a090e918ebff,PAAD,3.828641396489095,3.8378113248791905
CPTAC_to_TCGA,23,coral_pca_hgb,4ef872e1-82c9-4939-9248-41ed9d3085b2,LUAD,5.017279836814924,5.530902135698017
CPTAC_to_TCGA,23,coral_pca_hgb,33a9f48e-75e5-4ec5-8e4a-7c6d91a98656,STAD,7.635303886259415,7.113008219280596
CPTAC_to_TCGA,23,coral_pca_hgb,42ca54fc-c1ae-41cd-bca1-7fe9810db460,LUAD,6.725033642166843,4.929810169023726
CPTAC_to_TCGA,23,coral_pca_hgb,d384dd0c-1947-4ffc-bee9-de38311d8249,STAD,4.276666119016055,4.663531674237181
CPTAC_to_TCGA,23,coral_pca_hgb,0075437e-ba1a-46be-86d6-9773209a2b5e,LUAD,4.418840607796598,5.795930648061729
CPTAC_to_TCGA,23,coral_pca_hgb,953359da-e535-48e6-97dc-1b4ccad6a671,PAAD,3.258096538021482,3.4572913074177563
CPTAC_to_TCGA,23,coral_pca_hgb,61c75ffb-9d5d-478e-af48-1808e700aceb,KIRC,3.7612001156935615,4.064984647747756
CPTAC_to_TCGA,23,coral_pca_hgb,10efeb3c-ef55-4227-91b9-8c2bb4ff43d5,GBM,3.828641396489095,3.4894303989436306
CPTAC_to_TCGA,23,coral_pca_hgb,24a40289-96fd-4c1a-a953-45a46a0a0e9d,PAAD,1.6094379124341005,3.0848372585607993
CPTAC_to_TCGA,23,coral_pca_hgb,7aece0e0-e57b-40b9-8ef3-8b98624b0e91,KIRC,2.079441541679836,3.2580990745403837
CPTAC_to_TCGA,23,coral_pca_hgb,2b865f8c-539f-4cb2-8f08-41709e9511e5,UCEC,3.688879454113936,4.314944283510067
CPTAC_to_TCGA,23,coral_pca_hgb,66ed89f6-8ba2-49d0-af0f-4b6ebf2381bf,LUAD,3.6375861597263857,4.538430860603591
CPTAC_to_TCGA,23,coral_pca_hgb,b86b1616-20a2-4300-8daa-03dcc9938215,LUAD,4.804021044733257,3.640027186760965
CPTAC_to_TCGA,23,coral_pca_hgb,9348e446-0e43-4210-b07e-c534980cbf62,GBM,4.060443010546419,3.6758741114598394
CPTAC_to_TCGA,23,coral_pca_hgb,f6b2f52b-284d-4bde-9a3d-a0f458d07f08,GBM,4.262679877041316,4.0021923321648325
CPTAC_to_TCGA,23,coral_pca_hgb,740e8238-8633-422a-a94a-83bbd37c6d77,KIRC,3.9318256327243257,4.406169269038059
CPTAC_to_TCGA,23,coral_pca_hgb,a85837e6-f98d-4a80-b7c1-49b0a6313dd7,LAML,2.5649493574615367,1.7934891641822353
CPTAC_to_TCGA,23,coral_pca_hgb,e9ea3687-0db3-47f3-8099-b4fc054397f1,STAD,3.828641396489095,3.6615018550310463
CPTAC_to_TCGA,23,coral_pca_hgb,b9fc9eff-1228-482d-87a2-ebbb5c92733a,KIRC,3.80666248977032,4.103869575170752
CPTAC_to_TCGA,23,coral_pca_hgb,6d72de06-232a-4983-a06c-eba6d82cb3f1,LUAD,4.927253685157205,5.8584330926379415
CPTAC_to_TCGA,23,coral_pca_hgb,d344dae0-adf4-4697-b703-7690c13d8331,LUAD,5.3612921657094255,4.9204880471151
CPTAC_to_TCGA,23,coral_pca_hgb,41dcafa0-b196-46dd-ab07-58cb747c9ebc,UCEC,6.555356891810665,6.046613850719693
CPTAC_to_TCGA,23,coral_pca_hgb,8bb89c0f-0f04-485e-8e08-801042dfcba9,UCEC,3.8501476017100575,4.875081075301957
CPTAC_to_TCGA,23,coral_pca_hgb,d59824bd-816e-4ffc-8aae-1c3eff1f800e,STAD,4.454347296253507,4.924360570653306
CPTAC_to_TCGA,23,coral_pca_hgb,abaf757b-f79f-40bd-96e3-e2c0f63061f0,UCEC,3.828641396489095,4.2870372979292615
CPTAC_to_TCGA,23,coral_pca_hgb,8ce63594-bf4a-4b8d-9a48-49cb92b98ea9,STAD,4.477336814478207,3.9462091969736135
CPTAC_to_TCGA,23,coral_pca_hgb,cdfa3c5d-2fe8-4dfd-92c2-a54f39f55f18,KIRC,3.713572066704308,4.304699094266869
CPTAC_to_TCGA,23,coral_pca_hgb,7c7cef85-024c-48c0-8644-92c034432e8f,STAD,4.406719247264253,5.032339912965555
CPTAC_to_TCGA,23,coral_pca_hgb,315b8de8-9842-4738-b23b-1d61722f9583,STAD,4.77912349311153,4.222352499757841
CPTAC_to_TCGA,23,coral_pca_hgb,c60a4c63-607b-4d59-8625-bc5d20207647,PAAD,0.0,2.7089890503179137
CPTAC_to_TCGA,23,coral_pca_hgb,03c3409a-9d16-41d0-9e26-f9fc2547a4c8,LUAD,5.3612921657094255,4.726130815496451
CPTAC_to_TCGA,23,coral_pca_hgb,04beccb3-f513-4d60-b57f-a4382e4eeda3,KIRC,3.044522437723423,3.5278509016922355
CPTAC_to_TCGA,23,coral_pca_hgb,c34760a2-f70e-48c4-a7c2-eb359f8aeb71,GBM,4.5217885770490405,3.9233143912263526
CPTAC_to_TCGA,23,coral_pca_hgb,82476d2d-e403-4f6b-8dd6-cc84e3329478,LUAD,4.174387269895637,4.7985054512924465
CPTAC_to_TCGA,23,coral_pca_hgb,0c1946a8-ee54-4b9b-8054-9a7bece74d33,UCEC,3.610917912644224,4.337544177865871
CPTAC_to_TCGA,23,coral_pca_hgb,1dbe1e26-3bcd-45cf-990e-ad7c8754f4d4,STAD,5.41610040220442,4.740398612864785
CPTAC_to_TCGA,23,coral_pca_hgb,adbaba9c-5efc-4130-82f6-8055eab13795,LUAD,5.267858159063328,5.17570622350602
CPTAC_to_TCGA,23,coral_pca_hgb,37f93d19-c78f-4fbc-affb-5a2ccc84be1b,STAD,4.356708826689592,4.862259980740759
CPTAC_to_TCGA,23,coral_pca_hgb,1d37becb-7a1f-4d04-a0d1-bb14192b56f6,KIRC,4.04305126783455,3.9599608190953655
CPTAC_to_TCGA,23,coral_pca_hgb,ea854858-1dad-4b01-8e58-f19e6a7c41a3,KIRC,2.9444389791664403,3.671590509285499
CPTAC_to_TCGA,23,coral_pca_hgb,4685dc14-1809-47ea-aba9-9bde72f6661b,STAD,3.5263605246161616,4.617844514259779
CPTAC_to_TCGA,23,coral_pca_hgb,4ec9dbb4-358d-4c59-8039-552c7006c2bf,STAD,6.647688373563329,7.134289368658678
CPTAC_to_TCGA,23,coral_pca_hgb,2fe46394-cfc5-44bb-81a9-e438a0126f5b,UCEC,4.110873864173311,4.862043661798279
CPTAC_to_TCGA,23,coral_pca_hgb,2b4f014f-74e9-4dda-a1ad-abcbd124fc44,STAD,4.110873864173311,5.569310891314204
CPTAC_to_TCGA,23,coral_pca_hgb,32b5d0e4-a242-44d1-ac20-6e5ca2f35b71,UCEC,3.5263605246161616,4.029542225264201
CPTAC_to_TCGA,23,coral_pca_hgb,283776cd-32e8-4a79-bed1-1411c9d3a9e0,STAD,4.204692619390966,5.051091011865626
CPTAC_to_TCGA,23,coral_pca_hgb,4644a15f-3115-4f27-86b2-b092419431e1,GBM,3.6375861597263857,4.499880710254855
CPTAC_to_TCGA,23,coral_pca_hgb,d8e57746-37a1-482a-a3d3-a11bd00cdc11,UCEC,4.189654742026425,4.7875258290673495
CPTAC_to_TCGA,23,coral_pca_hgb,cc353686-e2b6-46a1-8095-48e2bc44b11f,KIRC,3.58351893845611,4.187748561034994
CPTAC_to_TCGA,23,coral_pca_hgb,a4e5a8ba-dbb2-4ee9-8ab3-cc5bab152cc2,SKCM,4.060443010546419,5.058265020256607
CPTAC_to_TCGA,23,coral_pca_hgb,f77b6930-a1ce-446e-a15d-c018cbbecfee,LUAD,3.713572066704308,4.546614935123242
CPTAC_to_TCGA,23,coral_pca_hgb,962fd4e7-9199-43d9-abce-e3dfa46da62c,LUAD,5.521460917862246,4.72365791234294
CPTAC_to_TCGA,23,coral_pca_hgb,205759a6-6391-491b-9857-0080c3a5871e,LUAD,4.882801922586371,4.997517549534476
CPTAC_to_TCGA,23,coral_pca_hgb,c7e9ba09-0826-466c-8555-6595de31ed31,KIRC,3.713572066704308,3.837898629001871
CPTAC_to_TCGA,23,coral_pca_hgb,c1cf00be-1a34-49aa-b1ab-6b2e26832c19,STAD,4.477336814478207,4.7006366429572255
CPTAC_to_TCGA,23,coral_pca_hgb,1d90c9f3-5025-4867-a2f0-e455b6a254fa,LUAD,5.429345628954441,3.359643494320438
CPTAC_to_TCGA,23,coral_pca_hgb,633ddc04-c424-42c8-8e54-673968b130a7,SKCM,6.192362489474872,5.871737553835438
CPTAC_to_TCGA,23,coral_pca_hgb,4b2ec8aa-8460-440e-b75b-6b92ae7a3ffc,KIRC,3.6375861597263857,4.492493865252636
CPTAC_to_TCGA,23,coral_pca_hgb,da345947-498b-4272-a231-a987ed4fe151,LUAD,4.060443010546419,4.7075755516548625
CPTAC_to_TCGA,23,coral_pca_hgb,3dd5a206-d7f3-42f1-b9cc-4b31c76d495d,SKCM,4.174387269895637,5.690659858265199
CPTAC_to_TCGA,23,coral_pca_hgb,8a67ed86-156f-4b45-b460-000fe33da26b,UCEC,3.610917912644224,3.2066846820296395
CPTAC_to_TCGA,23,coral_pca_hgb,c9ebaeff-6a27-4a6c-a34c-5337a3508a52,UCEC,3.6635616461296463,4.553347327553261
CPTAC_to_TCGA,23,coral_pca_hgb,69704642-ba65-4a45-8f13-95d847185045,STAD,4.691347882229144,4.617003224701332
CPTAC_to_TCGA,23,coral_pca_hgb,fcecafa8-8b8b-4ae6-81bc-73acf05b211a,KIRC,4.007333185232471,4.161181304175417
CPTAC_to_TCGA,23,coral_pca_hgb,26bbeafa-6923-4c23-8d5f-aa33fba92e82,STAD,0.6931471805599453,3.1712580798849976
CPTAC_to_TCGA,23,coral_pca_hgb,659668e8-f0d9-4ff2-bbc8-9246f2ef49ab,LUAD,5.924255797414532,4.410144528393662
CPTAC_to_TCGA,23,coral_pca_hgb,20094e3e-cee3-41dd-8553-1fc393117786,PAAD,3.610917912644224,3.467217910643417
CPTAC_to_TCGA,23,coral_pca_hgb,44adf4cb-2829-4153-80fd-a8b7ee0e654a,LUAD,5.541263545158426,4.554661697627071
CPTAC_to_TCGA,23,coral_pca_hgb,eb9a558c-39ef-42c0-8dfc-64d01b729426,STAD,4.418840607796598,4.586256822413664
CPTAC_to_TCGA,23,coral_pca_hgb,32e33897-29c8-48f2-b833-98f37204e0e7,UCEC,6.066108090103747,5.402346457922238
CPTAC_to_TCGA,23,coral_pca_hgb,dd37ccd0-31d9-4605-8b8e-618bedc80c38,LAML,3.044522437723423,2.013772350377948
CPTAC_to_TCGA,23,coral_pca_hgb,d7258a64-3ea0-40fc-b3f4-b581a1725fff,UCEC,3.7612001156935615,4.060215378689684
CPTAC_to_TCGA,23,coral_pca_hgb,30011f30-2926-47f2-a8f3-4f1b58ffa227,GBM,3.258096538021482,4.148289319948929
CPTAC_to_TCGA,23,coral_pca_hgb,884fd57d-bd8e-40e7-82f6-0ba1c71101a9,UCEC,3.912023005428146,4.144091569351262
CPTAC_to_TCGA,23,coral_pca_hgb,9c377f9b-79dd-4412-80ac-cea9a3529888,KIRC,3.8918202981106265,4.151954883635395
CPTAC_to_TCGA,23,coral_pca_hgb,81dabf1f-e666-48c6-a912-2ea5bfecf585,LAML,2.4849066497880004,1.9034625553794822
CPTAC_to_TCGA,23,coral_pca_hgb,18325fdc-594b-4545-a77d-adb07a32ec73,KIRC,3.4657359027997265,3.9859668635013192
CPTAC_to_TCGA,23,coral_pca_hgb,eb7e9aad-95d3-4efc-a706-e2c986d17055,STAD,4.330733340286331,4.964705019469397
CPTAC_to_TCGA,23,coral_pca_hgb,fef02e2e-d4e6-4b56-b8ef-c367b0c920cd,GBM,3.737669618283368,3.839951863923952
CPTAC_to_TCGA,47,coral_pca_hgb,6ffefb3f-3919-4fef-ab15-5d32d8f51d57,STAD,4.174387269895637,4.524152882523308
CPTAC_to_TCGA,47,coral_pca_hgb,ef009667-aaaf-4138-a170-e446012e0930,LAML,2.3978952727983707,1.589290883590031
CPTAC_to_TCGA,47,coral_pca_hgb,7a0ea814-f0de-4bc4-a81a-daa000559369,LUAD,5.991464547107982,5.561644958237703
CPTAC_to_TCGA,47,coral_pca_hgb,96686a1a-16d0-4cdc-b1f7-5dbbf4cf1c9f,LAML,2.639057329615259,1.7760179088066907
CPTAC_to_TCGA,47,coral_pca_hgb,c4f8f33f-a07c-4dfb-be24-c52d577bd640,UCEC,3.044522437723423,4.529607116839715
CPTAC_to_TCGA,47,coral_pca_hgb,263f67e0-0a28-42e6-b3f3-1ddd0d397220,STAD,3.737669618283368,4.432394914814717
CPTAC_to_TCGA,47,coral_pca_hgb,a1e65587-24c1-4b41-92a7-4e1f15fffd78,LUAD,3.49650756146648,3.5924580117032767
CPTAC_to_TCGA,47,coral_pca_hgb,595fc3ad-f603-421b-b130-52f1f617050b,LUAD,6.22455842927536,4.407594097486734
CPTAC_to_TCGA,47,coral_pca_hgb,e12d142e-7339-48fc-b17a-9e311b65327f,STAD,3.9318256327243257,4.781109924479978
CPTAC_to_TCGA,47,coral_pca_hgb,9924e309-5c47-42fe-b937-547f2b3d6842,PAAD,3.332204510175204,3.9285900924837187
CPTAC_to_TCGA,47,coral_pca_hgb,3cbf56e6-dccc-40fe-b06e-2621a2121e9d,PAAD,3.49650756146648,3.5711570635725907
CPTAC_to_TCGA,47,coral_pca_hgb,995bdb1e-c67e-43eb-9fbd-16eb290926d5,LAML,1.6094379124341005,1.8563902027446042
CPTAC_to_TCGA,47,coral_pca_hgb,9becf65d-01f2-4e84-a256-106002e22526,UCEC,3.80666248977032,5.3428471408913385
CPTAC_to_TCGA,47,coral_pca_hgb,cf2e5c6a-a7d8-428f-800a-fb94dcfc5fe4,LAML,1.0986122886681096,1.9903542911658298
CPTAC_to_TCGA,47,coral_pca_hgb,554270fb-1fb3-4aeb-81a1-f78c30b143b4,SKCM,5.752572638825633,5.510933326229948
CPTAC_to_TCGA,47,coral_pca_hgb,67e2af1c-3478-4652-8759-b9d5c5b6a3e0,GBM,4.060443010546419,3.339945547876417
CPTAC_to_TCGA,47,coral_pca_hgb,0487fc41-386c-4d76-9084-daf959bf5e98,KIRC,3.713572066704308,4.339535801364006
CPTAC_to_TCGA,47,coral_pca_hgb,d5efcde2-21e6-4071-9aa4-3c5688a45b3f,STAD,3.9889840465642745,4.4979342194091885
CPTAC_to_TCGA,47,coral_pca_hgb,31ff69b5-9e58-44da-8326-bdfc7ee495c4,LUAD,3.1780538303479458,3.7030896112280938
CPTAC_to_TCGA,47,coral_pca_hgb,3e976301-4042-4ac0-8f01-ef2f1a8161a6,KIRC,3.80666248977032,4.132465910869532
CPTAC_to_TCGA,47,coral_pca_hgb,46e064cc-933b-444b-9e15-80fadbc53487,UCEC,4.59511985013459,5.089988164615992
CPTAC_to_TCGA,47,coral_pca_hgb,78f3d4db-a1ff-4ea2-aaa0-cbf0278b915e,SKCM,3.555348061489413,5.101236594578784
CPTAC_to_TCGA,47,coral_pca_hgb,22618073-4ef0-4c3a-97b9-90ba1caa1d72,UCEC,7.75491027202143,5.1333594749842675
CPTAC_to_TCGA,47,coral_pca_hgb,ca893d12-3d6c-4e6f-b0e7-7f4eb8bb724b,GBM,3.8918202981106265,3.9518556839832404
CPTAC_to_TCGA,47,coral_pca_hgb,742e0e32-25b5-4d41-8bf5-364b571cfd93,LUAD,4.59511985013459,5.142950567217482
CPTAC_to_TCGA,47,coral_pca_hgb,224235c1-5b6e-48d5-a5d1-777dfede0f1e,GBM,3.4339872044851463,3.724720008903334
CPTAC_to_TCGA,47,coral_pca_hgb,9d449aa3-b740-4d5a-9aea-880b6f84cff4,PAAD,3.80666248977032,4.041570973385638
CPTAC_to_TCGA,47,coral_pca_hgb,e5cb0c86-8fe2-4cfc-b32b-e8ec3839ffc4,LUAD,5.8805329864007,4.648411403866994
CPTAC_to_TCGA,47,coral_pca_hgb,b4376da2-05ca-448f-a4bb-e7b62695491a,STAD,6.621405651764134,5.9779362994578245
CPTAC_to_TCGA,47,coral_pca_hgb,016e515e-7f78-4997-9b97-3628464d9222,UCEC,5.19295685089021,5.253812579144683
CPTAC_to_TCGA,47,coral_pca_hgb,49f961af-1126-431d-93cd-18941c1738f3,SKCM,8.59007183682881,5.5184201160692865
CPTAC_to_TCGA,47,coral_pca_hgb,ab8d7f84-dd71-42c7-9471-4db967a9c89c,LUAD,3.8501476017100575,4.835327493740426
CPTAC_to_TCGA,47,coral_pca_hgb,aa2934f9-8783-428e-88a6-1d04b93fa1fd,STAD,4.927253685157205,4.35682078770587
CPTAC_to_TCGA,47,coral_pca_hgb,6c5154d2-af36-492f-b520-d925528824e4,GBM,4.219507705176107,3.949016780370638
CPTAC_to_TCGA,47,coral_pca_hgb,96d93e23-bb0d-46a8-9685-5ed0d6b83059,LUAD,5.993961427306569,4.178465495523151
CPTAC_to_TCGA,47,coral_pca_hgb,d6e274a0-6425-437b-bc07-1225be7808d5,LUAD,5.7899601708972535,5.120391632181188
CPTAC_to_TCGA,47,coral_pca_hgb,e055db71-f3da-43d3-a9b2-2f65dfb23d3e,UCEC,4.04305126783455,4.4198705726556815
CPTAC_to_TCGA,47,coral_pca_hgb,f45f4a30-6b4c-4f15-9140-959d6a25a45f,GBM,4.574710978503383,3.926753880796178
CPTAC_to_TCGA,47,coral_pca_hgb,e8909bdf-460c-4291-8e9b-7be12f343eae,UCEC,6.874198495453294,5.404727179865112
CPTAC_to_TCGA,47,coral_pca_hgb,153bc9ff-39c9-4890-a085-a46c530a7e97,LAML,0.6931471805599453,1.8824382133178974
CPTAC_to_TCGA,47,coral_pca_hgb,3d9828ae-eb65-4d0a-8d7a-cc09e98b5e99,UCEC,7.052721049232323,5.111334664575116
CPTAC_to_TCGA,47,coral_pca_hgb,5af499be-d2b9-4eaf-9a9f-435dccb51917,LUAD,4.553876891600541,4.752697021270668
CPTAC_to_TCGA,47,coral_pca_hgb,d5550422-dc4b-4ebf-acb5-aa5243fff49f,STAD,4.836281906951478,5.269505408394053
CPTAC_to_TCGA,47,coral_pca_hgb,58babefe-7e81-4594-ba29-50d1de92a5ab,LUAD,3.8918202981106265,6.108450538013279
CPTAC_to_TCGA,47,coral_pca_hgb,ebf4703c-7517-492f-8ea3-134e798ac820,LAML,0.0,1.159534120805933
CPTAC_to_TCGA,47,coral_pca_hgb,fce4e670-84be-4592-ae6c-2b7a59218110,STAD,5.123963979403259,5.398738527880862
CPTAC_to_TCGA,47,coral_pca_hgb,389f78a3-fa0b-406c-9434-aa0298341a8c,LUAD,5.908082938168931,5.8281323936015506
CPTAC_to_TCGA,47,coral_pca_hgb,b8a1c8c7-3945-4d84-8f58-3a1a1eb10730,STAD,3.912023005428146,4.785795425452402
CPTAC_to_TCGA,47,coral_pca_hgb,12c07138-e3fa-418a-89e3-628da12bc99e,LUAD,5.673323267171493,4.95056184156908
CPTAC_to_TCGA,47,coral_pca_hgb,6d3fdb58-fdc0-4937-ad38-3a455225ea51,UCEC,6.588926477533519,5.325896843197872
CPTAC_to_TCGA,47,coral_pca_hgb,3b2b492b-94af-4540-b283-3b9ef98d5b2f,KIRC,3.80666248977032,4.492492687973195
CPTAC_to_TCGA,47,coral_pca_hgb,5327e899-a20d-4571-8236-98454bad574e,GBM,3.1780538303479458,4.442314061316508
CPTAC_to_TCGA,47,coral_pca_hgb,12c27db5-db2f-48dc-a2ca-9557b951f43e,LUAD,4.812184355372417,4.589565445278646
CPTAC_to_TCGA,47,coral_pca_hgb,16d3c1c1-cf3a-44b6-b564-8ae5464b243d,LUAD,3.7612001156935615,4.5323609750919545
CPTAC_to_TCGA,47,coral_pca_hgb,798d51ff-182e-406c-8885-8a198d9959d1,KIRC,3.951243718581428,4.088413870776304
CPTAC_to_TCGA,47,coral_pca_hgb,4b2ec8aa-8460-440e-b75b-6b92ae7a3ffc,KIRC,3.6375861597263857,4.279660426741055
CPTAC_to_TCGA,47,coral_pca_hgb,c91a4cc3-aaa9-4bc9-b157-e46551d334c8,KIRC,4.51085950651685,4.137007847313429
CPTAC_to_TCGA,47,coral_pca_hgb,8ff807a6-b63f-4a71-9ff3-b47ac91a0114,LAML,0.6931471805599453,1.8104194894299346
CPTAC_to_TCGA,47,coral_pca_hgb,71ed2681-79bb-4ffb-985c-6d3cf18e9168,UCEC,3.737669618283368,5.1968723460866055
CPTAC_to_TCGA,47,coral_pca_hgb,e42f45c6-fd00-44cf-a210-c8803da326a1,STAD,4.127134385045092,3.819079921431855
CPTAC_to_TCGA,47,coral_pca_hgb,875333ab-9048-462d-aaa2-693ad127e3cc,LUAD,6.061456918928017,5.730749292235818
CPTAC_to_TCGA,47,coral_pca_hgb,5693302a-4548-4c0b-8725-0cb7c67bc4f8,UCEC,3.610917912644224,4.7733226222767575
CPTAC_to_TCGA,47,coral_pca_hgb,9d84dff8-6c19-4881-93c6-56c98a3049b5,UCEC,7.238496840894365,4.862186166664973
CPTAC_to_TCGA,47,coral_pca_hgb,e604f5d4-f2c0-4404-9073-b8dbc8396778,UCEC,3.4657359027997265,4.796047421201748
CPTAC_to_TCGA,47,coral_pca_hgb,314d9188-c8fd-43fc-905d-b6889de542c8,GBM,2.302585092994046,4.087037427204268
CPTAC_to_TCGA,47,coral_pca_hgb,a5bd7d50-9c14-49e6-89cf-6bf440c42309,LUAD,7.109062135687172,5.716615687811867
CPTAC_to_TCGA,47,coral_pca_hgb,0bbfeec1-fbae-4c92-ae90-60ba39303bd8,KIRC,3.49650756146648,3.706682268707047
CPTAC_to_TCGA,47,coral_pca_hgb,01ed791e-3187-4e24-a5ff-afff0778c152,UCEC,5.53338948872752,5.026026630833429
CPTAC_to_TCGA,47,coral_pca_hgb,a9a0bad8-6074-4a7c-9f9e-7dbc1de01def,GBM,3.912023005428146,3.702782987430648
CPTAC_to_TCGA,47,coral_pca_hgb,67dbe286-edb3-4d07-8f74-9e5254f01945,LUAD,7.154615356913663,5.507658224717742
CPTAC_to_TCGA,47,coral_pca_hgb,23908554-b98e-4ff8-98e7-dee3e2c5feaf,PAAD,2.8903717578961645,3.3617465738778205
CPTAC_to_TCGA,47,coral_pca_hgb,5971a597-1e16-4f6d-8d7b-0e69c6bdcead,PAAD,3.58351893845611,3.4871286352849857
CPTAC_to_TCGA,47,coral_pca_hgb,73e5310d-ba8c-4cbc-aa4f-e06206f898f4,UCEC,6.251903883165888,5.6956433367882875
CPTAC_to_TCGA,47,coral_pca_hgb,8e57db50-eb17-4d95-8806-081290ea3cfc,LAML,1.9459101490553128,2.280474068123709
CPTAC_to_TCGA,47,coral_pca_hgb,5813997a-d7dc-4f7c-8d4b-e979832168a9,LUAD,4.574710978503383,5.376877211422032
CPTAC_to_TCGA,47,coral_pca_hgb,411257a4-a148-4606-8c8b-f9f1240e40ed,STAD,4.290459441148391,5.439714582101746
CPTAC_to_TCGA,47,coral_pca_hgb,b3a6acab-00ad-48b7-94c2-bd56b461b48f,KIRC,2.8903717578961645,4.092588426316806
CPTAC_to_TCGA,47,coral_pca_hgb,4a00ca75-d23a-4642-bee8-db4182517724,STAD,5.272999558563747,4.796686278117032
CPTAC_to_TCGA,47,coral_pca_hgb,2a2f168c-f93a-4e83-8df2-93a3e7bc06a0,KIRC,3.49650756146648,4.102683938772012
CPTAC_to_TCGA,47,coral_pca_hgb,6397c4a1-0a29-4c2c-b8cb-ce73af93dd0b,UCEC,5.934894195619588,6.215194173366548
CPTAC_to_TCGA,47,coral_pca_hgb,5c68e3e4-58f7-4699-989d-80d2e4996794,STAD,5.4510384535657,5.9874497216414655
CPTAC_to_TCGA,47,coral_pca_hgb,33a9f48e-75e5-4ec5-8e4a-7c6d91a98656,STAD,7.635303886259415,6.840720398933475
CPTAC_to_TCGA,47,coral_pca_hgb,287059fb-4e69-4d6d-99d5-91ec92d35bde,STAD,6.424869023905388,7.039968394459971
CPTAC_to_TCGA,47,coral_pca_hgb,9fd9104b-a26d-44c7-bb45-f1edd76d0aa0,KIRC,4.0943445622221,4.065516799381695
CPTAC_to_TCGA,47,coral_pca_hgb,03b2ac94-05a3-49a7-b68f-51d045395b07,KIRC,3.7612001156935615,4.070588084944215
CPTAC_to_TCGA,47,coral_pca_hgb,889aec8e-14ba-48d9-8fe1-f2416e82b333,LUAD,5.327876168789581,3.772093978209064
CPTAC_to_TCGA,47,coral_pca_hgb,64aa0dd1-a80e-401e-96df-60d121d2cbec,KIRC,3.713572066704308,4.1834747433084924
CPTAC_to_TCGA,47,coral_pca_hgb,1d276b62-5e64-48fb-b2ce-5192b511fe37,LUAD,4.983606621708336,3.5234854086508562
CPTAC_to_TCGA,47,coral_pca_hgb,5ef9486a-aeff-421d-b620-03ef119d85a5,GBM,3.6635616461296463,3.2772491199969944
CPTAC_to_TCGA,47,coral_pca_hgb,78ec8bc9-e502-4f5b-b0f6-893718650352,KIRC,2.639057329615259,3.1451371858989963
CPTAC_to_TCGA,47,coral_pca_hgb,b6819b52-6f01-4011-9bd3-a1a00397e0c9,UCEC,3.912023005428146,5.845137550637209
CPTAC_to_TCGA,47,coral_pca_hgb,659294b9-ded9-498a-bc00-c1d4d456aa4a,KIRC,4.262679877041316,3.9867374928494366
CPTAC_to_TCGA,47,coral_pca_hgb,e3956736-adbc-49a2-a4a8-a6ae93b8faf3,LAML,0.6931471805599453,1.5277831364239556
CPTAC_to_TCGA,47,coral_pca_hgb,77f8c850-b4e6-46a1-ab12-a50e0044a0c8,LUAD,5.541263545158426,5.023843141496854
CPTAC_to_TCGA,47,coral_pca_hgb,41c4c704-825e-49f5-9d54-dbd7d30725e0,LUAD,6.807934943699926,5.319091239330645
CPTAC_to_TCGA,47,coral_pca_hgb,0d0d83d9-d558-4d38-977b-6f1b2471beda,LUAD,5.54907608489522,5.6949070987585495
CPTAC_to_TCGA,47,coral_pca_hgb,2dc154aa-c478-404b-a92e-86abcc8dbdb7,STAD,4.584967478670572,4.81677591436945
CPTAC_to_TCGA,47,coral_pca_hgb,2f1bbe96-49d9-417b-bc9c-a09992489340,SKCM,3.1780538303479458,4.705084301730923
CPTAC_to_TCGA,47,coral_pca_hgb,bdc3899e-15ae-421f-829b-0e07fbd27c60,STAD,4.276666119016055,5.134761925027061
CPTAC_to_TCGA,47,coral_pca_hgb,79dbe26f-930b-420a-9a2e-483e3318ca10,STAD,4.955827057601261,4.638835617677434
CPTAC_to_TCGA,47,coral_pca_hgb,b6abbdcc-f826-499d-b6f1-f6e2c83f9d8b,KIRC,3.9889840465642745,4.384285677594441
CPTAC_to_TCGA,47,coral_pca_hgb,6cf49cf0-de4c-4c90-8358-eae19c6206b0,LUAD,5.407171771460119,5.896455176026027
CPTAC_to_TCGA,47,coral_pca_hgb,07aa333c-8bfb-4bdd-ad86-912c099ca0a9,KIRC,3.610917912644224,3.599911945638922
CPTAC_to_TCGA,47,coral_pca_hgb,5f53ace3-14ca-412a-af6c-98d8996f8177,KIRC,2.8903717578961645,4.07939496760515
CPTAC_to_TCGA,47,coral_pca_hgb,06728b1b-6b69-4467-8e10-a8a4e6328ac8,UCEC,3.784189633918261,4.1909779172702954
CPTAC_to_TCGA,47,coral_pca_hgb,d3ff328c-2488-47bd-8663-366b6812c7b5,LUAD,5.673323267171493,4.879163194606993
CPTAC_to_TCGA,47,coral_pca_hgb,38dd826d-06dc-4a73-b852-c3d78c9c3ff4,GBM,2.8903717578961645,3.6567729516025542
CPTAC_to_TCGA,47,coral_pca_hgb,53245616-e095-4616-89bb-6062669122da,UCEC,8.83811659764782,5.982704100218747
CPTAC_to_TCGA,47,coral_pca_hgb,bec83dff-2bba-4467-92aa-5dc3db9e0eaf,STAD,5.225746673713202,5.056743697736014
CPTAC_to_TCGA,47,coral_pca_hgb,3cfe743c-f02e-42bf-a170-9d8b8a514d10,KIRC,3.713572066704308,4.498542494066637
CPTAC_to_TCGA,47,coral_pca_hgb,d04e2e8c-9d58-4514-8ab7-3642289d4de0,STAD,4.454347296253507,5.330830154552452
CPTAC_to_TCGA,47,coral_pca_hgb,42e92d73-29eb-4508-a653-9b77f36021c0,GBM,4.143134726391533,3.9896485883378876
CPTAC_to_TCGA,47,coral_pca_hgb,7e13fe2a-3d6e-487f-900d-f5891d986aa2,STAD,3.737669618283368,4.181536031987669
CPTAC_to_TCGA,47,coral_pca_hgb,fdb395e7-ff30-400d-861e-0cf2462ee390,UCEC,3.555348061489413,4.392442148380365
CPTAC_to_TCGA,47,coral_pca_hgb,df1e2e79-0126-4f3a-85e3-36f59be04622,KIRC,3.4011973816621555,3.2506240461620934
CPTAC_to_TCGA,47,coral_pca_hgb,060b2104-a015-400e-86c6-6febfb02bbd3,KIRC,4.465908118654584,3.912227549264997
CPTAC_to_TCGA,47,coral_pca_hgb,a438dce7-6592-4ea6-a401-57f5a8fe8ba6,UCEC,6.309918278226516,6.573447023068181
CPTAC_to_TCGA,47,coral_pca_hgb,ce2bfd9e-6382-47bb-9fd1-b77afe57e948,PAAD,3.091042453358316,3.1230666976613812
CPTAC_to_TCGA,47,coral_pca_hgb,f9cf4125-0db3-4b66-b51b-bc2f0240c9ef,UCEC,3.688879454113936,4.782945440527448
CPTAC_to_TCGA,47,coral_pca_hgb,7997f3d8-bff6-4808-8df0-d88d344d7c9e,STAD,7.158513997329321,6.165703383221083
CPTAC_to_TCGA,47,coral_pca_hgb,50b2c647-aecd-4c81-af22-0d8116593552,LUAD,5.087596335232384,4.933202603922613
CPTAC_to_TCGA,47,coral_pca_hgb,77828a90-8e2a-4664-b674-d837e6e34fe4,LUAD,3.332204510175204,4.583813013662794
CPTAC_to_TCGA,47,coral_pca_hgb,ef42ae4c-a108-468e-beed-437cf3cf2962,LUAD,4.574710978503383,4.9456474239154
CPTAC_to_TCGA,47,coral_pca_hgb,72f88d18-03be-4b51-9f4a-1151521b7292,GBM,4.948759890378168,3.8819800728465252
CPTAC_to_TCGA,47,coral_pca_hgb,8eee4228-4d30-480a-8743-5a3d98eb1741,LAML,2.079441541679836,1.1727738091164992
CPTAC_to_TCGA,47,coral_pca_hgb,0b31dbdf-0623-48e4-a0ec-017650dceda7,LUAD,5.910796644040527,6.165044045290162
CPTAC_to_TCGA,47,coral_pca_hgb,17f63789-2ee3-4cd9-9273-5fa73662db39,STAD,5.953243334287785,6.0223479056777744
CPTAC_to_TCGA,47,coral_pca_hgb,11ab53c8-6366-4bc9-b60d-23e6ed2d1cae,KIRC,4.174387269895637,3.8928908057723253
CPTAC_to_TCGA,47,coral_pca_hgb,310c31bf-91ce-40b4-99e4-a10242296de9,KIRC,3.970291913552122,4.088034515482868
CPTAC_to_TCGA,47,coral_pca_hgb,81a7f6a2-e44c-43d6-b687-01158eaf44ee,STAD,4.454347296253507,4.249432465330509
CPTAC_to_TCGA,47,coral_pca_hgb,b54fe07a-f63d-4861-878a-8e8322e32fed,STAD,3.784189633918261,4.139550383677609
CPTAC_to_TCGA,47,coral_pca_hgb,7cf64c74-47e6-4913-b91b-25198e36b7c8,LAML,0.6931471805599453,0.7681346481762248
CPTAC_to_TCGA,47,coral_pca_hgb,0a9faff7-ec4d-4b5a-aa83-6fa358f72074,UCEC,6.293419278846481,5.800581171249115
CPTAC_to_TCGA,47,coral_pca_hgb,2fe46394-cfc5-44bb-81a9-e438a0126f5b,UCEC,4.110873864173311,4.979670277217195
CPTAC_to_TCGA,47,coral_pca_hgb,41893e97-7e90-4b03-b738-260f288ade4c,UCEC,3.87120101090789,4.236002037619566
CPTAC_to_TCGA,47,coral_pca_hgb,4485cc98-5d58-4eb4-8325-7d1a617b6461,UCEC,6.569481420414296,5.431139643577295
CPTAC_to_TCGA,47,coral_pca_hgb,5428c4b2-37c2-4f8c-a474-39fe1aacb26b,UCEC,5.860786223465865,4.616743172517478
CPTAC_to_TCGA,47,coral_pca_hgb,b6ee9305-c935-4692-81f3-956956d5b4c4,SKCM,3.5263605246161616,4.840531196833262
CPTAC_to_TCGA,47,coral_pca_hgb,c34760a2-f70e-48c4-a7c2-eb359f8aeb71,GBM,4.5217885770490405,3.875520827226829
CPTAC_to_TCGA,47,coral_pca_hgb,94037c4f-7acc-436b-8433-7213a385539a,STAD,4.356708826689592,4.5671728352756915
CPTAC_to_TCGA,47,coral_pca_hgb,8bf0b156-6eb4-45e8-9cbb-0979efbea898,UCEC,4.890349128221754,4.355795646916578
CPTAC_to_TCGA,47,coral_pca_hgb,61ed8fbd-b753-451e-9683-edd4b266b0f3,GBM,3.4657359027997265,4.102049965134666
CPTAC_to_TCGA,47,coral_pca_hgb,fe3eeeb6-0db4-46d7-a020-55604d474c12,LUAD,4.290459441148391,4.221161031201574
CPTAC_to_TCGA,47,coral_pca_hgb,3b218ab7-5c2e-4458-a0ac-5152ec3d2b94,UCEC,6.342121418721152,5.886219651701814
CPTAC_to_TCGA,47,coral_pca_hgb,a244a99a-d7cc-4fb1-bc76-b66886481621,LUAD,5.529429087511423,4.710512037222888
CPTAC_to_TCGA,47,coral_pca_hgb,722f462d-f939-4bc1-aae4-8f78b1335a87,GBM,3.80666248977032,4.168970540719283
CPTAC_to_TCGA,47,coral_pca_hgb,4b56b93e-934c-45ff-9d24-b4b6812a790b,STAD,5.204006687076795,4.509184914634992
CPTAC_to_TCGA,47,coral_pca_hgb,009be09b-f9f6-43b7-8f45-4a648f8123ce,LUAD,4.465908118654584,3.8673554044041776
CPTAC_to_TCGA,47,coral_pca_hgb,33e3f736-7990-4f7a-ac35-863247566541,LUAD,4.836281906951478,3.6349733214638698
CPTAC_to_TCGA,47,coral_pca_hgb,20094e3e-cee3-41dd-8553-1fc393117786,PAAD,3.610917912644224,3.423258099400884
CPTAC_to_TCGA,47,coral_pca_hgb,d88b35a3-a291-457a-b15b-a314859b25c5,GBM,3.295836866004329,3.38878241620724
CPTAC_to_TCGA,47,coral_pca_hgb,db601d82-e2e7-469c-91da-3dbfcb477326,KIRC,4.262679877041316,4.074675977679244
CPTAC_to_TCGA,47,coral_pca_hgb,56bdb68c-a647-4aba-94ac-9cd52bb5344a,UCEC,6.298949246855942,5.10649101506774
CPTAC_to_TCGA,47,coral_pca_hgb,5624beab-545a-4a5b-960e-c33429572272,STAD,5.220355825078325,4.623904675624006
CPTAC_to_TCGA,47,coral_pca_hgb,8e9e684c-20e5-48b1-9e40-970037fe959f,KIRC,3.6375861597263857,4.3614204970541275
CPTAC_to_TCGA,47,coral_pca_hgb,ccecce70-dd54-4c5b-bf9f-ca87d290cb00,LUAD,3.258096538021482,3.843340259086174
CPTAC_to_TCGA,47,coral_pca_hgb,37f93d19-c78f-4fbc-affb-5a2ccc84be1b,STAD,4.356708826689592,4.04684329536633
CPTAC_to_TCGA,47,coral_pca_hgb,e45166cb-5150-4961-9e13-6891f02c1606,KIRC,3.8918202981106265,3.8833356719443657
CPTAC_to_TCGA,47,coral_pca_hgb,dd5074b2-462d-4267-8b9b-5a4c54e5978c,PAAD,3.332204510175204,3.121466782546676
CPTAC_to_TCGA,47,coral_pca_hgb,02634746-93b2-4cc4-9912-4a6d0bcd2e15,LAML,2.079441541679836,1.2175934755553923
CPTAC_to_TCGA,47,coral_pca_hgb,e62d5f3c-0a99-4932-a589-bff4fa02b1d3,STAD,3.6375861597263857,4.052527784239278
CPTAC_to_TCGA,47,coral_pca_hgb,309005a2-93a8-4566-b8d3-6b9310144266,GBM,3.044522437723423,3.3946135884805657
CPTAC_to_TCGA,47,coral_pca_hgb,6d271451-affa-4c76-bce5-6bf8622d83a9,LAML,1.0986122886681096,1.4987288758442876
CPTAC_to_TCGA,47,coral_pca_hgb,d558203d-3f70-42d4-accb-008ace280f48,GBM,2.833213344056216,4.05996536320913
CPTAC_to_TCGA,47,coral_pca_hgb,3e41cf2f-3de9-44c1-a819-bce693baf67d,UCEC,3.58351893845611,4.038141651735036
CPTAC_to_TCGA,47,coral_pca_hgb,8e7792b3-2b6c-47ac-acbe-3da7462a8321,UCEC,2.833213344056216,4.422911719512087
CPTAC_to_TCGA,47,coral_pca_hgb,5358b8c7-d69c-4485-9420-03416564187b,KIRC,3.80666248977032,4.13043907445758
CPTAC_to_TCGA,47,coral_pca_hgb,63bd2175-4b7c-44c9-aef3-9efc8f79837b,LUAD,3.332204510175204,4.4374615042814956
CPTAC_to_TCGA,47,coral_pca_hgb,472337c2-a2fc-403a-8c17-69511193128b,LUAD,5.4510384535657,4.251193274723614
CPTAC_to_TCGA,47,coral_pca_hgb,70cdb758-26c9-4c11-a495-0c31cbc84949,UCEC,3.6635616461296463,4.903373669749629
CPTAC_to_TCGA,47,coral_pca_hgb,4ec9dbb4-358d-4c59-8039-552c7006c2bf,STAD,6.647688373563329,7.130354625452374
CPTAC_to_TCGA,47,coral_pca_hgb,cf97d5ff-1cb7-434e-9ca8-c396cf960e5a,SKCM,6.765038976780541,5.8521116672025135
CPTAC_to_TCGA,47,coral_pca_hgb,586d7b3f-67a8-4a22-862f-cf50de3c1598,UCEC,3.9318256327243257,5.600129782947013
CPTAC_to_TCGA,47,coral_pca_hgb,8a235d4d-5ee1-4d6b-839e-e71cadcd8c39,UCEC,5.736572297479192,3.957845570935116
CPTAC_to_TCGA,47,coral_pca_hgb,40fc7973-91c4-4fa8-a105-7fc3d6f3817c,PAAD,3.610917912644224,3.4614233171368296
CPTAC_to_TCGA,47,coral_pca_hgb,afa79b18-2ac6-4179-9c8c-5fa4d1d09a7e,UCEC,5.030437921392435,5.593269510120002
CPTAC_to_TCGA,47,coral_pca_hgb,c6d78e27-e510-4f57-abae-19efa6105a8d,LUAD,5.010635294096256,4.873459758853266
CPTAC_to_TCGA,47,coral_pca_hgb,f19850cb-50c4-4f3a-ba80-b1464958ffa8,GBM,4.3694478524670215,4.185887912561557
CPTAC_to_TCGA,47,coral_pca_hgb,cad2adc1-0f41-4651-9c80-ae9961e2dc8d,STAD,3.7612001156935615,4.426715331102631
CPTAC_to_TCGA,47,coral_pca_hgb,f8557247-91fa-4772-ae14-958d709d9815,STAD,4.844187086458591,4.962454616145024
CPTAC_to_TCGA,47,coral_pca_hgb,5cba9441-6812-49c0-a0f6-7928ed4e5b81,UCEC,5.8111409929767,5.183358433562053
CPTAC_to_TCGA,47,coral_pca_hgb,a3cc2845-8a44-4b50-8a3e-17a3c2c3e077,GBM,3.332204510175204,3.6805668901814874
CPTAC_to_TCGA,47,coral_pca_hgb,dcd066ba-5894-453e-b1da-82092858c3db,LUAD,3.713572066704308,5.0464615251902
CPTAC_to_TCGA,47,coral_pca_hgb,8994c8c4-9ea0-46cb-b4a5-0055d7da5bfa,LUAD,1.791759469228055,3.491959370015348
CPTAC_to_TCGA,47,coral_pca_hgb,d807a1c0-f586-4f13-b8ef-3f79ab3d4b70,STAD,5.0238805208462765,4.702052491238406
CPTAC_to_TCGA,47,coral_pca_hgb,b045f24b-f822-4df9-9ffa-47308edcec8c,UCEC,8.925321416943886,6.236924672951382
CPTAC_to_TCGA,47,coral_pca_hgb,7840d10b-4927-4731-8dda-5f288da21bef,STAD,4.23410650459726,3.6261432346879356
CPTAC_to_TCGA,47,coral_pca_hgb,5bf40b29-d722-430a-91bc-cad941ee3694,SKCM,5.6937321388027,5.365054355634268
CPTAC_to_TCGA,47,coral_pca_hgb,787c3e2f-a708-4985-a5b1-b2383c7bfc52,UCEC,4.406719247264253,3.8685275872645453
CPTAC_to_TCGA,47,coral_pca_hgb,f42868c0-ff59-438b-90a7-489aea678de9,UCEC,6.282266746896006,5.869062229821929
CPTAC_to_TCGA,47,coral_pca_hgb,0648f046-2206-4b97-9b6e-419c2e325b6d,UCEC,4.007333185232471,4.199565950187361
CPTAC_to_TCGA,47,coral_pca_hgb,e9f855b3-291b-449d-9758-caa0f99fa76d,KIRC,3.6635616461296463,4.51760315163041
CPTAC_to_TCGA,47,coral_pca_hgb,ffaa98a0-2b69-46dc-aee5-c5c3f2abbc38,UCEC,3.4011973816621555,4.834887426608599
CPTAC_to_TCGA,47,coral_pca_hgb,10f0d40b-c4c4-441b-9cfb-bef5e44aa91e,PAAD,3.80666248977032,3.4123473148543098
CPTAC_to_TCGA,47,coral_pca_hgb,bae3c762-d894-4742-860c-43d18659b4bc,STAD,6.45833828334479,5.577908078555975
CPTAC_to_TCGA,47,coral_pca_hgb,21bd7197-2504-4710-8c13-a9da9f71b0d5,LAML,0.6931471805599453,1.3491448976525875
CPTAC_to_TCGA,47,coral_pca_hgb,380a053f-03e4-4773-9e59-5e0af8edd9a5,LAML,0.6931471805599453,1.2308488024212347
CPTAC_to_TCGA,47,coral_pca_hgb,32d9935a-f5cd-43b3-88bd-09e6e2b9090d,LUAD,5.717027701406222,4.1127847115213365
CPTAC_to_TCGA,47,coral_pca_hgb,73512f9d-c6e4-446f-8e31-666c6af44da5,KIRC,3.6375861597263857,3.7949436245778907
CPTAC_to_TCGA,47,coral_pca_hgb,0df9ec46-d600-4845-9d00-2dc2732c68d1,KIRC,4.406719247264253,3.9293889386236778
CPTAC_to_TCGA,47,coral_pca_hgb,7d35b1e4-8dcf-4caa-adce-e4b72a2a10ca,KIRC,3.784189633918261,4.502975115145831
CPTAC_to_TCGA,47,coral_pca_hgb,1070ff27-17c9-43dd-a4f6-daa643eb9123,LUAD,6.893656354602635,5.053455447120695
CPTAC_to_TCGA,47,coral_pca_hgb,11ed5289-050e-434a-a24e-79854b0d9dcc,LAML,0.6931471805599453,1.291261696634394
CPTAC_to_TCGA,47,coral_pca_hgb,c9ebaeff-6a27-4a6c-a34c-5337a3508a52,UCEC,3.6635616461296463,5.152553254805851
CPTAC_to_TCGA,47,coral_pca_hgb,fe45eaee-ff0c-4d52-b18c-04dc2d64d3b4,STAD,4.897839799950911,5.775704073218073
CPTAC_to_TCGA,47,coral_pca_hgb,a8def1a0-a136-47f4-9ad9-60ebcf9b726b,UCEC,8.846353043314327,6.610086341678459
CPTAC_to_TCGA,47,coral_pca_hgb,8ce63594-bf4a-4b8d-9a48-49cb92b98ea9,STAD,4.477336814478207,3.8448918883176053
CPTAC_to_TCGA,47,coral_pca_hgb,ddcc73bf-b10f-4fab-96d4-3077947fcd2d,STAD,3.6375861597263857,4.451618797710982
CPTAC_to_TCGA,47,coral_pca_hgb,54e90433-5218-4d83-848f-f995ecba2a63,LUAD,7.151485463904735,4.92763889353341
CPTAC_to_TCGA,47,coral_pca_hgb,cfb6e5b0-34ed-4f8a-9057-c48de5e28645,LAML,1.0986122886681096,1.894864978081642
CPTAC_to_TCGA,47,coral_pca_hgb,bf632368-8ce7-4b4b-8842-d1b1801e62ef,UCEC,8.79133399330135,6.071027915123806
CPTAC_to_TCGA,47,coral_pca_hgb,34631deb-9ed3-49fa-afab-baa0570237cd,LAML,2.4849066497880004,0.6221503778555058
CPTAC_to_TCGA,47,coral_pca_hgb,40ce24c6-b331-4be2-baf9-2fa7dc855f9b,UCEC,6.663132695990803,6.307445509783442
CPTAC_to_TCGA,47,coral_pca_hgb,7be86a90-6da8-4c01-8a7a-bc5cfef9894f,LUAD,5.973809611869261,4.7426581340290666
CPTAC_to_TCGA,47,coral_pca_hgb,2375ef64-8212-4ad4-97e8-bfa6d1db430f,KIRC,4.330733340286331,4.094484686419262
CPTAC_to_TCGA,47,coral_pca_hgb,012e99fe-e3e8-4bb0-bb74-5b0c9992187c,STAD,0.0,3.3697603576482895
CPTAC_to_TCGA,47,coral_pca_hgb,4d856b5d-a59b-45f2-a9b2-4d43ec8a20e4,KIRC,4.343805421853684,3.9519125728530407
CPTAC_to_TCGA,47,coral_pca_hgb,5898434d-cfa3-4515-a0c0-810d7e515120,PAAD,2.302585092994046,3.6058452723328354
CPTAC_to_TCGA,47,coral_pca_hgb,4a1d30e8-e93a-41ed-8e54-08eaff6556a7,LUAD,6.1092475827643655,4.859230315543633
CPTAC_to_TCGA,47,coral_pca_hgb,01e9888d-b5b9-48f1-8ba6-8a89af108a04,LUAD,3.1780538303479458,4.090776640251826
CPTAC_to_TCGA,47,coral_pca_hgb,45aacbb4-0fd8-431c-a57b-279ea57a19fc,STAD,5.2574953720277815,6.14450587775254
CPTAC_to_TCGA,47,coral_pca_hgb,e876dd29-68b0-4bf1-83d1-488c40068a35,GBM,3.8918202981106265,4.172152284206068
CPTAC_to_TCGA,47,coral_pca_hgb,820aea32-8f1c-478b-ab56-8171425cd76b,GBM,3.713572066704308,4.178762087959604
CPTAC_to_TCGA,47,coral_pca_hgb,d2aa7d70-a25f-4a9e-9d52-37e372461824,UCEC,6.2166061010848646,5.406759867180068
CPTAC_to_TCGA,47,coral_pca_hgb,16ac4341-cf8f-45e2-b90b-2d12d5f74a59,UCEC,3.784189633918261,4.283856021787755
CPTAC_to_TCGA,47,coral_pca_hgb,1782bf45-7350-4053-8dd1-45faf4ed8dd9,PAAD,3.258096538021482,4.174566349026068
CPTAC_to_TCGA,47,coral_pca_hgb,9f5c0a43-d222-484a-9249-d288387dd7a1,KIRC,4.04305126783455,3.673284170538104
CPTAC_to_TCGA,47,coral_pca_hgb,ccd44d97-f0d5-47cd-9c12-af458c750d23,KIRC,3.5263605246161616,4.24938375444664
CPTAC_to_TCGA,47,coral_pca_hgb,214a09bb-ce52-4055-b036-065e8cb7ac7d,UCEC,6.329720905522696,5.192747100164841
CPTAC_to_TCGA,47,coral_pca_hgb,e5f956dd-f49f-435c-83c3-5b1b0a2050ed,LUAD,3.6635616461296463,4.387217104952781
CPTAC_to_TCGA,47,coral_pca_hgb,c8544fb3-b26e-4672-bb81-a271db724b04,LUAD,6.001414877961151,5.834048369947941
CPTAC_to_TCGA,47,coral_pca_hgb,368e23f0-e573-4547-bf5a-14080baf737b,LUAD,6.80128303447162,5.112569418920896
CPTAC_to_TCGA,47,coral_pca_hgb,a8de1beb-6296-44eb-bd63-c603f70faaf3,LUAD,5.214935757608986,4.608351938821035
CPTAC_to_TCGA,47,coral_pca_hgb,6b02def4-04ca-4ba0-bc48-262c4d8a294c,SKCM,5.521460917862246,5.106326657217726
CPTAC_to_TCGA,47,coral_pca_hgb,d7e86c99-a716-48b8-b067-e73d68b14dee,SKCM,4.189654742026425,5.227537263046825
CPTAC_to_TCGA,47,coral_pca_hgb,2efc156c-464a-4c2f-a854-39fefe32081c,LUAD,4.969813299576001,5.185483994648363
CPTAC_to_TCGA,47,coral_pca_hgb,77e49007-3e44-4157-beae-8f7e94234c78,PAAD,3.367295829986474,3.6105217039281623
CPTAC_to_TCGA,47,coral_pca_hgb,c24c54ea-4095-460d-bb53-e3629a56cd62,PAAD,3.258096538021482,3.279463320118678
CPTAC_to_TCGA,47,coral_pca_hgb,3434b91a-c05f-460f-a078-7b1bb6e7085d,LUAD,7.247792581767846,5.050050975452881
CPTAC_to_TCGA,47,coral_pca_hgb,32e40e0b-e74b-428c-acd3-84ec6a80c024,SKCM,3.1354942159291497,5.254011886979373
CPTAC_to_TCGA,47,coral_pca_hgb,a2663a86-a006-4867-9e88-2b523df48303,KIRC,2.70805020110221,3.5359900225278214
CPTAC_to_TCGA,47,coral_pca_hgb,fa00a6a7-d5b0-40b9-8360-d56f7db64d34,STAD,4.143134726391533,5.1249273672375715
CPTAC_to_TCGA,47,coral_pca_hgb,76f98002-e8df-4dfa-926e-8bb2d5114966,UCEC,6.693323668269949,6.120660615628226
CPTAC_to_TCGA,47,coral_pca_hgb,f462cfef-f60a-4d3e-b92d-b8d8f50b6bb3,LUAD,6.115892125483034,5.944821134227515
CPTAC_to_TCGA,47,coral_pca_hgb,7c4ed533-ee66-48be-a84b-ff8607742818,LUAD,4.584967478670572,4.810947701065716
CPTAC_to_TCGA,47,coral_pca_hgb,95fa64b0-91e1-4427-b81a-53c47a053563,LUAD,6.07993319509559,5.416214296532987
CPTAC_to_TCGA,47,coral_pca_hgb,cc3d9750-7ce0-489f-86d4-8017b7ebed29,LUAD,2.3978952727983707,4.074054590955944
CPTAC_to_TCGA,47,coral_pca_hgb,0c01c673-e396-47b2-9562-4144d7705ebf,UCEC,3.58351893845611,4.307467482302696
CPTAC_to_TCGA,47,coral_pca_hgb,76a4e24e-e645-47c5-836a-6a029e97a4c8,STAD,3.49650756146648,4.36601593648795
CPTAC_to_TCGA,47,coral_pca_hgb,3dab68d3-232c-4b4f-81a4-ca8f72d69a43,UCEC,6.2422232654551655,3.406330690284949
CPTAC_to_TCGA,47,coral_pca_hgb,47a4161c-9c61-48f5-b9bc-a6d1acad4e5a,GBM,4.143134726391533,4.019165544305547
CPTAC_to_TCGA,47,coral_pca_hgb,1ab7ad70-0f80-41d8-8efa-3baebc8223cc,LUAD,3.9318256327243257,4.0428724525699025
CPTAC_to_TCGA,47,coral_pca_hgb,2ac986f6-cd6f-4ca5-90cc-7a105cfe85ea,STAD,5.525452939131784,5.567072602840539
CPTAC_to_TCGA,47,coral_pca_hgb,b86b1616-20a2-4300-8daa-03dcc9938215,LUAD,4.804021044733257,4.658361985954619
CPTAC_to_TCGA,47,coral_pca_hgb,23069f19-eba5-4ea5-ae7d-1ee4399ce7c1,LUAD,2.833213344056216,4.084921879136796
CPTAC_to_TCGA,47,coral_pca_hgb,7b9479ff-23d6-4689-91f0-02efc94300f9,LUAD,5.209486152841421,4.21905306903818
CPTAC_to_TCGA,47,coral_pca_hgb,4cfe4f31-f62c-423a-8b9f-17f455b15313,KIRC,2.302585092994046,3.638194024082512
CPTAC_to_TCGA,47,coral_pca_hgb,3e1df30f-744a-41e9-a169-7dbbff66622e,LUAD,6.045005314036012,5.962010187998103
CPTAC_to_TCGA,47,coral_pca_hgb,fa0c7392-d485-41ac-bf7e-244a528209ae,LUAD,4.48863636973214,4.732607542246913
CPTAC_to_TCGA,47,coral_pca_hgb,31c96e35-5e2f-429c-b12a-7bc5a497a300,LUAD,6.335054251498059,5.413556642019329
CPTAC_to_TCGA,47,coral_pca_hgb,f77b6930-a1ce-446e-a15d-c018cbbecfee,LUAD,3.713572066704308,4.534871614694961
CPTAC_to_TCGA,47,coral_pca_hgb,71fed998-8fac-4e6b-b38a-22c83e05e958,UCEC,5.676753802268282,5.4218241397070175
CPTAC_to_TCGA,47,coral_pca_hgb,e302f643-eed3-4f07-a7fb-c32ee2031a1c,STAD,4.762173934797756,4.995544772271472
CPTAC_to_TCGA,47,coral_pca_hgb,3f305a1f-1020-4ebb-82ab-fd132bcaea02,UCEC,3.58351893845611,3.339195019843754
CPTAC_to_TCGA,47,coral_pca_hgb,e33dff22-5bf1-4dd8-bed7-063cb555677c,KIRC,3.367295829986474,3.9547865877525026
CPTAC_to_TCGA,47,coral_pca_hgb,38a3ea92-8965-4bda-9dbd-144832975cdd,UCEC,9.01127949117793,5.740977668495574
CPTAC_to_TCGA,47,coral_pca_hgb,5a2f8140-8f90-4e94-b703-5fa5aa96be7b,LUAD,5.1298987149230735,4.380908590717364
CPTAC_to_TCGA,47,coral_pca_hgb,e56c6abc-b36c-4667-a347-0a541ce4791d,UCEC,3.295836866004329,4.892667157845288
CPTAC_to_TCGA,47,coral_pca_hgb,1a094c2b-9fba-4bb1-929d-bb2cdf874bee,UCEC,3.258096538021482,4.402840220160206
CPTAC_to_TCGA,47,coral_pca_hgb,7b9947d5-e86b-4006-8890-ea5209584a88,UCEC,4.0943445622221,4.158804248524451
CPTAC_to_TCGA,47,coral_pca_hgb,76c666e8-75c0-4e82-978c-1e346435b0fa,STAD,6.2766434893416445,6.133987547934684
CPTAC_to_TCGA,47,coral_pca_hgb,db769d5c-a794-448d-9130-38a82d051c95,LUAD,4.304065093204169,3.161709343633927
CPTAC_to_TCGA,47,coral_pca_hgb,8609edfc-119d-4d63-9188-c86aabd5ca52,LUAD,3.9318256327243257,3.7634793780090168
CPTAC_to_TCGA,47,coral_pca_hgb,025a7401-a65d-4ea0-8b4e-0ba775b0322a,GBM,3.6635616461296463,3.6987790091073145
CPTAC_to_TCGA,47,coral_pca_hgb,37e22429-efd7-4d6a-b79a-9d8c7be2170c,STAD,4.465908118654584,5.820348608940744
CPTAC_to_TCGA,47,coral_pca_hgb,d721bfe0-90e3-415e-b9f3-1a270efa5fbb,LUAD,5.472270673671475,5.861381579904839
CPTAC_to_TCGA,47,coral_pca_hgb,c9e4f0bf-48fc-4600-9e03-314bc575273f,GBM,3.218875824868201,3.7495232965012972
CPTAC_to_TCGA,47,coral_pca_hgb,2ae1706b-c0f7-40e3-afe5-cb75d1584b96,STAD,5.472270673671475,6.023987098734751
CPTAC_to_TCGA,47,coral_pca_hgb,4db38349-28d2-4af5-a12f-3d861937b0e0,UCEC,9.21453157659465,5.577460872183993
CPTAC_to_TCGA,47,coral_pca_hgb,35a7e49e-747b-45ce-9a07-3a5faba0ca94,GBM,3.784189633918261,3.9804888798902294
CPTAC_to_TCGA,47,coral_pca_hgb,dd46c83e-6551-485b-b935-f3beed891244,LUAD,4.762173934797756,5.084181003284824
CPTAC_to_TCGA,47,coral_pca_hgb,326745d8-98ca-4f4d-b217-96aea9faa1ad,KIRC,3.58351893845611,4.037578574289971
CPTAC_to_TCGA,47,coral_pca_hgb,48f730a5-26c3-4716-964e-36fa9af26966,LAML,2.302585092994046,1.1801254680264388
CPTAC_to_TCGA,47,coral_pca_hgb,fae200ed-78e7-4d2d-82b5-aee63fc54d25,KIRC,3.367295829986474,3.911559716994228
CPTAC_to_TCGA,47,coral_pca_hgb,44dec838-b653-42a7-a58b-a1fd232cd68c,LUAD,3.555348061489413,3.0585101010398024
CPTAC_to_TCGA,47,coral_pca_hgb,872abc8a-6c1f-4114-b993-7d0327fb38bd,GBM,3.970291913552122,4.094779870571852
CPTAC_to_TCGA,47,coral_pca_hgb,a28b256e-e085-467d-bdba-5c39718012d7,GBM,3.4339872044851463,4.156816970029162
CPTAC_to_TCGA,47,coral_pca_hgb,af852862-f01e-4ddd-82c6-9781c93ef20b,SKCM,4.700480365792417,5.8412742784427385
CPTAC_to_TCGA,47,coral_pca_hgb,84d2d341-9e52-49ab-8c51-417208834c5d,STAD,7.016609683894219,6.699055979281307
CPTAC_to_TCGA,47,coral_pca_hgb,2c3e95b5-2c63-43c7-baa2-47ef914b25a8,UCEC,4.941642422609304,4.364566482430817
CPTAC_to_TCGA,47,coral_pca_hgb,6205c2d8-d431-4c4c-8ac6-ee407170e833,KIRC,3.5263605246161616,3.895298728564447
CPTAC_to_TCGA,47,coral_pca_hgb,e8060c45-451d-4779-9584-f284db47e63e,LUAD,5.198497031265826,5.755692776868433
CPTAC_to_TCGA,47,coral_pca_hgb,521ea765-1bd1-423d-a75d-091243df37a9,GBM,3.912023005428146,4.247598495782286
CPTAC_to_TCGA,47,coral_pca_hgb,0c139772-e303-45d1-b0c7-438fa1db105e,KIRC,3.87120101090789,4.210940898208369
CPTAC_to_TCGA,47,coral_pca_hgb,acab1362-c8a0-448b-8533-0cd84d97959c,STAD,3.218875824868201,3.773957180272179
CPTAC_to_TCGA,47,coral_pca_hgb,2b1dea0a-6d55-4fdd-9c1c-0d9fbe03bd78,KIRC,4.276666119016055,3.945955575755025
CPTAC_to_TCGA,47,coral_pca_hgb,8751429b-4a11-451e-b978-dc9e9db0eb36,UCEC,3.87120101090789,4.218522234474031
CPTAC_to_TCGA,47,coral_pca_hgb,04beccb3-f513-4d60-b57f-a4382e4eeda3,KIRC,3.044522437723423,3.040038436985151
CPTAC_to_TCGA,47,coral_pca_hgb,43e3fbf3-7812-45fb-bf4c-ce22a2aa1eee,STAD,7.1592919047975645,4.620308988299837
CPTAC_to_TCGA,47,coral_pca_hgb,95edfabe-0b35-4cdd-aed4-e2234d806f35,STAD,5.488937726156687,5.521946012843816
CPTAC_to_TCGA,47,coral_pca_hgb,dcfbe781-a92a-45b5-b80a-e3bb3bdc0d9a,UCEC,9.380251908693456,6.044750504236686
CPTAC_to_TCGA,47,coral_pca_hgb,92116b0b-e614-4a27-a3c2-207e561c788b,SKCM,4.382026634673881,4.24664402345205
CPTAC_to_TCGA,47,coral_pca_hgb,c26002e7-abf1-42b9-bf36-0e97249d872f,PAAD,3.1780538303479458,3.60957006793553
CPTAC_to_TCGA,47,coral_pca_hgb,7436a28f-01a3-4148-b38e-63c57b5d86c4,SKCM,4.77912349311153,4.977310604614306
CPTAC_to_TCGA,47,coral_pca_hgb,8ee720b5-6f3a-4921-85ab-70e75c0835b0,KIRC,4.060443010546419,3.8315594409903992
CPTAC_to_TCGA,47,coral_pca_hgb,2db08267-d346-4d42-aac0-b76831903253,LUAD,5.736572297479192,5.588194804290779
CPTAC_to_TCGA,47,coral_pca_hgb,a12df3d7-c560-4e7d-a482-1025a6e5b465,UCEC,3.737669618283368,4.7864965122838905
CPTAC_to_TCGA,47,coral_pca_hgb,a45a2343-f425-4e62-9049-7782733b6234,UCEC,3.87120101090789,4.962728928105805
CPTAC_to_TCGA,47,coral_pca_hgb,3e698caf-4d86-43f5-b657-5f4cef64fc5f,LAML,1.0986122886681096,1.4279121256973946
CPTAC_to_TCGA,47,coral_pca_hgb,f6f9ed0d-2b3c-45b7-b214-853b5a207bac,LAML,2.4849066497880004,1.738083207176534
CPTAC_to_TCGA,47,coral_pca_hgb,21941181-8ed5-4211-867d-516ad09fbe06,UCEC,3.737669618283368,4.35759821795953
CPTAC_to_TCGA,47,coral_pca_hgb,f2b93fbd-5848-46e2-978e-ba84e810e0dc,KIRC,4.04305126783455,4.103136120468545
CPTAC_to_TCGA,47,coral_pca_hgb,d59824bd-816e-4ffc-8aae-1c3eff1f800e,STAD,4.454347296253507,4.671792598554514
CPTAC_to_TCGA,47,coral_pca_hgb,f1f80dd2-891d-46dd-a3e0-f007628cb515,LUAD,4.770684624465665,5.645506055849356
CPTAC_to_TCGA,47,coral_pca_hgb,a98bbe29-8817-4380-a738-3c1bf9f8e0cc,UCEC,3.80666248977032,3.945592962949562
CPTAC_to_TCGA,47,coral_pca_hgb,467bf226-a646-4217-bce6-8d0f11c756eb,KIRC,3.951243718581428,4.249876482016016
CPTAC_to_TCGA,47,coral_pca_hgb,501c987e-d1eb-48a9-89eb-72a5062c90b4,LUAD,5.293304824724492,4.798451830051057
CPTAC_to_TCGA,47,coral_pca_hgb,852effcd-8146-46e1-96fa-e5a9f09a88e2,KIRC,4.189654742026425,4.0757456616842065
CPTAC_to_TCGA,47,coral_pca_hgb,7b0d69ca-13a6-46e0-839c-e433bbede3ad,STAD,6.776506992372183,4.792468054223916
CPTAC_to_TCGA,47,coral_pca_hgb,ca2da39a-263c-4238-9826-de7d52e63d0f,PAAD,3.091042453358316,3.0490421967823558
CPTAC_to_TCGA,47,coral_pca_hgb,d384dd0c-1947-4ffc-bee9-de38311d8249,STAD,4.276666119016055,4.9991288719851585
CPTAC_to_TCGA,47,coral_pca_hgb,af852215-5a4b-44b4-8e8e-b887dcb3cf8c,UCEC,3.6635616461296463,4.4456913942035206
CPTAC_to_TCGA,47,coral_pca_hgb,2bbf00f4-7798-4dad-9894-96202c9132be,SKCM,6.966024187106113,5.111702884266573
CPTAC_to_TCGA,47,coral_pca_hgb,ee143e06-0334-45dd-a2b0-1169527d6b4e,SKCM,7.284820912568604,5.185111219466816
CPTAC_to_TCGA,47,coral_pca_hgb,5d2a9a4f-678d-4089-a8c5-81a5cb696629,LUAD,5.860786223465865,4.681102139693981
CPTAC_to_TCGA,47,coral_pca_hgb,46cd8ded-f8a1-4f8c-a4c2-2d5b51c04f18,UCEC,4.0943445622221,4.424846000652864
CPTAC_to_TCGA,47,coral_pca_hgb,6783fb7d-f509-47c6-b39f-535a9026f6bc,SKCM,6.473890696352274,5.156498256443439
CPTAC_to_TCGA,47,coral_pca_hgb,525fb4fc-2167-4506-b4fa-fb896bf64cd0,UCEC,3.49650756146648,5.450846853625866
CPTAC_to_TCGA,47,coral_pca_hgb,8352cbb0-10e7-40bd-96f0-1e982ab4c07b,SKCM,6.190315405853148,5.3692260717328315
CPTAC_to_TCGA,47,coral_pca_hgb,0d88e6ab-cf1d-4888-878b-0ac7d687c4cc,KIRC,4.02535169073515,3.885634282475118
CPTAC_to_TCGA,47,coral_pca_hgb,265f1d03-fa56-4f9a-a1d2-33f123558729,KIRC,3.5263605246161616,4.341667971292453
CPTAC_to_TCGA,47,coral_pca_hgb,7d22ff96-9249-46b3-9cfa-e40dc4ecebd6,UCEC,4.3694478524670215,4.751514223846971
CPTAC_to_TCGA,47,coral_pca_hgb,3a3fc890-1985-4353-861b-dc3abfb364b1,GBM,9.322954516345318,4.254799936833041
CPTAC_to_TCGA,47,coral_pca_hgb,01277e9d-a35f-45d9-9e60-2e8cd79630a0,KIRC,4.382026634673881,3.7649003487710675
CPTAC_to_TCGA,47,coral_pca_hgb,98e0344d-71c6-477c-a990-0bd0277606af,GBM,4.454347296253507,3.1456038928038335
CPTAC_to_TCGA,47,coral_pca_hgb,7d915d11-729c-4577-a948-9824a8b033ce,STAD,4.672828834461906,5.5513654579626674
CPTAC_to_TCGA,47,coral_pca_hgb,c129b63f-90cb-40dc-beed-757634004821,KIRC,4.248495242049359,4.1831509634956445
CPTAC_to_TCGA,47,coral_pca_hgb,54775a66-08cc-4f38-98f2-e7b2b5cec994,LUAD,3.7612001156935615,4.647611915695346
CPTAC_to_TCGA,47,coral_pca_hgb,66f3c936-272e-4a1e-8567-f609af411329,GBM,4.499809670330265,3.757308531185153
CPTAC_to_TCGA,47,coral_pca_hgb,585a1f31-3804-43ca-81e9-4e571fe03642,UCEC,8.92996487470684,6.403560416011412
CPTAC_to_TCGA,47,coral_pca_hgb,f5261330-596e-4632-a5a3-8d3a2aa5de38,UCEC,3.258096538021482,4.4332860620959575
CPTAC_to_TCGA,47,coral_pca_hgb,035c0b2b-c722-443b-8962-db4ee92c7532,LUAD,6.602587892189336,5.840162328068132
CPTAC_to_TCGA,47,coral_pca_hgb,7427f9e8-1140-45fd-9613-78b72b13a7ba,UCEC,8.722580021141187,5.693439651041524
CPTAC_to_TCGA,47,coral_pca_hgb,3bfa8069-6ca3-4405-9e32-11aa16b010ac,STAD,4.48863636973214,5.066552325461926
CPTAC_to_TCGA,47,coral_pca_hgb,e78ff499-037b-450a-ac04-6fb3a9e124a4,LAML,6.056784013228625,2.248075554915655
CPTAC_to_TCGA,47,coral_pca_hgb,fcecafa8-8b8b-4ae6-81bc-73acf05b211a,KIRC,4.007333185232471,4.010187112796018
CPTAC_to_TCGA,47,coral_pca_hgb,17142718-742e-464a-8e0f-a6b9ac8fad75,PAAD,2.302585092994046,3.07755447450047
CPTAC_to_TCGA,47,coral_pca_hgb,df3df249-86c2-43d4-abe1-796cd7df653f,STAD,4.007333185232471,5.771555912968033
CPTAC_to_TCGA,47,coral_pca_hgb,dffc7091-bc27-452c-ad94-1ee214107593,UCEC,2.639057329615259,4.755357638412779
CPTAC_to_TCGA,47,coral_pca_hgb,9f81c602-8afa-4588-b0b6-6e5a1a128d5a,LUAD,5.327876168789581,4.876319800048841
CPTAC_to_TCGA,47,coral_pca_hgb,8c695c24-e7f9-449a-9258-a1bc8a33bf9a,LUAD,4.927253685157205,4.208981225116418
CPTAC_to_TCGA,47,coral_pca_hgb,f85bc60b-ab07-4b24-820b-6860b198e910,UCEC,3.6635616461296463,4.057117592910063
CPTAC_to_TCGA,47,coral_pca_hgb,a205522f-2df0-4829-b86f-fa43c76c39cc,STAD,3.87120101090789,4.152638347360415
CPTAC_to_TCGA,47,coral_pca_hgb,b53cf25c-929c-4f1a-870e-13f260c5cf7d,SKCM,3.610917912644224,4.909984158491813
CPTAC_to_TCGA,47,coral_pca_hgb,2f90209b-7464-4d7e-83d1-67850c263ded,STAD,2.19722457733622,4.724316149142174
CPTAC_to_TCGA,47,coral_pca_hgb,ca21c55f-45a7-42af-be07-430990d5445b,STAD,4.8283137373023015,4.955273767638976
CPTAC_to_TCGA,47,coral_pca_hgb,e516880b-c4e5-43cd-a358-be0db88564d7,STAD,5.468060141135132,4.774344586631869
CPTAC_to_TCGA,47,coral_pca_hgb,8b19c8ac-68e6-4dc8-aec9-1556e62ca20f,UCEC,3.6635616461296463,5.25272268876627
CPTAC_to_TCGA,47,coral_pca_hgb,e6daa4fa-dcf7-4698-b13f-fdfa4eda6943,STAD,4.060443010546419,5.55916265831796
CPTAC_to_TCGA,47,coral_pca_hgb,44ac7093-a733-4c55-a964-0ba9ec141d2d,UCEC,3.58351893845611,5.009514907728421
CPTAC_to_TCGA,47,coral_pca_hgb,8a575e00-5dc5-416d-a8f5-2cdfb8e62c31,KIRC,3.951243718581428,4.111989597170266
CPTAC_to_TCGA,47,coral_pca_hgb,423da953-30aa-4f7e-96b5-1f6fd24f8874,UCEC,4.262679877041316,5.0491036118966655
CPTAC_to_TCGA,47,coral_pca_hgb,712c2f78-c736-42ce-b689-a954c5290987,PAAD,3.258096538021482,4.2266250484572065
CPTAC_to_TCGA,47,coral_pca_hgb,1f48f010-98fe-4b5a-b96a-14fb25eff23f,GBM,3.784189633918261,3.585582188615182
CPTAC_to_TCGA,47,coral_pca_hgb,fb6b289c-aaf9-4d8e-b6e0-5d35bce1b6e1,LUAD,6.240275845170769,5.155323655271516
CPTAC_to_TCGA,47,coral_pca_hgb,108a71cf-b9db-47cd-aa74-c03ec989b41b,LUAD,5.043425116919247,3.903959727975775
CPTAC_to_TCGA,47,coral_pca_hgb,0232d299-4cdf-4fd7-9a5e-8d13c208b40c,LUAD,6.135564891081739,5.865769044480814
CPTAC_to_TCGA,47,coral_pca_hgb,fb7475df-30cc-4316-b9ac-37cbeeb6ba2b,UCEC,5.993961427306569,5.593763865634907
CPTAC_to_TCGA,47,coral_pca_hgb,86faf16c-56fd-4b7b-a6b2-b4c83bec93e1,LUAD,4.983606621708336,4.671233084720344
CPTAC_to_TCGA,47,coral_pca_hgb,9b93a7c5-f9b4-4461-8078-0201a725c9cf,LUAD,0.6931471805599453,3.564245184492834
CPTAC_to_TCGA,47,coral_pca_hgb,e9b3822b-699d-412f-abd2-df399efcce8c,STAD,6.504288173536645,6.165504496446202
CPTAC_to_TCGA,47,coral_pca_hgb,3fa6c93e-e7fe-402c-9526-c81411aa0920,KIRC,4.343805421853684,4.125567623871199
CPTAC_to_TCGA,47,coral_pca_hgb,137dfe0a-2a2b-423c-9a8a-78233b6ead74,LAML,2.639057329615259,2.2466088157798296
CPTAC_to_TCGA,47,coral_pca_hgb,7e7f089c-25f7-4e14-aed5-d741047b9e42,LUAD,4.897839799950911,4.53360886764411
CPTAC_to_TCGA,47,coral_pca_hgb,40cb6f49-3d68-45dc-9bfa-b4d724de7dfe,STAD,4.262679877041316,5.591049508586017
CPTAC_to_TCGA,47,coral_pca_hgb,0f3e2f16-1c06-4128-af45-ee73de19ea69,STAD,7.224753405767971,7.051706368846078
CPTAC_to_TCGA,47,coral_pca_hgb,7ef3f065-1928-4a58-b5a6-76dddb8488cf,STAD,4.158883083359672,4.812993472738434
CPTAC_to_TCGA,47,coral_pca_hgb,70820391-13b4-438f-ba4a-c0804d4c2d76,KIRC,4.07753744390572,3.8254281845012574
CPTAC_to_TCGA,47,coral_pca_hgb,0cd4b4a2-d3ce-4fc4-b899-bbcecb2b3d55,STAD,4.852030263919617,4.878847593068544
CPTAC_to_TCGA,47,coral_pca_hgb,00781a96-4068-427c-a9c5-584d167c3dea,STAD,6.77078942390898,7.2725819474693765
CPTAC_to_TCGA,47,coral_pca_hgb,98ee294a-46ed-4572-bdd4-a932c3498a25,LUAD,5.638354669333745,5.211336506132973
CPTAC_to_TCGA,47,coral_pca_hgb,f384eb3f-92ab-4327-87eb-45b5f72a1580,UCEC,3.8501476017100575,4.46710451079767
CPTAC_to_TCGA,47,coral_pca_hgb,ef646014-78a9-43af-b6fa-85fa288cd51b,GBM,3.688879454113936,3.7704887149762043
CPTAC_to_TCGA,47,coral_pca_hgb,9b38eded-3f46-4aaa-9991-68008d97bdbe,LUAD,6.807934943699926,5.5561484184185135
CPTAC_to_TCGA,47,coral_pca_hgb,fb79c491-7b01-42ae-8369-8364e442e31b,LUAD,3.8918202981106265,4.191069396221154
CPTAC_to_TCGA,47,coral_pca_hgb,404dafe8-369c-4659-a088-c85dccb7ad3b,LAML,1.3862943611198906,2.351637044548781
CPTAC_to_TCGA,47,coral_pca_hgb,47062ad2-ba82-45c8-a871-bdea84f0c405,LUAD,4.762173934797756,5.078503705647636
CPTAC_to_TCGA,47,coral_pca_hgb,16e64a1e-08b0-4c27-8c69-fa64551f8ca4,LUAD,6.833031732786201,6.212287594158053
CPTAC_to_TCGA,47,coral_pca_hgb,b2285924-9813-4f46-bb8f-91a0efd8a9b6,LUAD,5.926926025970411,5.317056403847609
CPTAC_to_TCGA,47,coral_pca_hgb,74844571-c5a3-4a14-ac19-c7c1ce40259b,KIRC,4.04305126783455,3.6093050245439158
CPTAC_to_TCGA,47,coral_pca_hgb,3ccbe7c7-c779-4a98-b495-ff020d3e9e55,STAD,4.442651256490317,5.563860377685975
CPTAC_to_TCGA,47,coral_pca_hgb,a033fbea-7cd0-4e65-94c4-b54f2f80b895,UCEC,4.304065093204169,5.2444189387660485
CPTAC_to_TCGA,47,coral_pca_hgb,9a2a226e-9605-4214-9320-469305e664e6,LUAD,6.3818160174060985,5.119262964398718
CPTAC_to_TCGA,47,coral_pca_hgb,96b43e99-d81e-44d2-aac5-a6eb92727368,LAML,0.0,2.2015022843018692
CPTAC_to_TCGA,47,coral_pca_hgb,fe79ebe1-cd0a-4ce2-a86d-637c28354ed9,UCEC,6.148468295917647,5.983480050196545
CPTAC_to_TCGA,47,coral_pca_hgb,972db411-9744-46f0-89c7-efe14135f1b4,UCEC,6.656726524178391,4.82902202577113
CPTAC_to_TCGA,47,coral_pca_hgb,6e03b415-84a1-4b91-8717-1a41edd4a255,STAD,5.730099782973575,5.552243108631725
CPTAC_to_TCGA,47,coral_pca_hgb,ab5266f6-8015-4347-b0bd-131ab1fbad51,KIRC,4.0943445622221,4.0833070179822775
CPTAC_to_TCGA,47,coral_pca_hgb,2cd8ea73-cb3f-4b17-9b97-fa12eb03b85b,LUAD,4.997212273764115,4.714956918249302
CPTAC_to_TCGA,47,coral_pca_hgb,6dfd47d2-831a-4386-9051-f78199a16bb5,LUAD,6.556778356158042,5.425565695381628
CPTAC_to_TCGA,47,coral_pca_hgb,b60f22ac-a659-4f33-b01d-820e86a9a5c9,UCEC,4.74493212836325,4.202567420102849
CPTAC_to_TCGA,47,coral_pca_hgb,6524a6d3-a9f0-4a46-ac0b-7beb0cd1b915,UCEC,4.418840607796598,3.5192162887407
CPTAC_to_TCGA,47,coral_pca_hgb,43945bf6-6e64-4f13-9822-baf30dcd726c,STAD,5.117993812416755,6.099393636858156
CPTAC_to_TCGA,47,coral_pca_hgb,fc7315b0-9f48-4206-b197-2268c0518eb4,UCEC,6.602587892189336,6.286415004758655
CPTAC_to_TCGA,47,coral_pca_hgb,9ee944ef-4293-4228-b750-cc34ab388eb3,UCEC,4.574710978503383,4.286532018490108
CPTAC_to_TCGA,47,coral_pca_hgb,3bc7026f-73f2-418b-bd62-f4768582b790,LUAD,6.61338421837956,5.66171742857763
CPTAC_to_TCGA,47,coral_pca_hgb,029f0f1d-dd22-44d2-a623-cb9a33cb9438,UCEC,3.80666248977032,4.4027261628275065
CPTAC_to_TCGA,47,coral_pca_hgb,57578a0d-b719-46e7-83ab-872a4e984dbb,KIRC,4.330733340286331,4.014952397566433
CPTAC_to_TCGA,47,coral_pca_hgb,4298ccdb-2e6d-4267-822d-75b021364084,KIRC,4.219507705176107,3.7642891212792504
CPTAC_to_TCGA,47,coral_pca_hgb,29ed984c-74b5-4016-a649-c32e5d1d9869,STAD,7.652070746116482,6.818175481212022
CPTAC_to_TCGA,47,coral_pca_hgb,2d8da564-e69f-4bfa-a1d3-227a294f3886,KIRC,3.8918202981106265,4.265551179790491
CPTAC_to_TCGA,47,coral_pca_hgb,888ef0fc-fc84-4afb-a369-695fee5ae4f6,SKCM,4.897839799950911,5.343345773328275
CPTAC_to_TCGA,47,coral_pca_hgb,a873475c-b2c7-4c84-bd89-5b9ee6060ce1,STAD,3.091042453358316,4.561404876266286
CPTAC_to_TCGA,47,coral_pca_hgb,369f14c4-2191-4962-a309-3e23ddc4e5fc,LUAD,4.060443010546419,4.185956044825773
CPTAC_to_TCGA,47,coral_pca_hgb,5abd6651-69be-42f8-bdc0-308e68136d31,LUAD,2.70805020110221,3.4436132074753187
CPTAC_to_TCGA,47,coral_pca_hgb,187376e0-b4f3-44ed-ab43-88b6eff3e552,SKCM,6.0112671744041615,5.4758193147649346
CPTAC_to_TCGA,47,coral_pca_hgb,b7143068-4afd-47ed-9e08-1894f886c503,KIRC,3.713572066704308,3.8774726431303885
CPTAC_to_TCGA,47,coral_pca_hgb,3fe8f8e4-5396-4362-82f5-366e2fb69db2,LUAD,5.717027701406222,5.442922314981929
CPTAC_to_TCGA,47,coral_pca_hgb,4c9e6085-41c3-4cfe-ad3d-5f94196a86e0,PAAD,0.6931471805599453,3.1666928317386196
CPTAC_to_TCGA,47,coral_pca_hgb,0403e788-27f1-4205-9e73-ade13b8df1e0,STAD,4.219507705176107,4.3953648874477675
CPTAC_to_TCGA,47,coral_pca_hgb,7f7bc51f-7f75-4796-9ce5-a4735c3c0807,SKCM,5.356586274672012,5.299100370715723
CPTAC_to_TCGA,47,coral_pca_hgb,1c2341f3-558b-4555-90ff-c7a23ef85c0b,PAAD,3.713572066704308,4.584271901026332
CPTAC_to_TCGA,47,coral_pca_hgb,9205c164-7975-421a-90c3-edfe8def595c,UCEC,5.303304908059076,4.6378037036792525
CPTAC_to_TCGA,47,coral_pca_hgb,508bf716-46f9-44dc-8e39-09261dfb073e,UCEC,9.333088837235236,6.683296442976763
CPTAC_to_TCGA,47,coral_pca_hgb,9d86940d-50fb-4d2f-8b1e-539196885f46,SKCM,4.356708826689592,4.729164406262081
CPTAC_to_TCGA,47,coral_pca_hgb,b2f6d8f3-3182-4e5e-be20-8470cfb832c5,STAD,6.715383386334681,6.9139821299015205
CPTAC_to_TCGA,47,coral_pca_hgb,24fed326-bdcf-4c20-a06e-7c1c3d6c9cc5,STAD,3.5263605246161616,4.134890499802035
CPTAC_to_TCGA,47,coral_pca_hgb,cafbae18-12a5-40fb-9dbe-c1d0598b9091,STAD,4.795790545596741,5.098248384024021
CPTAC_to_TCGA,47,coral_pca_hgb,4dd51edf-05d1-445a-b43c-6fce29eb21d4,KIRC,4.382026634673881,3.9483709706138224
CPTAC_to_TCGA,47,coral_pca_hgb,efe8b105-b170-4679-8b97-c1142fefe069,STAD,5.267858159063328,2.76315129933913
CPTAC_to_TCGA,47,coral_pca_hgb,3a3a8fe1-e35c-45d0-aa0b-4fefa9ee9183,PAAD,0.0,3.1961425232570546
CPTAC_to_TCGA,47,coral_pca_hgb,e3a19e63-bae5-498b-9687-41194aa5728d,PAAD,3.367295829986474,3.857330737796197
CPTAC_to_TCGA,47,coral_pca_hgb,8e6b9705-e9d2-4fbc-ac03-35c1a5115eef,GBM,3.4339872044851463,3.607866462831357
CPTAC_to_TCGA,47,coral_pca_hgb,d4098753-2e83-42c1-a06b-c03f7700e70c,KIRC,4.158883083359672,3.935079708009231
CPTAC_to_TCGA,47,coral_pca_hgb,83d681f4-6c0e-45cc-a31d-0b1b31c8e073,STAD,6.478509642208569,6.488814363037724
CPTAC_to_TCGA,47,coral_pca_hgb,a85837e6-f98d-4a80-b7c1-49b0a6313dd7,LAML,2.5649493574615367,2.1331584862167126
CPTAC_to_TCGA,47,coral_pca_hgb,b147ea90-5643-4680-ac90-d6e8f7166792,LAML,1.6094379124341005,1.8517524165894905
CPTAC_to_TCGA,47,coral_pca_hgb,a7c565fc-c711-4b63-9549-4cd74d1f57c2,UCEC,6.061456918928017,6.6102664734174255
CPTAC_to_TCGA,47,coral_pca_hgb,127bf818-f7e5-46b5-a9de-39f6d96b8b83,LUAD,5.420534999272286,5.3815543374716155
CPTAC_to_TCGA,47,coral_pca_hgb,32592562-11fa-435a-b40b-2b242bae53aa,LUAD,6.356107660695892,5.144699977714405
CPTAC_to_TCGA,47,coral_pca_hgb,95eefb47-3f96-4a6d-8773-4d22843f0a6a,UCEC,9.09627541568821,5.684220999215383
CPTAC_to_TCGA,47,coral_pca_hgb,2360c1e2-90f5-4737-9486-3f4590c37322,STAD,1.0986122886681096,3.5475640007250044
CPTAC_to_TCGA,47,coral_pca_hgb,aa3d2d17-19e3-4b76-8235-98550f49dc91,STAD,3.49650756146648,4.40501023080913
CPTAC_to_TCGA,47,coral_pca_hgb,e7c159b7-e7c3-4482-8e80-72402dc3fdb4,KIRC,3.5263605246161616,4.207208308323041
CPTAC_to_TCGA,47,coral_pca_hgb,88fc4bc4-32cf-4d92-8c29-20d920b8f719,KIRC,4.31748811353631,3.885037769518011
CPTAC_to_TCGA,47,coral_pca_hgb,08d2b181-2b6e-4754-bfa9-5a94a1f18526,SKCM,5.846438775057724,4.5185411420231665
CPTAC_to_TCGA,47,coral_pca_hgb,ea1c693d-490d-4816-b6e3-d12946ad7cc1,UCEC,3.367295829986474,3.817396102882856
CPTAC_to_TCGA,47,coral_pca_hgb,a5790b81-5001-4d1a-97ad-0ec9fc658f44,KIRC,3.49650756146648,3.4888465404216764
CPTAC_to_TCGA,47,coral_pca_hgb,ee3fc631-1e88-4f70-ab31-335851b38640,GBM,4.007333185232471,3.8749088405259386
CPTAC_to_TCGA,47,coral_pca_hgb,9f0a0548-e8b4-4c44-94e7-9d5e793e5601,LAML,1.6094379124341005,1.8847762776656665
CPTAC_to_TCGA,47,coral_pca_hgb,a55e63a9-5046-4f0f-a1e1-197b783d5387,KIRC,4.143134726391533,4.000711726993527
CPTAC_to_TCGA,47,coral_pca_hgb,7b0622ab-63ea-483f-ae40-d3ea587bdbba,LUAD,5.572154032177765,4.369430384179364
CPTAC_to_TCGA,47,coral_pca_hgb,7f6455e8-fa3d-4452-acb2-8c9995073072,LUAD,5.926926025970411,6.518656603276866
CPTAC_to_TCGA,47,coral_pca_hgb,7338e476-10ff-444a-a16f-429d28355f65,GBM,3.713572066704308,3.693788223889959
CPTAC_to_TCGA,47,coral_pca_hgb,40837a4d-7931-497c-a6bf-6a661813c443,STAD,4.718498871295094,5.175737635226099
CPTAC_to_TCGA,47,coral_pca_hgb,7099597a-b208-45b5-b9e0-11ab40d5e497,LUAD,5.25227342804663,4.336030184077794
CPTAC_to_TCGA,47,coral_pca_hgb,e9faa588-d45a-450a-81a2-949eb2834bc0,KIRC,3.218875824868201,3.7262048539035737
CPTAC_to_TCGA,47,coral_pca_hgb,d6625c4d-cd1c-4c62-8100-e8b2a49ce3ad,KIRC,3.4339872044851463,3.7317941455297636
CPTAC_to_TCGA,47,coral_pca_hgb,d1c65e6a-098e-4c10-9183-c303ba66015a,UCEC,3.6635616461296463,3.8912406727713464
CPTAC_to_TCGA,47,coral_pca_hgb,4a2135bd-31ff-4564-9e87-1164b3422f61,SKCM,2.5649493574615367,4.879318976825229
CPTAC_to_TCGA,47,coral_pca_hgb,cb58b5fe-ee0d-46f1-8502-1c8bcf729f3b,GBM,4.304065093204169,4.02478732341116
CPTAC_to_TCGA,47,coral_pca_hgb,a9644274-13bb-4228-9b4f-14260ccc26eb,LUAD,5.860786223465865,5.368207875060757
CPTAC_to_TCGA,47,coral_pca_hgb,f58f22e9-76b0-441f-951f-6bc795f2b7bc,LAML,0.6931471805599453,0.9222616710099738
CPTAC_to_TCGA,47,coral_pca_hgb,7f4f3aed-69af-421e-817b-b258dcc0bac5,UCEC,3.295836866004329,4.016063533621455
CPTAC_to_TCGA,47,coral_pca_hgb,119b1761-a5b4-42b6-9971-ece11fb0e0f6,UCEC,8.122371243406553,6.2937401386211
CPTAC_to_TCGA,47,coral_pca_hgb,f054a123-322f-444a-9971-53d3df371753,UCEC,3.8501476017100575,4.730787013136754
CPTAC_to_TCGA,47,coral_pca_hgb,3e240dc0-80b7-41ea-81b3-33ece2753c2b,UCEC,3.784189633918261,3.881365384170251
CPTAC_to_TCGA,47,coral_pca_hgb,d8e57746-37a1-482a-a3d3-a11bd00cdc11,UCEC,4.189654742026425,3.99156391156234
CPTAC_to_TCGA,47,coral_pca_hgb,d70b3c6e-04da-4abc-a832-a461e4cfcc94,UCEC,3.258096538021482,5.053589201118278
CPTAC_to_TCGA,47,coral_pca_hgb,615ea37d-6302-4d68-b253-d24efd947c3e,UCEC,5.730099782973575,4.395649691863866
CPTAC_to_TCGA,47,coral_pca_hgb,dc2208d9-dcb3-47ff-826b-676f199b8ccd,KIRC,3.970291913552122,3.9128871029969985
CPTAC_to_TCGA,47,coral_pca_hgb,80017c88-e07f-4bf6-ad00-87f3e5473d6d,LAML,0.6931471805599453,2.1197363735165218
CPTAC_to_TCGA,47,coral_pca_hgb,caaf50a4-13b5-4003-b52f-e5f9780f9f94,SKCM,2.8903717578961645,4.7559858830426585
CPTAC_to_TCGA,47,coral_pca_hgb,ebb33753-9d38-4368-9033-3e55f129d00d,LUAD,5.247024072160486,4.641573979217169
CPTAC_to_TCGA,47,coral_pca_hgb,c53328b4-0930-4e6a-a648-283b5565295e,PAAD,3.6375861597263857,3.4236912056676596
CPTAC_to_TCGA,47,coral_pca_hgb,fd5c44ef-ea50-4fba-9e8d-e371cf34ebdb,LUAD,6.52649485957079,6.016947930499842
CPTAC_to_TCGA,47,coral_pca_hgb,3052065a-b8b1-48d3-971d-9d605292249c,UCEC,3.713572066704308,4.0346130139931535
CPTAC_to_TCGA,47,coral_pca_hgb,1486a031-b74d-4976-8b0b-4569e6978f49,UCEC,0.0,4.602226644936585
CPTAC_to_TCGA,47,coral_pca_hgb,dc43cfe0-8880-419f-946c-c0ad586e57ca,KIRC,4.543294782270004,4.143480473225249
CPTAC_to_TCGA,47,coral_pca_hgb,4efc2dac-6330-4b7a-a529-a27285f5fc23,LUAD,5.093750200806762,5.19150457180084
CPTAC_to_TCGA,47,coral_pca_hgb,09078761-1c14-4d01-8e15-535c19a9b0f9,LUAD,3.218875824868201,3.4616126999801478
CPTAC_to_TCGA,47,coral_pca_hgb,5779f7a7-05d7-4972-bd4f-aacb32420510,STAD,6.437751649736401,5.848661242536544
CPTAC_to_TCGA,47,coral_pca_hgb,f7527b5e-5330-49ea-82ce-f6f2cdccbadc,UCEC,6.38856140554563,5.590447874717777
CPTAC_to_TCGA,47,coral_pca_hgb,c6454371-1f84-4e8e-8c3a-2eac8380819e,KIRC,3.4011973816621555,3.644772458905027
CPTAC_to_TCGA,47,coral_pca_hgb,87c217d4-66f4-46ca-8244-7856ce658fd3,STAD,4.110873864173311,5.001544365657437
CPTAC_to_TCGA,47,coral_pca_hgb,1422bc35-4597-4e76-aa75-8e79613e67d5,PAAD,4.465908118654584,5.196424144471961
CPTAC_to_TCGA,47,coral_pca_hgb,cbe0bd4a-02b7-43e7-b08e-2b0f13560eaf,UCEC,5.147494476813453,5.051136055130872
CPTAC_to_TCGA,47,coral_pca_hgb,a597bfa8-8c4d-4f8e-9d85-8a9fdc2c56ff,GBM,3.610917912644224,4.043806759495895
CPTAC_to_TCGA,47,coral_pca_hgb,d7155ce6-e6b2-4c1f-8233-85f0d63e8e11,KIRC,2.4849066497880004,2.58141775367936
CPTAC_to_TCGA,47,coral_pca_hgb,e6e2d4c3-d37c-4de3-ac68-b301800770f0,GBM,3.713572066704308,3.544292758383608
CPTAC_to_TCGA,47,coral_pca_hgb,62d32d19-ec93-4359-ab17-dc32e599b29a,STAD,3.784189633918261,4.330606574603369
CPTAC_to_TCGA,47,coral_pca_hgb,59f49821-412c-4945-b9e2-be0dcc8bf8bf,KIRC,3.9318256327243257,3.8872136248345748
CPTAC_to_TCGA,47,coral_pca_hgb,aa7ad106-eadc-489e-83b2-5698652434ea,GBM,3.80666248977032,4.432347587057863
CPTAC_to_TCGA,47,coral_pca_hgb,e9ea3687-0db3-47f3-8099-b4fc054397f1,STAD,3.828641396489095,3.599282307397052
CPTAC_to_TCGA,47,coral_pca_hgb,7059ea66-93d7-4941-a35c-8a324d1ab94a,STAD,4.61512051684126,4.748669809642017
CPTAC_to_TCGA,47,coral_pca_hgb,79ecc142-8f6e-4260-a7ce-c8e2a6212c35,UCEC,3.8501476017100575,3.9209315419121133
CPTAC_to_TCGA,47,coral_pca_hgb,1e80ccf6-ef81-4662-bf5e-392f092c1e67,GBM,3.6635616461296463,3.648264962312921
CPTAC_to_TCGA,47,coral_pca_hgb,3f93d1cf-a307-4e29-9e6f-239e9ffaa179,KIRC,4.48863636973214,4.260815658498725
CPTAC_to_TCGA,47,coral_pca_hgb,b1ce95bf-7441-4aac-8131-19a177d2b8ac,GBM,3.9889840465642745,3.742000532052929
CPTAC_to_TCGA,47,coral_pca_hgb,0b1663fc-6a7e-4698-951d-a8c90fdf2411,STAD,4.532599493153256,4.310094423503894
CPTAC_to_TCGA,47,coral_pca_hgb,fe1f95a3-a6c2-4a39-8586-f8a70e975dd4,KIRC,3.688879454113936,3.505155659826171
CPTAC_to_TCGA,47,coral_pca_hgb,f11f68ac-5ad2-416b-a0c2-697ac3e9718a,KIRC,3.784189633918261,3.9011112716275744
CPTAC_to_TCGA,47,coral_pca_hgb,5bfe94ed-88b9-44ce-8bbd-1285ab9678a4,PAAD,3.4657359027997265,3.688954692049804
CPTAC_to_TCGA,47,coral_pca_hgb,088edf89-d2b5-40c7-b066-df3bd383f7ea,LUAD,5.135798437050262,4.188223675255938
CPTAC_to_TCGA,47,coral_pca_hgb,43714e9a-e9c4-4206-af92-1d00d2a8ae35,UCEC,6.437751649736401,5.990492558018661
CPTAC_to_TCGA,47,coral_pca_hgb,4d3af3af-24f4-415a-9677-20b0f366a102,UCEC,4.060443010546419,4.190743535960884
CPTAC_to_TCGA,47,coral_pca_hgb,abd6647b-d2eb-404d-8283-443e92addf55,LUAD,6.306275286948016,5.300136393458925
CPTAC_to_TCGA,47,coral_pca_hgb,591c068f-bbb1-4df2-9abb-d1a2e4a58372,LUAD,4.304065093204169,3.420490075803854
CPTAC_to_TCGA,47,coral_pca_hgb,ac1d3946-fe6c-4bd8-b02c-638799cb0f67,UCEC,6.082218910376446,6.150257009052131
CPTAC_to_TCGA,47,coral_pca_hgb,d7258a64-3ea0-40fc-b3f4-b581a1725fff,UCEC,3.7612001156935615,3.9485619957356293
CPTAC_to_TCGA,47,coral_pca_hgb,68b86559-38b2-41f2-b66e-c3c2b628b14d,LUAD,6.059123195581797,5.56391349351793
CPTAC_to_TCGA,47,coral_pca_hgb,87f1b3df-4bc7-4336-b658-f30ac1c5c796,LUAD,4.330733340286331,4.483164257765177
CPTAC_to_TCGA,47,coral_pca_hgb,8593764c-e468-4229-94de-6ba614b4f068,KIRC,4.3694478524670215,3.8265152696239517
CPTAC_to_TCGA,47,coral_pca_hgb,a9b6cd65-f042-4073-9000-4143a2c55373,UCEC,3.87120101090789,4.473262601161842
CPTAC_to_TCGA,47,coral_pca_hgb,96fc529a-6ad3-456f-a41a-63238ecbb9c4,SKCM,7.183111701743281,6.1983261193992645
CPTAC_to_TCGA,47,coral_pca_hgb,c0c879f7-c332-4d31-9f7e-a3bf361b36ee,LUAD,3.58351893845611,3.9164725463945835
CPTAC_to_TCGA,47,coral_pca_hgb,99c35245-e1c8-4805-b7a5-f703bb506030,LUAD,5.342334251964811,5.374252565878245
CPTAC_to_TCGA,47,coral_pca_hgb,abaf757b-f79f-40bd-96e3-e2c0f63061f0,UCEC,3.828641396489095,4.60312855715136
CPTAC_to_TCGA,47,coral_pca_hgb,638b1a6a-c222-414c-96bc-f259f0afb278,PAAD,3.295836866004329,3.282687001807569
CPTAC_to_TCGA,47,coral_pca_hgb,a7d07151-5fc8-4c2a-a1cd-e7c7a2a9a7a7,UCEC,7.77863014732581,5.4317888201163305
CPTAC_to_TCGA,47,coral_pca_hgb,52e9daf0-288b-4220-bd44-0b6147fd951c,KIRC,3.1780538303479458,3.9256133794800996
CPTAC_to_TCGA,47,coral_pca_hgb,daf0e08e-1738-43f8-874a-b37d79cbe3a7,LUAD,6.2324480165505225,4.730622801526442
CPTAC_to_TCGA,47,coral_pca_hgb,667d5c5e-abc0-4fb8-b6c4-739f7cb3f0fe,SKCM,6.095824562432225,4.5293855828258565
CPTAC_to_TCGA,47,coral_pca_hgb,4557d1fb-9786-4780-bd33-02e9da04b7e3,UCEC,5.327876168789581,5.349282359216352
CPTAC_to_TCGA,47,coral_pca_hgb,26cc2c84-aaec-4cd1-9c45-dd08d372128d,KIRC,3.58351893845611,4.121999031889454
CPTAC_to_TCGA,47,coral_pca_hgb,4b22ad71-c585-4077-ad3c-c6e026d0c7fa,LUAD,5.958424693029782,5.327078773794367
CPTAC_to_TCGA,47,coral_pca_hgb,e739b4f7-ae46-45c6-9013-9571cbadaf99,LUAD,4.499809670330265,4.147989771900698
CPTAC_to_TCGA,47,coral_pca_hgb,6b1ff32f-75a4-44aa-9da4-b6872e179c9f,KIRC,3.8501476017100575,4.036138239702396
CPTAC_to_TCGA,47,coral_pca_hgb,a79a4e56-09bf-4691-b7e0-81a9c2620d0f,UCEC,5.537334267018537,4.8679509713232365
CPTAC_to_TCGA,47,coral_pca_hgb,36ed3269-0a57-4c50-bbfa-cfd2a7b56d4f,KIRC,4.060443010546419,4.515377174545555
CPTAC_to_TCGA,47,coral_pca_hgb,23ef21a0-3695-4ca2-99e2-274805f11892,STAD,5.10594547390058,4.804382340017511
CPTAC_to_TCGA,47,coral_pca_hgb,2e6f9985-6d13-4b08-8a40-5ea44e9553f0,SKCM,5.736572297479192,5.54955962742384
CPTAC_to_TCGA,47,coral_pca_hgb,ae702159-5b6a-41dd-868c-7540f9e1131c,LUAD,6.931471805599453,5.812072553532871
CPTAC_to_TCGA,47,coral_pca_hgb,0f344863-11cc-4fae-8386-8247dff59de4,STAD,3.295836866004329,4.190459897549846
CPTAC_to_TCGA,47,coral_pca_hgb,6d5df29c-f2cc-43ce-8d2f-df1da313ad52,STAD,5.468060141135132,4.945812603512735
CPTAC_to_TCGA,47,coral_pca_hgb,fc7065fc-d834-4e7d-98bd-ca6666beb6cb,KIRC,3.4011973816621555,3.749241127233435
CPTAC_to_TCGA,47,coral_pca_hgb,7d5c3699-ce28-4129-8391-736f670e8beb,GBM,3.7612001156935615,4.213154517874493
CPTAC_to_TCGA,47,coral_pca_hgb,98dea82b-46f9-4b77-be8a-06669bcf731b,KIRC,3.784189633918261,3.7736560498738823
CPTAC_to_TCGA,47,coral_pca_hgb,c53d66d9-ad9a-417e-a441-df5bcf1ae13f,PAAD,0.0,3.194503482943971
CPTAC_to_TCGA,47,coral_pca_hgb,eee108d6-bb11-4369-b776-0f524afef6f3,KIRC,4.406719247264253,3.7486746708437164
CPTAC_to_TCGA,47,coral_pca_hgb,7fe37feb-e205-4524-8c98-1f9ac5fe0700,GBM,3.87120101090789,4.014769289662351
CPTAC_to_TCGA,47,coral_pca_hgb,315b6dea-02c6-44dc-9788-a72f78fae815,KIRC,4.0943445622221,3.8175634591420646
CPTAC_to_TCGA,47,coral_pca_hgb,0f59bb0a-135c-4793-b1a7-5ad5172ed82d,UCEC,4.23410650459726,5.235404484660708
CPTAC_to_TCGA,47,coral_pca_hgb,258a3a41-211b-4c66-bd3b-ef03014a6967,LUAD,2.19722457733622,3.788089633960881
CPTAC_to_TCGA,47,coral_pca_hgb,8b4cf993-1e16-4009-a37f-a629528b7d7e,UCEC,7.05444965813294,5.0648617434683825
CPTAC_to_TCGA,47,coral_pca_hgb,5f9a5aba-8db8-45cc-8784-c5058445bd6f,PAAD,0.0,3.6841180938709392
CPTAC_to_TCGA,47,coral_pca_hgb,e70465f6-1922-4eb7-b646-8b01ad3ce77b,UCEC,3.951243718581428,5.070954376176997
CPTAC_to_TCGA,47,coral_pca_hgb,c6388925-c0a1-4610-a6b9-d9d9500d88c6,PAAD,2.995732273553991,3.4359831291065746
CPTAC_to_TCGA,47,coral_pca_hgb,2fabeb98-05e3-4f55-97f5-fbc675e25a3d,LUAD,4.219507705176107,4.943359375469068
CPTAC_to_TCGA,47,coral_pca_hgb,8bb3facb-1933-4350-9f78-74537559e000,STAD,3.044522437723423,4.2457831294750354
CPTAC_to_TCGA,47,coral_pca_hgb,863ad936-e2a0-471c-8d95-3a548bb94afa,STAD,7.030857476116121,5.906139900273036
CPTAC_to_TCGA,47,coral_pca_hgb,f17d3463-af6c-42c2-a8e9-fae45f69286f,LUAD,4.61512051684126,4.571965887192781
CPTAC_to_TCGA,47,coral_pca_hgb,e60a8f8a-0fe6-40e5-9f30-bcff48ac73f4,LUAD,4.605170185988092,4.461067831137561
CPTAC_to_TCGA,47,coral_pca_hgb,ab9e6815-4d13-44db-93e5-553eb4f5bc95,LUAD,6.152732694704104,5.814824139119022
CPTAC_to_TCGA,47,coral_pca_hgb,a587e62e-430e-4f1b-82b7-6fbe856fdaf1,UCEC,3.555348061489413,4.341594345554879
CPTAC_to_TCGA,47,coral_pca_hgb,bebd0025-74e2-451b-93b3-86f82df43573,LUAD,4.718498871295094,5.473171212237026
CPTAC_to_TCGA,47,coral_pca_hgb,2c636fb4-c341-4c55-b920-27bc2d40c815,PAAD,3.912023005428146,4.005817976244197
CPTAC_to_TCGA,47,coral_pca_hgb,cb262c7c-2646-45e3-bea9-376e48eefe65,LAML,1.3862943611198906,1.7400139483039512
CPTAC_to_TCGA,47,coral_pca_hgb,645903b5-ba37-48a1-985b-a019b8db3236,LUAD,4.634728988229636,4.734486215256429
CPTAC_to_TCGA,47,coral_pca_hgb,8f3acbbd-b2ca-4e66-8fe5-dbb49277f35b,GBM,3.9318256327243257,4.087670628230854
CPTAC_to_TCGA,47,coral_pca_hgb,bda2f09a-82c4-40ec-90e8-0bf63916a5c7,SKCM,3.9889840465642745,5.295957207140182
CPTAC_to_TCGA,47,coral_pca_hgb,d288b69f-1e79-4429-8646-9994b7c54f8f,LUAD,5.153291594497779,6.1293255400276765
CPTAC_to_TCGA,47,coral_pca_hgb,9da5ecd0-a287-4e67-84b6-af9077a98009,UCEC,5.883322388488279,5.189253831062155
CPTAC_to_TCGA,47,coral_pca_hgb,263b18e1-5722-4650-b16b-dac1961a3af8,STAD,5.480638923341991,6.4128123446359835
CPTAC_to_TCGA,47,coral_pca_hgb,93a337ae-2bd3-4464-b38f-93dff92d3fde,STAD,4.605170185988092,4.708894093955859
CPTAC_to_TCGA,47,coral_pca_hgb,d2824e6d-3784-45c2-9b0f-52b17356b5da,LUAD,3.555348061489413,4.706741680619904
CPTAC_to_TCGA,47,coral_pca_hgb,f3a80377-1d76-4754-8018-45cf49937cb8,LAML,2.833213344056216,1.2721709414357307
CPTAC_to_TCGA,47,coral_pca_hgb,6b2e93b9-8271-4205-842e-0b7292b8115a,UCEC,4.31748811353631,4.665324788606118
CPTAC_to_TCGA,47,coral_pca_hgb,eea5ea8b-6579-44c2-a205-47befe82ee9f,SKCM,4.406719247264253,6.460500809403072
CPTAC_to_TCGA,47,coral_pca_hgb,9348e446-0e43-4210-b07e-c534980cbf62,GBM,4.060443010546419,3.995606249115678
CPTAC_to_TCGA,47,coral_pca_hgb,bb8cff3b-c3e6-4fc9-b9dd-9d04d76458c6,LAML,2.8903717578961645,1.0157639832015302
CPTAC_to_TCGA,47,coral_pca_hgb,8f2d3495-8ce7-4f6e-a41d-8cfae5750937,UCEC,6.393590753950631,6.526316869170817
CPTAC_to_TCGA,47,coral_pca_hgb,455f982c-a067-46ac-bf89-3e535d0ffca0,SKCM,5.241747015059643,5.809043683289233
CPTAC_to_TCGA,47,coral_pca_hgb,dcf1beb9-bce4-4f4c-98dd-1226d8e0c125,UCEC,6.925595197110468,6.391056383275186
CPTAC_to_TCGA,47,coral_pca_hgb,d27a7f17-fdc9-4325-b98b-ad6839cc88f5,GBM,3.713572066704308,4.17893482787763
CPTAC_to_TCGA,47,coral_pca_hgb,bf0f1735-f94d-4b82-8f91-2fd2bac80e32,STAD,3.4339872044851463,3.2660582713867785
CPTAC_to_TCGA,47,coral_pca_hgb,ad74c0e8-8878-4efc-997d-981cd547bc5b,LUAD,4.48863636973214,4.537043142560128
CPTAC_to_TCGA,47,coral_pca_hgb,597a5a56-244b-4218-a55d-5d08217ea28c,PAAD,3.295836866004329,3.3540588355738588
CPTAC_to_TCGA,47,coral_pca_hgb,c16eed96-8da8-4d01-b87d-660f46172777,STAD,4.553876891600541,4.915688199554951
CPTAC_to_TCGA,47,coral_pca_hgb,ce9e0431-19a1-4ea9-85b0-44a9e9792e03,PAAD,3.784189633918261,3.308061949530542
CPTAC_to_TCGA,47,coral_pca_hgb,fef57c51-0858-42fb-b9eb-3727d274a4e1,KIRC,2.079441541679836,3.3349575780385057
CPTAC_to_TCGA,47,coral_pca_hgb,5c266025-e590-457c-af86-4c2dc9797267,LUAD,4.127134385045092,4.385397203025947
CPTAC_to_TCGA,47,coral_pca_hgb,37884d39-64e8-4242-b6bd-4c0a1daa21cd,LUAD,4.290459441148391,5.2593723883716725
CPTAC_to_TCGA,47,coral_pca_hgb,d5326429-9805-47f9-97b0-fbda658e3f01,LUAD,4.605170185988092,4.9022578261598815
CPTAC_to_TCGA,47,coral_pca_hgb,396ff766-a383-4f42-bce3-f2f32b7f1151,PAAD,4.465908118654584,2.769805762854001
CPTAC_to_TCGA,47,coral_pca_hgb,baf9a42a-e39e-4aac-b7b5-1b63b7fa1435,STAD,4.290459441148391,5.1679394374088234
CPTAC_to_TCGA,47,coral_pca_hgb,b9ab4ab9-ba9c-4a01-9f61-55c82b924936,UCEC,3.332204510175204,4.368933439510747
CPTAC_to_TCGA,47,coral_pca_hgb,a93c47a9-65b5-4785-af4f-a2078db4514e,UCEC,6.013715156042802,4.514590598432817
CPTAC_to_TCGA,47,coral_pca_hgb,1d9e9adc-734a-47a3-ad00-b3050770ba37,LAML,2.833213344056216,2.145880396443367
CPTAC_to_TCGA,47,coral_pca_hgb,ffc73551-55e9-4bbb-bd15-76088551964b,LAML,0.6931471805599453,1.1051070080751035
CPTAC_to_TCGA,47,coral_pca_hgb,8d3e3d09-bc61-4d5e-b8d6-5aee6cb488ae,STAD,3.4339872044851463,3.765948176063773
CPTAC_to_TCGA,47,coral_pca_hgb,3e635902-5310-4406-8b4d-a238ce382639,LUAD,5.4510384535657,3.904488236364016
CPTAC_to_TCGA,47,coral_pca_hgb,647dc54f-a51b-40ea-9d97-c93598c2af71,STAD,4.219507705176107,5.27037124587037
CPTAC_to_TCGA,47,coral_pca_hgb,61935424-44d0-4211-81c1-c925e436eac5,UCEC,9.077380244719953,5.173203726707966
CPTAC_to_TCGA,47,coral_pca_hgb,283776cd-32e8-4a79-bed1-1411c9d3a9e0,STAD,4.204692619390966,5.439911775606937
CPTAC_to_TCGA,47,coral_pca_hgb,8da3103e-3e6c-4176-a583-d5fe5e60601e,GBM,4.330733340286331,3.9036552951660974
CPTAC_to_TCGA,47,coral_pca_hgb,1521ac6d-31f7-4240-9d54-4f7600e78e16,PAAD,4.143134726391533,5.274652483244057
CPTAC_to_TCGA,47,coral_pca_hgb,a515cf2d-e918-4958-9bf6-e611b425a97e,GBM,4.02535169073515,3.860804183468644
CPTAC_to_TCGA,47,coral_pca_hgb,3199cfe5-3be3-43cd-a36b-5cf2c7a9929f,LUAD,5.83773044716594,4.6268728774589425
CPTAC_to_TCGA,47,coral_pca_hgb,12ccd581-a921-41bc-bcee-4e9be54532cc,LUAD,5.537334267018537,5.519398973321832
CPTAC_to_TCGA,47,coral_pca_hgb,d5c58161-05ed-4472-81ed-176216f49929,STAD,4.174387269895637,4.308850928384825
CPTAC_to_TCGA,47,coral_pca_hgb,dd76930a-1678-4b70-9864-730534174d41,GBM,3.713572066704308,3.794862163120453
CPTAC_to_TCGA,47,coral_pca_hgb,9c7875ad-ab71-4d48-b2e3-e4c7a46393e9,LUAD,4.605170185988092,5.133069256028688
CPTAC_to_TCGA,47,coral_pca_hgb,39acb803-f282-422e-ac56-a3a50693d203,STAD,4.127134385045092,4.582600716926921
CPTAC_to_TCGA,47,coral_pca_hgb,230dc42d-681c-4e31-9d2e-c724e61829fb,LUAD,6.263398262591624,5.032277406931575
CPTAC_to_TCGA,47,coral_pca_hgb,9fcdccae-676e-4071-93c3-23d2d3ab0c00,LUAD,4.727387818712341,4.404145509833802
CPTAC_to_TCGA,47,coral_pca_hgb,28da11ec-f46a-4abc-b4c8-bbb784419c71,GBM,3.5263605246161616,3.9030452093584698
CPTAC_to_TCGA,47,coral_pca_hgb,b44cced8-88db-4769-a1b0-b09d28558277,SKCM,5.017279836814924,5.333955994645899
CPTAC_to_TCGA,47,coral_pca_hgb,d9f4a2c1-ac6d-48c6-95fe-ffbc2fa08268,UCEC,4.990432586778736,4.784107444167685
CPTAC_to_TCGA,47,coral_pca_hgb,43e228ae-c890-444f-afbd-49385562e33a,UCEC,9.299541017434484,4.526001995780533
CPTAC_to_TCGA,47,coral_pca_hgb,d442e36b-6d15-4fc3-9641-5feac119db94,LAML,0.0,1.1200933734367602
CPTAC_to_TCGA,47,coral_pca_hgb,9ee20c0d-a1c3-47f3-abda-131b3f190f52,LUAD,5.468060141135132,4.681278542934876
CPTAC_to_TCGA,47,coral_pca_hgb,06fe7f3e-4edd-4150-981c-93787ea19b39,LUAD,4.465908118654584,4.869008513159148
CPTAC_to_TCGA,47,coral_pca_hgb,44218b35-219c-4ad9-a01e-fde14067c4c0,LUAD,4.442651256490317,4.5997052916261145
CPTAC_to_TCGA,47,coral_pca_hgb,3ff9b46b-325f-4655-ab40-953154753dae,STAD,4.976733742420574,5.465091287311781
CPTAC_to_TCGA,47,coral_pca_hgb,4685dc14-1809-47ea-aba9-9bde72f6661b,STAD,3.5263605246161616,5.0734958393054495
CPTAC_to_TCGA,47,coral_pca_hgb,a267ddb4-b2d9-4292-b120-6e13e70d01f8,STAD,4.709530201312334,4.849959325294064
CPTAC_to_TCGA,47,coral_pca_hgb,8504fd86-a70a-4cba-9ec8-25c9e60ca549,LUAD,6.113682179832232,4.988250890753059
CPTAC_to_TCGA,47,coral_pca_hgb,ad7a6a27-c517-49ef-a9f9-518dccda23b4,GBM,3.8501476017100575,3.2458703166566956
CPTAC_to_TCGA,47,coral_pca_hgb,a214a959-3b21-4f25-a615-383cda7afdff,LUAD,3.091042453358316,4.07633909834951
CPTAC_to_TCGA,47,coral_pca_hgb,df15901c-2508-42c9-bf06-026efd89e51f,UCEC,7.239932591320469,4.62914555604424
CPTAC_to_TCGA,47,coral_pca_hgb,68181bc9-aa8b-44ec-8601-564b30ea0561,UCEC,3.295836866004329,3.812499168623313
CPTAC_to_TCGA,47,coral_pca_hgb,c353f949-5f66-4a2c-b8f0-17be8bf19e0a,LUAD,4.48863636973214,4.513446547149092
CPTAC_to_TCGA,47,coral_pca_hgb,7890628d-7120-4dbc-85ae-1f895b6660c2,UCEC,4.442651256490317,5.220443513064188
CPTAC_to_TCGA,47,coral_pca_hgb,93d6df4a-aea2-48c2-8b6a-4b3eca0bf26f,UCEC,4.382026634673881,4.668423399549481
CPTAC_to_TCGA,47,coral_pca_hgb,dfd2c288-5054-4fc1-9cae-f437779dc2de,KIRC,3.7612001156935615,4.094506978332896
CPTAC_to_TCGA,47,coral_pca_hgb,ef853801-83be-4011-ba4d-6e2fe7153b05,LAML,1.791759469228055,1.4929543990452616
CPTAC_to_TCGA,47,coral_pca_hgb,8097fddc-c7b9-4192-89d7-6bcceb7465b5,STAD,5.003946305945459,5.44759547398767
CPTAC_to_TCGA,47,coral_pca_hgb,efae3940-d3cc-4988-bdb4-fa05d977aff5,UCEC,5.6240175061873385,4.817806102483537
CPTAC_to_TCGA,47,coral_pca_hgb,43b7a790-35a2-4786-b375-c3847d2aec62,STAD,3.9318256327243257,4.988245578744978
CPTAC_to_TCGA,47,coral_pca_hgb,32398808-c46a-41bf-a0a8-e08723b40ea2,UCEC,7.267525427828172,5.5977553957551125
CPTAC_to_TCGA,47,coral_pca_hgb,1c7b41fc-daa7-4a6e-b553-aff73e8ebac6,UCEC,8.851233902846035,6.2407659278121725
CPTAC_to_TCGA,47,coral_pca_hgb,18960eb6-2d79-4d12-886a-4cd1e8fc1e21,PAAD,0.0,2.8575208663600344
CPTAC_to_TCGA,47,coral_pca_hgb,38469030-8539-4c76-b53b-57073569501c,KIRC,2.639057329615259,3.5098285873107686
CPTAC_to_TCGA,47,coral_pca_hgb,31e66b80-c684-4ee8-82ae-36d00f36bc88,PAAD,3.367295829986474,3.1671640885257166
CPTAC_to_TCGA,47,coral_pca_hgb,a41c46da-7ed4-4192-bd16-b3cbb94a5133,LUAD,6.135564891081739,4.758755977929246
CPTAC_to_TCGA,47,coral_pca_hgb,55a063b0-98ad-4700-b3ce-61bfe364fec8,GBM,4.174387269895637,4.2102415467173255
CPTAC_to_TCGA,47,coral_pca_hgb,b37d944c-c65c-46d6-bb8b-3eb37cb85b68,GBM,3.218875824868201,3.2858045194008114
CPTAC_to_TCGA,47,coral_pca_hgb,0164acd3-34db-4d35-b96c-936daad0ff22,GBM,3.5263605246161616,3.7064553478401256
CPTAC_to_TCGA,47,coral_pca_hgb,34040b83-7e8a-4264-a551-b16621843e28,LUAD,5.198497031265826,5.2814777149071555
CPTAC_to_TCGA,47,coral_pca_hgb,c3096984-bd11-44a0-8ee0-47f07ad04d81,UCEC,6.920671504248683,5.92912281895361
CPTAC_to_TCGA,47,coral_pca_hgb,2a790f24-3563-4a7e-b445-56b71c70e685,STAD,4.804021044733257,4.283875975313429
CPTAC_to_TCGA,47,coral_pca_hgb,f0a4944c-d6cf-4163-a1ab-189803464b03,PAAD,3.044522437723423,3.557367577462968
CPTAC_to_TCGA,47,coral_pca_hgb,8df94420-c736-4a36-b001-5dbe3dff17f0,GBM,3.8918202981106265,4.0635004672234185
CPTAC_to_TCGA,47,coral_pca_hgb,aa2b6825-3352-4d47-a637-48452f4a958b,KIRC,4.174387269895637,3.8284995818514127
CPTAC_to_TCGA,47,coral_pca_hgb,0b787bdb-949d-499c-aece-7a3977fcd198,STAD,4.060443010546419,4.565039356844447
CPTAC_to_TCGA,47,coral_pca_hgb,cc4bd56a-25c5-4c48-b583-ac3aeb778ca6,LUAD,4.6443908991413725,5.117328505301504
CPTAC_to_TCGA,47,coral_pca_hgb,fb86044c-161e-41d7-a49e-3d5ec18294ef,GBM,3.688879454113936,4.15595914699838
CPTAC_to_TCGA,47,coral_pca_hgb,af055b98-be6a-4012-ac64-f1b6539b23d0,GBM,3.5263605246161616,3.6277514853146178
CPTAC_to_TCGA,47,coral_pca_hgb,d74bc72e-8103-4aed-8958-5f40953d48eb,UCEC,3.295836866004329,4.356431369573971
CPTAC_to_TCGA,47,coral_pca_hgb,88eaebfc-d740-4cdc-88f5-df5e08633e2d,PAAD,0.6931471805599453,3.043317416224624
CPTAC_to_TCGA,47,coral_pca_hgb,d8628d35-c4c6-443f-9da2-8517a157f137,GBM,3.044522437723423,4.10183243414884
CPTAC_to_TCGA,47,coral_pca_hgb,e181474c-1585-4aed-ba90-bae5324569d5,STAD,7.180831199044556,5.463192485321104
CPTAC_to_TCGA,47,coral_pca_hgb,44adf4cb-2829-4153-80fd-a8b7ee0e654a,LUAD,5.541263545158426,4.892414069714525
CPTAC_to_TCGA,47,coral_pca_hgb,ab60901b-d2ad-401a-9742-52df35ce1de0,LAML,0.0,1.9510923401732123
CPTAC_to_TCGA,47,coral_pca_hgb,159e0318-6173-440f-be07-8d956086e99d,GBM,3.970291913552122,3.826054723740952
CPTAC_to_TCGA,47,coral_pca_hgb,d2c1e896-6886-4122-bb48-5fbcd3f641f4,LUAD,5.420534999272286,5.422274886049103
CPTAC_to_TCGA,47,coral_pca_hgb,c04657d2-b71b-4402-82fa-02747cce331d,GBM,3.7612001156935615,3.8002624119404893
CPTAC_to_TCGA,47,coral_pca_hgb,d39df936-4bc6-404d-9e1d-f6416cc5a34c,UCEC,4.418840607796598,3.681803262687462
CPTAC_to_TCGA,47,coral_pca_hgb,f00b7956-73a9-4e4b-85d2-60b3ba13f4a4,KIRC,4.189654742026425,4.239683402311157
CPTAC_to_TCGA,47,coral_pca_hgb,001e0309-9c50-42b0-9e38-347883ee2cd3,UCEC,3.295836866004329,4.294435216900189
CPTAC_to_TCGA,47,coral_pca_hgb,0a45f302-5748-48f3-9dc9-66c01843a68e,LUAD,3.828641396489095,4.807601172012777
CPTAC_to_TCGA,47,coral_pca_hgb,62d71839-4fba-42e9-9929-8d937f0fe287,UCEC,5.924255797414532,4.730980337453841
CPTAC_to_TCGA,47,coral_pca_hgb,b2fbea07-eede-4ab1-994a-da26583a5106,SKCM,4.882801922586371,6.4038248963093904
CPTAC_to_TCGA,47,coral_pca_hgb,8f508b78-cdc6-4a3d-b86e-520746d78653,UCEC,3.332204510175204,4.168369942355572
CPTAC_to_TCGA,47,coral_pca_hgb,41dcafa0-b196-46dd-ab07-58cb747c9ebc,UCEC,6.555356891810665,5.405087854707399
CPTAC_to_TCGA,47,coral_pca_hgb,c4171de5-8dac-44bd-a6eb-174f9451dbb7,GBM,4.219507705176107,4.0460380400046425
CPTAC_to_TCGA,47,coral_pca_hgb,9256867c-dc82-4e1a-85d6-e4c9bde8ab8c,KIRC,3.9318256327243257,4.227200795015607
CPTAC_to_TCGA,47,coral_pca_hgb,4e3334e2-918f-4005-bb5a-12a67c7c0380,KIRC,4.02535169073515,3.8360519138836007
CPTAC_to_TCGA,47,coral_pca_hgb,09fd6d9e-c715-4d57-88f9-238dd74c79a7,PAAD,2.70805020110221,3.1914744130466173
CPTAC_to_TCGA,47,coral_pca_hgb,d73ca945-b60b-4b5c-ac53-7ef2602a4951,GBM,3.49650756146648,3.802095283242989
CPTAC_to_TCGA,47,coral_pca_hgb,e4babd46-005a-4af3-8041-131648d9c2c6,PAAD,0.0,3.2834387987420657
CPTAC_to_TCGA,47,coral_pca_hgb,dce21359-004f-4e8b-89e4-9e1a30faffdf,STAD,5.560681631015528,3.9198914141947263
CPTAC_to_TCGA,47,coral_pca_hgb,9a404208-c3d3-4e6b-b511-1a4ccf595c18,KIRC,4.31748811353631,3.9610967224689984
CPTAC_to_TCGA,47,coral_pca_hgb,0547cdfa-c488-4da0-9bb5-4cc63a637179,UCEC,7.212294468500341,5.435171729999023
CPTAC_to_TCGA,47,coral_pca_hgb,ff9def3d-17e5-4ef6-b74e-933f11ed6f00,LUAD,5.676753802268282,5.283924521497581
CPTAC_to_TCGA,47,coral_pca_hgb,7c831a1d-3253-4af4-a0ff-7fe9ff9af1ce,STAD,5.953243334287785,6.495415236068211
CPTAC_to_TCGA,47,coral_pca_hgb,82e85ac9-8e3e-4c2e-ae0b-a32ceeb8115d,SKCM,6.182084906716632,5.787210670824208
CPTAC_to_TCGA,47,coral_pca_hgb,b5c1e511-baf2-45b3-9919-110e8941e3c2,UCEC,6.822197390620491,5.828761032935193
CPTAC_to_TCGA,47,coral_pca_hgb,f5558dc7-5bef-426f-a6bf-b704fd5dbda0,PAAD,3.5263605246161616,4.487492562224253
CPTAC_to_TCGA,47,coral_pca_hgb,1f5494c4-e26c-4512-96d9-30412b5b32ce,PAAD,3.6375861597263857,4.14876263720983
CPTAC_to_TCGA,47,coral_pca_hgb,7cada85b-00b1-41e5-9924-e09eb077ad56,GBM,3.091042453358316,4.06825272052118
CPTAC_to_TCGA,47,coral_pca_hgb,60fcf50a-8598-475d-8dd0-6b3044661233,UCEC,3.970291913552122,4.008127515760117
CPTAC_to_TCGA,47,coral_pca_hgb,1d3a03a5-b757-4617-b65a-50f429a0e026,STAD,6.665683717782408,6.827042164594323
CPTAC_to_TCGA,47,coral_pca_hgb,1c052cde-7a70-410b-a273-dbe39dd968f4,SKCM,7.349873704738337,5.644511857632633
CPTAC_to_TCGA,47,coral_pca_hgb,002724fa-7051-49fa-9c58-4bcb7eba4ac6,UCEC,3.6375861597263857,4.085592274765734
CPTAC_to_TCGA,47,coral_pca_hgb,5b7e557a-6aee-4077-b3cd-c96179e643ae,STAD,5.768320995793772,4.672928309298909
CPTAC_to_TCGA,47,coral_pca_hgb,d14154a5-9c8a-4c55-8c2d-64f3cad7b7d5,PAAD,3.6635616461296463,3.796144106852962
CPTAC_to_TCGA,47,coral_pca_hgb,32a7b827-c3f9-4607-ae63-dae8caa2bc97,LUAD,5.62040086571715,5.137087756320187
CPTAC_to_TCGA,47,coral_pca_hgb,83a6ed20-b3cf-48b9-8ed3-a080cd4951fa,LUAD,5.978885764901122,6.120338444168738
CPTAC_to_TCGA,47,coral_pca_hgb,b256e065-c681-4f82-8b68-a8ef7c413791,LUAD,5.552959584921617,4.11488045603848
CPTAC_to_TCGA,47,coral_pca_hgb,faed873e-a019-49c0-95a9-e9880fc23093,STAD,4.5217885770490405,4.862187827049704
CPTAC_to_TCGA,47,coral_pca_hgb,1b641270-18f8-4257-821b-d26179e08e28,STAD,4.007333185232471,4.41586490160038
CPTAC_to_TCGA,47,coral_pca_hgb,8e8f19bd-dbaa-4738-bad2-207f634cd63d,UCEC,3.970291913552122,4.901757768533734
CPTAC_to_TCGA,47,coral_pca_hgb,e57b296a-80e9-4446-a3d1-3dbfeaf04f5e,GBM,4.04305126783455,2.9923265145161486
CPTAC_to_TCGA,47,coral_pca_hgb,558a239b-fe8b-4b56-9137-4cacf8324995,LAML,2.19722457733622,1.717918840197061
CPTAC_to_TCGA,47,coral_pca_hgb,dd63d0fd-e24b-40a5-88c5-7d3d4106631e,LUAD,5.7430031878094825,3.5259668708057337
CPTAC_to_TCGA,47,coral_pca_hgb,7751fc13-ec33-4057-965d-3b2ac6183344,GBM,4.3694478524670215,3.6487881170530336
CPTAC_to_TCGA,47,coral_pca_hgb,78ae716b-0ca5-4c01-a053-d41288385fcd,LUAD,4.584967478670572,4.390655479150279
CPTAC_to_TCGA,47,coral_pca_hgb,adc22472-e31d-419f-aeae-cb01b9423343,UCEC,3.713572066704308,4.627773761484269
CPTAC_to_TCGA,47,coral_pca_hgb,23451ab5-a32b-4eec-9b8b-fd282282a0d4,STAD,4.127134385045092,4.182488547463817
CPTAC_to_TCGA,47,coral_pca_hgb,114a34c0-983b-4d90-9181-1823c9637a63,LUAD,6.556778356158042,4.8697126912736195
CPTAC_to_TCGA,47,coral_pca_hgb,1b0ad45e-b917-4e91-83c4-e5386cdf0eee,KIRC,3.8918202981106265,4.012188473745012
CPTAC_to_TCGA,47,coral_pca_hgb,30256f61-7be9-4d47-8afd-afafa7a079c0,GBM,4.330733340286331,3.5525449681912833
CPTAC_to_TCGA,47,coral_pca_hgb,7a650a2c-bc3f-4e0c-820e-4f492977107b,GBM,3.218875824868201,3.8384703241470377
CPTAC_to_TCGA,47,coral_pca_hgb,e6634a0a-9ab0-441e-a667-2f7f6c7368cc,STAD,6.234410725718371,4.825672873534233
CPTAC_to_TCGA,47,coral_pca_hgb,748e38b1-2ead-4a0a-8881-d640617b856b,UCEC,5.313205979041787,5.0665470010166604
CPTAC_to_TCGA,47,coral_pca_hgb,4e7b2af4-b158-41a7-be22-bea227a759e6,LUAD,4.882801922586371,4.877630709181447
CPTAC_to_TCGA,47,coral_pca_hgb,294ff941-aea1-4588-9a0e-e9f5393e2bb6,LUAD,5.147494476813453,5.207410103431001
CPTAC_to_TCGA,47,coral_pca_hgb,c656375b-6b63-4728-a126-dbd746a1f437,STAD,7.113142108707088,7.602298794730089
CPTAC_to_TCGA,47,coral_pca_hgb,a8033f85-ac9b-41f3-b775-a1aee3f21b8f,GBM,3.8501476017100575,3.906385685507927
CPTAC_to_TCGA,47,coral_pca_hgb,f3a921d5-7a6d-4a6e-893b-a5e1d3f4750b,KIRC,3.970291913552122,4.133593601533946
CPTAC_to_TCGA,47,coral_pca_hgb,517e0f20-56cc-470e-8c5f-543efa10cfb5,PAAD,3.87120101090789,4.031116915115188
CPTAC_to_TCGA,47,coral_pca_hgb,b3a9b0be-2ccb-4e55-b72c-3f218ca46a3e,KIRC,3.688879454113936,3.9601978743249258
CPTAC_to_TCGA,47,coral_pca_hgb,2048d0f9-ed9f-46df-bcd4-3dfd9137670f,PAAD,3.218875824868201,3.0598205347866583
CPTAC_to_TCGA,47,coral_pca_hgb,58c1c391-5ea3-4432-bb1e-e7e1974954bc,PAAD,3.4011973816621555,3.4481973740303915
CPTAC_to_TCGA,47,coral_pca_hgb,ec9ac713-08e9-4559-b606-5f58d2c4df50,PAAD,3.49650756146648,2.907031170016552
CPTAC_to_TCGA,47,coral_pca_hgb,c9c533ee-e154-4a56-bce9-b5af37574b2f,LUAD,5.602118820879701,5.06503694838775
CPTAC_to_TCGA,47,coral_pca_hgb,bfdcc333-1b9d-44d2-90a4-c1720ba712e9,STAD,4.700480365792417,4.311026901948406
CPTAC_to_TCGA,47,coral_pca_hgb,15b2be7d-bd75-4236-b896-2ef25edd14b8,LAML,2.772588722239781,2.0087318239572247
CPTAC_to_TCGA,47,coral_pca_hgb,1ca2eb9f-9496-450f-83fe-c7a6cb1a075b,SKCM,5.831882477283517,5.415351476371434
CPTAC_to_TCGA,47,coral_pca_hgb,a2a2dbda-d10c-49c4-86a8-61baf6160cda,UCEC,3.9318256327243257,3.6853210949908246
CPTAC_to_TCGA,47,coral_pca_hgb,f4b1e633-38e6-4cc6-a0c6-911582d4066b,STAD,4.007333185232471,4.9664151475302285
CPTAC_to_TCGA,47,coral_pca_hgb,83a0f9ef-4bf0-4efe-8713-f8b6ab4f5773,STAD,4.110873864173311,4.79648296012769
CPTAC_to_TCGA,47,coral_pca_hgb,09918b81-4696-4cba-a45a-5fe7407c2337,LUAD,5.488937726156687,5.419045966569863
CPTAC_to_TCGA,47,coral_pca_hgb,7b7d2d2b-abe6-4f32-add0-3715096995d1,UCEC,7.080026499922591,5.176423775727291
CPTAC_to_TCGA,47,coral_pca_hgb,548ec160-4183-459f-8393-f4b4672a3251,UCEC,3.4339872044851463,3.769009656648145
CPTAC_to_TCGA,47,coral_pca_hgb,b40d0849-f4ef-4a14-9732-9beb708cb46b,LUAD,5.187385805840755,5.112502858888629
CPTAC_to_TCGA,47,coral_pca_hgb,40d9b9f7-42b7-4cfd-af95-660777ad0529,PAAD,3.688879454113936,4.650541966312237
CPTAC_to_TCGA,47,coral_pca_hgb,69584d55-18f7-4786-b3cc-cd528500be44,LUAD,5.908082938168931,5.290518519363005
CPTAC_to_TCGA,47,coral_pca_hgb,a4569ce7-dde7-4660-a24c-409d294b2b8c,PAAD,4.48863636973214,5.057402548601302
CPTAC_to_TCGA,47,coral_pca_hgb,bd73ed94-5f4f-4eb3-8b9b-391af4422d0e,PAAD,3.610917912644224,3.9947774559086433
CPTAC_to_TCGA,47,coral_pca_hgb,4776b959-d5f5-41ad-ab39-dba6031f6884,GBM,4.04305126783455,3.9928278245613122
CPTAC_to_TCGA,47,coral_pca_hgb,b266cbf5-80de-4473-b16f-08c502d365ca,LUAD,4.276666119016055,3.878139716251879
CPTAC_to_TCGA,47,coral_pca_hgb,6f661f0d-f08b-486e-8bd7-4306e1593eb9,UCEC,6.634633357861686,6.140011495397932
CPTAC_to_TCGA,47,coral_pca_hgb,42d208bd-cd77-4bfb-ad53-9fc072a87393,LUAD,4.890349128221754,5.05465944350167
CPTAC_to_TCGA,47,coral_pca_hgb,8b119d1c-6d21-4bbd-8a00-12da7b97d6c4,LUAD,4.143134726391533,4.852870934537691
CPTAC_to_TCGA,47,coral_pca_hgb,2b4f014f-74e9-4dda-a1ad-abcbd124fc44,STAD,4.110873864173311,6.5355015526598
CPTAC_to_TCGA,47,coral_pca_hgb,2e8f90f4-aed3-43b0-985c-dfdc2581f24f,PAAD,3.688879454113936,3.6460609335162255
CPTAC_to_TCGA,47,coral_pca_hgb,e8e43a65-4ec8-4e07-a884-a6989eec28cc,GBM,4.158883083359672,4.31114011562478
CPTAC_to_TCGA,47,coral_pca_hgb,ad0806a5-df9e-48ea-bc8b-d4a3c9ea7ea0,UCEC,3.044522437723423,3.970948860541893
CPTAC_to_TCGA,47,coral_pca_hgb,c814c26c-ee8e-4fd8-a3d3-441b302ead3b,KIRC,3.5263605246161616,4.073676995518106
CPTAC_to_TCGA,47,coral_pca_hgb,48abe0ef-dfd5-4e36-a319-c4ec3165cba1,STAD,7.191429330036379,5.812093991070685
CPTAC_to_TCGA,47,coral_pca_hgb,8d769b38-862f-46e3-a426-d09f79f28de6,KIRC,4.02535169073515,3.7650214791050587
CPTAC_to_TCGA,47,coral_pca_hgb,b1fee7af-8030-4d93-94ac-6294683d4298,STAD,4.553876891600541,5.174506597176535
CPTAC_to_TCGA,47,coral_pca_hgb,3258cb3b-f63b-463c-b2e4-d638149157c5,GBM,4.691347882229144,3.6511645615335153
CPTAC_to_TCGA,47,coral_pca_hgb,da2e8310-f54a-477e-a1fb-3f5542452780,STAD,4.820281565605037,4.587108138721935
CPTAC_to_TCGA,47,coral_pca_hgb,24164e89-16ae-48c1-a464-9be94141deef,GBM,4.442651256490317,4.199356924936492
CPTAC_to_TCGA,47,coral_pca_hgb,8f52cccd-5709-4753-9670-31a573ee27ab,LUAD,4.343805421853684,4.780977089428335
CPTAC_to_TCGA,47,coral_pca_hgb,47b749e6-e060-4aa1-8f29-976e489ba789,LUAD,6.272877006546167,5.870365618030435
CPTAC_to_TCGA,47,coral_pca_hgb,9853c6bb-a42c-4698-abe5-f3c897ebc8f6,GBM,3.8501476017100575,3.7056772177883333
CPTAC_to_TCGA,47,coral_pca_hgb,c95957a7-1a1a-4c8d-bb61-7c99b500f224,LUAD,6.431331081933479,5.846663566002709
CPTAC_to_TCGA,47,coral_pca_hgb,68449d03-6f2e-4b17-a2bf-c0494df32303,LAML,2.4849066497880004,1.7555055469697982
CPTAC_to_TCGA,47,coral_pca_hgb,3128d9bf-71fd-4edb-8d07-98f53ef0432e,KIRC,3.091042453358316,4.172451537659664
CPTAC_to_TCGA,47,coral_pca_hgb,9848f14b-8eab-4ac9-89b0-99a5ebf14696,GBM,3.951243718581428,4.134463379688238
CPTAC_to_TCGA,47,coral_pca_hgb,98f1d0eb-0977-4f53-a3b1-e6875a34c27b,PAAD,3.295836866004329,3.5537919145400094
CPTAC_to_TCGA,47,coral_pca_hgb,f6b2f52b-284d-4bde-9a3d-a0f458d07f08,GBM,4.262679877041316,3.8256622423437356
CPTAC_to_TCGA,47,coral_pca_hgb,e2aaabd9-f4ba-4763-a28a-c14d46a4bc5d,STAD,5.318119993844216,5.32490041186412
CPTAC_to_TCGA,47,coral_pca_hgb,ef03654a-dcf1-41ff-a67e-4f3fbf9ba807,LUAD,4.553876891600541,3.9319079983621217
CPTAC_to_TCGA,47,coral_pca_hgb,f587c9ab-2949-4410-80d6-a050865d48aa,LUAD,5.697093486505405,4.975280926398131
CPTAC_to_TCGA,47,coral_pca_hgb,7861dca2-badc-4575-a388-621d3614a8e4,STAD,3.4657359027997265,4.934672039179
CPTAC_to_TCGA,47,coral_pca_hgb,5fe77d4a-a8a5-4c90-8ff2-9c3bbbb309ef,LUAD,4.8283137373023015,4.039905785052807
CPTAC_to_TCGA,47,coral_pca_hgb,a65700c2-e58c-4fd4-aeb1-5686b8f4d212,LUAD,4.948759890378168,5.391524265808287
CPTAC_to_TCGA,47,coral_pca_hgb,b2feca3f-8602-4a30-92bf-958ab2a2bd5d,KIRC,3.555348061489413,4.219707012926558
CPTAC_to_TCGA,47,coral_pca_hgb,0da7bbd4-ed8d-474b-b494-cb93c5fa811e,UCEC,3.367295829986474,5.3576970614639645
CPTAC_to_TCGA,47,coral_pca_hgb,507a4e05-d5ab-4dbb-9b4f-76b1a21b79dd,PAAD,1.791759469228055,3.0015728447988805
CPTAC_to_TCGA,47,coral_pca_hgb,7f91a0c5-d639-48ea-b3f7-b6f385e047ed,UCEC,5.638354669333745,5.082209194282094
CPTAC_to_TCGA,47,coral_pca_hgb,129a49d4-edb8-4a1d-aabb-51b9ad5a8dd1,UCEC,5.209486152841421,4.283495400020245
CPTAC_to_TCGA,47,coral_pca_hgb,40e507fb-e285-424b-a98b-362e47a53e4a,STAD,3.9318256327243257,3.9847160883070174
CPTAC_to_TCGA,47,coral_pca_hgb,1b110eb4-a01d-4c50-ba18-77da4dedd549,LUAD,3.044522437723423,3.602928881248789
CPTAC_to_TCGA,47,coral_pca_hgb,a4e5a8ba-dbb2-4ee9-8ab3-cc5bab152cc2,SKCM,4.060443010546419,4.7843123213157055
CPTAC_to_TCGA,47,coral_pca_hgb,3daebe75-c6df-478e-8a4c-11186fd5ead9,LUAD,3.7612001156935615,4.1836520412686715
CPTAC_to_TCGA,47,coral_pca_hgb,884f867b-4a8b-4b67-8fe4-ab3f068be84e,GBM,2.70805020110221,3.4947953374753533
CPTAC_to_TCGA,47,coral_pca_hgb,2f61ea6b-a3f2-477f-ab98-47ed07b3b2cd,GBM,3.4657359027997265,4.045328598320193
CPTAC_to_TCGA,47,coral_pca_hgb,456bcab3-165d-456f-94e3-f34f81a61d2e,GBM,6.269096283706261,3.6601097565689655
CPTAC_to_TCGA,47,coral_pca_hgb,afe83af5-af22-49c0-88b4-f1d0dfcbe238,LUAD,4.477336814478207,4.25251535634279
CPTAC_to_TCGA,47,coral_pca_hgb,d6de8d1c-e5ff-45cd-b53e-f943d2578713,GBM,3.784189633918261,3.9125531854353284
CPTAC_to_TCGA,47,coral_pca_hgb,f17bb238-2651-48a5-9a47-5077218efe08,UCEC,6.366470447731438,5.5276656305077765
CPTAC_to_TCGA,47,coral_pca_hgb,028e99e9-5b9a-4954-bb6e-6d4709a3cea8,LUAD,2.772588722239781,4.583659600320304
CPTAC_to_TCGA,47,coral_pca_hgb,d22de643-5f93-42d0-9199-1f55405241d6,STAD,5.318119993844216,5.856689619274566
CPTAC_to_TCGA,47,coral_pca_hgb,a45a91f6-55a5-4a5e-ba54-0ac0b4e87d8c,LAML,1.3862943611198906,1.908275302818656
CPTAC_to_TCGA,47,coral_pca_hgb,a7fd6522-8953-461f-9e5f-fdeb7d180d46,UCEC,4.158883083359672,4.5909776240172375
CPTAC_to_TCGA,47,coral_pca_hgb,8475c44d-e091-4c65-b1b4-9a77ae3c0e1d,PAAD,3.87120101090789,3.944087940037776
CPTAC_to_TCGA,47,coral_pca_hgb,96c38b74-c22b-4001-bfd0-a37eda1fbaed,KIRC,3.80666248977032,4.095286434651227
CPTAC_to_TCGA,47,coral_pca_hgb,b6d4e2d5-5739-4be3-8a4c-6e7a17d1d40f,KIRC,3.49650756146648,3.9720857611713805
CPTAC_to_TCGA,47,coral_pca_hgb,c35d97f8-1b70-4fbd-a603-9230b3ba7952,SKCM,5.545177444479562,5.584152643951814
CPTAC_to_TCGA,47,coral_pca_hgb,552712d3-da16-441e-ba93-11810793d598,LUAD,5.484796933490655,4.646954882495279
CPTAC_to_TCGA,47,coral_pca_hgb,6e72d2e2-96fe-4fbb-9fe6-39ec28753eb6,GBM,3.610917912644224,3.975371898547475
CPTAC_to_TCGA,47,coral_pca_hgb,9ad6c241-ccc5-4532-a6ac-098271b13b5f,GBM,2.8903717578961645,2.9275489936626005
CPTAC_to_TCGA,47,coral_pca_hgb,75343469-9740-4b3f-83f9-82507f697fd9,LAML,0.0,2.1484024345081485
CPTAC_to_TCGA,47,coral_pca_hgb,5750a6ed-2516-456d-97d4-2f6486845ed8,PAAD,4.343805421853684,3.946666242158982
CPTAC_to_TCGA,47,coral_pca_hgb,eeb327b4-b705-4161-ba94-647f0e14f5b4,UCEC,3.6635616461296463,5.1274902101499125
CPTAC_to_TCGA,47,coral_pca_hgb,e3f515f8-a940-40d1-86b0-baed0f410f2c,UCEC,5.655991810819852,5.369341815218021
CPTAC_to_TCGA,47,coral_pca_hgb,9ebc8b58-363b-4638-8365-cfbde31a71ae,STAD,4.007333185232471,4.931181217764949
CPTAC_to_TCGA,47,coral_pca_hgb,9a50e7e4-831d-489f-87d2-979e987561cc,LUAD,4.6443908991413725,5.063390249804265
CPTAC_to_TCGA,47,coral_pca_hgb,37c8d73a-45ae-40fc-ba9a-721b755c1160,LUAD,3.713572066704308,4.506322119684854
CPTAC_to_TCGA,47,coral_pca_hgb,1cad4b22-ec8b-4e34-bfef-5464d185923a,SKCM,6.467698726104354,5.338637669888005
CPTAC_to_TCGA,47,coral_pca_hgb,c88e3901-f3ee-436a-ba80-143c8eab7d69,UCEC,3.688879454113936,3.96445481615866
CPTAC_to_TCGA,47,coral_pca_hgb,8981f0c9-7155-4c96-bf77-7d40fe404323,LUAD,4.007333185232471,4.660367791195069
CPTAC_to_TCGA,47,coral_pca_hgb,12b79b4f-c28c-418e-a1e7-e622f33fdcc2,LUAD,4.0943445622221,4.692511468264008
CPTAC_to_TCGA,47,coral_pca_hgb,ccda26c1-a6d6-4317-8cf8-8a87e15ce12e,LUAD,5.2832037287379885,4.420527735212432
CPTAC_to_TCGA,47,coral_pca_hgb,2de427e2-b1f3-4915-9750-ab6414edc92e,KIRC,3.610917912644224,4.0675061480355765
CPTAC_to_TCGA,47,coral_pca_hgb,c3cc716b-1b9c-4e73-9a40-f1f891a17c2d,KIRC,3.80666248977032,4.291837031644572
CPTAC_to_TCGA,47,coral_pca_hgb,3c25d91d-0e1b-46db-a842-06275c5db258,LAML,1.6094379124341005,1.178983540166633
CPTAC_to_TCGA,47,coral_pca_hgb,35cb7841-9b09-465a-90c5-e3b8a9faad49,LUAD,5.1298987149230735,4.513647240881501
CPTAC_to_TCGA,47,coral_pca_hgb,65d56c51-1d58-419e-8c77-a037fc588f5b,KIRC,4.330733340286331,3.9834255904595217
CPTAC_to_TCGA,47,coral_pca_hgb,1b31cdb3-1837-49d6-a857-1830f8800299,LUAD,3.951243718581428,5.151834128442522
CPTAC_to_TCGA,47,coral_pca_hgb,1b98b2da-c5bf-422f-bb73-1190841fbec4,STAD,5.293304824724492,4.671486649455925
CPTAC_to_TCGA,47,coral_pca_hgb,69dba721-a168-47a4-b7ff-80a448bad654,LUAD,4.990432586778736,5.212075576252814
CPTAC_to_TCGA,47,coral_pca_hgb,e00f6dc5-bc8b-472d-bac3-c7823364f01e,UCEC,3.8501476017100575,4.983925642735362
CPTAC_to_TCGA,47,coral_pca_hgb,e17a6048-7a72-42c0-ad3f-97cbff02bc9f,GBM,4.406719247264253,3.7087039573491105
CPTAC_to_TCGA,47,coral_pca_hgb,5722df9f-5631-476d-a11b-b3c1e9a40fbf,KIRC,3.8918202981106265,4.105077566835625
CPTAC_to_TCGA,47,coral_pca_hgb,a7911bdc-13f1-434a-bfa3-f8ba55d15846,LUAD,5.231108616854587,5.2799026638194295
CPTAC_to_TCGA,47,coral_pca_hgb,cfc999aa-802e-4a0d-8b14-be2b19fa2a17,KIRC,3.7612001156935615,3.922392086543743
CPTAC_to_TCGA,47,coral_pca_hgb,3ea53b15-37f0-446e-a130-6bb2dee56865,UCEC,3.610917912644224,4.356697706764394
CPTAC_to_TCGA,47,coral_pca_hgb,cd902d08-215e-4bd0-88e4-4fd01ab43cbf,LUAD,7.079184394609668,5.745137641947613
CPTAC_to_TCGA,47,coral_pca_hgb,4d51ee44-e6f4-4bcb-be28-e9df54b39a8d,LUAD,4.31748811353631,4.209065215513746
CPTAC_to_TCGA,47,coral_pca_hgb,27bb612c-a74a-4088-b0ea-1dbe28e7a725,LAML,1.3862943611198906,1.0636210281002492
CPTAC_to_TCGA,47,coral_pca_hgb,cca5717d-226d-4390-a99b-c7aed6d9d70e,UCEC,5.968707559985366,6.070403756080076
CPTAC_to_TCGA,47,coral_pca_hgb,117eb38b-0c62-4336-a866-fa5bd013256a,STAD,3.5263605246161616,4.262505209854943
CPTAC_to_TCGA,47,coral_pca_hgb,028d32fc-1b9f-49c6-9cb2-2d69671943cd,KIRC,3.5263605246161616,3.930514494827998
CPTAC_to_TCGA,47,coral_pca_hgb,9c894668-88f5-4308-a1c0-6b8acc6aaaec,LUAD,5.187385805840755,4.998760074828828
CPTAC_to_TCGA,47,coral_pca_hgb,62ae3bb1-8102-4693-aee6-4d8d0d2bc515,UCEC,5.8944028342648505,6.505161851404563
CPTAC_to_TCGA,47,coral_pca_hgb,cbf1f718-6bb7-4daf-b9d6-fb294281decb,LUAD,5.3981627015177525,3.780997091265525
CPTAC_to_TCGA,47,coral_pca_hgb,d438c58e-f038-47a3-8e62-485a5aca9695,UCEC,8.27614021955846,6.220300173679288
CPTAC_to_TCGA,47,coral_pca_hgb,43f0421c-6578-4d77-9314-ef0305c7efbd,STAD,6.6293632534374485,6.103231582248171
CPTAC_to_TCGA,47,coral_pca_hgb,2f38a984-c359-4d20-b23d-dca2d82f0270,KIRC,3.332204510175204,4.105250222155851
CPTAC_to_TCGA,47,coral_pca_hgb,9c8169e7-9193-41f5-878e-ed1af3b95422,KIRC,3.688879454113936,3.4460843087470363
CPTAC_to_TCGA,47,coral_pca_hgb,18478121-f1d1-4bdd-9511-8ab22f4a0660,LUAD,6.391917113392602,5.8636149307476275
CPTAC_to_TCGA,47,coral_pca_hgb,69285f58-9b70-4262-acc0-8cf3d47540c3,PAAD,0.6931471805599453,3.1337994054469434
CPTAC_to_TCGA,47,coral_pca_hgb,e499069b-a16a-49e9-941a-e3e9ea62af25,LUAD,3.87120101090789,5.650854640620718
CPTAC_to_TCGA,47,coral_pca_hgb,59e9029a-8ddd-4447-b35a-72bc39f82a30,UCEC,3.737669618283368,3.9419263170778853
CPTAC_to_TCGA,47,coral_pca_hgb,10efeb3c-ef55-4227-91b9-8c2bb4ff43d5,GBM,3.828641396489095,4.232158717058572
CPTAC_to_TCGA,47,coral_pca_hgb,d6ea5cec-97bf-4c0f-85bf-293d463b0586,KIRC,3.367295829986474,3.812649391137756
CPTAC_to_TCGA,47,coral_pca_hgb,aef8d98f-7a1c-47f3-b5a7-a3cb299c70de,STAD,4.465908118654584,5.270828225949287
CPTAC_to_TCGA,47,coral_pca_hgb,43d98306-8b1f-4840-a1a0-146ba0c36400,GBM,3.258096538021482,3.7928520655702753
CPTAC_to_TCGA,47,coral_pca_hgb,f6810357-a598-4a39-8cbd-067795b8d860,LAML,2.302585092994046,2.1023514958588536
CPTAC_to_TCGA,47,coral_pca_hgb,5c51fbfe-153c-4cd2-97bd-e444daa0b20f,PAAD,4.219507705176107,4.266940932668161
CPTAC_to_TCGA,47,coral_pca_hgb,31458638-e19c-43e5-ab13-9c64b3b3681d,LUAD,4.59511985013459,3.7457424893528857
CPTAC_to_TCGA,47,coral_pca_hgb,26a92e1b-08d8-45cd-af0c-eaf2514808a2,LUAD,1.6094379124341005,4.490563687165824
CPTAC_to_TCGA,47,coral_pca_hgb,50f29fc7-c111-4101-b970-b1e1dd3388cf,KIRC,4.394449154672439,4.379967597295083
CPTAC_to_TCGA,47,coral_pca_hgb,d4f66f06-9289-45c1-b9eb-aaef991a4bb6,PAAD,3.4339872044851463,3.9969168187601833
CPTAC_to_TCGA,47,coral_pca_hgb,0b970feb-914f-4159-912f-6efec02b617f,KIRC,4.852030263919617,3.045087048058277
CPTAC_to_TCGA,47,coral_pca_hgb,0628cb4a-c480-4b2f-bd2e-bb33e6994302,GBM,3.784189633918261,3.6461567878304266
CPTAC_to_TCGA,47,coral_pca_hgb,46692ac0-8993-4cd3-9590-32ec9dd2c802,LAML,0.6931471805599453,1.225793393920673
CPTAC_to_TCGA,47,coral_pca_hgb,8bdd4e0e-5bec-43f2-b9fa-d6e94a72fe05,UCEC,4.02535169073515,5.268716531163768
CPTAC_to_TCGA,47,coral_pca_hgb,54a0e4d7-c274-4569-9c25-45bbe26d7f21,LUAD,4.532599493153256,3.9238735904817355
CPTAC_to_TCGA,47,coral_pca_hgb,7ab5a708-803f-4d8c-9b25-645f06851a26,STAD,4.718498871295094,4.375694966327899
CPTAC_to_TCGA,47,coral_pca_hgb,46bc69a9-0090-4809-92b8-8cb741d9007d,KIRC,3.970291913552122,4.085180848574718
CPTAC_to_TCGA,47,coral_pca_hgb,a89e46f4-4808-41e5-a047-acebf8744eb7,STAD,5.472270673671475,5.847521168023762
CPTAC_to_TCGA,47,coral_pca_hgb,5d2f1a0f-a01b-48c2-b749-1ca710aa2bb4,UCEC,3.784189633918261,3.4786774237237172
CPTAC_to_TCGA,47,coral_pca_hgb,c4247ccb-8201-428e-a2e7-b5104f095588,KIRC,3.091042453358316,4.059439292165642
CPTAC_to_TCGA,47,coral_pca_hgb,dd7bcdd8-1660-4dab-9860-9d136c4cee77,PAAD,3.5263605246161616,3.649554080484154
CPTAC_to_TCGA,47,coral_pca_hgb,b93221ba-2076-4dd4-9931-179571b7e16c,STAD,7.118826249062078,6.289597810074981
CPTAC_to_TCGA,47,coral_pca_hgb,e49f545f-3268-4d25-b7a3-4da8e6ab2578,UCEC,6.517671272912275,5.685616914327546
CPTAC_to_TCGA,47,coral_pca_hgb,6b033bf5-4ad9-419f-9d2c-63e2e8c80066,KIRC,4.174387269895637,4.156984023787257
CPTAC_to_TCGA,47,coral_pca_hgb,41e14a71-95df-46d3-a357-a227a00029cf,UCEC,3.49650756146648,4.62077388689587
CPTAC_to_TCGA,47,coral_pca_hgb,bee58be0-c2b0-4cdc-adf6-b99243da586a,UCEC,4.0943445622221,4.308645837996833
CPTAC_to_TCGA,47,coral_pca_hgb,1c4d225e-e065-4e26-9413-78f54a7e0cf5,UCEC,4.060443010546419,3.8948951520538686
CPTAC_to_TCGA,47,coral_pca_hgb,f9e36bc2-484f-48e8-82ba-99026957277a,SKCM,5.655991810819852,6.30153050780824
CPTAC_to_TCGA,47,coral_pca_hgb,aea68827-dc0f-484d-a00d-06deeaa4b3ce,LUAD,3.4339872044851463,3.910480544047338
CPTAC_to_TCGA,47,coral_pca_hgb,74fc9f65-b5f1-4b56-93a5-f90eaab52e31,KIRC,2.639057329615259,2.7559345751287916
CPTAC_to_TCGA,47,coral_pca_hgb,55a2c884-49a7-4d1a-9e0e-42f6a8b720fa,STAD,3.091042453358316,4.301280796522318
CPTAC_to_TCGA,47,coral_pca_hgb,232073a1-2bf3-4539-a396-bde7836f9aeb,PAAD,1.791759469228055,2.1083898466845787
CPTAC_to_TCGA,47,coral_pca_hgb,1db061c0-9b28-4bf9-8ad2-0383c69b6800,PAAD,3.8918202981106265,3.72384182134194
CPTAC_to_TCGA,47,coral_pca_hgb,32b5d0e4-a242-44d1-ac20-6e5ca2f35b71,UCEC,3.5263605246161616,3.9411830157826837
CPTAC_to_TCGA,47,coral_pca_hgb,6244e506-d163-4d34-8fec-6158191679cb,STAD,6.075346031088684,5.831870665716228
CPTAC_to_TCGA,47,coral_pca_hgb,12f63577-7fae-4fc8-9106-39729669fdfe,STAD,3.218875824868201,3.9257871624388434
CPTAC_to_TCGA,47,coral_pca_hgb,6c526c42-2fb2-4dfa-8a3d-5651dd600ac7,UCEC,6.429719478039138,5.263841850898034
CPTAC_to_TCGA,47,coral_pca_hgb,482eb2a7-6fed-4e4c-b1b6-14d6d869f855,LUAD,4.110873864173311,5.099278354077285
CPTAC_to_TCGA,47,coral_pca_hgb,cba5705a-80dd-4496-9283-c5d3a92c7dba,KIRC,3.332204510175204,5.181494743566084
CPTAC_to_TCGA,47,coral_pca_hgb,3dd5a206-d7f3-42f1-b9cc-4b31c76d495d,SKCM,4.174387269895637,5.925759453641094
CPTAC_to_TCGA,47,coral_pca_hgb,b8588e0f-aad6-4ded-845e-3cff67a48d8f,UCEC,3.8918202981106265,4.590187118435128
CPTAC_to_TCGA,47,coral_pca_hgb,394f390a-563c-447c-8cae-cd7d0d7e689f,STAD,3.367295829986474,4.4005503913197295
CPTAC_to_TCGA,47,coral_pca_hgb,6de6b8e2-03eb-4f32-b5a3-bea73fc632b4,STAD,4.007333185232471,4.055976475596171
CPTAC_to_TCGA,47,coral_pca_hgb,0a11e958-7ec0-493c-bd7a-eb17536facd7,STAD,4.0943445622221,4.045449003607977
CPTAC_to_TCGA,47,coral_pca_hgb,aee86a89-0377-4080-b16c-408bfbe78687,LUAD,6.51025834052315,4.9976134732357
CPTAC_to_TCGA,47,coral_pca_hgb,3ed101b5-0007-4957-a25d-4cf43bde08b6,GBM,3.4657359027997265,3.9511564719818404
CPTAC_to_TCGA,47,coral_pca_hgb,9246c642-3231-4137-a24b-3efae151b655,PAAD,0.0,3.368923876777921
CPTAC_to_TCGA,47,coral_pca_hgb,4a60e87e-6bc1-4ae0-9ccb-4cdc3e99c608,PAAD,4.23410650459726,3.689143691821585
CPTAC_to_TCGA,47,coral_pca_hgb,ae8a4958-5407-4c01-93c3-8090862533ae,UCEC,6.840546529288687,5.771513913435295
CPTAC_to_TCGA,47,coral_pca_hgb,9b9654c9-5a64-4a8e-b1f0-987437e6012e,GBM,3.1780538303479458,3.6798090761930164
CPTAC_to_TCGA,47,coral_pca_hgb,c1f1dc90-2c67-4862-9e5f-078b861ffc6e,UCEC,3.688879454113936,4.159029252889782
CPTAC_to_TCGA,47,coral_pca_hgb,f89ac782-e0b2-4e62-844d-2e00d10a1c65,STAD,5.099866427824199,4.489701766012012
CPTAC_to_TCGA,47,coral_pca_hgb,79378590-e28e-403b-bbde-c76c0195a980,LAML,1.9459101490553128,2.1110075104200723
CPTAC_to_TCGA,47,coral_pca_hgb,962fd4e7-9199-43d9-abce-e3dfa46da62c,LUAD,5.521460917862246,4.8335958326463135
CPTAC_to_TCGA,47,coral_pca_hgb,f4350d9c-3f40-4829-bbc4-8acb2f3ff512,LUAD,3.295836866004329,4.677586441787235
CPTAC_to_TCGA,47,coral_pca_hgb,c21aab2a-36a0-464c-aa7d-d0c6937cab29,LAML,3.044522437723423,2.152647833808751
CPTAC_to_TCGA,47,coral_pca_hgb,2b60ef45-336c-42e0-aa3f-577069310d1f,UCEC,6.331501849893691,5.19337252944251
CPTAC_to_TCGA,47,coral_pca_hgb,f5759059-c0e3-4f1a-af96-5c7197d3c33c,KIRC,3.784189633918261,4.120707973285773
CPTAC_to_TCGA,47,coral_pca_hgb,e0127e51-43ba-4536-bc9d-004591f9c627,KIRC,4.02535169073515,3.660748705125033
CPTAC_to_TCGA,47,coral_pca_hgb,7a077812-f6ee-4820-a084-1a52c7ef062c,UCEC,3.258096538021482,4.813885835743439
CPTAC_to_TCGA,47,coral_pca_hgb,93766482-2f20-4c8f-bbd8-bdd203c37d5a,LUAD,6.159095388491933,4.690293849005128
CPTAC_to_TCGA,47,coral_pca_hgb,2db0fb62-64ce-457c-9e22-dd05ef59f684,UCEC,7.147559271189454,5.207454262486176
CPTAC_to_TCGA,47,coral_pca_hgb,63db0da6-f451-436f-9b1c-211b55947770,SKCM,5.579729825986222,5.976120121952455
CPTAC_to_TCGA,47,coral_pca_hgb,bf768635-b809-4df4-a4e6-7495e66aa227,KIRC,4.060443010546419,3.7872941678794128
CPTAC_to_TCGA,47,coral_pca_hgb,149be735-d5db-43b6-80b7-d40e3a84500b,GBM,3.5263605246161616,4.126180292413284
CPTAC_to_TCGA,47,coral_pca_hgb,6f70e9f0-580b-4199-934b-dacd29fb28a0,STAD,3.367295829986474,4.626188062298553
CPTAC_to_TCGA,47,coral_pca_hgb,ae39e358-08d7-4367-ae68-82b469e791e4,LUAD,4.060443010546419,4.6043195183338534
CPTAC_to_TCGA,47,coral_pca_hgb,1e1cdf72-820f-48a4-8fb6-89575d07cde9,STAD,4.477336814478207,4.895972309771834
CPTAC_to_TCGA,47,coral_pca_hgb,c5a797d3-82ae-49dc-b2fe-0da64da271a2,UCEC,5.963579343618446,6.246725822584978
CPTAC_to_TCGA,47,coral_pca_hgb,cd0dc947-b708-464e-beb7-954c9d4583e7,LUAD,5.170483995038151,5.322546782650783
CPTAC_to_TCGA,47,coral_pca_hgb,6c2232b2-80ce-4156-a0b4-ffa411b0963e,UCEC,6.338594078203183,3.556976920592303
CPTAC_to_TCGA,47,coral_pca_hgb,0ff579a1-e295-408d-b194-febbca798e34,KIRC,3.091042453358316,3.953793465643044
CPTAC_to_TCGA,47,coral_pca_hgb,df27b584-fa45-4a8f-bd12-a018cc63dca1,UCEC,4.127134385045092,4.104887155453162
CPTAC_to_TCGA,47,coral_pca_hgb,5b6b9d0f-787c-4ae9-afd4-de7ce6c57a42,UCEC,5.771441123130016,4.674517080121006
CPTAC_to_TCGA,47,coral_pca_hgb,1dcf33e9-4c9b-4b2b-914e-15e6be5dcd07,UCEC,6.576469569048224,5.336446233171213
CPTAC_to_TCGA,47,coral_pca_hgb,4eb95566-0e73-4260-853e-f7df650667a0,UCEC,4.007333185232471,3.661652045400036
CPTAC_to_TCGA,47,coral_pca_hgb,3dd36758-04ad-4ba4-bf17-707649d6f1a0,KIRC,3.8918202981106265,3.707541440963929
CPTAC_to_TCGA,47,coral_pca_hgb,543c0a7d-ccd7-4b8d-98fb-eabec806231d,GBM,4.418840607796598,4.0981970690339855
CPTAC_to_TCGA,47,coral_pca_hgb,de7b7cac-f094-4d59-8651-e991e34ea093,GBM,4.07753744390572,3.753238141336965
CPTAC_to_TCGA,47,coral_pca_hgb,4020b1b1-576d-4869-9ff5-552e3afb3ab5,STAD,2.70805020110221,3.5423113201540435
CPTAC_to_TCGA,47,coral_pca_hgb,a3c1f9a2-9174-48cf-81dc-2afcfdc4ba9c,STAD,5.170483995038151,4.904528096420057
CPTAC_to_TCGA,47,coral_pca_hgb,07b5663f-9a54-4462-b6c1-6fc8116b8714,LUAD,5.087596335232384,4.41590837161801
CPTAC_to_TCGA,47,coral_pca_hgb,ba3911e6-2208-4a04-8891-b5cba9fda6bf,STAD,4.605170185988092,4.389712977437564
CPTAC_to_TCGA,47,coral_pca_hgb,646910ee-5f5d-40ac-a21a-75790f89430a,LUAD,0.0,3.937705847747506
CPTAC_to_TCGA,47,coral_pca_hgb,df01a5ee-e8b5-40b0-8a6a-b6b3faed9df9,UCEC,3.688879454113936,3.8887941350002087
CPTAC_to_TCGA,47,coral_pca_hgb,4549bff6-6886-4102-a1de-02691b664c52,UCEC,9.181735114965848,6.322475341185941
CPTAC_to_TCGA,47,coral_pca_hgb,1ca3c5e0-32b0-4467-8ec0-ca212e35d2b3,STAD,3.58351893845611,5.060913236681493
CPTAC_to_TCGA,47,coral_pca_hgb,570f9947-1ce5-49c7-9619-49439df6c7a9,PAAD,2.5649493574615367,3.0441478442232213
CPTAC_to_TCGA,47,coral_pca_hgb,f7010b87-a559-4501-99f9-0fcca1e986e1,UCEC,3.4011973816621555,4.825992427924551
CPTAC_to_TCGA,47,coral_pca_hgb,4cd3d483-2283-4c6a-a57a-444216119d34,LUAD,4.962844630259907,6.145660901782165
CPTAC_to_TCGA,47,coral_pca_hgb,bf755bc2-b7aa-4c3c-8b3c-58b089b5cab6,LUAD,6.875232087276577,5.175563659106307
CPTAC_to_TCGA,47,coral_pca_hgb,23c7555b-7a37-415d-bda8-3588078a0c2e,KIRC,3.737669618283368,4.002288501651509
CPTAC_to_TCGA,47,coral_pca_hgb,6144d666-8f77-4efe-95f1-f9e5c4e5e056,LUAD,5.545177444479562,4.899525038362788
CPTAC_to_TCGA,47,coral_pca_hgb,1575148b-0f63-44ee-86fd-93ae1a02be0b,LUAD,4.912654885736052,5.95002984587405
CPTAC_to_TCGA,47,coral_pca_hgb,2bc5b2ec-aa8f-4889-9d92-d27f96c9fda1,KIRC,3.87120101090789,4.1867928748108
CPTAC_to_TCGA,47,coral_pca_hgb,5202458b-c38a-47c0-a0ba-5f1a59a762a0,LUAD,6.180016653652572,4.27376790454291
CPTAC_to_TCGA,47,coral_pca_hgb,da5f6940-e8ee-4fd1-a8da-4cd68e02e59c,GBM,3.6635616461296463,3.99582346990239
CPTAC_to_TCGA,47,coral_pca_hgb,a1867d3e-a006-4e04-8118-478792bdca4b,STAD,6.833031732786201,5.704926986480663
CPTAC_to_TCGA,47,coral_pca_hgb,c7afc0d0-ca32-4be1-9477-ad106290c460,LAML,2.079441541679836,2.239467117304328
CPTAC_to_TCGA,47,coral_pca_hgb,488646a1-0bdb-45f8-8c30-bef006924511,LUAD,5.220355825078325,5.9652645205755634
CPTAC_to_TCGA,47,coral_pca_hgb,6a4e10b6-e6c4-4210-ae4d-0d8e8d0cb3ec,PAAD,1.9459101490553128,2.8696082305676622
CPTAC_to_TCGA,47,coral_pca_hgb,389d5472-9e4a-47b3-bd6c-994eb0fafea2,GBM,3.784189633918261,3.7682877925038865
CPTAC_to_TCGA,47,coral_pca_hgb,a2aee2ef-c3c6-4832-bc3f-3648575af5c6,LAML,0.6931471805599453,0.8112950244438205
CPTAC_to_TCGA,47,coral_pca_hgb,503d7e36-df78-428d-9971-09ff707645c2,PAAD,3.6375861597263857,3.8291250826762164
CPTAC_to_TCGA,47,coral_pca_hgb,ecdd0e44-0add-4a08-a3f8-ab2f51df7afd,PAAD,3.49650756146648,3.790876117648169
CPTAC_to_TCGA,47,coral_pca_hgb,4519a839-11ea-4628-b5a7-071833ad16de,KIRC,3.610917912644224,3.922130400252662
CPTAC_to_TCGA,47,coral_pca_hgb,dee43082-4aa7-4650-981c-a779e9fe7b55,UCEC,6.863803391452954,5.462819652726289
CPTAC_to_TCGA,47,coral_pca_hgb,df822ea3-e0e6-4ad3-a228-e20e3a737dac,STAD,5.786897381366708,5.086919829301786
CPTAC_to_TCGA,47,coral_pca_hgb,93aebbd4-19cf-495a-b8ce-3c4a3feba152,STAD,5.075173815233827,4.568336121849241
CPTAC_to_TCGA,47,coral_pca_hgb,44d8c859-4b7a-4e9d-bffc-0de0e6afdcc4,LUAD,4.795790545596741,4.873548758696548
CPTAC_to_TCGA,47,coral_pca_hgb,1d9c2113-ddcb-4440-89c3-cd21cee6d401,UCEC,3.9318256327243257,5.340638490485335
CPTAC_to_TCGA,47,coral_pca_hgb,0631dc8c-5950-4419-adf2-ec3b1e259fc8,KIRC,3.912023005428146,3.7784439188370147
CPTAC_to_TCGA,47,coral_pca_hgb,d6ef326a-e3c6-42ad-84b9-3f7f07313101,LAML,0.0,1.1186869192983055
CPTAC_to_TCGA,47,coral_pca_hgb,282ddc43-922d-4f1f-80c7-6ba2de23b7bc,UCEC,5.099866427824199,5.173674014888837
CPTAC_to_TCGA,47,coral_pca_hgb,d129ebb4-db21-4342-8d9b-318a67aefa56,UCEC,6.253828811575473,6.234811588914379
CPTAC_to_TCGA,47,coral_pca_hgb,07f596f7-8227-47d3-8e95-2e0b86f44f2b,KIRC,3.1354942159291497,3.7559329839735685
CPTAC_to_TCGA,47,coral_pca_hgb,36abeaf9-cc0f-43dd-9c55-b9347d826529,STAD,4.770684624465665,5.396413232152296
CPTAC_to_TCGA,47,coral_pca_hgb,12df24c6-1229-4777-ad90-7dd66259b65f,UCEC,6.333279628139691,4.110535712667184
CPTAC_to_TCGA,47,coral_pca_hgb,02e4f2da-9977-4251-81da-9e9f3a2310de,LAML,0.0,1.3940320777774633
CPTAC_to_TCGA,47,coral_pca_hgb,ca7f9d8b-2abc-4606-bf95-4c42791b38bd,UCEC,5.7899601708972535,5.691431381203701
CPTAC_to_TCGA,47,coral_pca_hgb,7994d0a6-cef5-4391-a121-5a0853a34fa7,LAML,0.6931471805599453,1.3644056011240977
CPTAC_to_TCGA,47,coral_pca_hgb,9536e32d-2707-48d2-a36d-08c521665bb9,LUAD,5.455321115357702,5.158591780468404
CPTAC_to_TCGA,47,coral_pca_hgb,4036c6fc-c82e-47bb-a384-6f299dc30b52,LUAD,4.804021044733257,4.621760704474043
CPTAC_to_TCGA,47,coral_pca_hgb,2953131e-9c34-4fa2-8af4-2c8d66ea2821,KIRC,4.143134726391533,3.7925359602484856
CPTAC_to_TCGA,47,coral_pca_hgb,382b279f-87e1-4dbc-a2ca-c1dfde1cf254,PAAD,2.19722457733622,3.1012256597535934
CPTAC_to_TCGA,47,coral_pca_hgb,71ed7d6d-8c44-4d37-a04a-7a78df21e514,UCEC,3.044522437723423,3.752856646252735
CPTAC_to_TCGA,47,coral_pca_hgb,d5fe3b27-c6a6-4a35-a173-3f7b73c2ed14,LAML,2.19722457733622,1.4988680936134622
CPTAC_to_TCGA,47,coral_pca_hgb,4310a287-5f01-4e0d-94e3-96c5379c3245,STAD,6.280395838960195,4.863441499973543
CPTAC_to_TCGA,47,coral_pca_hgb,bca1057a-1e96-404d-8a37-5a8dc1944ee7,UCEC,3.8501476017100575,3.54833031438892
CPTAC_to_TCGA,47,coral_pca_hgb,5a86d9f1-d38d-4b78-9a23-c7855a20ca2d,GBM,3.9889840465642745,3.6962816413599335
CPTAC_to_TCGA,47,coral_pca_hgb,f4a7f2ff-be76-48d3-9f59-9223db33680e,UCEC,3.5263605246161616,4.405628603881503
CPTAC_to_TCGA,47,coral_pca_hgb,24118b8f-59fe-482a-aed3-7b1bde1571b7,UCEC,3.58351893845611,3.8104222887191543
CPTAC_to_TCGA,47,coral_pca_hgb,03ae8fdb-8a9c-401d-b8e3-b5ea57bad182,KIRC,3.9889840465642745,4.331090900581421
CPTAC_to_TCGA,47,coral_pca_hgb,4c474c70-1d72-49e8-a8cc-a4145c5ab607,KIRC,3.784189633918261,3.9922809635703063
CPTAC_to_TCGA,47,coral_pca_hgb,27c9e7aa-1760-4cfc-95b0-a091d35d317b,SKCM,4.68213122712422,5.505413761603767
CPTAC_to_TCGA,47,coral_pca_hgb,9fa752b7-9873-4bad-9eba-8cc113705fed,STAD,4.158883083359672,4.164423717360023
CPTAC_to_TCGA,47,coral_pca_hgb,faf5f1e3-9f7d-4a9d-a005-6cad5e4becf7,STAD,4.499809670330265,5.200505925832223
CPTAC_to_TCGA,47,coral_pca_hgb,435b57e7-5cd4-486a-b3d4-ccb1ef160d52,UCEC,9.282288871288769,6.029732821696753
CPTAC_to_TCGA,47,coral_pca_hgb,9731e0b3-c62d-43cb-8ae7-8f973d69ab19,UCEC,3.1780538303479458,5.023684093391498
CPTAC_to_TCGA,47,coral_pca_hgb,18d0aae7-9694-4252-b8fe-16e62dadab07,STAD,4.770684624465665,5.406844777303623
CPTAC_to_TCGA,47,coral_pca_hgb,8fdbd88f-19ae-4ab8-bcd7-6bfa1bbde742,LUAD,5.976350909297934,4.244604217380275
CPTAC_to_TCGA,47,coral_pca_hgb,2f4a127f-101a-4192-b3e8-f9be2c8648bc,GBM,3.688879454113936,3.7170842453845587
CPTAC_to_TCGA,47,coral_pca_hgb,a0339182-2fd6-459d-9703-422474222e76,GBM,2.772588722239781,3.9910866404605367
CPTAC_to_TCGA,47,coral_pca_hgb,397b2672-d014-4b57-88dd-17e66ff8be4d,UCEC,8.267192185932146,5.424997157349329
CPTAC_to_TCGA,47,coral_pca_hgb,068016e2-7829-493c-b8be-d3b85beaab13,UCEC,3.9889840465642745,4.508638230892978
CPTAC_to_TCGA,47,coral_pca_hgb,c3cba26e-38c2-4569-afd6-6b045e604808,STAD,7.050989447068045,7.289981850252888
CPTAC_to_TCGA,47,coral_pca_hgb,ccfdad76-cc45-447f-bed8-ede8f6a8844d,LUAD,5.187385805840755,4.749806787936341
CPTAC_to_TCGA,47,coral_pca_hgb,a391d49f-a822-460b-981c-6fbe1868ee38,LUAD,6.3818160174060985,5.526457146898581
CPTAC_to_TCGA,47,coral_pca_hgb,e4787c7b-40e7-483c-98c0-38da03e26b56,UCEC,3.6635616461296463,4.981120455410251
CPTAC_to_TCGA,47,coral_pca_hgb,0ce940f2-9eb1-4757-8f8f-147a4f3a1e67,UCEC,3.912023005428146,4.491783599211889
CPTAC_to_TCGA,47,coral_pca_hgb,727a7579-bd82-4141-973f-794424f4d111,SKCM,6.419994928147142,5.754339602749555
CPTAC_to_TCGA,47,coral_pca_hgb,da0474b3-48ab-4398-ae4b-f15e27e99b2d,UCEC,3.828641396489095,4.763509099904564
CPTAC_to_TCGA,47,coral_pca_hgb,81648978-a543-4eae-8848-98ddf1cb832b,GBM,3.87120101090789,3.500878506876172
CPTAC_to_TCGA,47,coral_pca_hgb,61c75ffb-9d5d-478e-af48-1808e700aceb,KIRC,3.7612001156935615,4.062983339007409
CPTAC_to_TCGA,47,coral_pca_hgb,442d7415-d095-4962-8296-a14390bad40a,STAD,4.605170185988092,4.320071190027747
CPTAC_to_TCGA,47,coral_pca_hgb,9e22a3af-7f28-4757-8684-ed64a2a27ad1,LUAD,4.553876891600541,4.396482772214815
CPTAC_to_TCGA,47,coral_pca_hgb,c0fdb152-25d2-404b-bec7-a43ece381f5b,LUAD,5.0238805208462765,4.3591762911760865
CPTAC_to_TCGA,47,coral_pca_hgb,9ca1a26c-82e0-48b3-b3bb-2ed57086eeb1,LUAD,3.091042453358316,3.3006039643745058
CPTAC_to_TCGA,47,coral_pca_hgb,7c7d777b-bf00-4c24-97fc-922580d5605f,LUAD,5.389071729816501,5.031384715777271
CPTAC_to_TCGA,47,coral_pca_hgb,aba9439a-ea8d-404f-9faf-eb71a306684d,STAD,4.59511985013459,6.254272045271344
CPTAC_to_TCGA,47,coral_pca_hgb,497cc506-03fe-4ffa-860b-5a12adb1bc7d,LUAD,3.295836866004329,3.699309052643856
CPTAC_to_TCGA,47,coral_pca_hgb,692f9978-ada8-43aa-81a1-108464c81609,KIRC,3.737669618283368,4.35549335717055
CPTAC_to_TCGA,47,coral_pca_hgb,23e96996-f438-4e81-b3b0-d12a0c046fcd,LAML,6.180016653652572,1.3477775077042071
CPTAC_to_TCGA,47,coral_pca_hgb,08b11e0e-5b8e-45ea-9b6b-30e3185b03d7,UCEC,5.513428746164983,3.905208322202103
CPTAC_to_TCGA,47,coral_pca_hgb,cf286533-5c8a-40f3-9c69-f46264c7893b,GBM,4.465908118654584,4.332510859508383
CPTAC_to_TCGA,47,coral_pca_hgb,bd4e9a9f-17f3-4d33-92fc-fcc45dd0e7b4,LUAD,5.6240175061873385,5.120432959906531
CPTAC_to_TCGA,47,coral_pca_hgb,a262928c-e20a-4c02-8114-1227e05c43e1,GBM,4.584967478670572,4.1192921799575215
CPTAC_to_TCGA,47,coral_pca_hgb,5965cd7b-f384-4473-826a-8381e362d10e,PAAD,3.4657359027997265,3.1513566218657427
CPTAC_to_TCGA,47,coral_pca_hgb,98e2f2ec-bdcd-490a-bf45-600e3b6c7491,GBM,4.127134385045092,3.878971734251675
CPTAC_to_TCGA,47,coral_pca_hgb,b2bc53d6-ef78-4ae9-a6b5-1c7cad9a43eb,LUAD,5.560681631015528,5.578333881632429
CPTAC_to_TCGA,47,coral_pca_hgb,20bad0d5-3135-49a4-a119-fa7a1e56fd1b,GBM,3.784189633918261,3.6826070496665984
CPTAC_to_TCGA,47,coral_pca_hgb,1eb2038d-3b4f-4da2-964b-e629ea068215,STAD,4.0943445622221,3.76131458442493
CPTAC_to_TCGA,47,coral_pca_hgb,e4344668-5a50-4dde-8eec-f4d7f01f99fd,STAD,4.174387269895637,5.995735589052253
CPTAC_to_TCGA,47,coral_pca_hgb,3d2aa654-1b5f-4eb4-a1c2-af31f5760069,LUAD,5.420534999272286,5.193050758753397
CPTAC_to_TCGA,47,coral_pca_hgb,3e39c93e-ccae-48d5-9b27-62dae0e75c07,SKCM,5.8944028342648505,5.550192730604037
CPTAC_to_TCGA,47,coral_pca_hgb,7080bc0a-709e-4871-9539-4616f194e310,KIRC,3.1354942159291497,3.8836209558874097
CPTAC_to_TCGA,47,coral_pca_hgb,136c95cd-febd-43f0-af35-125d3321a145,KIRC,4.02535169073515,4.359568643711909
CPTAC_to_TCGA,47,coral_pca_hgb,1f0a5312-0590-4230-9da9-fd0cfe693586,LUAD,5.236441962829949,5.49417565920595
CPTAC_to_TCGA,47,coral_pca_hgb,2429c7d4-ae27-432d-9adf-1c6d192bf13c,KIRC,4.465908118654584,4.191152359465803
CPTAC_to_TCGA,47,coral_pca_hgb,53108d62-6b7c-429f-9fec-474781174968,STAD,4.499809670330265,5.899792789372884
CPTAC_to_TCGA,47,coral_pca_hgb,772324a5-5513-454d-ad6b-605798f69b73,LUAD,2.772588722239781,3.8861170637427676
CPTAC_to_TCGA,47,coral_pca_hgb,fe714ac0-f874-426a-924b-a2980232b5f7,LUAD,5.998936561946683,5.032421004390264
CPTAC_to_TCGA,47,coral_pca_hgb,900b5f21-e8fb-4a3f-b8e3-ef098716e508,KIRC,3.1780538303479458,3.520111681791161
CPTAC_to_TCGA,47,coral_pca_hgb,d94fe32f-bedd-4f4c-9feb-fcb60d40f4bb,LUAD,3.610917912644224,4.3064704244524945
CPTAC_to_TCGA,47,coral_pca_hgb,86dac334-f30e-438e-810a-8e45f69dbb7e,LUAD,5.82600010738045,5.9188385041063185
CPTAC_to_TCGA,47,coral_pca_hgb,766999d7-fa28-415b-8783-be62b1b2fd70,KIRC,4.290459441148391,4.707822016257379
CPTAC_to_TCGA,47,coral_pca_hgb,05534064-8b43-4c82-95da-70fd83bd6560,LUAD,3.1354942159291497,3.7393145563531727
CPTAC_to_TCGA,47,coral_pca_hgb,22669a01-21d3-404c-ac19-cf0a6c03bb1d,UCEC,3.6375861597263857,4.50881285443092
CPTAC_to_TCGA,47,coral_pca_hgb,af1086cc-b330-4ad6-ae1c-3b5c7259949a,STAD,2.9444389791664403,3.978054822838317
CPTAC_to_TCGA,47,coral_pca_hgb,2e0701e1-e16f-457f-b939-7b1128f4a58b,PAAD,3.784189633918261,3.9884053083175997
CPTAC_to_TCGA,47,coral_pca_hgb,beef6a78-a57c-46f1-8f4e-6899f0ba2c6d,KIRC,3.6375861597263857,4.017081743730431
CPTAC_to_TCGA,47,coral_pca_hgb,9130c730-b0bc-4d3a-9ee1-09bf43d9bd67,STAD,3.713572066704308,4.115922657979175
CPTAC_to_TCGA,47,coral_pca_hgb,d717fa33-3c91-4ced-89c6-79ff5542f04c,LUAD,3.258096538021482,3.868974032854926
CPTAC_to_TCGA,47,coral_pca_hgb,1a3e7ec6-c9be-4174-8799-72267eb8a7bf,STAD,5.537334267018537,5.082086453136552
CPTAC_to_TCGA,47,coral_pca_hgb,6d96a298-be5a-4e14-afe8-ca4b6ca298d6,LUAD,6.453624998892692,5.3772787803258
CPTAC_to_TCGA,47,coral_pca_hgb,ca594f56-9c68-4b7e-84b2-669f1004e3a4,UCEC,7.428333194190806,4.22845170906412
CPTAC_to_TCGA,47,coral_pca_hgb,27988b3e-cde1-4f4b-82a1-6d8ad08db8e9,STAD,8.231908243564177,6.767119217615407
CPTAC_to_TCGA,47,coral_pca_hgb,be6531b2-d1f3-44ab-9c02-1ceae51ef2bb,STAD,5.062595033026967,4.903667176589466
CPTAC_to_TCGA,47,coral_pca_hgb,a643d0b8-aa50-481c-9f12-f2e634d61d90,PAAD,2.833213344056216,3.3072985986265206
CPTAC_to_TCGA,47,coral_pca_hgb,b14f2fcb-e869-475e-bc7c-adaf6e7e636f,STAD,4.143134726391533,3.9921697493140713
CPTAC_to_TCGA,47,coral_pca_hgb,e617b5c5-55ca-47a7-8497-854ab2844818,STAD,6.71901315438526,6.378289621238889
CPTAC_to_TCGA,47,coral_pca_hgb,adbaba9c-5efc-4130-82f6-8055eab13795,LUAD,5.267858159063328,5.098908817671244
CPTAC_to_TCGA,47,coral_pca_hgb,3abaa1b6-7513-40e0-b79c-b968e788e932,UCEC,3.713572066704308,4.303244910595505
CPTAC_to_TCGA,47,coral_pca_hgb,01a92062-967a-4900-8dc7-a5ecd3b3f8e2,GBM,3.7612001156935615,3.5204808304542996
CPTAC_to_TCGA,47,coral_pca_hgb,722d6818-f1cb-49f4-b68a-fd0a31304681,LUAD,4.605170185988092,4.315510885209148
CPTAC_to_TCGA,47,coral_pca_hgb,19cd6d5b-0de3-4afd-9ecf-6f80c9977dc0,KIRC,3.951243718581428,3.8828240577305424
CPTAC_to_TCGA,47,coral_pca_hgb,4c3e4727-77f5-4374-9d83-ec86d61b02b2,KIRC,3.688879454113936,3.8288892913123584
CPTAC_to_TCGA,47,coral_pca_hgb,f70a64a8-3faa-468a-a6f3-4815eb01e5a3,UCEC,3.9889840465642745,4.918776375872885
CPTAC_to_TCGA,47,coral_pca_hgb,77ed36ad-222f-4693-8668-0ecf9073d6e8,UCEC,7.063903961472068,6.220638611908988
CPTAC_to_TCGA,47,coral_pca_hgb,5134c56f-8286-4ec8-8348-237cee7dad5e,LUAD,3.218875824868201,5.288570524133416
CPTAC_to_TCGA,47,coral_pca_hgb,97fee782-9aa3-41c7-8b7b-53c9c69bdabc,KIRC,2.8903717578961645,3.690670499823214
CPTAC_to_TCGA,47,coral_pca_hgb,916ccf0d-02ef-4ccb-824b-6b4294095a08,UCEC,3.555348061489413,4.631316403053083
CPTAC_to_TCGA,47,coral_pca_hgb,2f4458b6-3caf-4e33-890e-a04722badd1b,UCEC,6.450470422144176,5.892751328024641
CPTAC_to_TCGA,47,coral_pca_hgb,8869000d-09d7-465a-ac32-54d1935c43e7,LUAD,3.6375861597263857,4.56156387044363
CPTAC_to_TCGA,47,coral_pca_hgb,ea3b5da2-6a12-400c-bf0f-e442f5ec1132,GBM,3.7612001156935615,3.828298056082052
CPTAC_to_TCGA,47,coral_pca_hgb,07d1aef3-31c7-4c44-a078-16a9eb096d58,UCEC,6.333279628139691,5.873898934858075
CPTAC_to_TCGA,47,coral_pca_hgb,08c73b36-ede5-4136-b73b-0e964d432f89,STAD,7.090076835776092,7.1402439623493645
CPTAC_to_TCGA,47,coral_pca_hgb,4ed55013-3853-48ea-909f-7d26d5055637,STAD,3.610917912644224,5.192127043570489
CPTAC_to_TCGA,47,coral_pca_hgb,7e64ea6c-a3db-48eb-91be-131361510a92,UCEC,3.737669618283368,3.860169036724966
CPTAC_to_TCGA,47,coral_pca_hgb,17638f77-3d0a-4b7f-8801-d807aad6bbd4,STAD,4.110873864173311,5.464550612118998
CPTAC_to_TCGA,47,coral_pca_hgb,479035f0-649e-4396-b023-1649a23a01f1,KIRC,3.610917912644224,3.8255519462586656
CPTAC_to_TCGA,47,coral_pca_hgb,81b6b844-d760-4146-9b01-1c4b2596eb77,PAAD,3.4657359027997265,3.881849182096888
CPTAC_to_TCGA,47,coral_pca_hgb,d9f1bb02-4cb0-4f7c-8f34-ff5f301c6b2c,KIRC,3.87120101090789,4.179435377351975
CPTAC_to_TCGA,47,coral_pca_hgb,40a3ed98-3892-449c-b07e-7b7612bd997e,UCEC,3.7612001156935615,4.592517786581655
CPTAC_to_TCGA,47,coral_pca_hgb,7136d33f-6109-4d86-ad76-a02ef5c3808a,STAD,1.791759469228055,4.2402020737359285
CPTAC_to_TCGA,47,coral_pca_hgb,c2f7f72f-13ae-4efc-9cda-69ca037b4498,GBM,3.6375861597263857,3.3423717659366443
CPTAC_to_TCGA,47,coral_pca_hgb,24ae6f30-eec8-49a7-abde-246b3873679e,GBM,3.80666248977032,3.8704462279928205
CPTAC_to_TCGA,47,coral_pca_hgb,bc02493a-0296-4329-939a-bf91a4d0c16a,UCEC,2.772588722239781,4.401199354431165
CPTAC_to_TCGA,47,coral_pca_hgb,2688d563-b052-440b-a810-873b1cd3666d,STAD,3.8501476017100575,4.122513400061407
CPTAC_to_TCGA,47,coral_pca_hgb,a8d6694c-a213-4544-ac0b-63bce16d8f4e,LUAD,2.3978952727983707,3.6100490405036734
CPTAC_to_TCGA,47,coral_pca_hgb,762dea8a-5b41-4058-979a-b7876ed13d7e,LUAD,5.318119993844216,5.360515238996662
CPTAC_to_TCGA,47,coral_pca_hgb,6f4f0cdd-8387-45d0-a9e8-efce6260159d,UCEC,3.87120101090789,4.238037620686112
CPTAC_to_TCGA,47,coral_pca_hgb,141a1ef1-9be6-46d1-b445-305b222727d2,GBM,3.912023005428146,3.495411218088304
CPTAC_to_TCGA,47,coral_pca_hgb,3b17c66a-34ae-4b10-b907-4464d6d58383,STAD,3.6375861597263857,5.767661717002845
CPTAC_to_TCGA,47,coral_pca_hgb,16e69011-c295-479f-b521-86e66fba498d,UCEC,3.4657359027997265,4.625551987499868
CPTAC_to_TCGA,47,coral_pca_hgb,62613d1d-978f-4b9d-a9c6-ae28ab384e57,KIRC,4.04305126783455,4.2598223069735015
CPTAC_to_TCGA,47,coral_pca_hgb,9944f46f-9fa8-4e2c-a806-776bec7f8803,LUAD,6.439350371100098,4.58285797660694
CPTAC_to_TCGA,47,coral_pca_hgb,633ddc04-c424-42c8-8e54-673968b130a7,SKCM,6.192362489474872,5.92219184463968
CPTAC_to_TCGA,47,coral_pca_hgb,74139255-a635-4c87-814d-3dd04ed630a8,GBM,4.553876891600541,4.122741474320936
CPTAC_to_TCGA,47,coral_pca_hgb,e7afc830-fa22-4562-a1f3-0f4f5a34eacd,KIRC,3.912023005428146,3.7638115634183147
CPTAC_to_TCGA,47,coral_pca_hgb,638b78d6-4523-4dd3-8d8a-8c46682f3fd1,LAML,2.4849066497880004,1.9178813074380034
CPTAC_to_TCGA,47,coral_pca_hgb,7db115ea-082b-45bb-97d2-4254270b8bb6,GBM,4.948759890378168,3.96233080132435
CPTAC_to_TCGA,47,coral_pca_hgb,c1f908ce-f6d5-4557-a4bf-956b71b8bf61,LAML,1.6094379124341005,1.6440528247393105
CPTAC_to_TCGA,47,coral_pca_hgb,ee932b34-0114-41dc-b119-210c0ed84bcb,UCEC,3.1354942159291497,4.460868920505069
CPTAC_to_TCGA,47,coral_pca_hgb,42ca54fc-c1ae-41cd-bca1-7fe9810db460,LUAD,6.725033642166843,4.6542195006472875
CPTAC_to_TCGA,47,coral_pca_hgb,bb4a6123-5851-4e49-b859-606ffd2a4d11,KIRC,3.4657359027997265,3.7480927399989787
CPTAC_to_TCGA,47,coral_pca_hgb,196d4b0c-a4ec-4915-b706-ada86ab483ae,LAML,2.4849066497880004,2.5200127617451686
CPTAC_to_TCGA,47,coral_pca_hgb,04b4ebb4-6780-42d8-a980-711cd10cfe14,GBM,3.912023005428146,3.478917406430382
CPTAC_to_TCGA,47,coral_pca_hgb,681b1176-9676-44d3-892c-1d5dba1ce25b,LUAD,3.1354942159291497,3.400095080013873
CPTAC_to_TCGA,47,coral_pca_hgb,83f2cd11-0dd7-47a6-b4b3-8212faac94bb,UCEC,3.555348061489413,3.7118291973390276
CPTAC_to_TCGA,47,coral_pca_hgb,772e3aed-f211-42a1-9ab2-1c543f581541,KIRC,3.295836866004329,3.934739706137678
CPTAC_to_TCGA,47,coral_pca_hgb,2f0710f4-827b-45b2-9b7e-c27385b481a7,LUAD,2.302585092994046,3.7487810918494713
CPTAC_to_TCGA,47,coral_pca_hgb,a3de401d-91fe-49a2-bb07-81c1a06506e6,LUAD,5.181783550292085,5.096236985465169
CPTAC_to_TCGA,47,coral_pca_hgb,67e9abc1-4b6f-4054-bdc4-29906c55c682,PAAD,3.332204510175204,3.5008880415333383
CPTAC_to_TCGA,47,coral_pca_hgb,31ac4afd-8195-479a-97da-92edaa89a85e,LAML,2.995732273553991,1.9581441421932504
CPTAC_to_TCGA,47,coral_pca_hgb,d0b78f02-2315-4c12-8b2a-ac1a110f882d,STAD,4.844187086458591,4.828541141035873
CPTAC_to_TCGA,47,coral_pca_hgb,7186180a-688a-4fcc-9a67-166eff032e4b,UCEC,3.970291913552122,4.096856642789462
CPTAC_to_TCGA,47,coral_pca_hgb,5aa57fff-4515-4076-8798-55015bb4f156,PAAD,4.204692619390966,3.54792126199252
CPTAC_to_TCGA,47,coral_pca_hgb,51c3409d-5df7-4720-83db-0e6de065f82c,GBM,3.367295829986474,3.8113468033181808
CPTAC_to_TCGA,47,coral_pca_hgb,cdd8eb5c-bda8-4961-9db4-72e0c4907e95,KIRC,3.332204510175204,4.36203678180052
CPTAC_to_TCGA,47,coral_pca_hgb,d8faa3a7-6b3f-4e69-8c88-184e41055bd7,LUAD,3.688879454113936,3.717783602620944
CPTAC_to_TCGA,47,coral_pca_hgb,fd3fc273-c035-40ea-a459-ff4806f5d592,LUAD,4.736198448394496,5.575079909333371
CPTAC_to_TCGA,47,coral_pca_hgb,31aca8a3-7107-4b9d-8b6a-c07caa2a9339,PAAD,3.4657359027997265,3.9319653083690826
CPTAC_to_TCGA,47,coral_pca_hgb,37bac6ba-be93-42cc-892b-efd0bdb850bd,UCEC,8.545002892055505,5.725398183029373
CPTAC_to_TCGA,47,coral_pca_hgb,a7ddd737-714d-423f-8fb5-5a932d014487,KIRC,3.4657359027997265,4.088381574558823
CPTAC_to_TCGA,47,coral_pca_hgb,fd370e9d-2719-45e0-b8f1-048ed1ee602f,UCEC,3.258096538021482,4.153474579020325
CPTAC_to_TCGA,47,coral_pca_hgb,9583c10b-b21a-4863-98fa-61e735e64ea5,UCEC,3.9889840465642745,4.025657172738029
CPTAC_to_TCGA,47,coral_pca_hgb,2e04b48c-0805-4965-8afa-c5fcd32993c5,STAD,6.532334292222349,6.289867045703815
CPTAC_to_TCGA,47,coral_pca_hgb,46240f32-116b-470c-9846-3616a6db4f2e,KIRC,3.6375861597263857,3.685928175567202
CPTAC_to_TCGA,47,coral_pca_hgb,30bc72d5-07b5-48d2-b025-bba9bcf2f09f,UCEC,9.3982297330736,5.648481491146514
CPTAC_to_TCGA,47,coral_pca_hgb,05ce16d4-a999-491a-91ad-9449a57228ff,STAD,4.454347296253507,3.9004569384926935
CPTAC_to_TCGA,47,coral_pca_hgb,b3d635b3-d7ac-4cf8-a318-0a9dd0073e89,UCEC,6.327936783729195,4.533937089773973
CPTAC_to_TCGA,47,coral_pca_hgb,cb9f842c-9bf5-48c3-8d3e-b344b1b6c190,GBM,3.8501476017100575,4.102051989711639
CPTAC_to_TCGA,47,coral_pca_hgb,ae55b2d3-62a1-419e-9f9a-5ddfac356db4,KIRC,2.302585092994046,2.216354953376202
CPTAC_to_TCGA,47,coral_pca_hgb,13e25128-9be1-4f67-a43f-a8744a619203,KIRC,3.58351893845611,5.208662490473356
CPTAC_to_TCGA,47,coral_pca_hgb,1a1d4702-254b-4fff-9609-182442edb83e,STAD,3.58351893845611,4.080363625348144
CPTAC_to_TCGA,47,coral_pca_hgb,ebcba7f2-ce13-4bae-97cd-91a6b1dcd465,LUAD,4.23410650459726,4.952689878328467
CPTAC_to_TCGA,47,coral_pca_hgb,60c65e5e-57a4-4f15-8b95-30bd2dbd9010,UCEC,6.148468295917647,4.6965499666684245
CPTAC_to_TCGA,47,coral_pca_hgb,827453a9-7388-4336-9ac5-4defcb904607,GBM,3.87120101090789,3.135437105833525
CPTAC_to_TCGA,47,coral_pca_hgb,54480f58-7e63-4aed-a116-c2c2252e8364,LUAD,5.594711379601839,4.9969447729992265
CPTAC_to_TCGA,47,coral_pca_hgb,e43a2b72-35c6-4466-9007-ce96caf77ea8,LUAD,5.278114659230518,5.636210152548906
CPTAC_to_TCGA,47,coral_pca_hgb,a2338b30-f511-4163-af3b-1e4a40ff00e1,GBM,3.332204510175204,4.2024896499752655
CPTAC_to_TCGA,47,coral_pca_hgb,45effb44-0b5f-4081-a202-d85969c72f2b,UCEC,3.784189633918261,4.5677719308056535
CPTAC_to_TCGA,47,coral_pca_hgb,12071070-d06b-4c7b-a7b1-77c84963abe6,STAD,2.833213344056216,4.037428058800251
CPTAC_to_TCGA,47,coral_pca_hgb,3c3d4ef0-019a-423e-89b2-4ac5a7b567ab,STAD,7.379008127628304,4.796647019571621
CPTAC_to_TCGA,47,coral_pca_hgb,52849c60-7e30-4ba4-9dae-be4adf031120,STAD,5.135798437050262,4.102923248227899
CPTAC_to_TCGA,47,coral_pca_hgb,ca261ec9-888b-47c8-8e71-5a22545d7161,GBM,4.007333185232471,3.9805283136784575
CPTAC_to_TCGA,47,coral_pca_hgb,f3501466-cf32-4866-b5fb-e94dd32341bc,LUAD,3.367295829986474,3.769943269127261
CPTAC_to_TCGA,47,coral_pca_hgb,d30f460b-8e85-4eb4-83b8-0a5d8bf4d10d,KIRC,4.219507705176107,3.4053099267738944
CPTAC_to_TCGA,47,coral_pca_hgb,565ee830-5236-4414-aeaa-48ea7eb3b753,PAAD,0.0,3.014227812279941
CPTAC_to_TCGA,47,coral_pca_hgb,e1663694-17dd-4b01-b613-2516e022dfb7,KIRC,4.718498871295094,4.148085210132987
CPTAC_to_TCGA,47,coral_pca_hgb,e921772f-f81a-49bc-b35e-3354c94447c0,GBM,4.356708826689592,3.5380998728188833
CPTAC_to_TCGA,47,coral_pca_hgb,e64f76e4-f748-4d9e-ba71-53e2818a7920,LUAD,5.683579767338681,5.637243208405799
CPTAC_to_TCGA,47,coral_pca_hgb,9b4eeecb-6aff-435b-a244-ec362af92b7f,LUAD,6.113682179832232,5.146711407112119
CPTAC_to_TCGA,47,coral_pca_hgb,db21fccf-40cb-4235-a34d-336a03b8c8f4,UCEC,3.80666248977032,3.4424011932256406
CPTAC_to_TCGA,47,coral_pca_hgb,c350b53b-3c27-4b9e-8b57-d7b6a1205a1f,UCEC,4.127134385045092,3.927963057283324
CPTAC_to_TCGA,47,coral_pca_hgb,1a4313e7-a770-4a0e-93f1-c10562f521e3,STAD,4.31748811353631,4.142150496899933
CPTAC_to_TCGA,47,coral_pca_hgb,3f960d3b-a58c-43d0-a8a4-f3555b399c9d,GBM,3.258096538021482,3.8165637608082066
CPTAC_to_TCGA,47,coral_pca_hgb,9ef7582b-d4c1-4036-a1ed-ef65aa46fc60,STAD,5.69035945432406,5.620630687325163
CPTAC_to_TCGA,47,coral_pca_hgb,4adc20d7-5af1-4126-9073-c7d7ae465d92,UCEC,3.332204510175204,4.111678647306882
CPTAC_to_TCGA,47,coral_pca_hgb,23489245-48d7-4f19-8a42-e23b1181412b,UCEC,5.855071922202427,4.799059761543472
CPTAC_to_TCGA,47,coral_pca_hgb,2c03141e-a0bd-4e8d-91e4-9744d139ccce,LUAD,5.929589143389895,5.069210922658976
CPTAC_to_TCGA,47,coral_pca_hgb,30011f30-2926-47f2-a8f3-4f1b58ffa227,GBM,3.258096538021482,3.8946549837855136
CPTAC_to_TCGA,47,coral_pca_hgb,51de7e94-e2fa-420b-9aa2-3637d17fc6ea,UCEC,9.112617283447568,5.336502030857816
CPTAC_to_TCGA,47,coral_pca_hgb,89ea18fc-45ec-4e5c-969a-db2112dceefd,KIRC,2.772588722239781,3.8645447058081075
CPTAC_to_TCGA,47,coral_pca_hgb,abab925c-bef3-4072-b9c4-40f808744593,LUAD,5.225746673713202,5.425675931468301
CPTAC_to_TCGA,47,coral_pca_hgb,305eaef4-4644-46e3-a696-d2e4a972f691,KIRC,4.276666119016055,3.8041997178307767
CPTAC_to_TCGA,47,coral_pca_hgb,ec7a9d74-8b3f-4747-8926-1739a016ab2b,UCEC,8.434680769841773,5.592433383992645
CPTAC_to_TCGA,47,coral_pca_hgb,d211e0c1-7968-4343-8aae-27fab0039367,PAAD,4.262679877041316,5.279552011882979
CPTAC_to_TCGA,47,coral_pca_hgb,67fa3e41-c7c6-44c5-9e67-6bcb2715aacc,LUAD,5.942799375126701,5.6966009013871615
CPTAC_to_TCGA,47,coral_pca_hgb,fe4db898-3a9f-4dff-adcb-7b8c30137350,UCEC,3.218875824868201,4.672115187554591
CPTAC_to_TCGA,47,coral_pca_hgb,40287cdc-19dd-4370-a6a0-f324960e1148,UCEC,3.258096538021482,4.321158018739289
CPTAC_to_TCGA,47,coral_pca_hgb,ff82548a-f1bb-4daa-a8f7-b3831b5843ad,UCEC,7.282073658093465,5.100081755984093
CPTAC_to_TCGA,47,coral_pca_hgb,7adaf608-19a5-4184-8b79-bbc6f9cf24ae,UCEC,3.713572066704308,4.417094282756066
CPTAC_to_TCGA,47,coral_pca_hgb,44ef426e-b67d-4b49-80a3-86681b9abf1a,GBM,4.330733340286331,3.869166199104331
CPTAC_to_TCGA,47,coral_pca_hgb,0a1eea76-e19a-4547-9b24-abf7051cc4db,LUAD,5.468060141135132,4.933940878461421
CPTAC_to_TCGA,47,coral_pca_hgb,286c112d-7b73-40a1-b23c-99911388fdef,UCEC,9.128153700988236,5.3401765887932235
CPTAC_to_TCGA,47,coral_pca_hgb,06d86d68-0fd5-4c6e-8783-ed732a3291e8,KIRC,4.158883083359672,3.8019123475770082
CPTAC_to_TCGA,47,coral_pca_hgb,740e8238-8633-422a-a94a-83bbd37c6d77,KIRC,3.9318256327243257,3.843823482023186
CPTAC_to_TCGA,47,coral_pca_hgb,ce0ab696-4e50-4b05-a7e5-5191c257bfbe,KIRC,3.688879454113936,4.254729222065138
CPTAC_to_TCGA,47,coral_pca_hgb,32e33897-29c8-48f2-b833-98f37204e0e7,UCEC,6.066108090103747,5.948069242747637
CPTAC_to_TCGA,47,coral_pca_hgb,cf825b86-7ec2-4e90-bcce-3b5637b90b70,PAAD,3.367295829986474,3.5623289187103993
CPTAC_to_TCGA,47,coral_pca_hgb,fbfed398-2a44-44a9-83cf-657c29cb7d28,UCEC,3.970291913552122,4.205971608120573
CPTAC_to_TCGA,47,coral_pca_hgb,781f40c9-c099-4c96-8269-ebe2a449c93d,LUAD,5.293304824724492,5.670858984874959
CPTAC_to_TCGA,47,coral_pca_hgb,f2313562-c894-486d-a9b6-ed362e12a32a,PAAD,3.4657359027997265,3.771680813151229
CPTAC_to_TCGA,47,coral_pca_hgb,8f936d84-3b81-4d1c-aca1-93f5c86ed1bc,KIRC,4.174387269895637,4.377766433387194
CPTAC_to_TCGA,47,coral_pca_hgb,897f85ec-7e14-426a-a532-eed01ccc90f1,KIRC,4.90527477843843,4.437069307071895
CPTAC_to_TCGA,47,coral_pca_hgb,bc4c4079-b449-485d-84e4-a40496e563e8,LUAD,5.958424693029782,5.448891880123203
CPTAC_to_TCGA,47,coral_pca_hgb,1654c42b-664b-407e-8ca7-d4cd908b709a,STAD,5.159055299214529,4.659399917715208
CPTAC_to_TCGA,47,coral_pca_hgb,e095a927-d985-4fbd-8093-46c1c6ace4de,UCEC,3.784189633918261,3.6365840538730545
CPTAC_to_TCGA,47,coral_pca_hgb,ef6f6553-2575-457e-bc07-401215e54759,GBM,4.060443010546419,3.452635159926657
CPTAC_to_TCGA,47,coral_pca_hgb,a210407e-b7de-4e27-84b2-9dcc5f9e6e63,GBM,3.6635616461296463,3.3033742623366757
CPTAC_to_TCGA,47,coral_pca_hgb,0c59ff96-5e4a-4664-a0b1-d057b4725483,LUAD,5.424950017481403,4.197793804521527
CPTAC_to_TCGA,47,coral_pca_hgb,2f0640bc-598c-4714-9e9b-7e0f2ca4567f,UCEC,3.688879454113936,4.244859847228541
CPTAC_to_TCGA,47,coral_pca_hgb,45e48080-0b27-45f4-8149-1ae7e36c6933,PAAD,3.951243718581428,3.5961842014413548
CPTAC_to_TCGA,47,coral_pca_hgb,7cce924f-12a1-4895-9866-5d4b1869dde6,LUAD,4.997212273764115,5.511100148888008
CPTAC_to_TCGA,47,coral_pca_hgb,e01e4fb3-236a-4d16-9073-555876b688e9,LUAD,6.9930151229329605,5.433280781780204
CPTAC_to_TCGA,47,coral_pca_hgb,a1780432-860e-4bff-9b66-a1e25c0076fe,UCEC,4.276666119016055,4.454456019214089
CPTAC_to_TCGA,47,coral_pca_hgb,25131445-d3cf-46af-b3c5-ca1d1e3561bb,KIRC,3.9318256327243257,4.110711931513554
CPTAC_to_TCGA,47,coral_pca_hgb,e9a98a44-83f2-490c-b053-1e953ebd4e7e,STAD,3.9318256327243257,4.618969965310249
CPTAC_to_TCGA,47,coral_pca_hgb,f6d28a1d-6691-4ac1-8afb-ab0e7dcef867,KIRC,3.9318256327243257,3.7363730787750113
CPTAC_to_TCGA,47,coral_pca_hgb,2e5cf721-90b1-4470-b430-f055a1297c7f,UCEC,3.8501476017100575,4.586975273641833
CPTAC_to_TCGA,47,coral_pca_hgb,d63c028b-b6d3-49ce-b63e-261eed3b86df,LUAD,6.698268054115413,4.991560127861232
CPTAC_to_TCGA,47,coral_pca_hgb,284174fd-1320-4617-9e99-75bd75df9bf3,UCEC,3.7612001156935615,3.9442786842262363
CPTAC_to_TCGA,47,coral_pca_hgb,f96ab3fe-bb11-4585-a35e-52d400e55ab7,PAAD,4.356708826689592,3.564151261130878
CPTAC_to_TCGA,47,coral_pca_hgb,706420c4-8820-4b41-80d9-f3efd1d2a4f0,LUAD,5.575949103146316,5.921693309347543
CPTAC_to_TCGA,47,coral_pca_hgb,1d176c53-6cbb-4a39-9a6f-669b4f1cb575,KIRC,3.80666248977032,4.195931950675378
CPTAC_to_TCGA,47,coral_pca_hgb,8ca597db-ac21-43d1-9329-586b2eaf6982,STAD,4.736198448394496,5.685283554998159
CPTAC_to_TCGA,47,coral_pca_hgb,0078b0c4-68a9-483b-9aab-61156d263213,GBM,4.394449154672439,3.70710877848006
CPTAC_to_TCGA,47,coral_pca_hgb,1412ed30-82b3-4a89-9d19-f04196dc3a9c,SKCM,4.158883083359672,5.2828654653001665
CPTAC_to_TCGA,47,coral_pca_hgb,878584ad-e6b6-493a-9f7f-3e284f5d9f68,GBM,3.7612001156935615,3.4672263447522442
CPTAC_to_TCGA,47,coral_pca_hgb,95e6d327-9ab7-45de-9527-f5634b3995c3,UCEC,3.6375861597263857,4.473459154948807
CPTAC_to_TCGA,47,coral_pca_hgb,2aaf212f-000a-4a9d-8a4a-198fa94f491e,PAAD,3.4339872044851463,4.344095049766669
CPTAC_to_TCGA,47,coral_pca_hgb,8f8a632d-7fbd-4c86-b909-afb7edb9ad28,KIRC,4.406719247264253,4.119844627000788
CPTAC_to_TCGA,47,coral_pca_hgb,e17cf9e9-0902-44e0-962b-af5492876f7d,STAD,4.59511985013459,4.2605290223104575
CPTAC_to_TCGA,47,coral_pca_hgb,14db56ef-ec5e-4775-a229-5d83e58e027c,UCEC,8.496990484098719,7.189734811580964
CPTAC_to_TCGA,47,coral_pca_hgb,0b2eb188-dd23-4dbf-91bb-02e3c81a69bc,UCEC,2.995732273553991,3.8281453207107106
CPTAC_to_TCGA,47,coral_pca_hgb,0fc33d1f-3cee-4481-b7a2-15b53ff85083,LAML,0.6931471805599453,1.6880127545872707
CPTAC_to_TCGA,47,coral_pca_hgb,53c94a86-1b4d-4833-a169-d990c460b301,PAAD,3.258096538021482,3.830147337776926
CPTAC_to_TCGA,47,coral_pca_hgb,73a0dd38-115d-48fb-b683-04aa5d612f2a,UCEC,5.3981627015177525,4.822503721371052
CPTAC_to_TCGA,47,coral_pca_hgb,0389b35b-651b-4776-b12a-d315a100f47c,GBM,3.8501476017100575,3.952649957027038
CPTAC_to_TCGA,47,coral_pca_hgb,70797499-16e6-48cc-8ae4-1e692713dad3,PAAD,3.912023005428146,3.9666704277056497
CPTAC_to_TCGA,47,coral_pca_hgb,01775b06-5836-469c-8537-120cb8cc94e9,PAAD,0.6931471805599453,3.854647337133898
CPTAC_to_TCGA,47,coral_pca_hgb,a5930bc2-d0e4-454f-b60d-5dd1148d4669,SKCM,7.07326971745971,5.636752660612733
CPTAC_to_TCGA,47,coral_pca_hgb,8d0736fe-261c-445c-bfd2-a3ea3ceaf367,LUAD,4.262679877041316,5.318606653432778
CPTAC_to_TCGA,47,coral_pca_hgb,5e248b21-e69d-4dee-a1e8-029ade80d0eb,KIRC,4.51085950651685,4.086154677800848
CPTAC_to_TCGA,47,coral_pca_hgb,29c8f468-5ac1-4d6c-8376-e36e6d246926,UCEC,2.995732273553991,3.5136194492918924
CPTAC_to_TCGA,47,coral_pca_hgb,5b52f882-df12-42ec-a000-ff3b428ba05b,STAD,7.061334366910438,6.226169081723368
CPTAC_to_TCGA,47,coral_pca_hgb,5956529e-f359-47c9-8222-0bd7f68c1e65,STAD,4.653960350157523,4.797896428009522
CPTAC_to_TCGA,47,coral_pca_hgb,0e9c36fd-2d5d-48da-8364-f8c5edc3d873,UCEC,6.878326468291325,4.482628829573859
CPTAC_to_TCGA,47,coral_pca_hgb,f89d429f-4747-468b-b894-89583bd8ab02,PAAD,2.5649493574615367,2.735777346343216
CPTAC_to_TCGA,47,coral_pca_hgb,e5a70f71-1dd4-49e5-9113-1404fa9fc791,LAML,1.9459101490553128,2.7350311419409006
CPTAC_to_TCGA,47,coral_pca_hgb,06d713a5-61fe-450b-bb81-721ab8aa0013,LAML,0.0,2.695980325679872
CPTAC_to_TCGA,47,coral_pca_hgb,ac216bb5-15e4-4462-955e-8a522380690e,UCEC,3.1780538303479458,4.824973298960272
CPTAC_to_TCGA,47,coral_pca_hgb,30208a4c-ecb0-4b3c-a349-87e1c1f43e85,KIRC,3.49650756146648,4.24470674949013
CPTAC_to_TCGA,47,coral_pca_hgb,956017ba-5e4b-42c7-b93d-42316874ba93,STAD,3.737669618283368,4.415685958848081
CPTAC_to_TCGA,47,coral_pca_hgb,082e32c5-7f82-466a-b52d-a3293a8f8e57,UCEC,3.4339872044851463,4.108851739685694
CPTAC_to_TCGA,47,coral_pca_hgb,e7a3574b-1fcf-4366-adf8-f4330d9be6f8,STAD,3.970291913552122,4.8030902291826045
CPTAC_to_TCGA,47,coral_pca_hgb,0264c9c2-6b6a-485c-98f5-aed4f52ed0ca,UCEC,3.258096538021482,4.344602672535711
CPTAC_to_TCGA,47,coral_pca_hgb,13e5a0ad-6d0c-4fb4-bf62-325f5c8ed329,STAD,4.709530201312334,4.79759769639473
CPTAC_to_TCGA,47,coral_pca_hgb,514af471-31d2-43fa-88dc-8639a5e97181,KIRC,4.442651256490317,4.558502583020777
CPTAC_to_TCGA,47,coral_pca_hgb,69da7e4d-57d3-40d6-92af-3cd1aaf9e0ec,LAML,2.302585092994046,1.678154167373024
CPTAC_to_TCGA,47,coral_pca_hgb,77d4d3ef-3fe0-4f93-a863-b5840926576c,GBM,3.970291913552122,3.511529894226166
CPTAC_to_TCGA,47,coral_pca_hgb,cf67eaf8-f5e6-41be-8992-cdb97091e1b0,KIRC,4.290459441148391,4.309028258029041
