gene_id,mean_abs_attribution,mean_signed_attribution,sign_consistency,rank
ENSG00000184270,0.02891869,-0.028487006,1.0,1
ENSG00000179909,0.026993727,0.024568083,1.0,2
ENSG00000180596,0.026787585,-0.026415972,1.0,3
ENSG00000116127,0.024806933,-0.024660654,1.0,4
ENSG00000127481,0.024079802,-0.023538934,1.0,5
ENSG00000127603,0.024017042,0.023706645,1.0,6
ENSG00000107036,0.023225151,-0.022736127,1.0,7
ENSG00000173480,0.021895086,0.02133584,1.0,8
ENSG00000057468,0.02164761,-0.019813726,1.0,9
ENSG00000135914,0.02141632,0.020224908,1.0,10
ENSG00000006715,0.019673958,0.019047348,1.0,11
ENSG00000188394,0.019648101,0.019529631,1.0,12
ENSG00000177932,0.019408608,0.018222066,1.0,13
ENSG00000127081,0.018792234,-0.018531566,1.0,14
ENSG00000189114,0.018467387,-0.017735109,1.0,15
ENSG00000155744,0.017724508,-0.016430127,1.0,16
ENSG00000004534,0.017471349,0.015880646,1.0,17
ENSG00000100852,0.016909987,-0.016668571,1.0,18
ENSG00000177058,0.016439952,0.015639795,1.0,19
ENSG00000176083,0.01638559,0.011260907,1.0,20
ENSG00000189144,0.015658407,0.015159865,1.0,21
ENSG00000115474,0.015574268,-0.01515511,1.0,22
ENSG00000071564,0.015410595,0.014267926,1.0,23
ENSG00000171217,0.015235621,0.015094097,1.0,24
ENSG00000103202,0.01506507,-0.013617766,1.0,25
ENSG00000039123,0.01500178,0.0141383195,1.0,26
ENSG00000126005,0.014734981,-0.013757706,1.0,27
ENSG00000121350,0.014596105,-0.01388682,1.0,28
ENSG00000181007,0.014585133,0.011526133,1.0,29
ENSG00000187815,0.014558711,0.011276871,1.0,30
ENSG00000170113,0.014464679,-0.009602358,1.0,31
ENSG00000184047,0.014443923,-0.013559802,1.0,32
ENSG00000140749,0.014412093,0.012483574,1.0,33
ENSG00000172575,0.01437604,-0.013219816,1.0,34
ENSG00000003393,0.0142693035,-0.013652018,1.0,35
ENSG00000166575,0.0142539665,-0.0122005595,1.0,36
ENSG00000178567,0.0141404765,0.011357869,1.0,37
ENSG00000183530,0.014052376,0.013510134,1.0,38
ENSG00000104953,0.0140057765,0.004769677,1.0,39
ENSG00000163378,0.013914187,-0.011587475,1.0,40
ENSG00000189013,0.013850354,0.006266851,1.0,41
ENSG00000089692,0.013823561,0.011344592,1.0,42
ENSG00000101421,0.013764228,-0.013159263,1.0,43
ENSG00000133858,0.013761151,0.013254426,1.0,44
ENSG00000123297,0.013511443,0.011972599,1.0,45
ENSG00000106069,0.013502765,0.013252947,1.0,46
ENSG00000114113,0.013426848,0.01143419,1.0,47
ENSG00000166704,0.013361566,0.011370561,1.0,48
ENSG00000131849,0.013203773,0.01094081,1.0,49
ENSG00000173917,0.013195321,-0.0063662254,1.0,50
ENSG00000183048,0.013153833,-0.011763721,1.0,51
ENSG00000138755,0.013137429,0.0020732563,1.0,52
ENSG00000111215,0.013110574,-0.012361308,1.0,53
ENSG00000120451,0.013059437,-0.012184526,1.0,54
ENSG00000185689,0.012995929,-0.012449906,1.0,55
ENSG00000185278,0.012914495,0.012669976,1.0,56
ENSG00000167476,0.0127820475,0.007929093,1.0,57
ENSG00000064961,0.012767877,0.010678886,1.0,58
ENSG00000118557,0.012726736,-0.01076177,1.0,59
ENSG00000104093,0.012695387,-0.012446535,1.0,60
ENSG00000181284,0.012658558,-0.009082789,1.0,61
ENSG00000085788,0.012641914,-0.011234935,1.0,62
ENSG00000179104,0.0126091875,-0.010593094,1.0,63
ENSG00000159915,0.012495379,0.012210026,1.0,64
ENSG00000147162,0.0124862185,0.01148888,1.0,65
ENSG00000180938,0.012394667,0.011198408,1.0,66
ENSG00000174197,0.012373333,0.011826988,1.0,67
ENSG00000112234,0.01229176,-0.012059179,1.0,68
ENSG00000135720,0.012264418,-0.011723551,1.0,69
ENSG00000163029,0.012257911,0.011661879,1.0,70
ENSG00000148290,0.012230092,0.011250169,1.0,71
ENSG00000176024,0.012108396,-0.010790245,1.0,72
ENSG00000158481,0.01209315,0.0013393277,1.0,73
ENSG00000160194,0.01205489,-4.4817094e-05,0.33333334,74
ENSG00000131188,0.01205048,0.01015167,1.0,75
ENSG00000117262,0.01196804,-0.011682454,1.0,76
ENSG00000185513,0.011964957,0.010759506,1.0,77
ENSG00000077549,0.01194862,0.010824454,1.0,78
ENSG00000196912,0.011924648,-0.009726904,1.0,79
ENSG00000178057,0.011709017,0.011190475,1.0,80
ENSG00000178021,0.011689544,-0.011473034,1.0,81
ENSG00000087111,0.011673495,0.0051985257,1.0,82
ENSG00000170315,0.011646961,-0.009109955,1.0,83
ENSG00000183474,0.011561588,-0.011149847,1.0,84
ENSG00000103061,0.011524099,-0.010820304,1.0,85
ENSG00000108587,0.011513724,-0.005693048,1.0,86
ENSG00000180089,0.011495854,-0.01017411,1.0,87
ENSG00000145996,0.01144687,0.0109943235,1.0,88
ENSG00000117834,0.011410028,0.009346828,1.0,89
ENSG00000175895,0.011331898,0.0081341425,1.0,90
ENSG00000117010,0.011326361,0.008839096,1.0,91
ENSG00000173812,0.011304195,-0.011060797,1.0,92
ENSG00000132874,0.011248439,-0.0046233223,1.0,93
ENSG00000124635,0.011239395,-0.010790721,1.0,94
ENSG00000111596,0.0112141585,0.0106142135,1.0,95
ENSG00000101294,0.0111870095,-0.010022343,1.0,96
ENSG00000185947,0.011173765,0.011031658,1.0,97
ENSG00000158691,0.0111309225,0.01027183,1.0,98
ENSG00000100319,0.011118052,-0.00901764,1.0,99
ENSG00000170949,0.011109437,-0.010707687,1.0,100
ENSG00000169764,0.011096622,0.006637802,1.0,101
ENSG00000136682,0.011061043,-0.010639315,1.0,102
ENSG00000048052,0.010987648,0.009226611,1.0,103
ENSG00000170782,0.010946005,0.010660085,1.0,104
ENSG00000186020,0.010906316,0.009318521,1.0,105
ENSG00000147955,0.010898526,0.010213853,1.0,106
ENSG00000135452,0.010873936,0.00026718815,0.33333334,107
ENSG00000179262,0.0108264135,0.010179604,1.0,108
ENSG00000176681,0.010714664,-0.01011014,1.0,109
ENSG00000108679,0.010666738,-0.007219255,1.0,110
ENSG00000182983,0.010630014,0.008853379,1.0,111
ENSG00000142700,0.010616474,0.0021673387,1.0,112
ENSG00000084733,0.010591182,-0.0011158382,1.0,113
ENSG00000167414,0.010583222,0.007138549,1.0,114
ENSG00000166263,0.010523501,-0.010250798,1.0,115
ENSG00000119333,0.010493563,0.009651289,1.0,116
ENSG00000165175,0.01049343,-0.0076647853,1.0,117
ENSG00000175387,0.0104618715,-0.010303591,1.0,118
ENSG00000089327,0.010461643,0.007386405,1.0,119
ENSG00000167685,0.010457476,-0.009986804,1.0,120
ENSG00000113593,0.010452024,0.010127592,1.0,121
ENSG00000168273,0.010422976,0.0064914334,1.0,122
ENSG00000124216,0.010408856,0.0072211516,1.0,123
ENSG00000134884,0.01040788,0.009479627,1.0,124
ENSG00000130821,0.010406717,0.0046726395,1.0,125
ENSG00000105323,0.010381133,0.00877533,1.0,126
ENSG00000037965,0.010375925,-0.00020125679,0.33333334,127
ENSG00000147316,0.010362782,-0.009572453,1.0,128
ENSG00000100197,0.010257809,-0.0036500471,1.0,129
ENSG00000139133,0.010253898,-0.00967737,1.0,130
ENSG00000183615,0.010224785,0.006757288,1.0,131
ENSG00000188996,0.010222169,0.010090622,1.0,132
ENSG00000163352,0.010083231,-0.009438869,1.0,133
ENSG00000147421,0.010056184,-0.009672607,1.0,134
ENSG00000184384,0.010022261,0.00886896,1.0,135
ENSG00000157999,0.010016537,0.009853999,1.0,136
ENSG00000056586,0.01000687,-0.009585869,1.0,137
ENSG00000167964,0.010006837,0.0030037288,1.0,138
ENSG00000103381,0.00997963,0.0013330099,1.0,139
ENSG00000142233,0.009962668,0.0060636275,1.0,140
ENSG00000169174,0.009952572,0.0045244847,1.0,141
ENSG00000105193,0.009920939,0.008486516,1.0,142
ENSG00000105642,0.009907777,0.0037607818,1.0,143
ENSG00000111300,0.009864648,-0.009576619,1.0,144
ENSG00000105204,0.00986404,-0.009349618,1.0,145
ENSG00000184489,0.009842508,-0.0060652215,1.0,146
ENSG00000182154,0.009819104,0.009150613,1.0,147
ENSG00000112303,0.009792977,0.005851265,1.0,148
ENSG00000159713,0.009780301,-0.0056949896,1.0,149
ENSG00000166136,0.009768821,4.241538e-05,0.33333334,150
ENSG00000069869,0.009724956,0.0088963965,1.0,151
ENSG00000172476,0.009723657,0.009346102,1.0,152
ENSG00000180155,0.009711829,-0.0021861917,1.0,153
ENSG00000175970,0.009690124,-0.003703606,1.0,154
ENSG00000149609,0.009687482,-0.009444735,1.0,155
ENSG00000174996,0.009648156,0.008868341,1.0,156
ENSG00000105672,0.009635297,-0.008633145,1.0,157
ENSG00000127720,0.009611054,0.0094883945,1.0,158
ENSG00000170471,0.009608384,0.009359561,1.0,159
ENSG00000095906,0.009603123,-0.009068392,1.0,160
ENSG00000085224,0.009596047,0.009302271,1.0,161
ENSG00000115459,0.009575927,0.008655592,1.0,162
ENSG00000123908,0.009552662,-0.008637129,1.0,163
ENSG00000134962,0.009524271,0.008104703,1.0,164
ENSG00000167785,0.009508928,-0.0076742116,1.0,165
ENSG00000134539,0.0094929105,-0.0067376676,1.0,166
ENSG00000108654,0.009430388,0.008170777,1.0,167
ENSG00000165259,0.009411958,0.008270497,1.0,168
ENSG00000135040,0.009391055,-0.009036109,1.0,169
ENSG00000066651,0.009379205,-0.009311027,1.0,170
ENSG00000111729,0.009373651,0.0077362563,1.0,171
ENSG00000110721,0.009368232,0.0064097173,1.0,172
ENSG00000004776,0.009340542,0.008594108,1.0,173
ENSG00000019102,0.009325591,-0.00046433022,0.33333334,174
ENSG00000111696,0.009304513,-0.008203274,1.0,175
ENSG00000144043,0.009267592,0.008531244,1.0,176
ENSG00000133265,0.009252921,0.009065234,1.0,177
ENSG00000102805,0.009249789,-0.008973282,1.0,178
ENSG00000169564,0.009242478,-0.008562371,1.0,179
ENSG00000065060,0.009210952,-0.0086385235,1.0,180
ENSG00000130734,0.00916033,0.008199897,1.0,181
ENSG00000187566,0.009135862,-0.0031894445,1.0,182
ENSG00000179922,0.009117936,0.007824778,1.0,183
ENSG00000175449,0.009117506,0.0071956874,1.0,184
ENSG00000173221,0.009116673,0.0014328193,1.0,185
ENSG00000187848,0.00911601,0.0019925043,1.0,186
ENSG00000126254,0.009111553,-0.008711525,1.0,187
ENSG00000143199,0.009071991,-0.008597582,1.0,188
ENSG00000070540,0.009060085,-0.0069322884,1.0,189
ENSG00000163440,0.009058618,-0.0019838768,1.0,190
ENSG00000170515,0.009044006,-0.008298919,1.0,191
ENSG00000103152,0.009041077,0.0066258167,1.0,192
ENSG00000010318,0.009009376,-0.004263386,1.0,193
ENSG00000172123,0.009003755,0.008359384,1.0,194
ENSG00000025800,0.008991927,-0.007684406,1.0,195
ENSG00000176125,0.008988905,0.0053839865,1.0,196
ENSG00000147121,0.008976145,0.007533048,1.0,197
ENSG00000183283,0.008934115,0.007021596,1.0,198
ENSG00000184677,0.008932692,-0.008166297,1.0,199
ENSG00000142655,0.008896534,0.0077358647,1.0,200
ENSG00000093217,0.008880707,-0.0069151465,1.0,201
ENSG00000005073,0.00887983,0.003426997,1.0,202
ENSG00000182950,0.008826871,-0.0024004283,1.0,203
ENSG00000184786,0.008788001,-0.0082319435,1.0,204
ENSG00000111877,0.008726652,-0.008560938,1.0,205
ENSG00000160145,0.008718676,0.0074636713,1.0,206
ENSG00000070770,0.008679382,-0.0033365497,1.0,207
ENSG00000127838,0.008641988,-0.008355781,1.0,208
ENSG00000124251,0.008615767,-0.008141848,1.0,209
ENSG00000171861,0.008589755,-0.006167511,1.0,210
ENSG00000140287,0.008588177,0.0033236432,1.0,211
ENSG00000153113,0.008568083,0.0063863085,1.0,212
ENSG00000122484,0.0085472865,-0.007839075,1.0,213
ENSG00000182903,0.008545786,-0.008177777,1.0,214
ENSG00000121211,0.008540555,-0.007916748,1.0,215
ENSG00000116273,0.008517809,0.00495694,1.0,216
ENSG00000163754,0.008473944,-0.0042223376,1.0,217
ENSG00000171056,0.008450232,-0.0063703503,1.0,218
ENSG00000065882,0.008436832,0.003924929,1.0,219
ENSG00000107341,0.008381645,0.007122098,1.0,220
ENSG00000159374,0.008374944,-0.0008380372,1.0,221
ENSG00000040487,0.008317928,0.0075082234,1.0,222
ENSG00000119977,0.008291909,0.0025989565,1.0,223
ENSG00000186111,0.008276905,0.007991324,1.0,224
ENSG00000135250,0.008276301,-0.007178225,1.0,225
ENSG00000178996,0.008275692,0.0067241024,1.0,226
ENSG00000124593,0.008269769,0.0008090422,1.0,227
ENSG00000172789,0.008269293,-0.005024036,1.0,228
ENSG00000144026,0.008268913,0.00789238,1.0,229
ENSG00000090534,0.008249589,0.0013195509,1.0,230
ENSG00000133739,0.0082471995,-0.0038322292,1.0,231
ENSG00000160613,0.00824508,0.0068269633,1.0,232
ENSG00000077935,0.00824234,-0.00368681,1.0,233
ENSG00000145912,0.008220066,-0.0074143074,1.0,234
ENSG00000158748,0.008218066,-7.165601e-05,0.33333334,235
ENSG00000081386,0.0081807785,-0.007796613,1.0,236
ENSG00000101407,0.008176288,0.005895614,1.0,237
ENSG00000165238,0.008176167,0.0044624438,1.0,238
ENSG00000181830,0.008171153,-0.0072151884,1.0,239
ENSG00000082482,0.008169322,-0.0031388719,1.0,240
ENSG00000129071,0.008165968,0.005677611,1.0,241
ENSG00000146083,0.008158832,-0.007441014,1.0,242
ENSG00000120868,0.008139639,-0.007342472,1.0,243
ENSG00000182308,0.008134521,-0.007427381,1.0,244
ENSG00000176927,0.008117522,-0.0072716847,1.0,245
ENSG00000125409,0.008091871,0.0011556101,1.0,246
ENSG00000163481,0.008061906,0.0066333953,1.0,247
ENSG00000143867,0.008054919,0.0008011612,1.0,248
ENSG00000099338,0.008051798,-0.004180049,1.0,249
ENSG00000072858,0.008027271,0.0045901816,1.0,250
ENSG00000165671,0.008026662,0.007787434,1.0,251
ENSG00000135517,0.008005252,-0.007491858,1.0,252
ENSG00000165092,0.008002066,-0.00147728,1.0,253
ENSG00000112212,0.007986436,-0.0074105444,1.0,254
ENSG00000126062,0.007963101,-0.0065046684,1.0,255
ENSG00000161642,0.007956953,-0.0077670976,1.0,256
ENSG00000167646,0.007917616,0.0056805187,1.0,257
ENSG00000155975,0.007913946,-0.006363211,1.0,258
ENSG00000136110,0.007912875,0.0036372764,1.0,259
ENSG00000173889,0.00789917,-0.0076501225,1.0,260
ENSG00000100379,0.007866703,-0.0060534286,1.0,261
ENSG00000139800,0.00785924,0.0006917358,1.0,262
ENSG00000106479,0.007854681,0.0050593554,1.0,263
ENSG00000167766,0.007814474,0.0070242747,1.0,264
ENSG00000115020,0.0078008696,-0.0072347666,1.0,265
ENSG00000177947,0.0077768513,0.0070531615,1.0,266
ENSG00000175309,0.007776842,0.006353565,1.0,267
ENSG00000079335,0.0077410787,0.00625422,1.0,268
ENSG00000087470,0.0077365194,0.0063305437,1.0,269
ENSG00000136827,0.0077329706,0.0042806338,1.0,270
ENSG00000143970,0.007716768,0.007331306,1.0,271
ENSG00000065183,0.0077014393,0.006310412,1.0,272
ENSG00000183735,0.007694088,0.007430397,1.0,273
ENSG00000175573,0.0076850303,0.0074947714,1.0,274
ENSG00000164066,0.0076632933,-0.0073873713,1.0,275
ENSG00000149262,0.0076599005,-0.0067301653,1.0,276
ENSG00000113838,0.007652346,0.006833557,1.0,277
ENSG00000114735,0.007635338,-0.0059676017,1.0,278
ENSG00000119801,0.0076303165,0.0004687887,1.0,279
ENSG00000115310,0.0076206625,-0.0018676562,1.0,280
ENSG00000063438,0.0076145665,-0.006659893,1.0,281
ENSG00000138674,0.0076135793,0.004691431,1.0,282
ENSG00000010539,0.007612591,-0.006474552,1.0,283
ENSG00000170633,0.007610377,-0.0050602574,1.0,284
ENSG00000175602,0.007607052,-0.00716872,1.0,285
ENSG00000156860,0.007592784,-0.0070233042,1.0,286
ENSG00000165802,0.0075836573,-0.0067190756,1.0,287
ENSG00000153208,0.0075589307,0.0069655743,1.0,288
ENSG00000162600,0.007514961,0.007260104,1.0,289
ENSG00000168131,0.0075087617,0.006969482,1.0,290
ENSG00000143409,0.007508119,0.0019246913,1.0,291
ENSG00000086189,0.0075064986,0.0054669757,1.0,292
ENSG00000181218,0.007496375,0.0024006988,1.0,293
ENSG00000100246,0.0074932226,-0.004328136,1.0,294
ENSG00000161618,0.007487671,-0.00662497,1.0,295
ENSG00000186912,0.007467902,-0.0060396683,1.0,296
ENSG00000160392,0.0074678934,0.006906603,1.0,297
ENSG00000120093,0.0074671605,-0.00063627,1.0,298
ENSG00000100650,0.0074523143,0.0065532555,1.0,299
ENSG00000196860,0.0074319765,-0.006039849,1.0,300
ENSG00000120149,0.0074030734,0.0037248575,1.0,301
ENSG00000104432,0.0074029043,-0.0066410634,1.0,302
ENSG00000138083,0.0074012424,-0.005439254,1.0,303
ENSG00000121741,0.007396826,-0.0071421624,1.0,304
ENSG00000147894,0.0073962174,-0.007171707,1.0,305
ENSG00000163945,0.007383932,-0.0047897226,1.0,306
ENSG00000148950,0.007373799,-0.007234636,1.0,307
ENSG00000178307,0.007367652,-0.006906817,1.0,308
ENSG00000158526,0.0073548616,-0.006052028,1.0,309
ENSG00000119720,0.007348888,0.0068210713,1.0,310
ENSG00000123607,0.0073482194,-0.007242948,1.0,311
ENSG00000114656,0.0073182047,-0.00655947,1.0,312
ENSG00000177868,0.0073090587,-0.0066073327,1.0,313
ENSG00000093134,0.007281206,0.0039604204,1.0,314
ENSG00000109680,0.0072740926,-0.0071551185,1.0,315
ENSG00000167311,0.007271221,-0.0027725084,1.0,316
ENSG00000169245,0.0072642677,0.0002814713,1.0,317
ENSG00000007171,0.0072642225,0.00062534324,1.0,318
ENSG00000185052,0.00726392,0.00072672946,1.0,319
ENSG00000111325,0.007259593,-0.0065397806,1.0,320
ENSG00000133704,0.0072521823,0.006200291,1.0,321
ENSG00000149292,0.0072483015,-0.0063417167,1.0,322
ENSG00000108506,0.007226693,-0.0069042654,1.0,323
ENSG00000146066,0.0072142202,-0.0067637786,1.0,324
ENSG00000164074,0.0071974457,-0.0056074616,1.0,325
ENSG00000156234,0.0071904254,0.003322909,1.0,326
ENSG00000185483,0.007186074,-0.0042978823,1.0,327
ENSG00000065600,0.0071799406,-0.0033001958,1.0,328
ENSG00000169020,0.0071724704,-0.0034543986,1.0,329
ENSG00000078237,0.0071348357,-0.0029775214,1.0,330
ENSG00000172014,0.0071327346,-0.0067137587,1.0,331
ENSG00000111962,0.0071309037,0.0039334926,1.0,332
ENSG00000115268,0.007120915,0.0066049267,1.0,333
ENSG00000167641,0.007117068,-0.006156925,1.0,334
ENSG00000108515,0.007117023,0.00087239017,1.0,335
ENSG00000196620,0.0071081426,-0.00022427214,0.33333334,336
ENSG00000038427,0.007100363,-0.0063818493,1.0,337
ENSG00000185900,0.0070859417,-0.0058770007,1.0,338
ENSG00000127022,0.0070847436,0.004405202,1.0,339
ENSG00000152672,0.00706715,0.003575219,1.0,340
ENSG00000163507,0.0070531704,-0.0059537017,1.0,341
ENSG00000073067,0.007035813,0.0010972382,1.0,342
ENSG00000142611,0.0070270267,0.0011796524,1.0,343
ENSG00000140993,0.0070181093,0.006369479,1.0,344
ENSG00000185753,0.007014344,0.0022590712,1.0,345
ENSG00000112079,0.007013256,0.0043628206,1.0,346
ENSG00000185347,0.0070052524,-0.0037333767,1.0,347
ENSG00000122574,0.0069950335,-0.0030395237,1.0,348
ENSG00000164823,0.006986899,-0.004294503,1.0,349
ENSG00000143641,0.0069803004,-0.001444472,1.0,350
ENSG00000176903,0.006978595,-0.005609079,1.0,351
ENSG00000083750,0.0069776974,-0.0063678348,1.0,352
ENSG00000090659,0.00697689,0.001977803,1.0,353
ENSG00000152102,0.006973022,-0.0018181497,1.0,354
ENSG00000136938,0.0069674514,-0.0062677967,1.0,355
ENSG00000086666,0.006963181,0.004185622,1.0,356
ENSG00000166272,0.0069541354,-0.00017085268,0.33333334,357
ENSG00000173369,0.006927352,0.00067799195,1.0,358
ENSG00000189042,0.0069260113,-0.006290078,1.0,359
ENSG00000106211,0.0069064735,0.0058330107,1.0,360
ENSG00000071677,0.0068997643,-0.0049491483,1.0,361
ENSG00000177025,0.0068930984,0.0029019832,1.0,362
ENSG00000175414,0.006879252,0.0040395786,1.0,363
ENSG00000115129,0.006876567,-0.0011906936,1.0,364
ENSG00000135297,0.006850789,-0.0057391855,1.0,365
ENSG00000168348,0.0068494403,0.004540429,1.0,366
ENSG00000178358,0.0068476126,0.0066881613,1.0,367
ENSG00000159216,0.006846219,0.0026920147,1.0,368
ENSG00000185246,0.0068397853,-0.0065594204,1.0,369
ENSG00000146872,0.0068372064,-0.0064690425,1.0,370
ENSG00000172640,0.006833592,-0.006622274,1.0,371
ENSG00000138100,0.00683321,0.0018099028,1.0,372
ENSG00000168297,0.0068230554,0.004976688,1.0,373
ENSG00000142538,0.006817102,0.0038325943,1.0,374
ENSG00000104983,0.006803244,-0.0057213814,1.0,375
ENSG00000100124,0.0068030097,0.0053903074,1.0,376
ENSG00000124302,0.0067969733,-0.0016098908,1.0,377
ENSG00000103591,0.0067748004,-0.002243291,1.0,378
ENSG00000169223,0.0067737275,-0.005525936,1.0,379
ENSG00000147874,0.006768539,-0.0057577225,1.0,380
ENSG00000010361,0.00676834,-0.0035829514,1.0,381
ENSG00000183128,0.006764101,-0.0022656093,1.0,382
ENSG00000116138,0.0067535974,-0.0059754974,1.0,383
ENSG00000148606,0.006751441,0.005016036,1.0,384
ENSG00000112293,0.0067451634,0.0058574355,1.0,385
ENSG00000116157,0.00674356,-0.0025652393,1.0,386
ENSG00000118096,0.006739451,2.4424844e-05,0.33333334,387
ENSG00000078808,0.0066937176,0.0062456317,1.0,388
ENSG00000105997,0.0066795214,0.00286018,1.0,389
ENSG00000124177,0.0066669085,-0.0065390803,1.0,390
ENSG00000125888,0.0066668815,7.317111e-05,0.33333334,391
ENSG00000102763,0.0066615767,-0.0064755515,1.0,392
ENSG00000188878,0.0066373073,-0.00032646235,1.0,393
ENSG00000131650,0.0066330433,0.0023420241,1.0,394
ENSG00000135740,0.0066321273,-0.0027237616,1.0,395
ENSG00000167272,0.0066214665,0.003896083,1.0,396
ENSG00000171988,0.0066199396,0.006453454,1.0,397
ENSG00000180881,0.00661809,-0.00651294,1.0,398
ENSG00000176919,0.0066132005,0.0026086282,1.0,399
ENSG00000103876,0.0066130925,0.0001309731,0.33333334,400
ENSG00000167528,0.00660583,-0.0061266175,1.0,401
ENSG00000165383,0.006599782,0.005469425,1.0,402
ENSG00000162755,0.006599527,-0.0032331701,1.0,403
ENSG00000142546,0.0065952926,-0.005907321,1.0,404
ENSG00000015520,0.0065941154,-0.00235491,1.0,405
ENSG00000175265,0.006589003,-0.0053669787,1.0,406
ENSG00000007062,0.006574029,0.000791997,1.0,407
ENSG00000166881,0.0065709385,-0.0052365535,1.0,408
ENSG00000102109,0.00657084,-0.0037693353,1.0,409
ENSG00000114423,0.00656644,0.0063605993,1.0,410
ENSG00000132294,0.0065645557,0.005803698,1.0,411
ENSG00000095752,0.006554226,0.0024438004,1.0,412
ENSG00000162669,0.0065466166,0.0051284526,1.0,413
ENSG00000184357,0.00654229,-0.0062631196,1.0,414
ENSG00000034053,0.0065415525,-0.00021030159,0.33333334,415
ENSG00000133138,0.006536732,0.0052407547,1.0,416
ENSG00000152595,0.006531522,0.0047992147,1.0,417
ENSG00000182831,0.0065255254,0.0063125417,1.0,418
ENSG00000160211,0.0065232874,-0.0060870596,1.0,419
ENSG00000145975,0.00652322,-0.0063989307,1.0,420
ENSG00000147526,0.0065226215,0.005781951,1.0,421
ENSG00000160551,0.0065220688,-0.006237343,1.0,422
ENSG00000144320,0.006518299,-0.005895438,1.0,423
ENSG00000102524,0.0065007894,-0.0030436718,1.0,424
ENSG00000156411,0.006485266,0.005342093,1.0,425
ENSG00000134755,0.0064693354,-0.0027535174,1.0,426
ENSG00000184232,0.006454356,-0.004538981,1.0,427
ENSG00000196544,0.0064471415,0.005557679,1.0,428
ENSG00000173662,0.0064465576,0.0010207369,1.0,429
ENSG00000177685,0.0064397804,-0.0038297914,1.0,430
ENSG00000188916,0.006432656,-0.004835024,1.0,431
ENSG00000146197,0.0064317696,-0.005598526,1.0,432
ENSG00000154920,0.006430295,-0.0021626672,1.0,433
ENSG00000079462,0.0064255293,0.0057993983,1.0,434
ENSG00000140543,0.006420557,0.0059176446,1.0,435
ENSG00000139631,0.006409314,0.003544091,1.0,436
ENSG00000180332,0.0064076376,0.00609217,1.0,437
ENSG00000132549,0.006407047,0.005466781,1.0,438
ENSG00000109466,0.0064062253,0.005540448,1.0,439
ENSG00000154864,0.0064057354,0.005191002,1.0,440
ENSG00000103494,0.0064055105,-0.006089706,1.0,441
ENSG00000181609,0.006398005,-0.006299958,1.0,442
ENSG00000108854,0.0063938997,-0.005578108,1.0,443
ENSG00000061918,0.0063783005,0.0025658591,1.0,444
ENSG00000188991,0.0063716196,-0.0059885755,1.0,445
ENSG00000069509,0.006354593,-0.0050605484,1.0,446
ENSG00000117625,0.006353283,-0.0055379304,1.0,447
ENSG00000166928,0.0063516884,0.0039751995,1.0,448
ENSG00000116005,0.006344747,-0.002160723,1.0,449
ENSG00000162927,0.0063333753,0.0059305406,1.0,450
ENSG00000125384,0.006331695,0.0011472375,1.0,451
ENSG00000102882,0.0063284934,0.0058731795,1.0,452
ENSG00000112149,0.0063225157,0.0028327778,1.0,453
ENSG00000115523,0.006316705,0.0026417663,1.0,454
ENSG00000140332,0.0063136457,0.0045362073,1.0,455
ENSG00000142453,0.006306864,0.005722458,1.0,456
ENSG00000110075,0.0063058063,0.006169034,1.0,457
ENSG00000113296,0.0063056457,0.0026180015,1.0,458
ENSG00000037042,0.0063048056,0.0010845115,1.0,459
ENSG00000174946,0.006298495,0.0043350817,1.0,460
ENSG00000110693,0.0062978603,0.005419135,1.0,461
ENSG00000163393,0.0062925406,0.0057093217,1.0,462
ENSG00000138449,0.0062888213,0.0021456212,1.0,463
ENSG00000100596,0.0062848814,0.004606456,1.0,464
ENSG00000085871,0.0062698596,-0.0044804397,1.0,465
ENSG00000054267,0.0062575047,0.0059668086,1.0,466
ENSG00000132182,0.006257174,-0.00059237605,1.0,467
ENSG00000187790,0.0062435656,-0.0059278538,1.0,468
ENSG00000109083,0.0062401667,-0.00070700963,1.0,469
ENSG00000167202,0.0062214998,-0.005454931,1.0,470
ENSG00000116251,0.0062115616,-0.0027514182,1.0,471
ENSG00000160284,0.0062088254,-0.0049377144,1.0,472
ENSG00000184838,0.0062086484,0.001801467,1.0,473
ENSG00000176410,0.0062050093,0.0054360293,1.0,474
ENSG00000100767,0.0062048896,0.0039819386,1.0,475
ENSG00000158715,0.0062018633,-0.0014274135,1.0,476
ENSG00000135414,0.0062008086,4.905925e-05,0.33333334,477
ENSG00000143545,0.0061947093,0.005756408,1.0,478
ENSG00000119318,0.0061937086,0.00069635705,1.0,479
ENSG00000070476,0.006188538,0.005465178,1.0,480
ENSG00000162300,0.0061761984,0.0042925016,1.0,481
ENSG00000152192,0.0061715473,-0.001044673,1.0,482
ENSG00000170819,0.006142717,-0.003920317,1.0,483
ENSG00000174564,0.006125501,-0.0031126488,1.0,484
ENSG00000153896,0.006124917,0.002716745,1.0,485
ENSG00000102349,0.006113785,-0.00455757,1.0,486
ENSG00000096968,0.006104415,-0.0057458985,1.0,487
ENSG00000169379,0.006104206,-0.0049297675,1.0,488
ENSG00000142686,0.006101618,-0.0013738858,1.0,489
ENSG00000159346,0.006099112,0.0021952374,1.0,490
ENSG00000180190,0.006096694,0.0011901138,1.0,491
ENSG00000143252,0.0060943686,0.0043715686,1.0,492
ENSG00000185864,0.0060916604,-0.004293011,1.0,493
ENSG00000048707,0.006085865,0.004942491,0.33333334,494
ENSG00000136943,0.0060833567,0.002140219,1.0,495
ENSG00000182872,0.006068509,-0.0044510993,1.0,496
ENSG00000110811,0.006067001,0.0033154583,1.0,497
ENSG00000090487,0.0060584466,-0.0036770336,1.0,498
ENSG00000170160,0.0060553025,0.0056234677,1.0,499
ENSG00000075886,0.006055197,0.002810373,1.0,500
ENSG00000174953,0.006052368,0.005812261,1.0,501
ENSG00000108179,0.0060500666,-0.0048809955,1.0,502
ENSG00000164331,0.0060494095,-0.005355989,1.0,503
ENSG00000196154,0.0060400516,0.0039022288,1.0,504
ENSG00000173905,0.0060306992,-0.0027312364,1.0,505
ENSG00000166199,0.0060297116,0.003729195,1.0,506
ENSG00000105852,0.0060077137,-0.0009423662,1.0,507
ENSG00000143183,0.0060064984,-0.0017721894,1.0,508
ENSG00000165807,0.0060037705,-0.0006178924,1.0,509
ENSG00000166016,0.0060027265,4.9651415e-05,0.33333334,510
ENSG00000172594,0.0059968284,-0.0020961107,1.0,511
ENSG00000108256,0.0059890305,0.005776918,1.0,512
ENSG00000107938,0.0059831347,-0.005850177,1.0,513
ENSG00000169217,0.0059798905,-0.0016415146,1.0,514
ENSG00000169692,0.0059767067,0.005034931,1.0,515
ENSG00000117148,0.005968781,0.0025947944,1.0,516
ENSG00000105497,0.005968585,0.005222358,1.0,517
ENSG00000165621,0.0059668706,-0.00058947405,1.0,518
ENSG00000133812,0.005964017,-0.005742945,1.0,519
ENSG00000165655,0.005962202,-0.0057318085,1.0,520
ENSG00000144119,0.005956547,-0.0007214102,1.0,521
ENSG00000137628,0.0059365067,0.005404428,1.0,522
ENSG00000089041,0.0059204814,-0.0046524764,1.0,523
ENSG00000183751,0.0059125577,-0.0055328445,1.0,524
ENSG00000165283,0.0059050247,0.0049086506,1.0,525
ENSG00000137872,0.005896257,0.0032878157,1.0,526
ENSG00000183971,0.0058918507,-0.004236211,1.0,527
ENSG00000186834,0.0058835163,0.0018857588,1.0,528
ENSG00000186376,0.005882379,-0.005683048,1.0,529
ENSG00000107185,0.0058820196,-0.002918238,1.0,530
ENSG00000118276,0.005880647,0.0023911225,1.0,531
ENSG00000172336,0.0058777872,-0.0048169154,1.0,532
ENSG00000172954,0.005876237,-0.0052908235,1.0,533
ENSG00000105447,0.005869508,-0.0046404814,1.0,534
ENSG00000138050,0.0058688303,0.005454047,1.0,535
ENSG00000189339,0.005867833,0.0021878823,1.0,536
ENSG00000185842,0.005844506,-0.005802917,1.0,537
ENSG00000121281,0.00583877,-0.0047741076,1.0,538
ENSG00000157551,0.0058342344,0.002988017,1.0,539
ENSG00000162078,0.0058321483,-0.0016961303,1.0,540
ENSG00000152402,0.005820751,0.005178821,1.0,541
ENSG00000112195,0.005819285,0.002347457,1.0,542
ENSG00000148225,0.00581755,-0.003029872,1.0,543
ENSG00000170921,0.0058155986,0.0052572135,1.0,544
ENSG00000101191,0.0058081523,0.005249879,1.0,545
ENSG00000124610,0.0058019436,0.0054356544,1.0,546
ENSG00000080546,0.0057999543,0.0045113885,1.0,547
ENSG00000196405,0.005783724,0.0017351611,1.0,548
ENSG00000140398,0.0057827584,0.0021132936,1.0,549
ENSG00000117877,0.0057816505,-0.004765619,1.0,550
ENSG00000187699,0.00577406,-0.0035911808,1.0,551
ENSG00000120215,0.005772729,-0.0044814427,1.0,552
ENSG00000139168,0.005770828,0.0023369358,1.0,553
ENSG00000150337,0.005753161,-0.0035052428,1.0,554
ENSG00000160471,0.0057529695,-0.0008848629,1.0,555
ENSG00000068796,0.005749485,0.005012682,1.0,556
ENSG00000167618,0.0057482575,0.00012396897,0.33333334,557
ENSG00000116213,0.0057449564,0.0030130905,1.0,558
ENSG00000135069,0.0057446794,0.0027907386,1.0,559
ENSG00000115840,0.005740019,-0.005454282,1.0,560
ENSG00000140465,0.0057385177,9.5209456e-05,0.33333334,561
ENSG00000170743,0.0057363226,0.0036038745,1.0,562
ENSG00000178385,0.0057261824,0.0049908254,1.0,563
ENSG00000100532,0.005722553,-0.00092328136,1.0,564
ENSG00000189409,0.0057217777,-0.0016486201,1.0,565
ENSG00000144485,0.005720462,0.0041555134,1.0,566
ENSG00000170684,0.005710958,-0.0029428254,1.0,567
ENSG00000157005,0.005709395,-0.0019938415,1.0,568
ENSG00000119421,0.005702743,0.0053330013,1.0,569
ENSG00000184014,0.005693043,0.004520291,1.0,570
ENSG00000171462,0.0056911036,-6.772652e-05,1.0,571
ENSG00000171136,0.0056907167,0.00019701698,0.33333334,572
ENSG00000160961,0.005684613,-0.005029809,1.0,573
ENSG00000103343,0.0056679663,0.0019122377,1.0,574
ENSG00000062370,0.0056658015,-0.0052488935,1.0,575
ENSG00000067082,0.005663646,0.0028108116,1.0,576
ENSG00000165025,0.0056543685,0.0022511566,1.0,577
ENSG00000086288,0.0056502153,0.005024431,1.0,578
ENSG00000175643,0.0056414935,-0.0043081385,1.0,579
ENSG00000163811,0.005637266,0.005316999,1.0,580
ENSG00000165572,0.005625536,0.0021269147,1.0,581
ENSG00000088448,0.0056238323,0.0053296294,1.0,582
ENSG00000128524,0.0056170034,0.0054007596,1.0,583
ENSG00000106780,0.0056126746,0.0030521762,1.0,584
ENSG00000151651,0.005610544,0.00013649784,0.33333334,585
ENSG00000175040,0.005608657,-0.0026426718,1.0,586
ENSG00000164930,0.005601745,-0.002958256,1.0,587
ENSG00000173335,0.005600831,0.003153244,1.0,588
ENSG00000166783,0.005596006,0.0046918467,1.0,589
ENSG00000114302,0.005587295,-0.002576141,1.0,590
ENSG00000156381,0.0055851433,0.0021191693,1.0,591
ENSG00000064309,0.0055815517,-0.004610012,1.0,592
ENSG00000171431,0.0055808923,-0.00074656523,1.0,593
ENSG00000151729,0.0055759717,0.0021536679,1.0,594
ENSG00000125975,0.0055720233,0.0033725568,1.0,595
ENSG00000178531,0.0055671576,0.005252432,1.0,596
ENSG00000127415,0.005551949,-0.0046807732,1.0,597
ENSG00000148334,0.0055484376,0.004979849,1.0,598
ENSG00000104760,0.0055457153,-0.00018363107,1.0,599
ENSG00000152475,0.0055401237,-0.0045077032,1.0,600
ENSG00000143001,0.005535584,-0.0037259914,1.0,601
ENSG00000147576,0.0055327634,0.0036859934,1.0,602
ENSG00000162496,0.005526737,0.0032976165,1.0,603
ENSG00000170325,0.0055264817,-0.0044621974,1.0,604
ENSG00000108771,0.0055235433,0.00062305864,1.0,605
ENSG00000151491,0.005522594,-0.0041810498,1.0,606
ENSG00000167969,0.005518541,0.0050781346,1.0,607
ENSG00000134644,0.0055175456,-0.005000086,1.0,608
ENSG00000144908,0.00551505,0.0014645228,1.0,609
ENSG00000149201,0.0055139796,0.003967328,1.0,610
ENSG00000129673,0.0055106487,0.0032811065,1.0,611
ENSG00000168904,0.0055075176,-0.0043488364,1.0,612
ENSG00000128610,0.0055016167,0.0007371124,1.0,613
ENSG00000150783,0.005500637,0.004992408,1.0,614
ENSG00000047634,0.0054979906,-0.0032526592,1.0,615
ENSG00000145781,0.005483614,0.0035293978,1.0,616
ENSG00000100739,0.0054806154,0.0019894515,1.0,617
ENSG00000151623,0.005469357,-0.004634823,1.0,618
ENSG00000145604,0.0054691755,-0.004605762,1.0,619
ENSG00000181374,0.0054685324,-0.0010744939,1.0,620
ENSG00000139517,0.0054665953,-0.0036758783,1.0,621
ENSG00000100296,0.0054651364,-0.0035029978,1.0,622
ENSG00000186635,0.005463889,-0.0003910961,1.0,623
ENSG00000111537,0.0054616556,-0.0023652029,1.0,624
ENSG00000138698,0.005452782,0.0037385381,1.0,625
ENSG00000148175,0.0054491274,0.00015705639,1.0,626
ENSG00000110318,0.005449125,0.0035796268,1.0,627
ENSG00000164172,0.0054465705,0.0020530045,1.0,628
ENSG00000177181,0.0054316707,-0.0011592171,1.0,629
ENSG00000166317,0.005426955,0.003620239,1.0,630
ENSG00000076351,0.0054192557,0.0006604974,1.0,631
ENSG00000140043,0.0054182136,0.005254559,1.0,632
ENSG00000161202,0.0054173567,0.004536079,1.0,633
ENSG00000120694,0.0054147574,0.0017621607,1.0,634
ENSG00000182585,0.0054107904,-0.003722255,1.0,635
ENSG00000163923,0.005406575,-0.0018949918,1.0,636
ENSG00000107669,0.0053857095,-0.0047197226,1.0,637
ENSG00000132522,0.0053834817,-3.5009307e-05,0.33333334,638
ENSG00000174137,0.005373196,-0.0006275566,1.0,639
ENSG00000154548,0.005373129,0.0028122766,1.0,640
ENSG00000133433,0.005364737,7.637604e-05,0.33333334,641
ENSG00000196182,0.0053645894,-0.0040256693,1.0,642
ENSG00000127903,0.0053619742,0.001186977,1.0,643
ENSG00000166439,0.00535699,0.00463892,1.0,644
ENSG00000111664,0.0053554554,-0.0016169149,1.0,645
ENSG00000067177,0.0053424574,0.0029706021,1.0,646
ENSG00000139914,0.005340129,0.003322718,1.0,647
ENSG00000169609,0.0053364676,0.0035928022,1.0,648
ENSG00000147649,0.005329495,0.0028743732,1.0,649
ENSG00000100023,0.00532697,-0.0018610237,1.0,650
ENSG00000171634,0.0053263423,0.0049492875,1.0,651
ENSG00000169964,0.0053255856,-0.0011384436,1.0,652
ENSG00000101337,0.00531438,-0.0042393687,1.0,653
ENSG00000101639,0.0053109475,-0.004606791,1.0,654
ENSG00000174469,0.0052991,-0.0006708634,1.0,655
ENSG00000186088,0.0052908617,-0.0050329375,1.0,656
ENSG00000178718,0.0052892207,0.0036489756,1.0,657
ENSG00000162688,0.0052856454,-0.004929322,1.0,658
ENSG00000168517,0.005280573,0.0049660415,1.0,659
ENSG00000175283,0.0052796896,0.0039151665,1.0,660
ENSG00000138166,0.0052761943,0.0012756754,1.0,661
ENSG00000058262,0.005274962,-0.0033399758,1.0,662
ENSG00000158470,0.0052740746,0.00026814247,0.33333334,663
ENSG00000160224,0.0052725016,0.0025888795,1.0,664
ENSG00000095002,0.005271159,0.0028570972,1.0,665
ENSG00000167925,0.005261579,-0.0046599056,1.0,666
ENSG00000153292,0.0052608536,0.0013457215,1.0,667
ENSG00000117697,0.005258241,-0.0037695637,1.0,668
ENSG00000188488,0.0052477955,0.0010146856,1.0,669
ENSG00000108239,0.0052432716,-0.0049420916,1.0,670
ENSG00000177627,0.005235441,-0.004136097,1.0,671
ENSG00000167862,0.00523279,0.004163318,1.0,672
ENSG00000133315,0.0052315225,-0.004492398,1.0,673
ENSG00000149084,0.005229573,-0.00060252444,1.0,674
ENSG00000114391,0.0052261595,-0.004735042,1.0,675
ENSG00000161956,0.0052223257,-0.0034284096,1.0,676
ENSG00000116030,0.0052218623,-0.0022684687,1.0,677
ENSG00000127804,0.0052206074,-0.0022462572,1.0,678
ENSG00000168679,0.00521867,-0.0035972113,1.0,679
ENSG00000065000,0.0052180565,0.0044668736,1.0,680
ENSG00000125772,0.0052140397,0.004493062,1.0,681
ENSG00000132792,0.005213996,-0.0016872756,1.0,682
ENSG00000129757,0.005202561,0.0035843605,1.0,683
ENSG00000122515,0.005193466,-0.0049322248,1.0,684
ENSG00000182329,0.0051866327,0.0029102461,1.0,685
ENSG00000011478,0.00518544,0.0031819995,1.0,686
ENSG00000126709,0.005159726,-0.0037012305,1.0,687
ENSG00000128346,0.0051474315,-0.0016077071,1.0,688
ENSG00000187634,0.0051463326,0.0019764507,1.0,689
ENSG00000033327,0.0051449197,0.0031832696,1.0,690
ENSG00000139946,0.005136044,-0.004126972,1.0,691
ENSG00000113269,0.0051335054,-0.00079149054,1.0,692
ENSG00000158423,0.005133471,0.0013770709,1.0,693
ENSG00000154589,0.0051326714,0.00047960834,1.0,694
ENSG00000136280,0.00513266,-0.0033351376,1.0,695
ENSG00000186141,0.0051238094,-0.0019918948,1.0,696
ENSG00000119614,0.0051214583,0.00032257554,0.33333334,697
ENSG00000168214,0.0051204953,-0.0027325863,1.0,698
ENSG00000164761,0.0051171337,0.0019589737,1.0,699
ENSG00000166913,0.0051156776,-0.00204447,1.0,700
ENSG00000138814,0.0051119556,0.002406788,1.0,701
ENSG00000132423,0.0051105195,0.0035572548,1.0,702
ENSG00000161010,0.0051072184,0.0038577467,1.0,703
ENSG00000130303,0.005104559,-0.0031986448,1.0,704
ENSG00000104133,0.005100601,0.004424106,1.0,705
ENSG00000164946,0.005092906,0.004203638,1.0,706
ENSG00000127980,0.0050885035,0.0047412347,1.0,707
ENSG00000073169,0.0050868317,-0.0034039102,1.0,708
ENSG00000181896,0.005086019,0.0044044475,1.0,709
ENSG00000188372,0.005083576,-0.0029411744,1.0,710
ENSG00000112561,0.0050792443,-0.0027547765,1.0,711
ENSG00000095261,0.0050560907,-0.00061910995,1.0,712
ENSG00000140623,0.0050540646,-0.001512174,1.0,713
ENSG00000151090,0.0050519,0.003367103,1.0,714
ENSG00000125848,0.0050515886,-0.0023707035,1.0,715
ENSG00000140386,0.005043334,0.0044583655,1.0,716
ENSG00000100997,0.005041704,0.0039781337,1.0,717
ENSG00000128272,0.005039064,0.003344453,1.0,718
ENSG00000169683,0.0050385096,-0.004061992,1.0,719
ENSG00000125657,0.0050338083,0.0014220428,1.0,720
ENSG00000186480,0.0050335717,-0.00088336464,1.0,721
ENSG00000168594,0.0050301137,-0.0038132623,1.0,722
ENSG00000109339,0.005024032,0.004459972,1.0,723
ENSG00000185339,0.0050218403,0.00050816964,1.0,724
ENSG00000171659,0.005019421,0.004178196,1.0,725
ENSG00000122477,0.005016865,0.0038671333,1.0,726
ENSG00000115423,0.005011475,-0.004375674,1.0,727
ENSG00000166484,0.0050068414,-0.004386514,1.0,728
ENSG00000149243,0.0050054886,-0.0006792185,1.0,729
ENSG00000172262,0.005005467,-0.0038617663,1.0,730
ENSG00000141965,0.0050029377,-0.0020583544,1.0,731
ENSG00000163681,0.004999885,0.0044278414,1.0,732
ENSG00000136044,0.0049963635,-0.0043677357,1.0,733
ENSG00000059758,0.0049960213,-0.0047469125,1.0,734
ENSG00000138600,0.0049944255,0.0034277576,1.0,735
ENSG00000157764,0.0049872985,0.0049152556,1.0,736
ENSG00000175768,0.004986366,-0.0034310243,1.0,737
ENSG00000132970,0.0049835416,0.0005080081,1.0,738
ENSG00000102243,0.0049815704,-0.0016485373,1.0,739
ENSG00000179542,0.004981292,0.0024417916,1.0,740
ENSG00000170144,0.0049800077,-0.0020037696,1.0,741
ENSG00000079393,0.0049796533,0.001405225,1.0,742
ENSG00000138399,0.0049787373,-0.0040045534,1.0,743
ENSG00000185917,0.00497651,0.004407665,1.0,744
ENSG00000027644,0.0049736854,0.0017589299,1.0,745
ENSG00000128309,0.004970236,0.004465198,1.0,746
ENSG00000100346,0.004969716,0.0005830546,1.0,747
ENSG00000007372,0.0049627125,-0.001448628,1.0,748
ENSG00000122863,0.004960764,-0.0013217662,1.0,749
ENSG00000160781,0.004957128,9.684139e-05,0.33333334,750
ENSG00000126246,0.004955347,0.0020747527,1.0,751
ENSG00000178449,0.0049549905,-0.0045182705,1.0,752
ENSG00000173113,0.0049526184,-0.0044862577,1.0,753
ENSG00000141497,0.004952041,0.001830689,1.0,754
ENSG00000121940,0.0049519236,-0.004764667,1.0,755
ENSG00000101079,0.0049473634,-0.003432249,1.0,756
ENSG00000165682,0.004946573,0.00228002,1.0,757
ENSG00000163909,0.004939792,-0.002052296,1.0,758
ENSG00000100288,0.0049339416,0.0014559651,1.0,759
ENSG00000115762,0.0049331523,-0.003339329,1.0,760
ENSG00000096092,0.004932079,0.002366473,1.0,761
ENSG00000137494,0.004927919,-0.0032837682,1.0,762
ENSG00000117602,0.0049191746,-0.0008276515,1.0,763
ENSG00000123636,0.004917676,0.00474053,1.0,764
ENSG00000170364,0.004915058,0.0033175864,1.0,765
ENSG00000174640,0.004908788,0.002230468,1.0,766
ENSG00000095574,0.004908679,-0.0007202979,1.0,767
ENSG00000126778,0.0049071377,0.0009768015,1.0,768
ENSG00000163492,0.004904559,0.004839929,1.0,769
ENSG00000141384,0.004902568,0.0040818835,1.0,770
ENSG00000188060,0.004900918,0.0013453768,1.0,771
ENSG00000124160,0.004900001,-0.00276421,1.0,772
ENSG00000182168,0.0048944694,-0.004150996,1.0,773
ENSG00000151148,0.004892133,0.0037184132,1.0,774
ENSG00000115339,0.004891438,-0.00031606262,1.0,775
ENSG00000104915,0.0048895422,-0.0039009303,1.0,776
ENSG00000123096,0.0048835855,0.0019348697,1.0,777
ENSG00000091127,0.004882585,-0.0033436932,1.0,778
ENSG00000107872,0.004876089,0.004384991,1.0,779
ENSG00000170571,0.0048705577,0.0021216834,1.0,780
ENSG00000169727,0.0048601613,-0.0046155215,1.0,781
ENSG00000164975,0.0048587113,-0.00419921,1.0,782
ENSG00000145757,0.0048563886,0.0044544362,1.0,783
ENSG00000126903,0.004854936,0.0042137676,1.0,784
ENSG00000177602,0.0048486176,-0.00023260083,1.0,785
ENSG00000168234,0.0048451293,0.0029684987,1.0,786
ENSG00000085491,0.0048319125,-0.0028815733,1.0,787
ENSG00000136231,0.004830055,-0.0034239448,1.0,788
ENSG00000020922,0.004829904,0.0044587064,1.0,789
ENSG00000166900,0.00482962,-0.0028529663,1.0,790
ENSG00000173267,0.004824463,-0.001580303,1.0,791
ENSG00000169359,0.004824351,-0.00021121574,0.33333334,792
ENSG00000172086,0.004822571,-4.7168036e-05,0.33333334,793
ENSG00000136014,0.004820934,0.0013673166,1.0,794
ENSG00000127995,0.004811617,0.0042356644,1.0,795
ENSG00000127366,0.0048099426,-0.0044396715,1.0,796
ENSG00000175928,0.0048078103,0.0015621682,1.0,797
ENSG00000108786,0.004802343,0.0026137547,1.0,798
ENSG00000105374,0.0048021427,0.0023267006,1.0,799
ENSG00000185722,0.0048008417,-0.0038884766,1.0,800
ENSG00000137814,0.0047958954,-0.0028046968,1.0,801
ENSG00000114742,0.004794987,0.0038403783,1.0,802
ENSG00000124875,0.004793779,-0.00061215216,1.0,803
ENSG00000184719,0.004789686,0.0016068788,1.0,804
ENSG00000196711,0.004786067,-0.0017758886,1.0,805
ENSG00000153006,0.0047836336,0.0004518653,0.33333334,806
ENSG00000188283,0.0047734613,0.0040935115,1.0,807
ENSG00000165076,0.0047720815,-0.0045627714,1.0,808
ENSG00000106591,0.0047666165,-0.0009821344,1.0,809
ENSG00000168671,0.0047664586,-0.00042939684,1.0,810
ENSG00000164542,0.0047633704,-0.0024892644,1.0,811
ENSG00000005810,0.0047631403,-0.004566335,1.0,812
ENSG00000180305,0.0047560674,-0.0018415697,1.0,813
ENSG00000163660,0.0047550444,0.0043236134,1.0,814
ENSG00000110944,0.004753437,-0.0015494423,1.0,815
ENSG00000122417,0.004752719,-0.004570818,1.0,816
ENSG00000168461,0.004747789,0.0020577796,1.0,817
ENSG00000171552,0.0047468613,-0.0035416775,1.0,818
ENSG00000182508,0.0047451463,-0.002025813,1.0,819
ENSG00000170191,0.0047439504,-0.002509105,1.0,820
ENSG00000184967,0.004742822,-0.004431884,1.0,821
ENSG00000171564,0.0047393697,-0.0008741196,1.0,822
ENSG00000103356,0.004735445,0.0032092493,1.0,823
ENSG00000168538,0.0047349967,-0.0042854236,1.0,824
ENSG00000187624,0.0047291717,-0.0038158242,1.0,825
ENSG00000162620,0.0047291094,-0.0019470925,1.0,826
ENSG00000087299,0.0047268076,-0.0031922224,1.0,827
ENSG00000161509,0.004722579,-0.0002520964,0.33333334,828
ENSG00000152582,0.0047104447,-0.004164098,1.0,829
ENSG00000101882,0.0047052647,0.00083695655,1.0,830
ENSG00000181240,0.004700594,0.0019956406,1.0,831
ENSG00000004864,0.004699522,0.0032658547,1.0,832
ENSG00000135637,0.004698809,0.004308781,1.0,833
ENSG00000068323,0.0046950234,-0.004148072,1.0,834
ENSG00000148341,0.004689297,0.0023802256,1.0,835
ENSG00000163840,0.0046888567,0.0029971886,1.0,836
ENSG00000172399,0.0046864473,0.0034255616,1.0,837
ENSG00000186665,0.004683425,0.0031294401,1.0,838
ENSG00000108700,0.004677585,0.00037202472,1.0,839
ENSG00000180626,0.0046759867,-0.004413146,1.0,840
ENSG00000032742,0.0046759727,-0.0042862403,1.0,841
ENSG00000185798,0.0046732766,0.00089109567,1.0,842
ENSG00000153815,0.004660368,-0.003408039,1.0,843
ENSG00000112701,0.0046598916,0.0043358067,1.0,844
ENSG00000152422,0.00465579,0.002898179,1.0,845
ENSG00000131721,0.0046544545,-0.003927561,1.0,846
ENSG00000156453,0.004649333,-0.0012992901,1.0,847
ENSG00000155636,0.0046483283,0.004420459,1.0,848
ENSG00000104885,0.004644448,0.0036675837,1.0,849
ENSG00000182628,0.004638624,0.0016762862,1.0,850
ENSG00000178149,0.004638079,0.0034470754,1.0,851
ENSG00000077152,0.0046370667,0.002849037,1.0,852
ENSG00000009413,0.0046328492,-0.004513333,1.0,853
ENSG00000154269,0.0046321065,0.001706516,1.0,854
ENSG00000180035,0.0046299966,-0.0027882364,1.0,855
ENSG00000179456,0.0046292995,-0.0012739369,1.0,856
ENSG00000131149,0.004628897,-0.0010016364,1.0,857
ENSG00000145545,0.0046269065,0.002511311,1.0,858
ENSG00000174738,0.004620767,-0.004019343,1.0,859
ENSG00000175104,0.004620629,0.004421811,1.0,860
ENSG00000073584,0.004619314,0.004485113,1.0,861
ENSG00000185040,0.0046173134,-0.0041040317,1.0,862
ENSG00000130348,0.00460911,-0.0028982887,1.0,863
ENSG00000116903,0.004608161,0.004422227,1.0,864
ENSG00000120832,0.0046078297,-0.0039241365,1.0,865
ENSG00000133110,0.0046076337,-0.001996763,1.0,866
ENSG00000168890,0.004607231,-0.0037188942,1.0,867
ENSG00000154654,0.004601016,-0.0022629746,1.0,868
ENSG00000140105,0.0045989086,0.0014338354,1.0,869
ENSG00000120742,0.0045956112,-0.002032319,1.0,870
ENSG00000115652,0.0045953244,-0.0014266203,1.0,871
ENSG00000135973,0.004590894,0.0032559494,1.0,872
ENSG00000131355,0.004589301,0.0030497883,1.0,873
ENSG00000100815,0.0045892587,0.004545631,1.0,874
ENSG00000163956,0.004580841,0.0022348473,1.0,875
ENSG00000108389,0.004580805,-0.004176276,1.0,876
ENSG00000150995,0.0045805597,0.0043785274,1.0,877
ENSG00000106299,0.004579368,-0.000970417,1.0,878
ENSG00000140961,0.0045746975,-0.0018986412,1.0,879
ENSG00000108064,0.0045735664,0.001830886,1.0,880
ENSG00000134291,0.004572867,0.0027954727,1.0,881
ENSG00000175334,0.0045714346,0.0037746534,1.0,882
ENSG00000121104,0.0045669945,-0.0024375734,1.0,883
ENSG00000078579,0.0045652203,-0.00016597302,1.0,884
ENSG00000162009,0.00456357,0.0014335468,1.0,885
ENSG00000180772,0.004561485,0.00053941424,1.0,886
ENSG00000110900,0.004560992,-4.5437988e-05,0.33333334,887
ENSG00000125967,0.0045525036,0.0028005235,1.0,888
ENSG00000176641,0.004542235,-0.0039065727,1.0,889
ENSG00000163114,0.004537421,-0.002810929,1.0,890
ENSG00000011201,0.0045368797,-0.0021530574,1.0,891
ENSG00000173540,0.004534721,-0.0012278602,1.0,892
ENSG00000156603,0.004523319,0.003329004,1.0,893
ENSG00000100325,0.0045218016,-0.0034759846,1.0,894
ENSG00000170370,0.0045198747,0.0011943575,1.0,895
ENSG00000142867,0.004519334,-0.0024062681,1.0,896
ENSG00000104154,0.0045152805,-0.0042929724,1.0,897
ENSG00000147403,0.0045135873,0.0036860565,1.0,898
ENSG00000141682,0.004508736,-0.00012770311,0.33333334,899
ENSG00000182463,0.0045085903,0.0037361516,1.0,900
ENSG00000180347,0.004508,0.0021595506,1.0,901
ENSG00000177666,0.0045025568,0.0038774703,1.0,902
ENSG00000169914,0.004501838,-0.0042603854,1.0,903
ENSG00000135587,0.0044984664,0.0016242877,1.0,904
ENSG00000095970,0.0044973562,0.0004916919,1.0,905
ENSG00000147381,0.0044949125,-8.987638e-05,0.33333334,906
ENSG00000137726,0.004493008,-0.0017632805,1.0,907
ENSG00000180432,0.0044878093,0.002273414,1.0,908
ENSG00000146833,0.004487573,-0.0023307856,1.0,909
ENSG00000117036,0.0044759368,-0.0036550362,1.0,910
ENSG00000159556,0.004472328,0.00065660477,1.0,911
ENSG00000092758,0.004469247,-0.00024305763,1.0,912
ENSG00000132463,0.004467903,-0.00088164164,1.0,913
ENSG00000171612,0.0044678343,0.0014159656,1.0,914
ENSG00000001629,0.004466417,0.0028325059,1.0,915
ENSG00000174672,0.004465403,0.00026428155,0.33333334,916
ENSG00000168159,0.0044650375,0.003988799,1.0,917
ENSG00000196757,0.0044616875,-0.0038755273,1.0,918
ENSG00000179988,0.0044614975,-0.0034064725,1.0,919
ENSG00000160113,0.004461354,-0.003441869,1.0,920
ENSG00000188042,0.0044609043,-0.00022166595,1.0,921
ENSG00000174579,0.0044562574,0.0034190852,1.0,922
ENSG00000078070,0.0044546532,0.0036227044,1.0,923
ENSG00000172465,0.004451242,-0.0020627722,1.0,924
ENSG00000002330,0.0044504455,-0.0035200592,1.0,925
ENSG00000145246,0.004442969,0.00427404,1.0,926
ENSG00000122378,0.0044406336,-0.000549953,1.0,927
ENSG00000184347,0.0044402312,3.582866e-06,0.33333334,928
ENSG00000120662,0.0044360785,-0.003255096,1.0,929
ENSG00000052841,0.004434791,-0.004171868,1.0,930
ENSG00000005486,0.004434489,0.0041728187,1.0,931
ENSG00000078124,0.0044309557,0.0032776843,1.0,932
ENSG00000165120,0.004427737,-0.00046525302,1.0,933
ENSG00000132329,0.004426902,-0.0020128933,1.0,934
ENSG00000104974,0.0044259313,0.000690476,1.0,935
ENSG00000183723,0.004424839,-0.0024893738,1.0,936
ENSG00000162882,0.0044232556,0.0006093118,1.0,937
ENSG00000179399,0.0044192863,-0.0020290387,1.0,938
ENSG00000165985,0.0044179237,0.0032018302,1.0,939
ENSG00000164221,0.004414698,-0.0009425331,1.0,940
ENSG00000166257,0.0044121216,0.0005474568,1.0,941
ENSG00000162959,0.0044119363,0.0039725774,1.0,942
ENSG00000134531,0.004411682,-0.002578113,1.0,943
ENSG00000128185,0.0044114026,0.0036226965,1.0,944
ENSG00000132388,0.0044110855,0.00096262805,1.0,945
ENSG00000158856,0.0044056918,-0.0037963272,1.0,946
ENSG00000123179,0.0044039427,-0.0036569524,1.0,947
ENSG00000130508,0.004403401,0.00016770298,0.33333334,948
ENSG00000145868,0.0044019814,-0.003921973,1.0,949
ENSG00000119777,0.0044015143,-0.0037613965,1.0,950
ENSG00000146376,0.004399506,0.0039218995,1.0,951
ENSG00000120705,0.004398335,0.0022651504,1.0,952
ENSG00000132821,0.0043937364,-0.001318288,1.0,953
ENSG00000071894,0.0043900195,-0.003043045,1.0,954
ENSG00000038274,0.0043898895,9.115048e-06,0.33333334,955
ENSG00000177239,0.0043893172,0.0014305152,1.0,956
ENSG00000133020,0.0043882765,-0.0023160314,1.0,957
ENSG00000121578,0.0043879636,-0.0019483959,1.0,958
ENSG00000136888,0.004385714,0.0025774252,1.0,959
ENSG00000115825,0.004383891,-0.003976077,1.0,960
ENSG00000146707,0.004383015,-0.0019526486,1.0,961
ENSG00000175322,0.0043806336,0.0040429295,1.0,962
ENSG00000135218,0.0043798224,0.0029857277,1.0,963
ENSG00000159640,0.004378958,0.0029840602,1.0,964
ENSG00000158816,0.0043758103,0.0016634722,1.0,965
ENSG00000137965,0.004369493,0.0027217248,1.0,966
ENSG00000060718,0.0043670367,-0.002489658,1.0,967
ENSG00000168785,0.0043669096,0.0014537977,1.0,968
ENSG00000196468,0.0043647783,0.00034180962,1.0,969
ENSG00000143379,0.00436292,0.0035016208,1.0,970
ENSG00000179632,0.0043574856,-0.004147231,1.0,971
ENSG00000124444,0.0043551377,0.0025061027,1.0,972
ENSG00000161270,0.0043495526,-0.00036249022,1.0,973
ENSG00000138622,0.0043494026,-0.0018680658,1.0,974
ENSG00000144191,0.004347052,-0.0005385868,1.0,975
ENSG00000177383,0.0043443115,-0.0028780017,1.0,976
ENSG00000165209,0.004343337,-0.0032104773,1.0,977
ENSG00000131043,0.004341628,-0.0034488356,1.0,978
ENSG00000159208,0.0043415944,0.00085571926,1.0,979
ENSG00000136807,0.004336466,-0.0035857086,1.0,980
ENSG00000181619,0.004336314,0.004108816,1.0,981
ENSG00000115239,0.0043351143,0.0040330184,1.0,982
ENSG00000165934,0.0043349727,-0.0032746706,1.0,983
ENSG00000143314,0.00433417,-0.0038474137,1.0,984
ENSG00000120526,0.004329016,0.0036603946,1.0,985
ENSG00000169903,0.0043290085,-0.00053416827,1.0,986
ENSG00000196503,0.00432546,-0.0019799296,1.0,987
ENSG00000188676,0.004324961,-0.0025783533,1.0,988
ENSG00000148798,0.00432084,0.0018249821,1.0,989
ENSG00000139718,0.0043165633,-0.0038192465,1.0,990
ENSG00000107789,0.004311619,0.0009487399,1.0,991
ENSG00000160181,0.0043059667,-0.0009872798,1.0,992
ENSG00000083838,0.004300266,0.00059268565,1.0,993
ENSG00000136574,0.0042976835,0.0014758654,1.0,994
ENSG00000177990,0.004295523,0.003326881,1.0,995
ENSG00000135436,0.004292521,0.003640699,1.0,996
ENSG00000142330,0.0042908867,9.760325e-05,1.0,997
ENSG00000129646,0.0042904527,-0.002269417,1.0,998
ENSG00000134202,0.004289795,0.0010067278,1.0,999
ENSG00000188234,0.0042896024,0.0038807287,1.0,1000
ENSG00000164362,0.0042887726,-0.0005610688,1.0,1001
ENSG00000185737,0.0042861444,0.002648155,1.0,1002
ENSG00000123407,0.004284194,0.0016139274,1.0,1003
ENSG00000135930,0.004277496,-0.0025426052,1.0,1004
ENSG00000186687,0.0042743753,0.0024532743,1.0,1005
ENSG00000187045,0.0042735995,0.0018694857,1.0,1006
ENSG00000188803,0.0042675086,0.0018403316,1.0,1007
ENSG00000188175,0.0042655007,0.00025636543,1.0,1008
ENSG00000105939,0.00426326,-0.0038913612,1.0,1009
ENSG00000134324,0.004260952,0.003238189,1.0,1010
ENSG00000196943,0.0042606243,-0.00293615,1.0,1011
ENSG00000151338,0.004252693,0.0040055513,1.0,1012
ENSG00000163406,0.004249486,0.002940864,1.0,1013
ENSG00000136197,0.0042466642,0.004006397,1.0,1014
ENSG00000137440,0.00424562,0.0016388567,1.0,1015
ENSG00000163527,0.0042446326,0.0026565231,1.0,1016
ENSG00000146109,0.00424415,0.002780325,1.0,1017
ENSG00000134057,0.004243644,0.001294749,1.0,1018
ENSG00000171169,0.0042434144,0.0021889408,1.0,1019
ENSG00000022277,0.0042413794,-0.0015532281,1.0,1020
ENSG00000147813,0.0042353272,-0.0033999113,1.0,1021
ENSG00000188611,0.004235165,-0.0032005839,1.0,1022
ENSG00000167359,0.0042346288,-0.004160065,1.0,1023
ENSG00000131013,0.00423345,-0.0036182583,1.0,1024
ENSG00000163743,0.0042314045,-0.0022684808,1.0,1025
ENSG00000104783,0.0042252582,0.0013788523,1.0,1026
ENSG00000134339,0.0042242273,0.00046709724,1.0,1027
ENSG00000187742,0.0042225015,0.0040861,1.0,1028
ENSG00000163794,0.0042216764,0.0007075624,1.0,1029
ENSG00000105810,0.0042207474,0.0037574861,1.0,1030
ENSG00000121542,0.004220309,-0.0031490165,1.0,1031
ENSG00000133574,0.004217408,-0.0014644298,1.0,1032
ENSG00000087245,0.004217166,0.0014203624,1.0,1033
ENSG00000119396,0.004214622,-0.001185995,1.0,1034
ENSG00000185306,0.0042143823,-0.00088511454,1.0,1035
ENSG00000137819,0.004212422,0.0020686816,1.0,1036
ENSG00000120896,0.004212366,-0.003799719,1.0,1037
ENSG00000110492,0.0042106234,0.0030894785,1.0,1038
ENSG00000164935,0.0042080153,0.0024043198,1.0,1039
ENSG00000163235,0.0042061056,0.0012894528,1.0,1040
ENSG00000131831,0.004205033,-0.0029390857,1.0,1041
ENSG00000073921,0.004199819,-0.0036924873,1.0,1042
ENSG00000121022,0.004197459,0.0024747371,1.0,1043
ENSG00000189431,0.0041961907,0.0008329298,1.0,1044
ENSG00000066855,0.004193488,0.0015608175,1.0,1045
ENSG00000103035,0.0041900887,0.0027465269,1.0,1046
ENSG00000188573,0.0041871206,-0.0013974089,1.0,1047
ENSG00000158079,0.0041868454,-0.0027634623,1.0,1048
ENSG00000134245,0.0041847005,-0.0035264585,1.0,1049
ENSG00000103479,0.004174184,0.003888972,1.0,1050
ENSG00000131171,0.0041731843,-0.0012831033,1.0,1051
ENSG00000109689,0.0041731657,-0.0031582627,1.0,1052
ENSG00000136478,0.0041691265,0.0029714417,1.0,1053
ENSG00000115368,0.004165496,0.0033413966,1.0,1054
ENSG00000196553,0.0041650836,0.0037388466,1.0,1055
ENSG00000155265,0.004163074,0.0006218978,1.0,1056
ENSG00000174527,0.0041615013,0.0037128704,1.0,1057
ENSG00000157193,0.004161334,0.002515654,1.0,1058
ENSG00000166359,0.0041593546,0.0035471395,1.0,1059
ENSG00000175084,0.0041553513,0.0012172126,1.0,1060
ENSG00000102452,0.004153063,0.0031600008,1.0,1061
ENSG00000141759,0.0041474174,-0.0030179753,1.0,1062
ENSG00000162645,0.0041468563,-0.0022705041,1.0,1063
ENSG00000090581,0.0041453843,-0.0035351582,1.0,1064
ENSG00000139974,0.004145364,-0.0040205712,1.0,1065
ENSG00000124733,0.0041432283,0.0038656916,1.0,1066
ENSG00000121851,0.0041428315,0.0026893206,1.0,1067
ENSG00000102384,0.0041398373,-0.0036910425,1.0,1068
ENSG00000176842,0.004138283,0.0006105338,1.0,1069
ENSG00000101977,0.0041350005,-0.0026683584,1.0,1070
ENSG00000157693,0.0041301646,-0.00056595955,1.0,1071
ENSG00000003509,0.004129589,0.0039946274,1.0,1072
ENSG00000105698,0.0041240402,0.0039368127,1.0,1073
ENSG00000184207,0.004122156,0.0035825567,1.0,1074
ENSG00000151176,0.0041211857,0.0038143909,1.0,1075
ENSG00000072506,0.0041203196,-0.0036761314,1.0,1076
ENSG00000157106,0.004114335,0.003173102,1.0,1077
ENSG00000131236,0.0041141775,0.00020808843,1.0,1078
ENSG00000183662,0.004111901,-0.0024545612,1.0,1079
ENSG00000122971,0.004110977,0.0028021268,1.0,1080
ENSG00000172508,0.0041058864,-0.0017995319,1.0,1081
ENSG00000165527,0.0041026287,-0.0015765018,1.0,1082
ENSG00000174238,0.0041001267,-0.0030185895,1.0,1083
ENSG00000099949,0.004096069,-0.00040344693,1.0,1084
ENSG00000196323,0.004093913,-0.0031982774,1.0,1085
ENSG00000019991,0.0040937914,-0.0027468454,1.0,1086
ENSG00000114455,0.004089797,-8.24678e-05,0.33333334,1087
ENSG00000174749,0.004089029,-0.0019847993,1.0,1088
ENSG00000165409,0.004086655,0.0028934262,1.0,1089
ENSG00000172273,0.004086197,-0.0011245055,1.0,1090
ENSG00000136933,0.0040861457,0.0028653194,1.0,1091
ENSG00000164631,0.0040847166,-0.003886569,1.0,1092
ENSG00000088682,0.0040845145,0.002342473,1.0,1093
ENSG00000167580,0.00408425,-5.8309583e-05,0.33333334,1094
ENSG00000110013,0.00407813,0.00088565284,1.0,1095
ENSG00000122696,0.004077072,-0.0034857234,1.0,1096
ENSG00000170178,0.0040734923,-0.0007371031,1.0,1097
ENSG00000100226,0.004071037,-0.0009747723,1.0,1098
ENSG00000092036,0.0040695253,-0.00028337535,1.0,1099
ENSG00000196811,0.00406596,0.0036774026,1.0,1100
ENSG00000187474,0.0040657404,-0.0028786745,1.0,1101
ENSG00000166664,0.0040654303,0.002379604,1.0,1102
ENSG00000166986,0.004063996,0.00058238645,1.0,1103
ENSG00000110330,0.0040635676,0.0035438046,1.0,1104
ENSG00000122728,0.004062019,-0.0029536474,1.0,1105
ENSG00000105612,0.0040611844,0.003351995,1.0,1106
ENSG00000126822,0.0040610507,-0.0009263951,1.0,1107
ENSG00000112406,0.004059334,0.003283007,1.0,1108
ENSG00000104892,0.0040580444,0.0018717111,1.0,1109
ENSG00000143167,0.0040473277,0.00096730125,1.0,1110
ENSG00000157216,0.004045548,0.0032291282,1.0,1111
ENSG00000188266,0.004044981,-0.0012503312,1.0,1112
ENSG00000182791,0.0040444713,0.00052130345,1.0,1113
ENSG00000159593,0.004039816,-0.002143936,1.0,1114
ENSG00000186806,0.0040390925,0.0029763943,1.0,1115
ENSG00000119574,0.004036061,-0.0039292085,1.0,1116
ENSG00000129691,0.004033321,0.002500724,1.0,1117
ENSG00000152932,0.00403222,-0.0017505015,1.0,1118
ENSG00000165325,0.0040289448,0.0026181943,1.0,1119
ENSG00000169627,0.0040253834,-0.0028399003,1.0,1120
ENSG00000125877,0.0040247175,-0.0035411771,1.0,1121
ENSG00000135750,0.004024616,0.0010565119,1.0,1122
ENSG00000121988,0.004023502,-0.0036170166,1.0,1123
ENSG00000143032,0.0040232344,0.00022255509,1.0,1124
ENSG00000171960,0.0040215487,-0.0015111064,1.0,1125
ENSG00000156076,0.0040207473,0.000826801,1.0,1126
ENSG00000163697,0.004020511,-0.0030853841,1.0,1127
ENSG00000150551,0.0040183775,-0.00017553975,0.33333334,1128
ENSG00000196653,0.0040163123,0.0029781999,1.0,1129
ENSG00000179715,0.004013134,0.0014414048,1.0,1130
ENSG00000122783,0.0040080086,0.0027196165,1.0,1131
ENSG00000081277,0.0040059867,-0.0006599017,1.0,1132
ENSG00000177885,0.0040059076,0.0022783892,1.0,1133
ENSG00000127554,0.0040043164,-0.0037678236,1.0,1134
ENSG00000101542,0.0039975718,0.0013933132,1.0,1135
ENSG00000155530,0.0039955745,-0.0035111986,1.0,1136
ENSG00000143420,0.003990968,-0.0016885469,1.0,1137
ENSG00000184860,0.0039836788,0.001607278,1.0,1138
ENSG00000166147,0.003979625,0.0036111868,1.0,1139
ENSG00000121897,0.0039792755,0.0031794629,1.0,1140
ENSG00000139192,0.0039775427,-0.0014313981,1.0,1141
ENSG00000092421,0.003977472,0.0020190112,1.0,1142
ENSG00000117543,0.003975642,0.0004967335,1.0,1143
ENSG00000122121,0.0039753574,0.0007808513,1.0,1144
ENSG00000099999,0.003962862,7.4731165e-06,0.33333334,1145
ENSG00000006432,0.003959397,-0.0021204506,1.0,1146
ENSG00000104687,0.0039566257,0.0008771504,1.0,1147
ENSG00000092295,0.0039565223,-0.00091139955,1.0,1148
ENSG00000162909,0.003955709,0.0012104561,1.0,1149
ENSG00000172893,0.003951609,-0.0034629486,1.0,1150
ENSG00000167193,0.0039495314,0.00096394075,1.0,1151
ENSG00000180815,0.0039486103,0.0018763043,1.0,1152
ENSG00000137878,0.003944462,0.0016404198,1.0,1153
ENSG00000112033,0.00393814,0.0036802602,1.0,1154
ENSG00000171368,0.0039371136,-0.00066243624,1.0,1155
ENSG00000181523,0.003936338,-0.0030267246,1.0,1156
ENSG00000167377,0.0039336034,-0.0037603704,1.0,1157
ENSG00000146574,0.0039318427,0.0033214136,1.0,1158
ENSG00000100095,0.003928142,0.0006169035,1.0,1159
ENSG00000063241,0.0039280546,-0.0035712747,1.0,1160
ENSG00000155876,0.0039277053,0.0030177508,1.0,1161
ENSG00000130204,0.0039273254,0.0034509562,1.0,1162
ENSG00000031003,0.003924196,0.0035416347,1.0,1163
ENSG00000165699,0.0039201435,0.003748384,1.0,1164
ENSG00000114346,0.003919914,-0.0017373787,1.0,1165
ENSG00000080031,0.0039194194,0.00032863868,1.0,1166
ENSG00000110203,0.003918969,3.2117412e-05,0.33333334,1167
ENSG00000051620,0.0039177067,0.0011496143,1.0,1168
ENSG00000167114,0.003911881,0.003631575,1.0,1169
ENSG00000172809,0.003903343,0.0033294559,1.0,1170
ENSG00000157613,0.0039004174,0.0026573734,1.0,1171
ENSG00000130962,0.003897174,0.0022705346,1.0,1172
ENSG00000080822,0.0038891118,-0.0013223643,1.0,1173
ENSG00000173275,0.0038871772,-0.0037048822,1.0,1174
ENSG00000170962,0.0038861607,0.0019336684,1.0,1175
ENSG00000163162,0.0038823194,-0.002843474,1.0,1176
ENSG00000170464,0.0038770447,0.0021583443,1.0,1177
ENSG00000111911,0.0038745895,-0.0009672216,1.0,1178
ENSG00000049089,0.0038742523,0.0008086073,1.0,1179
ENSG00000139610,0.00386886,-1.929778e-07,0.33333334,1180
ENSG00000187288,0.0038662571,-0.0006640009,1.0,1181
ENSG00000115977,0.0038640928,0.0035044316,1.0,1182
ENSG00000107014,0.0038635966,0.0013293423,1.0,1183
ENSG00000066739,0.0038581758,-0.0037205473,1.0,1184
ENSG00000146463,0.0038565248,-0.0034431282,1.0,1185
ENSG00000164900,0.0038455634,-0.0003390845,0.33333334,1186
ENSG00000166598,0.0038447517,-0.0007934207,1.0,1187
ENSG00000161914,0.0038375054,-0.0033994566,1.0,1188
ENSG00000181656,0.0038339316,-0.00080785895,1.0,1189
ENSG00000146263,0.0038269975,-0.0035425443,1.0,1190
ENSG00000109929,0.0038243511,-0.00097443984,1.0,1191
ENSG00000182749,0.0038219504,0.0010831818,1.0,1192
ENSG00000139053,0.003821768,0.0022048966,1.0,1193
ENSG00000071051,0.0038216934,-0.002851624,1.0,1194
ENSG00000185261,0.0038202747,0.0032925515,1.0,1195
ENSG00000075618,0.0038109683,-0.003189226,1.0,1196
ENSG00000139200,0.003810738,-0.0014756325,1.0,1197
ENSG00000188315,0.0038103752,0.00036924265,1.0,1198
ENSG00000153789,0.0038103384,-0.0009290062,1.0,1199
ENSG00000142751,0.003808096,0.00061126775,1.0,1200
ENSG00000165630,0.0038040876,-0.0035583684,1.0,1201
ENSG00000118495,0.0038022876,0.0024412961,1.0,1202
ENSG00000155666,0.0037939586,0.0003743684,1.0,1203
ENSG00000150672,0.0037921693,-0.0034182027,1.0,1204
ENSG00000182010,0.0037911842,-0.0015373646,1.0,1205
ENSG00000095464,0.0037909457,-0.003435712,1.0,1206
ENSG00000124151,0.0037907418,0.0034866016,1.0,1207
ENSG00000100934,0.0037889925,-0.0032627087,1.0,1208
ENSG00000140279,0.003788383,-0.00078676944,1.0,1209
ENSG00000160087,0.003786315,-0.0034729333,1.0,1210
ENSG00000131381,0.0037862677,0.003344154,1.0,1211
ENSG00000151790,0.0037845636,0.0013944084,1.0,1212
ENSG00000125744,0.003783053,0.0030105936,1.0,1213
ENSG00000138111,0.0037827902,0.0021130766,1.0,1214
ENSG00000090339,0.0037775312,-0.0005559781,1.0,1215
ENSG00000130653,0.0037766781,0.00016691188,0.33333334,1216
ENSG00000160991,0.0037762576,-0.0007284943,1.0,1217
ENSG00000135898,0.0037735181,-0.0013378417,1.0,1218
ENSG00000125445,0.003772245,0.002279544,1.0,1219
ENSG00000163645,0.0037716099,0.003299624,1.0,1220
ENSG00000148120,0.0037692555,0.003686959,1.0,1221
ENSG00000185269,0.0037685118,-0.0024714682,1.0,1222
ENSG00000067365,0.0037672967,-0.0025351539,1.0,1223
ENSG00000124935,0.0037658259,0.0011907904,1.0,1224
ENSG00000164506,0.0037640792,-0.003577492,1.0,1225
ENSG00000088356,0.0037630924,-0.0032701062,1.0,1226
ENSG00000173992,0.0037603632,-0.0023219148,1.0,1227
ENSG00000151470,0.0037595786,-0.0020620802,1.0,1228
ENSG00000110446,0.003755112,0.0015644549,1.0,1229
ENSG00000108439,0.0037521154,0.0017852966,1.0,1230
ENSG00000075413,0.0037501976,-0.0034265046,1.0,1231
ENSG00000138028,0.0037499396,0.00025967302,0.33333334,1232
ENSG00000105755,0.0037495426,0.0031226035,1.0,1233
ENSG00000164597,0.003744393,-0.0036333657,1.0,1234
ENSG00000117523,0.0037420455,0.0034500423,1.0,1235
ENSG00000099783,0.003741721,-0.001791662,1.0,1236
ENSG00000132704,0.0037407626,0.0018455646,1.0,1237
ENSG00000151320,0.003740406,-0.0027221814,1.0,1238
ENSG00000071462,0.003736758,0.0032846434,1.0,1239
ENSG00000152969,0.0037285276,0.0003115684,1.0,1240
ENSG00000173156,0.0037273418,-0.0022196455,1.0,1241
ENSG00000111271,0.003722742,0.0022351572,1.0,1242
ENSG00000184517,0.0037222009,0.00288404,1.0,1243
ENSG00000118194,0.0037209627,-0.001778687,1.0,1244
ENSG00000100034,0.003718228,0.0021010872,1.0,1245
ENSG00000120647,0.003717442,-0.0026023954,1.0,1246
ENSG00000183434,0.0037160025,-0.00012118678,0.33333334,1247
ENSG00000118420,0.0037151303,-0.0025276253,1.0,1248
ENSG00000113805,0.003714919,0.0018327552,1.0,1249
ENSG00000003096,0.0037119687,-0.0015055056,1.0,1250
ENSG00000177752,0.0037117803,-0.0025606735,1.0,1251
ENSG00000128039,0.0037093007,-0.0019848647,1.0,1252
ENSG00000186790,0.0037067968,0.0016148967,1.0,1253
ENSG00000189180,0.0037024363,0.0034935018,1.0,1254
ENSG00000088882,0.0037018012,-0.0018508262,1.0,1255
ENSG00000183207,0.0036984216,0.003401886,1.0,1256
ENSG00000142156,0.0036977895,0.0022536085,1.0,1257
ENSG00000059573,0.0036963187,0.00076516304,1.0,1258
ENSG00000091164,0.0036955085,-0.0024208045,1.0,1259
ENSG00000168032,0.003695045,0.0005026774,1.0,1260
ENSG00000143106,0.0036944186,0.0019671575,1.0,1261
ENSG00000124209,0.0036933057,0.0030246924,1.0,1262
ENSG00000158578,0.003690959,-0.0010961473,1.0,1263
ENSG00000007402,0.0036888004,0.0010464102,1.0,1264
ENSG00000162892,0.0036885573,-0.0014958599,1.0,1265
ENSG00000168556,0.0036885005,0.0024363017,1.0,1266
ENSG00000185633,0.0036874625,0.0023137976,1.0,1267
ENSG00000113328,0.0036868986,0.0010591646,1.0,1268
ENSG00000154764,0.0036868593,-0.000868198,1.0,1269
ENSG00000140199,0.0036854346,0.0022201699,1.0,1270
ENSG00000092529,0.0036830592,-0.0032004789,1.0,1271
ENSG00000161048,0.0036817156,-0.0031338355,1.0,1272
ENSG00000117154,0.0036788208,-0.00033941714,1.0,1273
ENSG00000006625,0.0036759048,-0.0021741919,1.0,1274
ENSG00000196436,0.0036758464,0.0005199888,1.0,1275
ENSG00000108106,0.00367486,0.002415307,1.0,1276
ENSG00000117411,0.0036747043,-0.0025171363,1.0,1277
ENSG00000187833,0.0036725851,-0.00027417505,1.0,1278
ENSG00000081181,0.0036721071,-0.0019095031,1.0,1279
ENSG00000168056,0.0036706019,-0.0029805691,1.0,1280
ENSG00000187957,0.0036687923,-0.0005714527,1.0,1281
ENSG00000128322,0.0036659727,-0.0013638787,1.0,1282
ENSG00000141979,0.0036656337,-0.003299915,1.0,1283
ENSG00000172057,0.003665165,-0.0022442832,1.0,1284
ENSG00000100151,0.0036651343,0.001126125,1.0,1285
ENSG00000074603,0.003663944,-0.0035003119,1.0,1286
ENSG00000163898,0.003662171,7.929232e-06,0.33333334,1287
ENSG00000083099,0.0036599932,-0.0016552309,1.0,1288
ENSG00000168758,0.0036594914,0.0007936523,1.0,1289
ENSG00000196954,0.003657925,0.0020000876,1.0,1290
ENSG00000157404,0.0036547717,0.0015547714,1.0,1291
ENSG00000172005,0.003652485,0.0013881658,1.0,1292
ENSG00000149922,0.0036469686,0.001275082,1.0,1293
ENSG00000170525,0.0036463246,0.0009489933,1.0,1294
ENSG00000144034,0.003644449,-0.0026093677,1.0,1295
ENSG00000070019,0.0036403679,-0.002126225,1.0,1296
ENSG00000119280,0.0036343,0.0018676281,1.0,1297
ENSG00000162551,0.003630802,0.0018849875,1.0,1298
ENSG00000169826,0.003627469,0.0022657977,1.0,1299
ENSG00000105784,0.0036259536,0.0018395988,1.0,1300
ENSG00000163141,0.0036246283,-0.0003820772,1.0,1301
ENSG00000134278,0.0036240388,0.0030812325,1.0,1302
ENSG00000157168,0.0036225442,0.0018059578,1.0,1303
ENSG00000136866,0.003622288,-0.0025540448,1.0,1304
ENSG00000164109,0.003619408,0.0011926753,1.0,1305
ENSG00000156110,0.0036193628,-5.1408104e-05,0.33333334,1306
ENSG00000086062,0.00361932,0.0024068307,1.0,1307
ENSG00000129925,0.0036188865,-0.0031178233,1.0,1308
ENSG00000145642,0.0036170662,0.0028784312,1.0,1309
ENSG00000101447,0.0036157717,0.00066444016,1.0,1310
ENSG00000167182,0.0036148466,0.003268225,1.0,1311
ENSG00000182674,0.003614338,0.002110685,1.0,1312
ENSG00000115257,0.0036130638,0.0023655656,1.0,1313
ENSG00000184194,0.0036113944,-0.00015670982,1.0,1314
ENSG00000178105,0.00360816,0.0032134268,1.0,1315
ENSG00000166454,0.0036056964,-0.0025550362,1.0,1316
ENSG00000130725,0.0036053427,0.002812056,1.0,1317
ENSG00000147174,0.0036037492,-0.0028630195,1.0,1318
ENSG00000170271,0.0036000952,-0.0019180629,1.0,1319
ENSG00000125821,0.0035992153,0.0013034492,1.0,1320
ENSG00000117477,0.003599006,0.0024664672,1.0,1321
ENSG00000160218,0.0035958074,-0.0011986512,0.33333334,1322
ENSG00000172410,0.0035953957,-0.0008929218,1.0,1323
ENSG00000036549,0.0035945687,0.0019779692,0.33333334,1324
ENSG00000160838,0.00359445,-3.7979276e-05,0.33333334,1325
ENSG00000134901,0.003590402,-0.0018625716,1.0,1326
ENSG00000179059,0.003589927,-0.00089010387,1.0,1327
ENSG00000064601,0.0035894297,0.003000546,1.0,1328
ENSG00000141448,0.0035881707,-0.0013043875,1.0,1329
ENSG00000165837,0.0035861507,-0.0032013701,1.0,1330
ENSG00000116514,0.0035853952,-0.0010408949,1.0,1331
ENSG00000167633,0.0035830669,0.0005268634,1.0,1332
ENSG00000138650,0.003582934,-0.000120865945,0.33333334,1333
ENSG00000116819,0.0035826338,-0.001305461,1.0,1334
ENSG00000166166,0.0035821097,-0.0025649338,1.0,1335
ENSG00000025156,0.0035788708,-0.0019526057,1.0,1336
ENSG00000077092,0.0035773388,0.0027822198,1.0,1337
ENSG00000131669,0.003572197,0.0030168956,1.0,1338
ENSG00000122882,0.0035721913,0.0018009957,1.0,1339
ENSG00000117385,0.0035716526,0.001527667,1.0,1340
ENSG00000080224,0.003571029,-0.002349032,1.0,1341
ENSG00000126562,0.0035708847,-0.00012652643,0.33333334,1342
ENSG00000171587,0.0035687222,0.0008446046,1.0,1343
ENSG00000177675,0.0035667743,0.0033995898,1.0,1344
ENSG00000146676,0.003566453,0.002534238,1.0,1345
ENSG00000123570,0.0035627435,0.00244898,1.0,1346
ENSG00000109861,0.0035624213,-0.0013468849,1.0,1347
ENSG00000189283,0.0035612937,0.0017286375,1.0,1348
ENSG00000176101,0.0035607268,0.0034433529,1.0,1349
ENSG00000196792,0.0035529349,0.002994176,1.0,1350
ENSG00000101384,0.0035528652,-0.0028458461,1.0,1351
ENSG00000108799,0.003550724,0.0030334673,1.0,1352
ENSG00000106327,0.0035500776,0.0014085778,1.0,1353
ENSG00000066322,0.0035452049,-0.0031253851,1.0,1354
ENSG00000115155,0.0035448072,0.00010652301,1.0,1355
ENSG00000188554,0.003544746,-0.0027004918,1.0,1356
ENSG00000167088,0.00354046,-0.0024316676,1.0,1357
ENSG00000173431,0.0035401403,-0.0030101214,1.0,1358
ENSG00000184702,0.0035348732,0.0020563211,1.0,1359
ENSG00000175189,0.0035333608,0.0005342079,1.0,1360
ENSG00000119042,0.003530426,-0.0011573485,1.0,1361
ENSG00000137075,0.0035295805,-0.0022912954,1.0,1362
ENSG00000171119,0.003528916,-0.0018531764,1.0,1363
ENSG00000114054,0.0035289023,-2.2625669e-05,0.33333334,1364
ENSG00000183908,0.0035288117,0.0007516744,1.0,1365
ENSG00000162769,0.0035274934,0.0014102779,1.0,1366
ENSG00000105705,0.0035271605,0.00216388,1.0,1367
ENSG00000172551,0.0035264455,-0.0007454129,1.0,1368
ENSG00000139219,0.0035251386,0.0011815316,1.0,1369
ENSG00000166851,0.0035193432,0.0022765272,1.0,1370
ENSG00000186501,0.0035187092,-0.0033814635,1.0,1371
ENSG00000161328,0.003516401,0.0016447925,1.0,1372
ENSG00000120436,0.0035129327,-0.0011739404,1.0,1373
ENSG00000137145,0.0035126135,-0.0034423654,1.0,1374
ENSG00000111859,0.0035125995,0.002565494,1.0,1375
ENSG00000071127,0.0035125955,-0.0017706989,1.0,1376
ENSG00000109436,0.0035099431,0.0026753955,1.0,1377
ENSG00000109065,0.0035013154,-0.00027003582,1.0,1378
ENSG00000158636,0.003500949,-0.0031648315,1.0,1379
ENSG00000112320,0.0034981703,2.015134e-05,0.33333334,1380
ENSG00000101310,0.0034973407,-0.0007787792,1.0,1381
ENSG00000134490,0.0034962248,-0.0022808802,1.0,1382
ENSG00000108379,0.0034930252,0.00034501738,1.0,1383
ENSG00000128645,0.0034927514,0.0007705113,1.0,1384
ENSG00000151233,0.003492194,-0.0025350372,1.0,1385
ENSG00000137267,0.0034920268,-0.0008140093,1.0,1386
ENSG00000182393,0.0034919195,-0.001686239,1.0,1387
ENSG00000009844,0.003488915,0.00014708233,0.33333334,1388
ENSG00000178789,0.0034863919,0.0014622541,1.0,1389
ENSG00000153976,0.0034859655,0.0005561774,1.0,1390
ENSG00000185823,0.0034839634,0.0029171342,1.0,1391
ENSG00000013275,0.0034833343,-0.0026560489,1.0,1392
ENSG00000126226,0.0034818957,0.002580127,1.0,1393
ENSG00000143839,0.003481474,-0.000428129,1.0,1394
ENSG00000181074,0.0034793492,0.0026435687,1.0,1395
ENSG00000120800,0.0034793243,0.0033300538,1.0,1396
ENSG00000181804,0.0034784433,0.0031339668,1.0,1397
ENSG00000174279,0.0034779767,-0.0007514162,1.0,1398
ENSG00000113734,0.0034765732,-0.0023730297,1.0,1399
ENSG00000111817,0.0034720947,0.0032103627,1.0,1400
ENSG00000136490,0.0034714595,-0.0016960696,1.0,1401
ENSG00000164181,0.0034707002,0.00045892972,1.0,1402
ENSG00000064489,0.0034682397,0.000747527,1.0,1403
ENSG00000006837,0.003466863,0.003171194,1.0,1404
ENSG00000172840,0.00346544,-0.0017110225,1.0,1405
ENSG00000039987,0.0034653086,-0.0012331115,1.0,1406
ENSG00000074319,0.0034624655,-0.002602519,1.0,1407
ENSG00000111231,0.0034605677,0.0021311427,1.0,1408
ENSG00000086967,0.003454445,0.000939457,1.0,1409
ENSG00000163806,0.0034539907,0.0028395634,1.0,1410
ENSG00000178741,0.0034526207,0.0032109034,1.0,1411
ENSG00000129221,0.0034518456,0.0013927426,1.0,1412
ENSG00000166428,0.0034517122,-0.00020702208,1.0,1413
ENSG00000171509,0.0034510216,-0.00025154604,1.0,1414
ENSG00000170396,0.0034474886,-0.0009063408,1.0,1415
ENSG00000146426,0.0034472207,0.0017432406,1.0,1416
ENSG00000066405,0.0034443385,0.00091508613,1.0,1417
ENSG00000151693,0.003442168,-0.0029080135,1.0,1418
ENSG00000083290,0.003441612,0.0024840028,1.0,1419
ENSG00000115556,0.0034409903,0.0022460718,1.0,1420
ENSG00000008282,0.0034404162,0.0010158826,1.0,1421
ENSG00000153827,0.003438795,0.0030073232,1.0,1422
ENSG00000185477,0.0034386162,0.0030297323,1.0,1423
ENSG00000078304,0.003438114,-0.0022491026,1.0,1424
ENSG00000020256,0.0034379857,-0.00026523139,1.0,1425
ENSG00000112624,0.003428056,-0.0025819738,1.0,1426
ENSG00000181396,0.0034278464,-0.0029431551,1.0,1427
ENSG00000129990,0.00342778,0.0016767428,1.0,1428
ENSG00000108950,0.003426784,-0.0018868786,1.0,1429
ENSG00000183831,0.0034145627,-0.0002820944,0.33333334,1430
ENSG00000100629,0.0034135461,-0.0031474102,1.0,1431
ENSG00000173137,0.003412417,0.002141516,1.0,1432
ENSG00000154330,0.0034112756,0.00094532635,1.0,1433
ENSG00000172878,0.0034082367,0.002358481,1.0,1434
ENSG00000140526,0.0034073573,-0.0023542128,1.0,1435
ENSG00000168970,0.0034070325,-0.0026077374,1.0,1436
ENSG00000133321,0.0034052525,0.0016232552,1.0,1437
ENSG00000104327,0.0034039393,-0.0020134666,1.0,1438
ENSG00000120727,0.0033988133,-0.0017278166,1.0,1439
ENSG00000139505,0.0033974096,-0.0026024524,1.0,1440
ENSG00000135387,0.003396475,-0.0025311566,1.0,1441
ENSG00000132635,0.0033964694,0.0002720052,0.33333334,1442
ENSG00000163632,0.0033955593,-0.0017314743,1.0,1443
ENSG00000130950,0.0033951353,-0.0023348352,1.0,1444
ENSG00000150045,0.0033946848,0.0018498168,1.0,1445
ENSG00000135336,0.0033945802,-0.0021915175,1.0,1446
ENSG00000148935,0.003393478,0.0018563996,1.0,1447
ENSG00000100603,0.0033926207,0.0013018284,1.0,1448
ENSG00000156218,0.0033856363,0.0025177987,1.0,1449
ENSG00000164120,0.003385158,-0.0003105062,1.0,1450
ENSG00000117650,0.0033845862,0.0009585954,1.0,1451
ENSG00000169188,0.0033843888,-0.0031200033,1.0,1452
ENSG00000051341,0.0033843152,-0.0029589068,1.0,1453
ENSG00000089472,0.0033836896,-0.00068176514,1.0,1454
ENSG00000187054,0.0033794686,-0.002691768,1.0,1455
ENSG00000141371,0.0033784285,-0.00042556497,1.0,1456
ENSG00000176533,0.003372067,-0.0011743591,1.0,1457
ENSG00000164794,0.003370161,-0.00022052733,1.0,1458
ENSG00000144580,0.0033688897,-0.0009242956,1.0,1459
ENSG00000156574,0.003367787,-0.0028189318,1.0,1460
ENSG00000135775,0.003366897,-0.0030995093,1.0,1461
ENSG00000108846,0.0033661446,0.00011741149,1.0,1462
ENSG00000163686,0.003365933,-0.0005882848,1.0,1463
ENSG00000005448,0.003365087,0.0020235137,1.0,1464
ENSG00000120160,0.0033644054,-0.003111395,1.0,1465
ENSG00000171204,0.003359108,0.0008277252,1.0,1466
ENSG00000196693,0.0033580803,0.0029482115,1.0,1467
ENSG00000174827,0.0033559685,0.0024698554,1.0,1468
ENSG00000089127,0.0033544775,-0.00055206753,1.0,1469
ENSG00000181029,0.003353622,0.002490056,1.0,1470
ENSG00000129472,0.0033530444,0.0016181929,1.0,1471
ENSG00000008018,0.0033527482,0.002566701,1.0,1472
ENSG00000073417,0.0033516928,-0.0031960409,1.0,1473
ENSG00000135945,0.0033497487,-0.0032635091,1.0,1474
ENSG00000169599,0.0033458555,0.0024123809,1.0,1475
ENSG00000141034,0.0033458415,0.00011943398,0.33333334,1476
ENSG00000054118,0.0033457272,-0.0026640694,1.0,1477
ENSG00000180828,0.0033455777,-0.00044905616,1.0,1478
ENSG00000024422,0.0033403095,0.002717328,1.0,1479
ENSG00000163607,0.0033390385,-0.0027310252,1.0,1480
ENSG00000164040,0.0033328135,0.0024230338,1.0,1481
ENSG00000179873,0.003327395,-0.00053943973,1.0,1482
ENSG00000163586,0.0033262547,-0.0010341621,1.0,1483
ENSG00000175215,0.0033261164,0.00013600702,1.0,1484
ENSG00000065361,0.0033243184,6.4968867e-06,0.33333334,1485
ENSG00000185651,0.00331816,0.0026639185,1.0,1486
ENSG00000188739,0.0033176753,0.0020908883,1.0,1487
ENSG00000128581,0.0033157703,0.0024610963,1.0,1488
ENSG00000026751,0.003313697,-0.00034823536,1.0,1489
ENSG00000164326,0.0033125735,-0.0005642878,0.33333334,1490
ENSG00000119862,0.0033118327,-0.00011547845,1.0,1491
ENSG00000088205,0.003307794,0.002728041,1.0,1492
ENSG00000136250,0.0033034484,-0.002789125,1.0,1493
ENSG00000142794,0.00330079,-0.0029798495,1.0,1494
ENSG00000116679,0.0032994624,0.0027151236,1.0,1495
ENSG00000104381,0.0032981432,0.002580612,1.0,1496
ENSG00000150477,0.0032974202,0.002730238,1.0,1497
ENSG00000180697,0.003296505,-0.002498232,1.0,1498
ENSG00000130119,0.0032957913,0.0022777335,1.0,1499
ENSG00000131473,0.0032931303,-0.001148903,1.0,1500
ENSG00000082701,0.0032926742,-0.0030800076,1.0,1501
ENSG00000119711,0.0032921527,-0.0011313977,1.0,1502
ENSG00000146013,0.0032899429,0.0020961969,1.0,1503
ENSG00000144136,0.0032882157,0.0028138526,1.0,1504
ENSG00000155827,0.0032879252,-0.0021017937,1.0,1505
ENSG00000123689,0.0032876255,-0.00041316962,1.0,1506
ENSG00000163600,0.0032855924,-0.0024835526,1.0,1507
ENSG00000184471,0.0032847095,-0.0016613901,1.0,1508
ENSG00000125571,0.0032823626,0.00024141256,0.33333334,1509
ENSG00000115295,0.0032822443,0.0031487204,1.0,1510
ENSG00000130684,0.0032821884,0.0031187264,1.0,1511
ENSG00000136816,0.003280305,-0.00036386703,1.0,1512
ENSG00000124194,0.0032791377,0.0021071618,1.0,1513
ENSG00000186329,0.0032788224,0.0005202074,1.0,1514
ENSG00000136240,0.0032783167,-0.0025009888,1.0,1515
ENSG00000118508,0.0032762478,-0.0013831271,1.0,1516
ENSG00000162426,0.0032719907,0.0017392529,1.0,1517
ENSG00000130159,0.0032674156,0.0030324527,1.0,1518
ENSG00000187243,0.0032662933,-0.00083169574,1.0,1519
ENSG00000170482,0.0032662598,-0.00088949356,1.0,1520
ENSG00000164520,0.003265205,0.0012162578,1.0,1521
ENSG00000184588,0.0032649275,-0.0026237199,1.0,1522
ENSG00000196678,0.0032643273,-0.0029692308,1.0,1523
ENSG00000154102,0.0032639697,0.0011630333,1.0,1524
ENSG00000111481,0.003262705,-0.0023343554,1.0,1525
ENSG00000168484,0.0032621392,1.5056672e-06,0.33333334,1526
ENSG00000174227,0.0032598162,0.002590168,1.0,1527
ENSG00000178878,0.0032571536,-0.0017263448,1.0,1528
ENSG00000133475,0.0032553354,-0.00090725144,1.0,1529
ENSG00000173064,0.0032551028,-0.0029432606,1.0,1530
ENSG00000170296,0.0032550208,-0.0014127769,1.0,1531
ENSG00000163933,0.0032547868,0.0017436271,1.0,1532
ENSG00000147206,0.0032516585,0.00025883084,1.0,1533
ENSG00000178226,0.0032445744,0.0016993898,1.0,1534
ENSG00000072958,0.0032437684,-0.0025674272,1.0,1535
ENSG00000185215,0.003240604,-4.7042657e-05,0.33333334,1536
ENSG00000185187,0.0032405357,0.0022764362,1.0,1537
ENSG00000091622,0.0032376407,-6.693881e-09,0.33333334,1538
ENSG00000164093,0.0032328523,-0.00061574765,1.0,1539
ENSG00000144868,0.0032317864,0.00016718563,0.33333334,1540
ENSG00000196275,0.003230321,-0.0015467727,1.0,1541
ENSG00000135406,0.0032289273,-0.0012631452,1.0,1542
ENSG00000196427,0.0032285545,-0.0008222933,1.0,1543
ENSG00000184148,0.0032285533,-0.00091635616,1.0,1544
ENSG00000047365,0.0032250115,0.0027079647,1.0,1545
ENSG00000079277,0.003224546,0.0017004324,1.0,1546
ENSG00000135482,0.0032217707,-0.0020739497,1.0,1547
ENSG00000173585,0.0032207116,0.0026209196,1.0,1548
ENSG00000184113,0.0032204122,-0.002230537,1.0,1549
ENSG00000164342,0.0032204075,-0.001697742,1.0,1550
ENSG00000065457,0.0032189656,-0.002705355,1.0,1551
ENSG00000164406,0.003216081,0.0014266069,1.0,1552
ENSG00000144648,0.0032117467,-0.00028173462,0.33333334,1553
ENSG00000159176,0.0032106629,0.001867407,1.0,1554
ENSG00000140987,0.0032096363,0.0022351537,1.0,1555
ENSG00000188015,0.0032054007,0.0011382452,1.0,1556
ENSG00000171291,0.0032044284,-0.0020004832,1.0,1557
ENSG00000125630,0.0032040915,0.0026813552,1.0,1558
ENSG00000170893,0.003203639,-0.0002163779,1.0,1559
ENSG00000103966,0.0032028006,-0.00012277561,0.33333334,1560
ENSG00000122550,0.0031971976,-0.0015873133,1.0,1561
ENSG00000176731,0.0031963347,-0.00026238852,1.0,1562
ENSG00000177542,0.0031961033,0.0028956635,1.0,1563
ENSG00000132205,0.0031950863,-0.0019782137,1.0,1564
ENSG00000042493,0.0031949452,-0.001509959,1.0,1565
ENSG00000118160,0.0031942325,0.001108353,1.0,1566
ENSG00000169126,0.0031920362,0.00072818453,1.0,1567
ENSG00000143947,0.0031918548,-0.0012822006,1.0,1568
ENSG00000101198,0.0031912837,-0.00023217872,1.0,1569
ENSG00000168491,0.0031904473,0.0021897897,1.0,1570
ENSG00000185404,0.003185955,0.0025565373,1.0,1571
ENSG00000065618,0.0031838214,0.0013950831,1.0,1572
ENSG00000176302,0.0031819467,-0.0005629973,1.0,1573
ENSG00000134317,0.0031774975,0.002106934,1.0,1574
ENSG00000184304,0.003177056,0.0023099573,1.0,1575
ENSG00000108924,0.0031723126,0.001427193,1.0,1576
ENSG00000189067,0.0031699662,-0.0017432504,1.0,1577
ENSG00000175489,0.003164636,-0.00014198167,1.0,1578
ENSG00000087157,0.0031633659,0.002360989,1.0,1579
ENSG00000054803,0.0031629791,-0.00028660308,1.0,1580
ENSG00000101052,0.0031586823,0.00079881045,1.0,1581
ENSG00000154832,0.0031584175,0.0023812703,1.0,1582
ENSG00000141934,0.0031556182,0.001425405,1.0,1583
ENSG00000158497,0.0031554208,-0.0007744126,1.0,1584
ENSG00000163961,0.0031547088,0.0024473525,1.0,1585
ENSG00000051009,0.00315423,-0.00042290895,1.0,1586
ENSG00000186310,0.0031527986,0.00064950204,1.0,1587
ENSG00000163297,0.0031521793,0.00215526,1.0,1588
ENSG00000177839,0.0031517379,-0.0009162303,1.0,1589
ENSG00000139890,0.0031490063,-0.00093849964,1.0,1590
ENSG00000067955,0.0031466617,-0.0006539114,1.0,1591
ENSG00000112115,0.0031457085,-0.0011755708,1.0,1592
ENSG00000137825,0.0031401087,0.0017590259,1.0,1593
ENSG00000171475,0.0031354318,-0.002789792,1.0,1594
ENSG00000005981,0.0031287502,-0.00081295037,1.0,1595
ENSG00000100583,0.0031272434,-0.0023136802,1.0,1596
ENSG00000104059,0.0031269426,-0.0005353912,1.0,1597
ENSG00000154438,0.0031220887,0.0009090665,1.0,1598
ENSG00000124795,0.0031217167,0.0016359463,1.0,1599
ENSG00000089163,0.0031206284,0.00014241786,0.33333334,1600
ENSG00000125691,0.0031193963,-0.0024349773,1.0,1601
ENSG00000171940,0.0031185735,0.002336725,1.0,1602
ENSG00000141098,0.0031160943,0.00026575514,1.0,1603
ENSG00000138798,0.0031136975,0.002171798,1.0,1604
ENSG00000147669,0.0031127364,-0.0022579867,1.0,1605
ENSG00000104880,0.0031099422,0.0019079832,1.0,1606
ENSG00000186212,0.003106571,-0.000303943,1.0,1607
ENSG00000102195,0.003100914,0.00029266454,0.33333334,1608
ENSG00000159231,0.0030999437,-0.0003607164,1.0,1609
ENSG00000166159,0.0030994974,-0.00021597907,0.33333334,1610
ENSG00000018236,0.003098495,-0.001532798,1.0,1611
ENSG00000008952,0.0030963253,-0.0006515255,1.0,1612
ENSG00000179292,0.0030957435,0.0012605498,1.0,1613
ENSG00000175514,0.0030920084,0.0013040194,1.0,1614
ENSG00000130829,0.0030912857,0.0010292736,1.0,1615
ENSG00000130182,0.0030903902,-0.0012459926,1.0,1616
ENSG00000151835,0.0030879378,-0.0029351178,1.0,1617
ENSG00000069275,0.003085317,0.0015970798,1.0,1618
ENSG00000141522,0.0030808963,-0.002016482,1.0,1619
ENSG00000177363,0.0030786593,-0.0004857191,1.0,1620
ENSG00000029363,0.0030774921,0.0028377008,1.0,1621
ENSG00000116704,0.0030773145,0.0026128485,1.0,1622
ENSG00000104524,0.0030736923,0.0026197636,1.0,1623
ENSG00000167613,0.003069463,-0.001605351,1.0,1624
ENSG00000106128,0.003068365,0.0008321023,1.0,1625
ENSG00000088766,0.0030680755,0.000107777596,0.33333334,1626
ENSG00000055130,0.003067067,0.002001383,1.0,1627
ENSG00000144283,0.0030662261,-0.0019232519,1.0,1628
ENSG00000138207,0.003065598,0.001311338,1.0,1629
ENSG00000152133,0.0030651689,0.0026616547,1.0,1630
ENSG00000100433,0.0030647956,-0.0006512711,1.0,1631
ENSG00000111339,0.0030628238,0.0024166992,1.0,1632
ENSG00000053501,0.0030618513,0.0028769728,1.0,1633
ENSG00000013306,0.0030616038,0.0027116078,1.0,1634
ENSG00000159674,0.0030593656,0.0016210292,1.0,1635
ENSG00000081014,0.003058947,-0.0019776563,1.0,1636
ENSG00000065717,0.0030577192,0.0018622167,1.0,1637
ENSG00000167775,0.0030545585,0.0027868552,1.0,1638
ENSG00000104853,0.0030469156,0.0017200658,1.0,1639
ENSG00000164305,0.003043982,0.00093862694,1.0,1640
ENSG00000134824,0.0030428432,0.0011497849,1.0,1641
ENSG00000170448,0.0030418318,0.0029304053,1.0,1642
ENSG00000196604,0.0030412965,-0.0028994707,1.0,1643
ENSG00000170545,0.0030400679,-0.0013128798,1.0,1644
ENSG00000147044,0.003039331,0.0017935688,1.0,1645
ENSG00000006659,0.0030388504,0.0009814821,1.0,1646
ENSG00000157483,0.0030383894,-0.002261631,1.0,1647
ENSG00000105173,0.0030322124,0.0019379208,1.0,1648
ENSG00000167552,0.0030205816,-0.00069786253,1.0,1649
ENSG00000159256,0.0030201257,0.002638703,1.0,1650
ENSG00000081870,0.0030189299,-0.00019460439,1.0,1651
ENSG00000160298,0.003012736,-4.502894e-05,0.33333334,1652
ENSG00000165359,0.0030082932,0.002714847,1.0,1653
ENSG00000185432,0.0030067444,0.00044846753,1.0,1654
ENSG00000118518,0.0030056841,0.002607404,1.0,1655
ENSG00000183421,0.003002476,0.00046630428,1.0,1656
ENSG00000141505,0.0030022163,-0.0010695163,1.0,1657
ENSG00000153914,0.0030021968,0.0028993466,1.0,1658
ENSG00000162482,0.0029997558,0.00055046455,1.0,1659
ENSG00000196074,0.00299869,0.0024382246,1.0,1660
ENSG00000023608,0.0029962885,-0.0009639359,1.0,1661
ENSG00000159423,0.00299599,-0.0016840134,1.0,1662
ENSG00000070915,0.0029956333,-0.00014621812,0.33333334,1663
ENSG00000159322,0.0029955236,-0.002176634,1.0,1664
ENSG00000172243,0.0029947658,-0.0024329296,1.0,1665
ENSG00000176390,0.002994465,-0.0021092312,1.0,1666
ENSG00000075790,0.0029916933,-0.0028625727,1.0,1667
ENSG00000147010,0.0029874675,-0.00027900943,1.0,1668
ENSG00000167904,0.0029850833,0.000783962,1.0,1669
ENSG00000152944,0.00298422,-0.0009108819,1.0,1670
ENSG00000162241,0.0029831894,-0.0001662245,0.33333334,1671
ENSG00000012504,0.002982532,0.0012825852,1.0,1672
ENSG00000049239,0.0029814206,-0.000409151,1.0,1673
ENSG00000165819,0.0029798134,0.0024294376,1.0,1674
ENSG00000118762,0.0029761419,-0.0025562532,1.0,1675
ENSG00000101331,0.002975716,-0.0012533969,1.0,1676
ENSG00000167978,0.0029698594,-0.0018141735,1.0,1677
ENSG00000031823,0.002968299,0.0022241704,1.0,1678
ENSG00000185664,0.002967445,-0.0009112006,1.0,1679
ENSG00000196141,0.0029665388,0.00084125437,1.0,1680
ENSG00000184454,0.0029600316,0.000398432,1.0,1681
ENSG00000182858,0.002960019,0.0012573154,1.0,1682
ENSG00000171314,0.0029577585,-0.0012244938,1.0,1683
ENSG00000076716,0.0029557934,-0.0010283142,1.0,1684
ENSG00000152763,0.0029554553,-0.0018640136,1.0,1685
ENSG00000186350,0.002951733,-0.0022809354,1.0,1686
ENSG00000169758,0.0029513985,-0.00085509336,0.33333334,1687
ENSG00000132017,0.002951163,-0.0025592286,1.0,1688
ENSG00000103275,0.0029497414,-0.0020205178,1.0,1689
ENSG00000100360,0.0029488457,0.0007564512,1.0,1690
ENSG00000142208,0.002947106,-0.0012055103,1.0,1691
ENSG00000103174,0.002946615,0.001810334,1.0,1692
ENSG00000164985,0.0029464902,-0.0008130611,1.0,1693
ENSG00000153936,0.00294542,0.000777022,1.0,1694
ENSG00000162873,0.0029443437,-0.00046709887,1.0,1695
ENSG00000152292,0.00293949,0.0006890453,1.0,1696
ENSG00000179344,0.0029382324,0.00015381262,0.33333334,1697
ENSG00000152443,0.0029358242,-0.002481292,1.0,1698
ENSG00000186190,0.0029308528,-5.4954686e-05,0.33333334,1699
ENSG00000111247,0.0029288859,-0.0004978273,1.0,1700
ENSG00000163322,0.0029260807,-0.0021255633,1.0,1701
ENSG00000101236,0.0029258903,0.0010769832,1.0,1702
ENSG00000157578,0.002924271,-0.0017609005,1.0,1703
ENSG00000106080,0.0029207068,-0.0025026754,1.0,1704
ENSG00000185567,0.0029201414,-0.0019437006,1.0,1705
ENSG00000170852,0.0029165696,0.002335821,1.0,1706
ENSG00000187664,0.0029145747,-0.00027428372,0.33333334,1707
ENSG00000164733,0.0029128229,0.0014291694,1.0,1708
ENSG00000120251,0.002912612,0.0007330473,1.0,1709
ENSG00000151687,0.0029123286,0.0003285186,0.33333334,1710
ENSG00000140876,0.0029113193,0.0011865192,1.0,1711
ENSG00000155760,0.002910236,-0.0008601276,1.0,1712
ENSG00000102312,0.002909381,0.0020879337,1.0,1713
ENSG00000154079,0.00290905,-0.0005217816,1.0,1714
ENSG00000180053,0.0029088713,-0.0011058388,1.0,1715
ENSG00000167705,0.0029083744,-0.0019035554,1.0,1716
ENSG00000189164,0.0029082054,0.002389497,1.0,1717
ENSG00000117592,0.0029041201,0.002203606,1.0,1718
ENSG00000113312,0.0029005196,-0.0014272261,1.0,1719
ENSG00000187758,0.0028991343,-0.0025577229,1.0,1720
ENSG00000010704,0.0028914167,-0.0009616982,1.0,1721
ENSG00000179580,0.0028904646,0.0020203919,1.0,1722
ENSG00000159495,0.0028895317,0.0014904955,1.0,1723
ENSG00000177138,0.002888811,-0.0010500855,1.0,1724
ENSG00000164188,0.0028886527,-0.0019700539,1.0,1725
ENSG00000156304,0.0028856562,-0.000729458,1.0,1726
ENSG00000122958,0.0028840338,-0.0018822463,1.0,1727
ENSG00000090776,0.0028816855,-0.0017975719,1.0,1728
ENSG00000169432,0.002879488,-0.0023055552,1.0,1729
ENSG00000187080,0.0028784561,0.0016152249,1.0,1730
ENSG00000170791,0.002877011,-0.0004674053,1.0,1731
ENSG00000128989,0.0028746903,-0.001990539,1.0,1732
ENSG00000119953,0.0028746333,-0.00078355387,1.0,1733
ENSG00000126768,0.0028741527,-0.0025118187,1.0,1734
ENSG00000034533,0.0028720086,0.0026346014,1.0,1735
ENSG00000131374,0.0028718933,0.0021490802,1.0,1736
ENSG00000147684,0.0028717553,-0.0022546498,1.0,1737
ENSG00000186399,0.0028714386,-0.0013468243,1.0,1738
ENSG00000166292,0.0028675396,0.00049731514,1.0,1739
ENSG00000138279,0.0028645627,-0.0012209706,1.0,1740
ENSG00000183378,0.0028633866,0.00241813,1.0,1741
ENSG00000183763,0.0028600981,0.0008289665,1.0,1742
ENSG00000143811,0.0028570045,0.001961969,1.0,1743
ENSG00000029639,0.0028563451,0.002685142,1.0,1744
ENSG00000115942,0.0028557384,-0.0024432105,1.0,1745
ENSG00000158050,0.0028552304,0.0010865958,1.0,1746
ENSG00000111644,0.002853966,0.0010180891,1.0,1747
ENSG00000113966,0.0028524958,-0.002241422,1.0,1748
ENSG00000134690,0.0028495763,0.0016776774,1.0,1749
ENSG00000128886,0.0028480527,-0.0009061646,1.0,1750
ENSG00000075975,0.0028476336,-0.0016413791,1.0,1751
ENSG00000184160,0.002847611,-0.0011544885,1.0,1752
ENSG00000104866,0.0028459954,0.0019870552,1.0,1753
ENSG00000008513,0.002845126,0.0018310803,1.0,1754
ENSG00000125046,0.0028417297,0.0013826959,1.0,1755
ENSG00000187514,0.002841534,-0.0018483676,1.0,1756
ENSG00000013588,0.0028407834,0.001149139,1.0,1757
ENSG00000187186,0.00284063,-0.0011874329,1.0,1758
ENSG00000166407,0.0028406281,-0.00032887817,1.0,1759
ENSG00000004809,0.0028389592,0.0006025762,1.0,1760
ENSG00000168283,0.002838,0.0017988682,1.0,1761
ENSG00000143553,0.0028337874,0.0018614599,1.0,1762
ENSG00000167671,0.0028336232,0.002345116,1.0,1763
ENSG00000146242,0.0028315561,0.0002696412,0.33333334,1764
ENSG00000114956,0.0028315291,0.0023850936,1.0,1765
ENSG00000145425,0.0028301252,0.00027292865,1.0,1766
ENSG00000148688,0.0028297624,-0.0011870745,1.0,1767
ENSG00000182256,0.0028289512,-0.00024128261,0.33333334,1768
ENSG00000126860,0.0028277251,-0.0011765173,1.0,1769
ENSG00000105989,0.0028263957,0.00035394783,1.0,1770
ENSG00000114573,0.002823897,0.0025239615,1.0,1771
ENSG00000165113,0.002823308,-0.0011872831,1.0,1772
ENSG00000117298,0.0028217433,0.002000021,1.0,1773
ENSG00000101098,0.0028208054,0.00014601792,0.33333334,1774
ENSG00000148584,0.0028201144,0.0005191566,1.0,1775
ENSG00000168255,0.0028188087,-0.0012054638,1.0,1776
ENSG00000196209,0.0028182964,-0.0011311978,1.0,1777
ENSG00000161653,0.0028181812,0.00035887482,1.0,1778
ENSG00000125245,0.002814436,0.0019462627,0.33333334,1779
ENSG00000165794,0.0028139038,-0.0004822498,1.0,1780
ENSG00000086730,0.002813342,-0.0005978852,1.0,1781
ENSG00000158246,0.002810373,0.0008569376,1.0,1782
ENSG00000164576,0.00280776,-0.0017896538,1.0,1783
ENSG00000189325,0.002807539,-0.0004177936,1.0,1784
ENSG00000100564,0.0028047618,0.00074680353,1.0,1785
ENSG00000161714,0.0028044975,-0.0022594004,1.0,1786
ENSG00000159842,0.0028036681,-0.0007174818,1.0,1787
ENSG00000189306,0.002800496,0.0016574917,1.0,1788
ENSG00000141013,0.0027988756,-0.0011037785,1.0,1789
ENSG00000169306,0.0027988597,0.001884106,1.0,1790
ENSG00000140694,0.0027987969,0.0016318342,1.0,1791
ENSG00000107897,0.002798219,-0.0019650708,1.0,1792
ENSG00000101473,0.0027979724,0.0013227924,1.0,1793
ENSG00000145736,0.0027972944,-0.0022620033,1.0,1794
ENSG00000160325,0.002796932,-0.002035887,1.0,1795
ENSG00000074695,0.002795561,0.0015136156,1.0,1796
ENSG00000158865,0.0027946031,0.00028475103,1.0,1797
ENSG00000048392,0.0027933253,0.0018989308,1.0,1798
ENSG00000132259,0.0027926676,0.00028739392,1.0,1799
ENSG00000196169,0.0027890215,0.0010233006,1.0,1800
ENSG00000196387,0.0027872662,0.0023214435,1.0,1801
ENSG00000177045,0.0027868499,0.002324431,1.0,1802
ENSG00000185013,0.0027846238,0.0026395738,1.0,1803
ENSG00000145860,0.0027840359,-0.0019395723,1.0,1804
ENSG00000148356,0.002783018,-0.0007060038,1.0,1805
ENSG00000169926,0.0027826757,-0.0011092344,1.0,1806
ENSG00000106976,0.0027821937,0.00035981252,1.0,1807
ENSG00000189227,0.002781275,0.0015191889,1.0,1808
ENSG00000109654,0.002780604,-0.0016297238,1.0,1809
ENSG00000123560,0.002780412,-0.00080093695,1.0,1810
ENSG00000126603,0.002780271,-0.001882338,1.0,1811
ENSG00000179954,0.002777768,0.0019658275,1.0,1812
ENSG00000170248,0.0027768866,0.0021488054,1.0,1813
ENSG00000183020,0.002776487,0.0016077695,1.0,1814
ENSG00000138379,0.0027736966,-0.0013804296,1.0,1815
ENSG00000105732,0.0027733939,0.0020140756,1.0,1816
ENSG00000173212,0.0027733317,0.0018572975,1.0,1817
ENSG00000169744,0.0027715152,-0.0015262711,1.0,1818
ENSG00000067836,0.0027709648,-0.0021994952,1.0,1819
ENSG00000157514,0.0027706036,0.0012863207,1.0,1820
ENSG00000127580,0.0027700893,0.0023148113,1.0,1821
ENSG00000147548,0.0027698576,-0.0022886877,1.0,1822
ENSG00000138071,0.0027616627,0.0003730714,1.0,1823
ENSG00000110171,0.0027605742,-0.0008873257,1.0,1824
ENSG00000119537,0.0027573733,-0.00011469604,0.33333334,1825
ENSG00000140416,0.0027566983,0.0019040526,1.0,1826
ENSG00000181733,0.0027562513,0.00094389427,1.0,1827
ENSG00000196867,0.0027495408,0.0022414967,1.0,1828
ENSG00000183395,0.0027471266,-0.0014998172,0.33333334,1829
ENSG00000119138,0.002744981,0.0018049823,1.0,1830
ENSG00000173020,0.0027428707,-0.0019761617,1.0,1831
ENSG00000184281,0.0027404483,-0.002010026,1.0,1832
ENSG00000171408,0.0027401585,-0.0014715189,1.0,1833
ENSG00000101958,0.0027398898,-0.001219857,1.0,1834
ENSG00000196730,0.0027396593,0.0016977503,1.0,1835
ENSG00000188219,0.002739637,-0.0024203637,1.0,1836
ENSG00000123983,0.002736017,-0.0020576492,1.0,1837
ENSG00000196290,0.0027338911,0.00023858773,1.0,1838
ENSG00000103507,0.0027338595,-0.0024578252,1.0,1839
ENSG00000101280,0.0027309584,-0.0004406655,1.0,1840
ENSG00000168938,0.0027298282,0.0010525662,1.0,1841
ENSG00000170775,0.0027284173,-0.00020197465,0.33333334,1842
ENSG00000164309,0.0027250927,0.0025035944,1.0,1843
ENSG00000171401,0.0027250831,0.0002307094,1.0,1844
ENSG00000130332,0.0027240908,-0.0021095036,1.0,1845
ENSG00000047230,0.0027235325,0.0011876865,1.0,1846
ENSG00000110046,0.002722956,-0.0022631409,1.0,1847
ENSG00000159884,0.0027222375,-0.00061618316,0.33333334,1848
ENSG00000125831,0.0027203644,0.0003400025,1.0,1849
ENSG00000112339,0.0027203516,-0.002505223,1.0,1850
ENSG00000163882,0.0027201492,-0.0014851941,1.0,1851
ENSG00000101126,0.0027153278,0.0019175159,1.0,1852
ENSG00000126215,0.0027122954,0.0011117448,1.0,1853
ENSG00000056277,0.0027114565,-0.0024389622,1.0,1854
ENSG00000173638,0.002709579,0.002152135,1.0,1855
ENSG00000066230,0.0027091044,-0.00022681343,0.33333334,1856
ENSG00000135114,0.0027085152,-0.00090109877,1.0,1857
ENSG00000148204,0.002708073,0.00034759272,1.0,1858
ENSG00000041988,0.002706311,0.0014118383,1.0,1859
ENSG00000054392,0.0027057559,0.0019241087,1.0,1860
ENSG00000187492,0.00270419,-0.00081180915,1.0,1861
ENSG00000107731,0.0027037954,0.0005038328,1.0,1862
ENSG00000175550,0.0027018108,0.0020928166,1.0,1863
ENSG00000157445,0.002700302,0.0015405817,1.0,1864
ENSG00000077238,0.0027000115,0.00079768786,1.0,1865
ENSG00000129295,0.0026999207,-0.0014882932,1.0,1866
ENSG00000145391,0.0026991826,0.0021570348,1.0,1867
ENSG00000139116,0.002697502,0.0020234885,1.0,1868
ENSG00000182557,0.0026965586,0.00021135707,1.0,1869
ENSG00000068120,0.0026958808,-0.0012488542,0.33333334,1870
ENSG00000085415,0.0026958203,-0.00040747985,1.0,1871
ENSG00000182240,0.0026954815,-0.00079527195,1.0,1872
ENSG00000182578,0.0026948445,-0.001226588,1.0,1873
ENSG00000178187,0.00269306,0.0020915645,1.0,1874
ENSG00000033100,0.0026909637,-0.0007230714,1.0,1875
ENSG00000118402,0.0026882465,1.6794433e-05,0.33333334,1876
ENSG00000005189,0.0026863012,-0.0016496134,1.0,1877
ENSG00000101144,0.0026859872,-0.0007795254,1.0,1878
ENSG00000151611,0.00268537,0.002125399,1.0,1879
ENSG00000119919,0.0026842204,0.00020265738,0.33333334,1880
ENSG00000164485,0.0026832216,-0.0003227384,1.0,1881
ENSG00000188033,0.0026815843,0.0021199002,1.0,1882
ENSG00000151117,0.002681249,0.0012121898,1.0,1883
ENSG00000132671,0.0026793617,0.0006916309,1.0,1884
ENSG00000095370,0.002679325,-0.0014768488,1.0,1885
ENSG00000137699,0.0026789391,-0.00030346605,1.0,1886
ENSG00000099377,0.002675866,0.0021096547,1.0,1887
ENSG00000196743,0.0026731668,-0.0009415222,1.0,1888
ENSG00000115539,0.0026711372,-0.001310635,1.0,1889
ENSG00000010244,0.0026701617,-0.001264583,1.0,1890
ENSG00000181450,0.0026680029,0.0017917136,1.0,1891
ENSG00000178033,0.0026677859,0.0017730965,1.0,1892
ENSG00000169203,0.0026677216,-0.0023438192,1.0,1893
ENSG00000012174,0.002667173,0.00021872365,1.0,1894
ENSG00000114784,0.0026659165,-0.001468226,1.0,1895
ENSG00000167157,0.002662288,0.0014946098,1.0,1896
ENSG00000175707,0.0026615432,0.0013012824,1.0,1897
ENSG00000104833,0.0026606917,0.00074088137,1.0,1898
ENSG00000155008,0.0026595935,-0.00015033844,0.33333334,1899
ENSG00000165309,0.0026583972,0.00029298628,1.0,1900
ENSG00000173391,0.002657312,-0.0013545632,1.0,1901
ENSG00000157827,0.0026566107,-0.0021985727,1.0,1902
ENSG00000173960,0.0026565522,-0.0009417658,1.0,1903
ENSG00000156804,0.0026541455,-0.0014522978,1.0,1904
ENSG00000185127,0.0026526197,-0.0014926881,1.0,1905
ENSG00000135605,0.0026515487,-0.0019910354,1.0,1906
ENSG00000143157,0.0026501257,-0.001608021,1.0,1907
ENSG00000196091,0.002647341,-0.00024168032,1.0,1908
ENSG00000104320,0.0026464134,-0.0023001311,1.0,1909
ENSG00000188124,0.0026455682,0.0024629447,1.0,1910
ENSG00000107263,0.0026455093,-0.00025547747,1.0,1911
ENSG00000154309,0.0026453312,0.002456846,1.0,1912
ENSG00000060642,0.0026451452,-0.0004628778,1.0,1913
ENSG00000185298,0.0026425186,-0.002203569,1.0,1914
ENSG00000167799,0.0026408539,0.002048584,1.0,1915
ENSG00000170498,0.002638515,-0.0018011853,1.0,1916
ENSG00000139437,0.0026378848,-0.0009750418,1.0,1917
ENSG00000188529,0.002635367,-0.0019834156,1.0,1918
ENSG00000037637,0.0026349714,0.0017223256,1.0,1919
ENSG00000145703,0.0026339758,-0.0013604978,1.0,1920
ENSG00000196189,0.0026307786,0.0009380399,1.0,1921
ENSG00000014123,0.0026295579,-0.002161301,1.0,1922
ENSG00000006576,0.0026280116,0.0021935145,1.0,1923
ENSG00000153234,0.002627333,-9.2134715e-06,0.33333334,1924
ENSG00000064835,0.0026234163,-0.0018125138,1.0,1925
ENSG00000176208,0.0026233122,-0.0023094406,1.0,1926
ENSG00000135903,0.0026231986,-0.0015544576,1.0,1927
ENSG00000179938,0.0026216032,0.0019845648,1.0,1928
ENSG00000106560,0.0026209403,0.0018585793,1.0,1929
ENSG00000052723,0.0026188653,-0.0017572284,1.0,1930
ENSG00000123384,0.0026187757,-0.00083460007,1.0,1931
ENSG00000104043,0.002615568,-0.0017322119,1.0,1932
ENSG00000125351,0.0026153123,0.0009344762,1.0,1933
ENSG00000136908,0.0026151359,-0.0011712966,1.0,1934
ENSG00000082996,0.0026143333,0.0017691128,1.0,1935
ENSG00000163867,0.002613795,-0.0017361534,1.0,1936
ENSG00000182446,0.0026137743,-0.00045829275,1.0,1937
ENSG00000183248,0.0026130732,-0.0023036262,1.0,1938
ENSG00000057663,0.0026126613,-0.00144818,1.0,1939
ENSG00000174842,0.0026118408,-0.002084703,1.0,1940
ENSG00000103319,0.002608739,0.0012920831,1.0,1941
ENSG00000113194,0.0026085398,-0.000891512,1.0,1942
ENSG00000108551,0.0026067179,0.0013102476,1.0,1943
ENSG00000151364,0.0026051223,-0.00069808384,1.0,1944
ENSG00000138614,0.0026035672,-0.00034360643,1.0,1945
ENSG00000150636,0.002598828,0.00246464,1.0,1946
ENSG00000021776,0.0025981702,-0.0011264278,0.33333334,1947
ENSG00000182771,0.0025972864,0.0007402249,1.0,1948
ENSG00000177202,0.0025968195,-0.00017785619,0.33333334,1949
ENSG00000122592,0.00259665,0.0004802096,1.0,1950
ENSG00000171604,0.0025927504,-0.0017116177,1.0,1951
ENSG00000196411,0.0025924514,-0.000911877,1.0,1952
ENSG00000129116,0.002591584,0.00026561425,1.0,1953
ENSG00000166796,0.0025913827,-9.7304e-05,0.33333334,1954
ENSG00000163362,0.002590891,0.0004181545,1.0,1955
ENSG00000168743,0.002590859,-0.00010837909,0.33333334,1956
ENSG00000162129,0.002590597,0.0019260998,1.0,1957
ENSG00000138792,0.0025896868,0.001980775,1.0,1958
ENSG00000109113,0.0025895906,-0.0012611845,1.0,1959
ENSG00000139726,0.002588677,0.0003237347,1.0,1960
ENSG00000103546,0.002587495,0.0002606639,1.0,1961
ENSG00000172724,0.0025863524,3.946658e-05,0.33333334,1962
ENSG00000054654,0.00258376,-0.0021023408,1.0,1963
ENSG00000156171,0.002582496,-0.00014990768,0.33333334,1964
ENSG00000155428,0.0025791414,-0.00083682156,1.0,1965
ENSG00000168955,0.002576872,-4.1479096e-05,0.33333334,1966
ENSG00000111707,0.0025761512,-0.0021581855,1.0,1967
ENSG00000182185,0.0025758531,0.00057418837,0.33333334,1968
ENSG00000130751,0.0025757866,-0.001535839,1.0,1969
ENSG00000164299,0.0025750706,-0.0013781317,1.0,1970
ENSG00000173258,0.002572147,0.0022734979,1.0,1971
ENSG00000116991,0.0025711043,-0.0020464174,1.0,1972
ENSG00000158887,0.0025690743,-0.0009506033,1.0,1973
ENSG00000163093,0.0025666521,0.00074997544,1.0,1974
ENSG00000101751,0.0025649685,0.0023702304,1.0,1975
ENSG00000111799,0.0025638363,-0.001659356,1.0,1976
ENSG00000035720,0.0025628025,-0.0006484145,1.0,1977
ENSG00000137274,0.0025610228,0.0009388843,1.0,1978
ENSG00000137656,0.0025601343,-0.00019493414,1.0,1979
ENSG00000158125,0.002557404,0.0010091186,1.0,1980
ENSG00000112308,0.0025568928,0.0006295373,1.0,1981
ENSG00000023330,0.002555908,0.0012181364,1.0,1982
ENSG00000105357,0.0025550418,0.0014918917,1.0,1983
ENSG00000106333,0.0025549785,-0.001769369,1.0,1984
ENSG00000167601,0.0025532136,-0.00091695023,1.0,1985
ENSG00000176225,0.0025501905,-0.00048618825,0.33333334,1986
ENSG00000173406,0.00254973,0.00097588357,1.0,1987
ENSG00000104228,0.0025485966,-0.0019775531,1.0,1988
ENSG00000116096,0.0025444909,0.0014710696,1.0,1989
ENSG00000076650,0.0025441574,0.0011734659,1.0,1990
ENSG00000121774,0.0025433768,-0.0014669803,1.0,1991
ENSG00000189090,0.002543202,-0.0016029715,1.0,1992
ENSG00000160951,0.0025427293,-0.0011181916,0.33333334,1993
ENSG00000129484,0.002540836,0.00062250614,1.0,1994
ENSG00000119938,0.0025403223,0.0013019656,1.0,1995
ENSG00000131437,0.0025371935,-0.002222797,1.0,1996
ENSG00000161091,0.0025371893,0.0017845525,1.0,1997
ENSG00000113758,0.002533323,-0.0014709485,1.0,1998
ENSG00000158966,0.0025329774,0.0012705774,1.0,1999
ENSG00000164465,0.0025295236,-0.0015912186,1.0,2000
ENSG00000102580,0.0025294225,0.0018344255,1.0,2001
ENSG00000144962,0.002529152,0.0017918414,1.0,2002
ENSG00000157911,0.0025285732,-0.0014272031,1.0,2003
ENSG00000150773,0.0025280088,-0.00070549414,1.0,2004
ENSG00000152056,0.0025273922,-0.0013995287,1.0,2005
ENSG00000167286,0.0025258737,0.000115708965,0.33333334,2006
ENSG00000137992,0.0025258677,-0.001727274,1.0,2007
ENSG00000180370,0.0025236572,0.0008926092,1.0,2008
ENSG00000154511,0.0025210541,0.00090390816,1.0,2009
ENSG00000152503,0.0025208772,-0.0008340998,1.0,2010
ENSG00000144802,0.0025195102,-0.0018736658,1.0,2011
ENSG00000121380,0.0025178625,-0.0012411822,1.0,2012
ENSG00000196358,0.0025174662,-0.00013577966,0.33333334,2013
ENSG00000113068,0.0025173686,-0.0011758559,0.33333334,2014
ENSG00000114541,0.0025157307,0.0020635964,1.0,2015
ENSG00000170624,0.0025148906,-0.0014092579,1.0,2016
ENSG00000182544,0.0025141058,-0.0022754578,1.0,2017
ENSG00000141337,0.00251174,-0.002173733,1.0,2018
ENSG00000128253,0.0025075576,-0.0005940225,1.0,2019
ENSG00000134222,0.00250633,0.0006934631,1.0,2020
ENSG00000072133,0.002506323,0.00093156466,1.0,2021
ENSG00000136099,0.0025059453,0.00030867525,1.0,2022
ENSG00000088826,0.002501737,0.0010202625,1.0,2023
ENSG00000138134,0.0025013045,-0.002188473,1.0,2024
ENSG00000151962,0.0025012193,-0.0010610753,1.0,2025
ENSG00000084628,0.00250086,-0.0009980743,1.0,2026
ENSG00000106868,0.0024994926,-0.0017522167,1.0,2027
ENSG00000080845,0.0024990353,-0.0008602,1.0,2028
ENSG00000123358,0.002497292,0.0007142808,1.0,2029
ENSG00000102174,0.0024954653,-0.0018741089,1.0,2030
ENSG00000124574,0.0024941156,0.00038138498,1.0,2031
ENSG00000179029,0.0024918492,-8.467558e-05,0.33333334,2032
ENSG00000064195,0.0024902413,0.0010611425,1.0,2033
ENSG00000159128,0.0024898613,-0.0012771096,1.0,2034
ENSG00000152082,0.0024888213,0.0020153464,1.0,2035
ENSG00000150401,0.0024883023,0.0015142732,1.0,2036
ENSG00000163874,0.0024873894,-0.00025353077,1.0,2037
ENSG00000102287,0.0024845495,-0.0017832508,1.0,2038
ENSG00000117500,0.0024842657,-0.00032457508,1.0,2039
ENSG00000152556,0.0024826857,-0.0009802609,1.0,2040
ENSG00000181634,0.0024818908,0.00079314667,1.0,2041
ENSG00000102743,0.0024809213,-0.0009413315,1.0,2042
ENSG00000133937,0.002478211,-0.00037621232,1.0,2043
ENSG00000090263,0.0024669103,0.001346934,1.0,2044
ENSG00000065970,0.0024660164,0.0006313858,1.0,2045
ENSG00000186153,0.0024648076,0.0016594967,1.0,2046
ENSG00000161807,0.0024629782,0.0010414254,1.0,2047
ENSG00000137080,0.002462931,-0.0016251715,1.0,2048
ENSG00000110987,0.002461646,-0.0013423447,1.0,2049
ENSG00000172062,0.0024610178,-4.916706e-05,0.33333334,2050
ENSG00000188305,0.0024603654,-0.000267784,1.0,2051
ENSG00000148826,0.0024582061,-6.9910806e-05,1.0,2052
ENSG00000131951,0.0024580273,0.0022482944,1.0,2053
ENSG00000154258,0.0024570792,-0.0021277817,1.0,2054
ENSG00000165164,0.0024560343,0.0015892908,1.0,2055
ENSG00000075673,0.0024551053,-0.00011201591,1.0,2056
ENSG00000170231,0.0024548348,0.0007367772,1.0,2057
ENSG00000102053,0.0024531288,-0.0014310941,1.0,2058
ENSG00000007545,0.0024530934,-0.0005221945,1.0,2059
ENSG00000142623,0.002452581,0.0010136218,1.0,2060
ENSG00000131019,0.0024519982,0.00067900907,1.0,2061
ENSG00000159267,0.0024519148,0.0018647625,1.0,2062
ENSG00000156973,0.0024519002,-0.0016830895,1.0,2063
ENSG00000149573,0.0024457253,-9.552951e-05,1.0,2064
ENSG00000112742,0.0024446736,-0.00067854294,1.0,2065
ENSG00000163428,0.0024431122,-0.0017430233,1.0,2066
ENSG00000176256,0.002441408,0.0019712665,1.0,2067
ENSG00000187773,0.0024399813,0.00035614785,1.0,2068
ENSG00000155926,0.0024398863,-0.00223108,1.0,2069
ENSG00000171159,0.0024371769,-0.0019905427,1.0,2070
ENSG00000101605,0.0024361268,0.001824729,1.0,2071
ENSG00000184434,0.0024352754,-0.0017747994,1.0,2072
ENSG00000167770,0.0024349112,-5.8460322e-05,0.33333334,2073
ENSG00000121410,0.0024347475,-0.00035103652,0.33333334,2074
ENSG00000117122,0.0024327168,0.001418041,1.0,2075
ENSG00000137776,0.002432094,0.0021205698,1.0,2076
ENSG00000172365,0.0024320795,-0.0017445845,1.0,2077
ENSG00000073737,0.0024316574,-0.0011494757,1.0,2078
ENSG00000162368,0.0024316178,-0.0008548566,1.0,2079
ENSG00000130764,0.0024314316,-0.0015842438,1.0,2080
ENSG00000196531,0.002428511,-0.0017908554,1.0,2081
ENSG00000077713,0.0024267475,0.0005795735,1.0,2082
ENSG00000102870,0.0024254054,-0.0007495889,1.0,2083
ENSG00000091137,0.0024219118,0.0014304615,1.0,2084
ENSG00000139572,0.0024197614,0.00028345326,1.0,2085
ENSG00000137955,0.0024184203,0.0020067245,1.0,2086
ENSG00000158402,0.0024166834,0.00046674637,1.0,2087
ENSG00000129158,0.0024155548,0.00087126327,1.0,2088
ENSG00000181418,0.0024153905,0.0003448187,1.0,2089
ENSG00000136631,0.0024146594,0.0015454196,1.0,2090
ENSG00000078902,0.0024131178,-0.0022289904,1.0,2091
ENSG00000086570,0.0024110286,-0.001905527,1.0,2092
ENSG00000150712,0.002409173,-0.0016874411,1.0,2093
ENSG00000106366,0.0024090528,-0.00067157764,1.0,2094
ENSG00000174370,0.002407753,0.0013702968,1.0,2095
ENSG00000166558,0.0024016227,0.001202236,1.0,2096
ENSG00000111144,0.0024016055,0.0005483972,1.0,2097
ENSG00000179855,0.002401211,-0.0019385754,1.0,2098
ENSG00000153446,0.0024011706,-0.00054318144,1.0,2099
ENSG00000164087,0.002399628,0.0016992692,1.0,2100
ENSG00000179240,0.0023995654,-0.001840134,1.0,2101
ENSG00000166971,0.0023987873,-0.0012410075,1.0,2102
ENSG00000168878,0.0023971624,0.00060755963,1.0,2103
ENSG00000135318,0.0023917544,-0.00024849825,1.0,2104
ENSG00000145284,0.0023901437,-0.00030212422,1.0,2105
ENSG00000138685,0.0023875192,-0.0011647852,1.0,2106
ENSG00000172346,0.0023818696,0.00017217587,0.33333334,2107
ENSG00000111886,0.002381573,0.0018036194,1.0,2108
ENSG00000093000,0.0023813157,-0.0019464317,1.0,2109
ENSG00000175745,0.0023807886,-0.0012882358,1.0,2110
ENSG00000159398,0.0023786183,7.450478e-05,0.33333334,2111
ENSG00000196639,0.0023775573,-0.00044214158,1.0,2112
ENSG00000130638,0.0023771147,-0.00051058363,1.0,2113
ENSG00000131591,0.0023761305,0.0016813049,1.0,2114
ENSG00000132478,0.0023750465,9.343663e-05,1.0,2115
ENSG00000122218,0.0023733752,-0.0010401758,1.0,2116
ENSG00000144642,0.0023720388,0.0020895135,1.0,2117
ENSG00000168421,0.0023717766,0.0012322641,1.0,2118
ENSG00000162068,0.002371405,0.0019226155,1.0,2119
ENSG00000107404,0.0023697272,0.0019875953,1.0,2120
ENSG00000072274,0.0023695773,0.0017778968,1.0,2121
ENSG00000141580,0.0023694406,0.00042713885,1.0,2122
ENSG00000142279,0.0023685938,-4.0382412e-05,0.33333334,2123
ENSG00000087086,0.0023685375,0.0011844864,1.0,2124
ENSG00000101940,0.002365969,-0.002025745,1.0,2125
ENSG00000168404,0.002365808,0.0012922287,1.0,2126
ENSG00000187944,0.0023658013,0.0003303329,1.0,2127
ENSG00000070081,0.0023656245,-0.0001456763,1.0,2128
ENSG00000149716,0.0023650965,0.0016484149,1.0,2129
ENSG00000163191,0.0023649677,-0.0015358819,1.0,2130
ENSG00000127324,0.0023637102,-0.00067560514,1.0,2131
ENSG00000188342,0.002361169,0.0006974146,1.0,2132
ENSG00000184985,0.0023609174,0.00065428164,1.0,2133
ENSG00000155592,0.0023604862,0.0019504592,1.0,2134
ENSG00000143995,0.0023591684,0.001069203,1.0,2135
ENSG00000113905,0.0023581965,-0.0002897187,0.33333334,2136
ENSG00000156521,0.0023567362,-0.0013007566,1.0,2137
ENSG00000131931,0.0023561304,-0.00060422905,1.0,2138
ENSG00000156876,0.0023554552,-0.0017665407,1.0,2139
ENSG00000184945,0.0023547208,-0.00042705378,1.0,2140
ENSG00000169499,0.0023532843,-0.0016985679,1.0,2141
ENSG00000132467,0.002349156,-0.00029530464,0.33333334,2142
ENSG00000115107,0.0023475655,-0.000999019,1.0,2143
ENSG00000170043,0.0023473694,0.0007210772,0.33333334,2144
ENSG00000107223,0.002346677,0.0020998446,1.0,2145
ENSG00000196459,0.00234627,-0.0013578911,1.0,2146
ENSG00000094796,0.0023462388,9.894563e-05,0.33333334,2147
ENSG00000120262,0.0023455012,0.00029500772,0.33333334,2148
ENSG00000122025,0.0023445298,0.0018699964,1.0,2149
ENSG00000124226,0.0023426446,-0.0005910824,1.0,2150
ENSG00000188655,0.0023393007,-0.0019426484,1.0,2151
ENSG00000042832,0.002339277,-0.0018437874,1.0,2152
ENSG00000140455,0.0023384658,-0.0019774672,1.0,2153
ENSG00000139287,0.0023384297,-0.0015745003,1.0,2154
ENSG00000136381,0.0023375074,-0.001809861,1.0,2155
ENSG00000105398,0.0023332639,0.0007998398,1.0,2156
ENSG00000105479,0.0023331402,-0.0012234714,1.0,2157
ENSG00000174485,0.0023321772,-0.0019616333,1.0,2158
ENSG00000101166,0.0023309207,7.918944e-05,0.33333334,2159
ENSG00000128944,0.0023295411,0.00042669973,1.0,2160
ENSG00000112367,0.002329212,-0.0007363555,0.33333334,2161
ENSG00000183160,0.0023291793,0.00050516357,1.0,2162
ENSG00000164209,0.0023274375,-0.0015812102,1.0,2163
ENSG00000188100,0.0023253376,0.0006567522,1.0,2164
ENSG00000100445,0.002320125,-7.9490645e-05,0.33333334,2165
ENSG00000100029,0.0023187841,0.0016001418,1.0,2166
ENSG00000103241,0.0023187697,-0.0013057139,1.0,2167
ENSG00000182111,0.0023185052,-0.0009353621,1.0,2168
ENSG00000187595,0.0023172623,-0.0011433793,1.0,2169
ENSG00000175115,0.002316404,-0.0016054371,1.0,2170
ENSG00000047579,0.002315825,0.0012622845,1.0,2171
ENSG00000129245,0.002315349,0.00059602474,1.0,2172
ENSG00000187733,0.0023118968,-0.0015889582,1.0,2173
ENSG00000107566,0.0023075722,0.0001086084,1.0,2174
ENSG00000180998,0.0023049824,0.000676136,1.0,2175
ENSG00000132356,0.002303746,0.0011485567,1.0,2176
ENSG00000149591,0.0023026993,-7.401648e-05,0.33333334,2177
ENSG00000157954,0.0023026566,-0.0012590999,1.0,2178
ENSG00000164114,0.0023024827,0.0010533064,1.0,2179
ENSG00000138078,0.0023013598,-0.0020206731,1.0,2180
ENSG00000008735,0.0023007488,0.0011825558,1.0,2181
ENSG00000184903,0.0022993851,0.0021272607,1.0,2182
ENSG00000113600,0.0022990562,0.002042773,1.0,2183
ENSG00000111785,0.0022974801,-0.0019299363,1.0,2184
ENSG00000146281,0.0022956885,0.00063708716,1.0,2185
ENSG00000079215,0.0022939395,0.0012154231,1.0,2186
ENSG00000145934,0.0022933157,-0.0014125285,1.0,2187
ENSG00000186231,0.0022929383,0.0012171911,1.0,2188
ENSG00000149489,0.0022929115,-0.0007980044,1.0,2189
ENSG00000155495,0.0022896624,0.00034133135,1.0,2190
ENSG00000172824,0.0022892745,0.0011547494,1.0,2191
ENSG00000141574,0.0022889003,0.001827037,1.0,2192
ENSG00000149554,0.0022881888,-0.00014238044,0.33333334,2193
ENSG00000169855,0.0022874372,-0.0014968253,1.0,2194
ENSG00000162437,0.0022872386,-0.001490551,1.0,2195
ENSG00000119203,0.0022863534,0.0008608352,1.0,2196
ENSG00000070669,0.0022855296,0.002143733,1.0,2197
ENSG00000129422,0.0022822106,-0.001512077,1.0,2198
ENSG00000155962,0.0022819077,-0.00046803776,1.0,2199
ENSG00000143373,0.0022805578,-0.00067708996,1.0,2200
ENSG00000176153,0.0022772003,-0.00031459716,0.33333334,2201
ENSG00000140807,0.0022756823,0.0008693935,1.0,2202
ENSG00000143921,0.002275,0.00087117846,1.0,2203
ENSG00000006756,0.0022734273,-0.00041275102,1.0,2204
ENSG00000100341,0.0022708846,0.0004005968,1.0,2205
ENSG00000105428,0.0022705507,0.0015083005,1.0,2206
ENSG00000111669,0.0022695863,0.0012932539,1.0,2207
ENSG00000142583,0.002269434,-0.00071070786,1.0,2208
ENSG00000121068,0.0022690212,0.00034645395,1.0,2209
ENSG00000133398,0.0022681735,-0.0015966673,1.0,2210
ENSG00000108468,0.0022626773,-0.00041995753,1.0,2211
ENSG00000113575,0.0022625783,-0.0010714781,1.0,2212
ENSG00000113460,0.002257855,-0.00061814435,1.0,2213
ENSG00000164855,0.0022562072,-0.0007518076,1.0,2214
ENSG00000124786,0.0022549983,0.0011335708,1.0,2215
ENSG00000101255,0.0022544798,0.00077163073,1.0,2216
ENSG00000123159,0.0022544067,0.0019489763,1.0,2217
ENSG00000129595,0.002251136,0.0021221216,1.0,2218
ENSG00000145723,0.0022474453,-0.001995451,1.0,2219
ENSG00000196350,0.0022456099,-0.00032286913,1.0,2220
ENSG00000136531,0.0022440983,-0.0013678479,1.0,2221
ENSG00000187608,0.0022418944,-0.0010447948,1.0,2222
ENSG00000136854,0.0022381751,0.0004608302,1.0,2223
ENSG00000068903,0.0022377893,0.001320486,1.0,2224
ENSG00000111404,0.0022345642,-0.00046604,1.0,2225
ENSG00000118308,0.002234354,0.0020773374,1.0,2226
ENSG00000163513,0.0022332405,0.0011976082,1.0,2227
ENSG00000043591,0.0022327157,0.00058404746,1.0,2228
ENSG00000134569,0.0022294961,0.00025174313,1.0,2229
ENSG00000075388,0.0022287804,-0.00050524296,1.0,2230
ENSG00000100911,0.0022285506,-0.0018594698,1.0,2231
ENSG00000143756,0.002225538,-0.0018324588,1.0,2232
ENSG00000084444,0.002223678,0.0011721605,1.0,2233
ENSG00000171444,0.0022231995,-0.0016512823,1.0,2234
ENSG00000123838,0.002222264,0.00043830977,1.0,2235
ENSG00000112837,0.0022198192,-0.0012847484,1.0,2236
ENSG00000166747,0.002219512,0.0019911025,1.0,2237
ENSG00000156469,0.0022173726,0.00033178984,1.0,2238
ENSG00000185372,0.002215829,-0.00051519217,1.0,2239
ENSG00000169884,0.0022147084,-0.00012381592,1.0,2240
ENSG00000088298,0.002212296,-0.0008927638,1.0,2241
ENSG00000107159,0.0022118893,-0.0006517355,1.0,2242
ENSG00000106038,0.002211181,0.00038687757,0.33333334,2243
ENSG00000173451,0.0022108185,-0.0011424603,1.0,2244
ENSG00000011590,0.0022107437,0.0016872351,1.0,2245
ENSG00000100503,0.002209991,-0.0017686017,1.0,2246
ENSG00000186529,0.002207543,0.0004298827,1.0,2247
ENSG00000196233,0.0022043546,-0.0017005025,1.0,2248
ENSG00000168813,0.0022043448,0.0018134009,1.0,2249
ENSG00000170430,0.002203739,-0.00019665128,0.33333334,2250
ENSG00000160310,0.002202399,0.0012509438,1.0,2251
ENSG00000109101,0.0022011986,0.0004959952,1.0,2252
ENSG00000067221,0.0022001497,-0.0004763395,1.0,2253
ENSG00000155115,0.0021995355,0.0018665456,1.0,2254
ENSG00000049883,0.00219801,0.001873518,1.0,2255
ENSG00000185069,0.0021955369,0.00015899794,1.0,2256
ENSG00000091010,0.0021934288,-0.00011102494,0.33333334,2257
ENSG00000174417,0.0021931643,0.0013618656,1.0,2258
ENSG00000166508,0.0021930607,-0.00072372396,1.0,2259
ENSG00000118816,0.0021929925,-0.0008272224,1.0,2260
ENSG00000106682,0.0021923033,-0.00086734927,1.0,2261
ENSG00000143333,0.0021921217,5.517462e-05,1.0,2262
ENSG00000171346,0.0021917268,0.000109353765,0.33333334,2263
ENSG00000138768,0.0021911594,0.0011909007,1.0,2264
ENSG00000182698,0.0021901221,-0.00016230151,1.0,2265
ENSG00000103021,0.0021876872,-0.00019160697,1.0,2266
ENSG00000186897,0.0021865256,0.00028877135,0.33333334,2267
ENSG00000166228,0.00218641,-0.0019910662,1.0,2268
ENSG00000162062,0.0021845486,0.0016201831,1.0,2269
ENSG00000146047,0.0021820087,0.0020550566,1.0,2270
ENSG00000114861,0.0021818315,0.0016556475,1.0,2271
ENSG00000166035,0.0021811055,-0.00045794435,1.0,2272
ENSG00000118231,0.0021798294,-0.00037031935,1.0,2273
ENSG00000075429,0.0021795668,-0.0001820565,1.0,2274
ENSG00000066032,0.002178904,-1.1527693e-05,0.33333334,2275
ENSG00000102974,0.0021770473,0.000165824,1.0,2276
ENSG00000119655,0.002176814,-0.0013058139,1.0,2277
ENSG00000153498,0.002176463,-0.00058102125,1.0,2278
ENSG00000170289,0.0021761097,-0.0017826435,1.0,2279
ENSG00000076067,0.002175854,-0.00090212794,1.0,2280
ENSG00000162390,0.00217526,0.0018445434,1.0,2281
ENSG00000124664,0.0021729907,0.0009574658,1.0,2282
ENSG00000150625,0.0021720214,0.00041890042,1.0,2283
ENSG00000006282,0.002167437,-0.0009932659,1.0,2284
ENSG00000163993,0.0021671841,0.00071307394,1.0,2285
ENSG00000152213,0.002167133,-0.0001913699,0.33333334,2286
ENSG00000149100,0.0021658235,-0.0005484634,1.0,2287
ENSG00000162576,0.0021639466,-0.0010330275,1.0,2288
ENSG00000092200,0.002163331,0.0010966591,0.33333334,2289
ENSG00000188467,0.002161919,-0.0013137343,1.0,2290
ENSG00000132911,0.0021616118,-0.0005081634,1.0,2291
ENSG00000145016,0.0021615364,-0.00046582497,0.33333334,2292
ENSG00000132681,0.002161184,-0.0006612104,1.0,2293
ENSG00000129455,0.002160994,-0.0006769916,1.0,2294
ENSG00000099864,0.002154271,-0.0015036649,1.0,2295
ENSG00000184005,0.0021540548,-0.0012582019,1.0,2296
ENSG00000179088,0.0021515365,-0.0015618658,1.0,2297
ENSG00000170836,0.002147927,0.0012627478,1.0,2298
ENSG00000186297,0.0021472636,0.0003716443,1.0,2299
ENSG00000137218,0.0021462536,-0.0008845076,1.0,2300
ENSG00000157653,0.0021453681,-0.0013222122,1.0,2301
ENSG00000134716,0.0021452492,-5.9590315e-05,0.33333334,2302
ENSG00000114767,0.00214327,-0.0013664017,1.0,2303
ENSG00000147459,0.0021425283,-0.0016174341,1.0,2304
ENSG00000132153,0.0021425013,0.0015728882,1.0,2305
ENSG00000092108,0.002141332,-0.0019923064,1.0,2306
ENSG00000124134,0.0021378256,0.0006744391,0.33333334,2307
ENSG00000165716,0.0021354307,-0.00016593041,0.33333334,2308
ENSG00000183691,0.0021349841,0.00078482257,1.0,2309
ENSG00000196118,0.00213481,-0.00028360833,1.0,2310
ENSG00000107984,0.0021347047,-0.00011569658,0.33333334,2311
ENSG00000143194,0.0021341795,-0.0001297231,0.33333334,2312
ENSG00000158786,0.0021330037,-0.00011947512,1.0,2313
ENSG00000131100,0.0021329063,-0.0015705278,1.0,2314
ENSG00000121634,0.0021325366,0.00056184357,1.0,2315
ENSG00000087338,0.0021323666,-0.00071972096,1.0,2316
ENSG00000161849,0.0021317315,-0.00020780934,0.33333334,2317
ENSG00000114923,0.0021314223,-0.0006611594,1.0,2318
ENSG00000099246,0.0021288723,0.0005977713,1.0,2319
ENSG00000149798,0.0021287007,0.0005779625,1.0,2320
ENSG00000112137,0.0021286607,-0.0008028427,0.33333334,2321
ENSG00000131127,0.0021284996,0.0004577052,1.0,2322
ENSG00000140557,0.0021282658,0.00043310272,1.0,2323
ENSG00000136271,0.0021257268,-0.001577042,1.0,2324
ENSG00000157322,0.0021240467,0.000925181,1.0,2325
ENSG00000144771,0.0021236243,0.0017554843,1.0,2326
ENSG00000160049,0.0021232015,0.0011871051,1.0,2327
ENSG00000010030,0.002122188,0.00079089514,1.0,2328
ENSG00000116983,0.0021173563,0.00012786569,0.33333334,2329
ENSG00000110244,0.0021169474,-0.00032041987,1.0,2330
ENSG00000116649,0.0021157546,-0.0008728216,0.33333334,2331
ENSG00000128604,0.0021156364,0.00019578554,0.33333334,2332
ENSG00000125812,0.002114649,0.0016801091,1.0,2333
ENSG00000118997,0.0021106964,-0.0019747375,1.0,2334
ENSG00000112992,0.0021081555,0.00033559572,0.33333334,2335
ENSG00000180264,0.0021061911,0.0006695071,1.0,2336
ENSG00000162849,0.002105104,-0.0011227045,1.0,2337
ENSG00000125498,0.0020965736,-0.0011404824,1.0,2338
ENSG00000110880,0.0020956213,0.00070577004,1.0,2339
ENSG00000146147,0.0020929046,-0.0010488402,1.0,2340
ENSG00000103253,0.0020917633,-0.00045480215,1.0,2341
ENSG00000186007,0.002090075,-5.9503916e-05,1.0,2342
ENSG00000180210,0.002088453,0.00041554938,1.0,2343
ENSG00000135960,0.0020883672,-0.00062577374,1.0,2344
ENSG00000186280,0.0020879155,-9.291633e-05,0.33333334,2345
ENSG00000164684,0.0020874823,0.0017753231,1.0,2346
ENSG00000169442,0.0020870918,0.0005181672,1.0,2347
ENSG00000180532,0.002086541,-0.00017258104,1.0,2348
ENSG00000117322,0.0020864147,-0.00010408127,0.33333334,2349
ENSG00000169895,0.0020836699,-0.00091437605,1.0,2350
ENSG00000169714,0.0020830173,-0.00037552338,1.0,2351
ENSG00000102098,0.002079876,0.0001785382,0.33333334,2352
ENSG00000143570,0.0020792626,-0.0009594032,1.0,2353
ENSG00000154734,0.002078246,0.0006857233,1.0,2354
ENSG00000154640,0.002077495,4.054023e-06,0.33333334,2355
ENSG00000173517,0.0020772617,0.0016996978,1.0,2356
ENSG00000092931,0.0020768784,0.0003852139,1.0,2357
ENSG00000156508,0.0020751313,0.0011394699,1.0,2358
ENSG00000158195,0.0020744994,0.000518752,1.0,2359
ENSG00000135821,0.0020721557,0.0012426584,1.0,2360
ENSG00000163576,0.0020712058,0.00032977146,1.0,2361
ENSG00000053770,0.0020709948,-0.0017864011,1.0,2362
ENSG00000163719,0.0020707194,-0.00034593043,1.0,2363
ENSG00000083812,0.0020702772,-0.0016182493,1.0,2364
ENSG00000183647,0.0020698032,0.0014507463,1.0,2365
ENSG00000143882,0.00206877,1.44758815e-05,0.33333334,2366
ENSG00000112584,0.002068514,0.0018334795,1.0,2367
ENSG00000145495,0.0020670064,0.0016508171,1.0,2368
ENSG00000010282,0.0020655151,-0.00020808443,0.33333334,2369
ENSG00000172667,0.002064889,-0.0018117678,1.0,2370
ENSG00000174606,0.0020644038,0.0017510502,1.0,2371
ENSG00000011347,0.0020636541,0.0014597247,1.0,2372
ENSG00000117222,0.002063515,0.0018740506,1.0,2373
ENSG00000096063,0.0020633652,0.0016130718,1.0,2374
ENSG00000196569,0.0020629691,0.0019017494,1.0,2375
ENSG00000137100,0.0020629477,0.0012039494,1.0,2376
ENSG00000107829,0.0020627354,0.0003129986,0.33333334,2377
ENSG00000140263,0.0020623873,0.00037984786,1.0,2378
ENSG00000135314,0.002061859,0.0008743587,1.0,2379
ENSG00000167508,0.0020616837,0.0012799724,1.0,2380
ENSG00000145198,0.002060091,-0.0004080476,1.0,2381
ENSG00000122852,0.0020600345,0.00021130692,1.0,2382
ENSG00000174788,0.002057756,-0.00092036976,1.0,2383
ENSG00000139546,0.0020564084,-0.0014244035,1.0,2384
ENSG00000160345,0.002054453,0.0013514073,1.0,2385
ENSG00000100897,0.0020539688,-0.0006299791,1.0,2386
ENSG00000100522,0.0020531807,0.00022396499,1.0,2387
ENSG00000145685,0.0020531146,-0.0017407924,1.0,2388
ENSG00000173237,0.0020512778,0.000756518,1.0,2389
ENSG00000134987,0.002047858,-0.0013689363,1.0,2390
ENSG00000176049,0.0020478214,0.0008002816,1.0,2391
ENSG00000137675,0.002045258,-0.0006597869,1.0,2392
ENSG00000165480,0.002042527,0.000760064,1.0,2393
ENSG00000173200,0.0020414973,-0.0012834709,1.0,2394
ENSG00000136367,0.0020393971,-0.0006050171,1.0,2395
ENSG00000163825,0.002039129,0.0014154731,1.0,2396
ENSG00000109158,0.0020389818,-0.00058230007,1.0,2397
ENSG00000143621,0.0020361792,-0.00082063396,1.0,2398
ENSG00000124490,0.0020352632,0.00027696107,1.0,2399
ENSG00000156486,0.0020351764,0.0016458839,1.0,2400
ENSG00000109794,0.0020336749,-0.0004051259,1.0,2401
ENSG00000103653,0.002032569,-0.0015843781,1.0,2402
ENSG00000050426,0.0020321475,0.0011275235,1.0,2403
ENSG00000134014,0.002030198,-0.0009901858,1.0,2404
ENSG00000158553,0.0020296108,0.0005619933,1.0,2405
ENSG00000134809,0.0020284078,-0.0015628733,1.0,2406
ENSG00000124343,0.0020280909,-0.00031319415,1.0,2407
ENSG00000148057,0.0020275936,-0.0008381102,1.0,2408
ENSG00000128510,0.002026992,0.00025065828,1.0,2409
ENSG00000167881,0.0020259738,0.0010578146,0.33333334,2410
ENSG00000082212,0.002023388,0.00067720516,1.0,2411
ENSG00000196924,0.0020231432,-0.0005248354,1.0,2412
ENSG00000127951,0.0020227348,0.0015537847,1.0,2413
ENSG00000170091,0.0020223951,0.00034560147,1.0,2414
ENSG00000114021,0.0020214885,-0.001010979,1.0,2415
ENSG00000171033,0.0020188645,0.000475799,1.0,2416
ENSG00000156738,0.0020174875,-0.00066337484,1.0,2417
ENSG00000164291,0.0020164463,-0.00093358784,1.0,2418
ENSG00000123219,0.0020148095,0.0010829307,1.0,2419
ENSG00000086504,0.0020146158,0.0017090385,1.0,2420
ENSG00000182197,0.0020138805,0.001112488,1.0,2421
ENSG00000157077,0.0020136288,-0.0016064936,1.0,2422
ENSG00000148459,0.0020105706,-0.0003766856,1.0,2423
ENSG00000108622,0.0020094665,0.0004802413,1.0,2424
ENSG00000161896,0.0020092998,0.00040411507,1.0,2425
ENSG00000143850,0.0020091964,-0.0005855858,1.0,2426
ENSG00000172927,0.002007882,2.7824464e-05,0.33333334,2427
ENSG00000169800,0.0020076456,-0.0006043454,1.0,2428
ENSG00000156925,0.0020044676,-0.00030533472,1.0,2429
ENSG00000124406,0.0020026613,0.0014185883,1.0,2430
ENSG00000164023,0.001997855,-0.0013035815,1.0,2431
ENSG00000185811,0.001997659,0.0013721829,1.0,2432
ENSG00000132434,0.0019969374,0.00014002607,0.33333334,2433
ENSG00000187889,0.0019968494,-0.00093447656,1.0,2434
ENSG00000106723,0.0019957449,-0.0012266291,1.0,2435
ENSG00000112245,0.0019940673,0.00087794213,1.0,2436
ENSG00000104499,0.001993166,0.0016175533,1.0,2437
ENSG00000130518,0.0019908622,-0.0003474909,1.0,2438
ENSG00000115226,0.0019907674,-0.0007255916,1.0,2439
ENSG00000196419,0.0019900717,-0.0008196167,1.0,2440
ENSG00000174307,0.0019899975,-0.0012913832,1.0,2441
ENSG00000137168,0.0019886282,-0.001253189,1.0,2442
ENSG00000172296,0.0019823045,-0.0013975416,1.0,2443
ENSG00000186198,0.0019819932,7.45968e-05,0.33333334,2444
ENSG00000041515,0.0019812277,-0.0010913395,1.0,2445
ENSG00000164008,0.0019780777,0.0010254896,0.33333334,2446
ENSG00000171501,0.0019768367,0.0011776207,0.33333334,2447
ENSG00000189186,0.0019760393,-0.0008841464,1.0,2448
ENSG00000163281,0.0019725019,0.0011780835,1.0,2449
ENSG00000166960,0.0019722602,-0.00096068304,1.0,2450
ENSG00000166803,0.0019695025,0.0015318649,1.0,2451
ENSG00000112175,0.0019691342,0.00028157872,1.0,2452
ENSG00000164879,0.0019676446,-0.0010561255,1.0,2453
ENSG00000137942,0.001966415,-0.001334025,1.0,2454
ENSG00000108417,0.0019608946,0.00089461595,1.0,2455
ENSG00000100079,0.0019606827,0.00036935238,1.0,2456
ENSG00000186980,0.0019594652,0.0009319912,1.0,2457
ENSG00000177191,0.001958999,-0.0005872383,1.0,2458
ENSG00000186767,0.0019585465,0.0008333431,1.0,2459
ENSG00000149021,0.0019580203,0.00044103723,1.0,2460
ENSG00000077463,0.0019567136,-0.001309395,0.33333334,2461
ENSG00000162456,0.0019555397,-0.00081110466,1.0,2462
ENSG00000181019,0.0019552791,-0.0006382701,1.0,2463
ENSG00000125735,0.00195321,-0.00015930516,0.33333334,2464
ENSG00000188641,0.0019516655,-0.0017493349,1.0,2465
ENSG00000112658,0.0019496683,0.0003161183,0.33333334,2466
ENSG00000172428,0.0019490579,-0.0013842451,1.0,2467
ENSG00000158805,0.0019477775,-8.253855e-05,0.33333334,2468
ENSG00000171492,0.001947429,-0.00029907384,1.0,2469
ENSG00000111676,0.0019467777,0.0014632413,1.0,2470
ENSG00000166478,0.0019458943,-0.0013988065,1.0,2471
ENSG00000102034,0.0019457225,-0.0014588017,1.0,2472
ENSG00000171840,0.0019455506,-0.00045669999,1.0,2473
ENSG00000142507,0.0019450467,0.0016586399,1.0,2474
ENSG00000088930,0.0019446476,-0.0013982361,1.0,2475
ENSG00000135175,0.0019441178,-0.0005075464,1.0,2476
ENSG00000171224,0.0019431632,-0.0008295609,1.0,2477
ENSG00000135127,0.0019424367,-0.00013427438,1.0,2478
ENSG00000103126,0.0019414378,0.0011897236,1.0,2479
ENSG00000130035,0.0019390861,0.0004709706,1.0,2480
ENSG00000130309,0.0019387273,-0.00062150223,1.0,2481
ENSG00000044446,0.0019384073,-0.0011713214,1.0,2482
ENSG00000152223,0.001938268,-0.0003094051,0.33333334,2483
ENSG00000101916,0.0019377111,-0.0014665304,1.0,2484
ENSG00000173744,0.0019369991,-0.0013298681,1.0,2485
ENSG00000182931,0.0019314714,-0.0008198067,1.0,2486
ENSG00000142178,0.001930817,0.0005113732,1.0,2487
ENSG00000160791,0.0019304762,-0.0010369901,1.0,2488
ENSG00000183576,0.001930391,-0.001163227,1.0,2489
ENSG00000138777,0.0019279156,0.0009650118,1.0,2490
ENSG00000112977,0.0019278178,0.0012571239,1.0,2491
ENSG00000174939,0.0019266683,-0.0006572095,0.33333334,2492
ENSG00000182809,0.0019257735,0.000827233,1.0,2493
ENSG00000139656,0.0019255121,0.001776714,1.0,2494
ENSG00000006125,0.0019234036,-0.00029326815,0.33333334,2495
ENSG00000116668,0.0019224876,0.0013767504,1.0,2496
ENSG00000154370,0.0019217544,0.00062018726,1.0,2497
ENSG00000176438,0.0019183764,0.0011872066,1.0,2498
ENSG00000116039,0.0019173528,0.0006103316,1.0,2499
ENSG00000168081,0.0019118179,9.372019e-05,1.0,2500
ENSG00000160746,0.0019114712,0.00068891403,1.0,2501
ENSG00000139624,0.0019096764,-0.00061763026,1.0,2502
ENSG00000099282,0.0019090896,-0.00082322286,1.0,2503
ENSG00000143772,0.001907831,-0.00060351356,1.0,2504
ENSG00000188624,0.0019065719,0.0011552118,1.0,2505
ENSG00000105509,0.001905586,-2.3015376e-05,0.33333334,2506
ENSG00000165516,0.0019051248,-0.0014338283,1.0,2507
ENSG00000168772,0.0019039022,0.00041829245,1.0,2508
ENSG00000116473,0.0019036381,-0.0008797872,1.0,2509
ENSG00000178913,0.0019003758,-0.00034920464,1.0,2510
ENSG00000182898,0.001899632,0.0012179167,1.0,2511
ENSG00000115207,0.0018991899,-0.00014536726,0.33333334,2512
ENSG00000166888,0.0018987173,0.00010888404,0.33333334,2513
ENSG00000130529,0.0018972192,0.00054352585,1.0,2514
ENSG00000179051,0.0018966693,0.0006014446,1.0,2515
ENSG00000075131,0.0018965136,-5.6624278e-05,0.33333334,2516
ENSG00000167700,0.0018959771,-0.0015486041,1.0,2517
ENSG00000144848,0.0018945417,0.00019336375,1.0,2518
ENSG00000171951,0.0018934567,0.00034815384,1.0,2519
ENSG00000181555,0.0018934143,-0.0008341521,1.0,2520
ENSG00000183484,0.0018911472,-0.00089507876,1.0,2521
ENSG00000149761,0.0018910632,-0.0012108525,1.0,2522
ENSG00000164136,0.0018904321,-0.0016281401,1.0,2523
ENSG00000169862,0.001890404,-9.522269e-05,0.33333334,2524
ENSG00000075292,0.0018870122,0.0013772957,1.0,2525
ENSG00000187912,0.0018864166,0.0005665987,1.0,2526
ENSG00000128594,0.0018863255,-0.0013706429,1.0,2527
ENSG00000169085,0.0018856194,0.00095261977,1.0,2528
ENSG00000114200,0.0018844632,-0.00076872855,1.0,2529
ENSG00000162613,0.0018834913,0.0016831472,1.0,2530
ENSG00000100884,0.0018828727,-0.0012171982,1.0,2531
ENSG00000123124,0.0018813725,-0.0013657123,1.0,2532
ENSG00000074219,0.0018809704,0.00067951233,1.0,2533
ENSG00000115677,0.0018786652,-2.9104116e-05,0.33333334,2534
ENSG00000131747,0.0018786462,-0.0010054252,1.0,2535
ENSG00000117748,0.0018779343,0.00034346455,1.0,2536
ENSG00000183560,0.0018774547,0.0006719607,1.0,2537
ENSG00000163126,0.0018772933,-0.0009481786,1.0,2538
ENSG00000103044,0.0018744892,-0.00076007005,1.0,2539
ENSG00000186462,0.001872918,-0.00078472967,1.0,2540
ENSG00000188162,0.0018726494,0.00037070634,1.0,2541
ENSG00000157368,0.0018718648,0.0005822296,1.0,2542
ENSG00000179165,0.0018714987,-0.0014591984,1.0,2543
ENSG00000118965,0.0018697822,0.0017064256,1.0,2544
ENSG00000140319,0.0018691487,0.00029192516,0.33333334,2545
ENSG00000036257,0.0018687329,0.0014772495,1.0,2546
ENSG00000130173,0.0018678947,-0.0008808497,1.0,2547
ENSG00000116954,0.0018674466,-0.0016116746,1.0,2548
ENSG00000138363,0.0018635535,0.00029638005,0.33333334,2549
ENSG00000174876,0.0018621497,0.000731833,1.0,2550
ENSG00000120029,0.0018619597,-0.0014949563,1.0,2551
ENSG00000072657,0.001861698,-0.0008925567,1.0,2552
ENSG00000147144,0.0018613328,0.001004394,1.0,2553
ENSG00000166171,0.0018592555,0.00095399894,1.0,2554
ENSG00000120910,0.0018590675,0.0011598337,1.0,2555
ENSG00000102683,0.0018588923,0.00025158338,1.0,2556
ENSG00000046604,0.0018585747,7.302591e-05,0.33333334,2557
ENSG00000163736,0.0018585697,0.00037428076,1.0,2558
ENSG00000058056,0.001856693,-0.0011329487,1.0,2559
ENSG00000185231,0.0018555435,0.00047939146,1.0,2560
ENSG00000113520,0.0018544948,0.00051855686,1.0,2561
ENSG00000171700,0.0018534943,-0.0012097604,1.0,2562
ENSG00000011426,0.0018524649,-0.00085279,1.0,2563
ENSG00000164751,0.001851995,0.000105981955,0.33333334,2564
ENSG00000128228,0.0018516673,-0.0016026447,1.0,2565
ENSG00000150756,0.0018515437,0.00089457724,1.0,2566
ENSG00000120328,0.0018514873,-0.001311205,1.0,2567
ENSG00000175224,0.0018510368,-0.0002562626,1.0,2568
ENSG00000075239,0.0018479984,0.00020151661,1.0,2569
ENSG00000183625,0.0018472765,0.00018020894,1.0,2570
ENSG00000072401,0.0018472307,-0.0008989813,1.0,2571
ENSG00000151715,0.0018462288,0.0006241156,1.0,2572
ENSG00000181965,0.001845053,-0.00038894181,1.0,2573
ENSG00000133059,0.0018444,0.001319785,1.0,2574
ENSG00000109255,0.0018441553,0.0011517317,1.0,2575
ENSG00000137558,0.0018435646,0.0011223558,1.0,2576
ENSG00000141258,0.0018430812,0.0001881908,1.0,2577
ENSG00000169105,0.0018429315,-0.0004703343,0.33333334,2578
ENSG00000104213,0.0018419689,0.0003872239,1.0,2579
ENSG00000106025,0.0018419516,-0.00019516103,1.0,2580
ENSG00000125510,0.0018414388,0.00042721446,1.0,2581
ENSG00000160408,0.0018409892,0.0013610477,1.0,2582
ENSG00000124098,0.0018408815,-0.0014416297,1.0,2583
ENSG00000064218,0.0018403683,-0.00043149292,1.0,2584
ENSG00000160446,0.0018402409,0.00053808995,0.33333334,2585
ENSG00000104643,0.001839641,3.094855e-05,0.33333334,2586
ENSG00000028116,0.0018394134,-0.00077936146,0.33333334,2587
ENSG00000065320,0.0018393215,0.0006396856,1.0,2588
ENSG00000130427,0.0018392951,0.00060446013,1.0,2589
ENSG00000102226,0.0018388698,0.0014634198,1.0,2590
ENSG00000099834,0.0018377571,0.0003495611,1.0,2591
ENSG00000100416,0.0018363781,-0.0006704757,1.0,2592
ENSG00000137747,0.0018339657,0.00044477833,1.0,2593
ENSG00000159961,0.0018339586,-0.0013647383,1.0,2594
ENSG00000185551,0.0018329718,-0.0012690951,1.0,2595
ENSG00000177508,0.0018323461,0.00043410016,1.0,2596
ENSG00000100280,0.0018318909,-0.001313637,1.0,2597
ENSG00000135625,0.0018311226,-0.00023093175,1.0,2598
ENSG00000079805,0.00183089,0.0011713322,1.0,2599
ENSG00000149927,0.0018308763,0.0010231665,1.0,2600
ENSG00000162526,0.001830865,-0.0008840191,1.0,2601
ENSG00000184659,0.0018272776,7.2367257e-06,0.33333334,2602
ENSG00000111752,0.0018259491,-0.0011442397,1.0,2603
ENSG00000130939,0.0018259048,0.00097160885,1.0,2604
ENSG00000165732,0.0018253921,0.0011383711,1.0,2605
ENSG00000110921,0.0018244941,0.0011621392,1.0,2606
ENSG00000050327,0.0018236522,-0.00028261598,1.0,2607
ENSG00000144560,0.0018232181,-0.000752705,1.0,2608
ENSG00000133104,0.0018223816,-0.0014572729,1.0,2609
ENSG00000124374,0.0018192263,-0.0009172152,1.0,2610
ENSG00000125533,0.0018190024,0.0003253445,1.0,2611
ENSG00000067560,0.0018184682,-0.0008886769,1.0,2612
ENSG00000187260,0.0018179379,0.0002680272,1.0,2613
ENSG00000174799,0.0018174361,-0.0013102619,1.0,2614
ENSG00000144230,0.0018163513,-0.00058796443,0.33333334,2615
ENSG00000151014,0.0018162527,-0.0005605362,1.0,2616
ENSG00000069424,0.0018158564,-7.266063e-05,1.0,2617
ENSG00000018610,0.001815851,0.0009240589,1.0,2618
ENSG00000089597,0.001815556,-0.0014012828,1.0,2619
ENSG00000105339,0.0018149397,-0.0012273866,1.0,2620
ENSG00000108021,0.0018144324,0.00024178384,0.33333334,2621
ENSG00000115902,0.0018138605,-0.00033536274,1.0,2622
ENSG00000173572,0.00181212,0.0010144645,1.0,2623
ENSG00000145147,0.0018113347,0.0012911466,1.0,2624
ENSG00000102901,0.0018104181,-0.00020803399,1.0,2625
ENSG00000140090,0.0018077106,0.0011489346,1.0,2626
ENSG00000118939,0.0018075733,-0.0001021729,1.0,2627
ENSG00000116584,0.0018071551,0.00096914003,1.0,2628
ENSG00000148153,0.001806971,0.000719788,1.0,2629
ENSG00000091409,0.001805901,-0.001321334,1.0,2630
ENSG00000005243,0.001804214,-0.00027507788,1.0,2631
ENSG00000187005,0.0018037801,0.0009941946,1.0,2632
ENSG00000139644,0.0018025469,-0.0010829065,1.0,2633
ENSG00000085998,0.0017998456,0.00036648603,1.0,2634
ENSG00000164663,0.0017996264,-0.00038193967,1.0,2635
ENSG00000162728,0.001799609,-0.0007506227,1.0,2636
ENSG00000100167,0.0017976834,0.00024933877,1.0,2637
ENSG00000000003,0.0017967517,-0.0010449403,1.0,2638
ENSG00000152266,0.0017936742,-0.0013856784,1.0,2639
ENSG00000155034,0.0017932872,7.597908e-05,1.0,2640
ENSG00000169413,0.001792944,0.00034401592,1.0,2641
ENSG00000149403,0.001789943,5.4312375e-05,0.33333334,2642
ENSG00000122359,0.0017893302,0.0006534226,1.0,2643
ENSG00000166448,0.0017892718,-3.8890674e-05,1.0,2644
ENSG00000160868,0.0017889785,0.00117926,1.0,2645
ENSG00000168575,0.0017877929,0.0006467837,1.0,2646
ENSG00000134250,0.001787235,-0.00022890547,0.33333334,2647
ENSG00000105865,0.0017868268,0.0011135034,1.0,2648
ENSG00000138834,0.0017866752,-0.0006625696,1.0,2649
ENSG00000172766,0.0017865231,0.0016065625,1.0,2650
ENSG00000167460,0.0017857918,-0.000316409,1.0,2651
ENSG00000124535,0.001784285,-0.00040084598,1.0,2652
ENSG00000102893,0.0017831832,-0.0010041288,1.0,2653
ENSG00000070366,0.0017823692,-0.0014045745,1.0,2654
ENSG00000188153,0.0017821604,0.0012738412,1.0,2655
ENSG00000157036,0.0017805697,0.0014977595,1.0,2656
ENSG00000112276,0.0017798953,0.0003553012,1.0,2657
ENSG00000133030,0.0017781155,0.0010107768,1.0,2658
ENSG00000177463,0.0017765061,-0.0005587386,0.33333334,2659
ENSG00000013561,0.001776439,0.0003750634,0.33333334,2660
ENSG00000132570,0.0017734999,-0.0010762211,1.0,2661
ENSG00000134917,0.0017715123,0.00041468142,1.0,2662
ENSG00000172977,0.0017700723,-0.0001111933,0.33333334,2663
ENSG00000184916,0.0017653547,-0.0011399123,1.0,2664
ENSG00000156671,0.0017629104,-0.0011925246,1.0,2665
ENSG00000169032,0.0017626547,-0.00015455906,0.33333334,2666
ENSG00000034971,0.001761442,0.0009595706,1.0,2667
ENSG00000129518,0.0017597784,0.0010415333,1.0,2668
ENSG00000164649,0.00175923,0.0013119321,1.0,2669
ENSG00000144369,0.0017582551,-0.001286392,1.0,2670
ENSG00000177469,0.0017573083,0.00031586108,1.0,2671
ENSG00000111432,0.0017571322,0.0011569835,1.0,2672
ENSG00000125255,0.0017569276,0.00018554334,1.0,2673
ENSG00000172748,0.0017566486,-0.0015248988,1.0,2674
ENSG00000164430,0.0017553745,0.00037777392,1.0,2675
ENSG00000161558,0.0017542131,0.000725483,1.0,2676
ENSG00000158290,0.0017537372,-3.468907e-05,0.33333334,2677
ENSG00000125149,0.0017532563,-0.0006346138,1.0,2678
ENSG00000142949,0.0017517628,-0.0009882371,1.0,2679
ENSG00000081721,0.0017496586,-0.0005907741,1.0,2680
ENSG00000163817,0.001749122,-1.6294689e-05,0.33333334,2681
ENSG00000164256,0.0017453324,-0.00060094433,1.0,2682
ENSG00000170608,0.0017409261,-0.0009170815,1.0,2683
ENSG00000123427,0.0017401767,-0.00059260434,1.0,2684
ENSG00000101811,0.0017400355,-0.00036380652,1.0,2685
ENSG00000114374,0.0017394396,0.00052877405,0.33333334,2686
ENSG00000109606,0.0017378932,0.0013406075,1.0,2687
ENSG00000146918,0.0017366707,0.00086826464,1.0,2688
ENSG00000170264,0.0017355267,-0.001196665,1.0,2689
ENSG00000046774,0.0017354088,5.1939598e-05,0.33333334,2690
ENSG00000137411,0.0017341113,-0.0011002814,1.0,2691
ENSG00000063169,0.0017331457,-0.0007354671,0.33333334,2692
ENSG00000115073,0.0017317083,0.0012323246,1.0,2693
ENSG00000158163,0.0017301986,-0.0012067395,1.0,2694
ENSG00000148300,0.0017292592,0.0011266955,1.0,2695
ENSG00000167754,0.0017279765,-0.00025977322,1.0,2696
ENSG00000105559,0.001727574,0.00067843165,1.0,2697
ENSG00000068615,0.0017270964,0.00038215113,1.0,2698
ENSG00000163209,0.0017263079,0.00013589473,1.0,2699
ENSG00000183682,0.0017254726,0.0006457181,1.0,2700
ENSG00000176988,0.0017253325,0.00023840275,1.0,2701
ENSG00000185670,0.0017252463,0.00073246635,0.33333334,2702
ENSG00000095627,0.0017242363,0.00085706654,1.0,2703
ENSG00000133640,0.0017222775,0.0006596209,1.0,2704
ENSG00000196990,0.0017218259,0.00061899284,1.0,2705
ENSG00000089775,0.0017216904,-1.19090155e-05,0.33333334,2706
ENSG00000109743,0.0017202133,0.0006087492,1.0,2707
ENSG00000120280,0.0017191587,0.0014522434,1.0,2708
ENSG00000171791,0.001715133,0.0014425445,1.0,2709
ENSG00000168925,0.001715114,0.00089929864,1.0,2710
ENSG00000152700,0.0017148206,-0.0013190956,1.0,2711
ENSG00000099715,0.0017145728,-0.0014308417,1.0,2712
ENSG00000182271,0.001714014,0.00016314593,1.0,2713
ENSG00000053328,0.0017135469,0.00097428955,1.0,2714
ENSG00000164393,0.0017125057,-0.000957324,1.0,2715
ENSG00000165474,0.0017120158,0.00045114555,1.0,2716
ENSG00000176194,0.0017118206,0.00020883737,1.0,2717
ENSG00000130475,0.00171103,-0.00071787747,1.0,2718
ENSG00000154229,0.001710441,0.00058717275,0.33333334,2719
ENSG00000094914,0.0017103996,-0.0009961237,1.0,2720
ENSG00000085721,0.0017092706,-0.0009947085,1.0,2721
ENSG00000179598,0.0017089652,0.00028168413,0.33333334,2722
ENSG00000092068,0.0017069401,0.000683744,1.0,2723
ENSG00000158315,0.0017049438,0.00015060666,1.0,2724
ENSG00000196131,0.0017041016,-0.00059390237,1.0,2725
ENSG00000119912,0.0017035659,-0.0010286998,1.0,2726
ENSG00000158106,0.001702589,-0.0010709261,1.0,2727
ENSG00000068985,0.0017018345,-0.00077191106,1.0,2728
ENSG00000163636,0.0016971342,0.00071836374,1.0,2729
ENSG00000170017,0.0016915337,-0.0009460336,1.0,2730
ENSG00000119686,0.0016914451,0.0009813485,0.33333334,2731
ENSG00000105289,0.001690356,0.0008364476,1.0,2732
ENSG00000100575,0.0016893111,-0.00039439093,0.33333334,2733
ENSG00000138942,0.0016890097,-9.2621565e-05,0.33333334,2734
ENSG00000104611,0.0016874891,-0.00033505072,1.0,2735
ENSG00000140678,0.0016873135,0.0002792995,0.33333334,2736
ENSG00000165555,0.0016868062,0.0012361818,1.0,2737
ENSG00000125356,0.0016839515,-0.001446572,1.0,2738
ENSG00000062598,0.0016823417,-0.00014097759,0.33333334,2739
ENSG00000166828,0.0016822392,-0.00039677104,1.0,2740
ENSG00000111077,0.001681991,0.00035304262,1.0,2741
ENSG00000154162,0.0016801528,0.0007204516,1.0,2742
ENSG00000076924,0.0016783302,-0.0014105589,1.0,2743
ENSG00000163254,0.0016779335,-0.0004704882,1.0,2744
ENSG00000142910,0.0016760506,0.0005820343,1.0,2745
ENSG00000153684,0.0016756883,0.00073615526,1.0,2746
ENSG00000115361,0.0016747027,0.0007968179,1.0,2747
ENSG00000014257,0.00167335,0.00039961757,1.0,2748
ENSG00000189376,0.001672973,0.0008847895,1.0,2749
ENSG00000140368,0.0016729647,-0.0007335459,1.0,2750
ENSG00000162594,0.0016723032,0.00085627293,1.0,2751
ENSG00000184166,0.0016718196,-0.0013496839,1.0,2752
ENSG00000187554,0.0016716645,0.0009998005,1.0,2753
ENSG00000100209,0.0016712538,0.0009622115,1.0,2754
ENSG00000174125,0.0016703395,0.0012691669,1.0,2755
ENSG00000135697,0.0016697957,-6.0611306e-05,0.33333334,2756
ENSG00000141736,0.0016697444,-0.00095981994,1.0,2757
ENSG00000133789,0.0016690964,0.0011492328,1.0,2758
ENSG00000161677,0.0016688094,0.00014634861,0.33333334,2759
ENSG00000157782,0.001668491,0.0004464609,1.0,2760
ENSG00000110107,0.0016681872,-0.0012686565,1.0,2761
ENSG00000187134,0.001667507,-0.00019030769,1.0,2762
ENSG00000179520,0.0016660709,-0.0004991029,1.0,2763
ENSG00000106803,0.001665162,0.00027868117,0.33333334,2764
ENSG00000067048,0.0016629742,-0.00021553657,0.33333334,2765
ENSG00000105717,0.0016622073,1.2792608e-05,0.33333334,2766
ENSG00000123143,0.0016599795,-0.0012859068,1.0,2767
ENSG00000131981,0.0016598852,0.0004324362,0.33333334,2768
ENSG00000061492,0.0016589868,-0.0010172683,1.0,2769
ENSG00000005108,0.0016584978,-0.0012465721,1.0,2770
ENSG00000182134,0.0016571209,0.00030974668,0.33333334,2771
ENSG00000077009,0.0016567971,-0.00015289943,0.33333334,2772
ENSG00000169583,0.0016565317,-0.00045513836,0.33333334,2773
ENSG00000141552,0.0016562189,-0.0012150913,1.0,2774
ENSG00000125843,0.0016548848,-0.00017321286,1.0,2775
ENSG00000166398,0.0016542597,0.001187176,1.0,2776
ENSG00000015676,0.0016534928,0.00065584603,1.0,2777
ENSG00000104901,0.0016532155,0.0008551059,1.0,2778
ENSG00000175470,0.0016523037,-0.00060667464,1.0,2779
ENSG00000143630,0.0016520353,-0.0005612622,1.0,2780
ENSG00000184992,0.0016514483,0.0003680238,1.0,2781
ENSG00000171819,0.001650649,0.0005625303,1.0,2782
ENSG00000007312,0.0016498119,-0.00021728854,1.0,2783
ENSG00000166535,0.0016487135,0.00058666087,1.0,2784
ENSG00000189366,0.0016486101,8.867421e-05,1.0,2785
ENSG00000186854,0.0016470043,-0.0004019784,1.0,2786
ENSG00000163541,0.0016466625,-0.0011237224,1.0,2787
ENSG00000169981,0.0016451962,0.0013918312,1.0,2788
ENSG00000176714,0.0016439535,0.00090419984,1.0,2789
ENSG00000126803,0.0016422523,0.00046559554,1.0,2790
ENSG00000169509,0.0016421949,-0.00018822747,0.33333334,2791
ENSG00000011028,0.0016419902,0.00065315847,1.0,2792
ENSG00000189050,0.0016417814,0.0002291171,1.0,2793
ENSG00000167995,0.0016417117,-0.0011116215,1.0,2794
ENSG00000185149,0.0016412315,0.00043134709,1.0,2795
ENSG00000171097,0.001638907,0.00077343587,1.0,2796
ENSG00000135241,0.0016373545,0.00095033366,0.33333334,2797
ENSG00000168619,0.0016368023,0.0007726394,1.0,2798
ENSG00000124203,0.0016352484,-0.0013422145,1.0,2799
ENSG00000145358,0.0016349712,0.0001429583,0.33333334,2800
ENSG00000149654,0.0016346205,3.3698667e-05,0.33333334,2801
ENSG00000040731,0.0016337588,3.3757333e-05,0.33333334,2802
ENSG00000136717,0.0016322006,0.0010940921,1.0,2803
ENSG00000124260,0.0016296202,0.00028025662,1.0,2804
ENSG00000100263,0.001629368,0.0012454203,1.0,2805
ENSG00000159055,0.0016292097,0.000766625,1.0,2806
ENSG00000153317,0.001623823,0.0012919906,1.0,2807
ENSG00000173599,0.0016231384,0.00064342044,1.0,2808
ENSG00000171451,0.0016218233,-0.0010107923,1.0,2809
ENSG00000083896,0.0016160145,0.0014551716,1.0,2810
ENSG00000133619,0.0016159337,0.00038426276,1.0,2811
ENSG00000182177,0.001615564,0.000949845,1.0,2812
ENSG00000187682,0.0016150574,-0.00015376754,0.33333334,2813
ENSG00000127191,0.0016139485,0.0005370372,1.0,2814
ENSG00000188710,0.001612977,0.00053768634,1.0,2815
ENSG00000183340,0.0016102776,-0.0010233017,1.0,2816
ENSG00000122741,0.0016099327,-0.0009386477,1.0,2817
ENSG00000110395,0.0016087323,0.00012948702,0.33333334,2818
ENSG00000139842,0.0016078664,2.4225796e-05,0.33333334,2819
ENSG00000156959,0.0016078142,0.00010341866,0.33333334,2820
ENSG00000186451,0.001607194,0.0009844904,1.0,2821
ENSG00000178691,0.0016070096,-0.00061094837,1.0,2822
ENSG00000186184,0.0016067965,0.00088035053,1.0,2823
ENSG00000178935,0.0016052946,0.0008114667,1.0,2824
ENSG00000140497,0.0016043675,0.00017340992,0.33333334,2825
ENSG00000163046,0.0016041178,0.0010422509,1.0,2826
ENSG00000115598,0.0016029378,0.00085753883,1.0,2827
ENSG00000165868,0.0016005532,-0.0011408055,1.0,2828
ENSG00000141076,0.001600485,0.00075406674,1.0,2829
ENSG00000165905,0.0015994279,0.00041232086,1.0,2830
ENSG00000188827,0.0015988845,-0.0004234924,1.0,2831
ENSG00000095110,0.0015931019,-0.0010349909,0.33333334,2832
ENSG00000175877,0.0015920933,-0.0009862363,1.0,2833
ENSG00000007237,0.0015913675,-0.00092718384,1.0,2834
ENSG00000104812,0.0015895712,-0.00075048604,1.0,2835
ENSG00000101460,0.0015893305,0.0003980551,0.33333334,2836
ENSG00000074416,0.0015867444,0.00023554591,1.0,2837
ENSG00000179674,0.0015850068,-0.00018567692,1.0,2838
ENSG00000105974,0.0015831674,-0.00017114899,1.0,2839
ENSG00000060982,0.0015824084,0.0007876268,1.0,2840
ENSG00000182968,0.0015801314,-0.00037989696,1.0,2841
ENSG00000140937,0.0015775881,-0.0010328073,1.0,2842
ENSG00000163626,0.0015769997,-7.531416e-05,0.33333334,2843
ENSG00000088836,0.0015737991,-0.00057072233,1.0,2844
ENSG00000135677,0.0015731318,0.001013408,1.0,2845
ENSG00000144668,0.0015714336,0.0009375042,1.0,2846
ENSG00000151892,0.0015710928,-0.00058124814,1.0,2847
ENSG00000136147,0.0015709525,0.0003756001,1.0,2848
ENSG00000131400,0.0015674107,0.0006970317,1.0,2849
ENSG00000152242,0.0015667746,0.0008894082,1.0,2850
ENSG00000080371,0.001566385,-0.00094831066,1.0,2851
ENSG00000079689,0.0015663464,0.00045609256,1.0,2852
ENSG00000160917,0.0015662037,-0.000110558954,0.33333334,2853
ENSG00000171241,0.0015643094,-0.00024845393,1.0,2854
ENSG00000169139,0.0015642578,0.0008009503,1.0,2855
ENSG00000105254,0.0015637306,-0.001091862,1.0,2856
ENSG00000082516,0.0015622125,0.0013169347,1.0,2857
ENSG00000103710,0.001557967,-0.00016262944,1.0,2858
ENSG00000113211,0.0015579549,0.00041183573,1.0,2859
ENSG00000105650,0.0015567169,0.0012409961,1.0,2860
ENSG00000177576,0.0015557284,0.00056897546,1.0,2861
ENSG00000022840,0.0015552593,0.0009994197,1.0,2862
ENSG00000183632,0.001553339,0.0009024514,1.0,2863
ENSG00000166526,0.0015532613,0.00096713146,1.0,2864
ENSG00000175065,0.0015530234,0.00042609917,1.0,2865
ENSG00000161021,0.0015517698,-0.00020072488,1.0,2866
ENSG00000129197,0.0015516978,0.001258771,1.0,2867
ENSG00000143125,0.0015515732,-5.272955e-05,0.33333334,2868
ENSG00000126091,0.0015511465,-0.00036156608,0.33333334,2869
ENSG00000144355,0.001549854,-7.620824e-05,0.33333334,2870
ENSG00000166341,0.0015496662,0.000412744,1.0,2871
ENSG00000176974,0.0015479387,0.0006134045,1.0,2872
ENSG00000137478,0.0015478999,0.00046629706,1.0,2873
ENSG00000143595,0.0015477011,0.00012803295,0.33333334,2874
ENSG00000141458,0.0015473663,0.0001084425,0.33333334,2875
ENSG00000132510,0.0015470479,-0.001219641,1.0,2876
ENSG00000118473,0.0015453532,-0.00070240017,1.0,2877
ENSG00000134452,0.0015451444,0.0011480395,1.0,2878
ENSG00000120068,0.0015438055,-0.0003631478,0.33333334,2879
ENSG00000106410,0.0015416639,-0.00069163746,1.0,2880
ENSG00000174165,0.0015379953,-0.00084606727,0.33333334,2881
ENSG00000141867,0.0015372382,0.0014202314,1.0,2882
ENSG00000154719,0.0015369753,-0.0001987932,1.0,2883
ENSG00000128284,0.001536246,-0.00058705074,1.0,2884
ENSG00000090971,0.001535125,0.0007479138,1.0,2885
ENSG00000115616,0.0015341244,-0.00013875874,1.0,2886
ENSG00000168264,0.001533304,-0.0005258245,1.0,2887
ENSG00000145817,0.0015322525,-0.00022310542,1.0,2888
ENSG00000108561,0.0015308383,0.0012463358,1.0,2889
ENSG00000167543,0.0015297057,-0.00016342237,0.33333334,2890
ENSG00000183878,0.0015296311,0.00030961866,0.33333334,2891
ENSG00000178952,0.0015294995,0.0011257486,1.0,2892
ENSG00000105053,0.0015290016,-0.00014112567,1.0,2893
ENSG00000134463,0.0015274114,-0.00015054415,0.33333334,2894
ENSG00000111358,0.0015272585,-6.403516e-05,0.33333334,2895
ENSG00000186867,0.0015233168,0.0006612223,1.0,2896
ENSG00000178974,0.0015217463,0.0011643468,1.0,2897
ENSG00000144681,0.0015204739,0.0005339252,1.0,2898
ENSG00000082146,0.0015183385,-0.0010023316,1.0,2899
ENSG00000170871,0.0015177489,-0.00010691236,0.33333334,2900
ENSG00000139263,0.001516583,0.0012625852,1.0,2901
ENSG00000099974,0.0015154085,0.00062865956,1.0,2902
ENSG00000083544,0.001512384,-0.00034224472,0.33333334,2903
ENSG00000182220,0.0015122495,-0.0008190574,1.0,2904
ENSG00000173679,0.0015116906,0.0006928048,0.33333334,2905
ENSG00000136732,0.0015105422,-3.842552e-05,0.33333334,2906
ENSG00000184220,0.0015097465,0.0005553147,1.0,2907
ENSG00000152642,0.0015081445,0.00065405876,1.0,2908
ENSG00000101187,0.001507633,-0.0005746936,1.0,2909
ENSG00000172150,0.0015067904,-0.00019109271,1.0,2910
ENSG00000132694,0.0015067855,-0.0007659141,1.0,2911
ENSG00000171853,0.0015064552,0.00049563654,0.33333334,2912
ENSG00000148483,0.0015063304,-0.00077219977,1.0,2913
ENSG00000100721,0.0015053423,0.00013541139,1.0,2914
ENSG00000157881,0.0015042796,0.0003764505,1.0,2915
ENSG00000139350,0.0015026267,0.00014075835,0.33333334,2916
ENSG00000078725,0.0015020916,-0.0006279137,1.0,2917
ENSG00000143507,0.001501338,0.0006562863,1.0,2918
ENSG00000178764,0.001501242,0.00058251625,1.0,2919
ENSG00000141639,0.0015012078,-0.00017157513,1.0,2920
ENSG00000141564,0.0015007885,-0.00026829974,1.0,2921
ENSG00000002834,0.0014997694,-0.0010286657,1.0,2922
ENSG00000138032,0.00149891,-3.8187372e-05,0.33333334,2923
ENSG00000134365,0.0014979495,-0.0010879401,1.0,2924
ENSG00000151062,0.0014979426,0.0007584615,1.0,2925
ENSG00000165195,0.0014973194,0.0004078284,1.0,2926
ENSG00000188419,0.0014960585,0.0008370914,1.0,2927
ENSG00000008311,0.0014945186,0.0010488575,1.0,2928
ENSG00000120937,0.0014935901,0.00055565266,1.0,2929
ENSG00000124702,0.0014935007,-0.00063999376,0.33333334,2930
ENSG00000136699,0.0014934414,0.00053297944,0.33333334,2931
ENSG00000100479,0.0014933031,0.0006066107,1.0,2932
ENSG00000105879,0.0014931321,-3.3443535e-05,0.33333334,2933
ENSG00000099917,0.0014925849,6.8589193e-06,0.33333334,2934
ENSG00000176953,0.00149175,0.0001633878,1.0,2935
ENSG00000062038,0.0014913635,-0.00044544018,1.0,2936
ENSG00000169249,0.0014892631,-0.00042905714,1.0,2937
ENSG00000173171,0.0014881035,-0.00038314555,1.0,2938
ENSG00000185105,0.0014867667,-0.00047067567,1.0,2939
ENSG00000085563,0.001484386,0.00074228743,0.33333334,2940
ENSG00000122687,0.001482558,0.0002661828,0.33333334,2941
ENSG00000126458,0.0014825171,-0.00045161496,1.0,2942
ENSG00000121904,0.0014823318,0.0008207354,1.0,2943
ENSG00000017427,0.001481723,-0.0005365867,1.0,2944
ENSG00000188086,0.001480414,0.0009047825,1.0,2945
ENSG00000112796,0.0014787413,0.00018551177,1.0,2946
ENSG00000171812,0.0014783851,5.580591e-05,1.0,2947
ENSG00000125816,0.0014774922,2.2154762e-05,0.33333334,2948
ENSG00000137573,0.0014773937,-0.0007489373,1.0,2949
ENSG00000110583,0.0014761664,0.00017442433,1.0,2950
ENSG00000091664,0.0014757634,0.00055199256,1.0,2951
ENSG00000097033,0.0014741243,0.00069967465,1.0,2952
ENSG00000164161,0.0014729532,-0.000766106,1.0,2953
ENSG00000114125,0.0014688843,0.0005656654,0.33333334,2954
ENSG00000058453,0.0014679888,3.552499e-05,0.33333334,2955
ENSG00000180245,0.0014678872,-0.0011262686,1.0,2956
ENSG00000100142,0.0014675815,-0.0011722203,1.0,2957
ENSG00000154188,0.0014664652,-0.0006951974,1.0,2958
ENSG00000168827,0.0014649807,-0.0010067004,0.33333334,2959
ENSG00000162999,0.0014637993,7.296571e-05,0.33333334,2960
ENSG00000100403,0.001463272,-0.00041837842,1.0,2961
ENSG00000183783,0.0014599735,5.474611e-05,0.33333334,2962
ENSG00000100461,0.0014591158,0.00045266483,1.0,2963
ENSG00000145220,0.001458676,6.0362534e-05,0.33333334,2964
ENSG00000184545,0.0014578943,-3.080984e-05,0.33333334,2965
ENSG00000167107,0.0014575048,-7.1994386e-06,0.33333334,2966
ENSG00000151461,0.0014570378,0.00026387683,0.33333334,2967
ENSG00000181754,0.0014551673,-4.5787627e-05,1.0,2968
ENSG00000184402,0.0014546951,0.0006441807,1.0,2969
ENSG00000100985,0.0014538992,-0.0003584928,1.0,2970
ENSG00000175820,0.001453811,-0.00063133554,1.0,2971
ENSG00000074855,0.0014501732,-0.00081480504,1.0,2972
ENSG00000174502,0.0014494736,0.00044638917,1.0,2973
ENSG00000165061,0.0014491836,0.0005573503,1.0,2974
ENSG00000171773,0.0014468826,-0.00015383914,1.0,2975
ENSG00000143742,0.0014463412,0.00033619255,1.0,2976
ENSG00000168916,0.0014460967,0.0012226047,1.0,2977
ENSG00000109501,0.0014458522,-0.00071828376,1.0,2978
ENSG00000171130,0.0014454186,-0.00073903654,1.0,2979
ENSG00000184502,0.0014444905,0.00034709205,1.0,2980
ENSG00000185090,0.0014441932,-0.0008527425,1.0,2981
ENSG00000189057,0.0014422123,0.00042003088,1.0,2982
ENSG00000109971,0.001441991,0.0007237562,1.0,2983
ENSG00000135535,0.0014408762,0.00018126909,0.33333334,2984
ENSG00000186952,0.0014398983,0.00092326803,1.0,2985
ENSG00000076554,0.0014395295,0.00038863203,1.0,2986
ENSG00000144596,0.0014392367,-0.00041081978,1.0,2987
ENSG00000185985,0.001437141,-0.00043133087,1.0,2988
ENSG00000168803,0.0014366353,-0.00076110166,1.0,2989
ENSG00000100351,0.0014365552,0.0008010541,1.0,2990
ENSG00000048540,0.0014362076,-0.00023168283,1.0,2991
ENSG00000108963,0.0014356752,-4.0450675e-05,0.33333334,2992
ENSG00000171720,0.001435446,-9.535053e-05,0.33333334,2993
ENSG00000149451,0.0014335773,-3.5983318e-05,0.33333334,2994
ENSG00000068724,0.0014334609,0.0008746476,1.0,2995
ENSG00000102001,0.0014326246,-5.2943873e-05,0.33333334,2996
ENSG00000128833,0.0014326009,0.0009584588,1.0,2997
ENSG00000077279,0.0014290068,-0.00043206013,1.0,2998
ENSG00000105963,0.0014285697,0.00058457995,1.0,2999
ENSG00000133115,0.001428421,-0.00045255452,1.0,3000
ENSG00000183066,0.0014282021,0.00076583883,1.0,3001
ENSG00000105619,0.0014279386,-2.770607e-05,0.33333334,3002
ENSG00000163467,0.0014278908,-0.0002375372,1.0,3003
ENSG00000084110,0.0014276713,0.00014203449,0.33333334,3004
ENSG00000083454,0.0014275439,0.00021793146,1.0,3005
ENSG00000132768,0.001426578,-0.0009260879,1.0,3006
ENSG00000169291,0.001426444,-0.0003307292,1.0,3007
ENSG00000139180,0.0014257996,-0.0006784015,1.0,3008
ENSG00000181924,0.0014250024,-0.0010240155,1.0,3009
ENSG00000155304,0.0014250019,-0.00031621903,0.33333334,3010
ENSG00000173930,0.00142461,-0.00032630935,1.0,3011
ENSG00000125454,0.0014244315,-2.6207586e-05,0.33333334,3012
ENSG00000100055,0.0014233793,-0.00081287674,1.0,3013
ENSG00000110429,0.0014228456,-0.0009382395,0.33333334,3014
ENSG00000166734,0.001418111,-0.0005589383,1.0,3015
ENSG00000110777,0.001417511,1.9125417e-05,0.33333334,3016
ENSG00000177706,0.0014169975,-0.00081375014,1.0,3017
ENSG00000182040,0.0014169784,0.00019185084,1.0,3018
ENSG00000131507,0.001416576,-0.0007969124,1.0,3019
ENSG00000117597,0.0014165714,0.0010207306,1.0,3020
ENSG00000169550,0.0014156456,0.00018969197,1.0,3021
ENSG00000177275,0.0014153573,-0.0007210173,1.0,3022
ENSG00000156261,0.001413486,-0.0005251759,1.0,3023
ENSG00000144821,0.0014133643,-0.00039754738,0.33333334,3024
ENSG00000138738,0.0014128735,0.0013054623,1.0,3025
ENSG00000175857,0.0014115724,0.0011770405,1.0,3026
ENSG00000183798,0.0014110589,-0.0003795294,1.0,3027
ENSG00000116199,0.0014099772,0.0008488616,1.0,3028
ENSG00000107614,0.0014092234,-0.00090784655,1.0,3029
ENSG00000148840,0.0014090113,0.000551236,1.0,3030
ENSG00000102921,0.0014082855,0.00066867896,1.0,3031
ENSG00000154124,0.0014078007,-0.0006601634,1.0,3032
ENSG00000168646,0.0014071692,0.00026453412,1.0,3033
ENSG00000008118,0.0014069631,-0.00021349765,1.0,3034
ENSG00000173548,0.001406543,-0.0001846766,1.0,3035
ENSG00000171729,0.0014064931,-0.00075333193,1.0,3036
ENSG00000140835,0.0014058679,-0.00075891154,1.0,3037
ENSG00000127445,0.0014057517,-0.0002973524,0.33333334,3038
ENSG00000142675,0.0014052418,0.0008629902,1.0,3039
ENSG00000176472,0.0014052357,-0.0004712915,1.0,3040
ENSG00000113088,0.0014036823,-0.0005803057,1.0,3041
ENSG00000178202,0.0014027696,0.000213579,0.33333334,3042
ENSG00000177311,0.0014019482,0.00026933211,0.33333334,3043
ENSG00000128564,0.0014018206,0.00018281316,1.0,3044
ENSG00000180104,0.0014010057,-0.00025461655,1.0,3045
ENSG00000164167,0.0014008529,0.0006330824,1.0,3046
ENSG00000188897,0.0013992595,0.0004685017,1.0,3047
ENSG00000142515,0.0013987534,0.00037605967,1.0,3048
ENSG00000169330,0.0013984364,-0.0008812747,1.0,3049
ENSG00000184895,0.0013979659,0.00031064235,1.0,3050
ENSG00000166387,0.001396827,0.00064595835,1.0,3051
ENSG00000104824,0.001395983,-0.00054601004,1.0,3052
ENSG00000074071,0.0013951286,0.0009968259,1.0,3053
ENSG00000156011,0.0013947993,0.0012395877,1.0,3054
ENSG00000184611,0.0013946487,-0.0010571793,1.0,3055
ENSG00000146618,0.001393917,0.0010993608,1.0,3056
ENSG00000160803,0.0013925448,0.0007478282,1.0,3057
ENSG00000172534,0.0013919916,0.0010557328,1.0,3058
ENSG00000006025,0.0013917562,-0.00012482017,1.0,3059
ENSG00000136929,0.0013913969,0.00054965867,1.0,3060
ENSG00000155367,0.0013910327,-0.00020332173,1.0,3061
ENSG00000125863,0.0013908403,-0.00016771133,0.33333334,3062
ENSG00000115414,0.0013904806,0.0008219455,1.0,3063
ENSG00000188000,0.0013901914,-0.00037168188,1.0,3064
ENSG00000172172,0.0013899709,0.0007710457,1.0,3065
ENSG00000167216,0.0013896661,-0.00012411074,0.33333334,3066
ENSG00000102144,0.001388921,-0.00039997304,1.0,3067
ENSG00000142025,0.0013867101,0.00088994065,1.0,3068
ENSG00000100425,0.0013836273,0.0005760083,1.0,3069
ENSG00000173852,0.0013834819,0.0006605981,1.0,3070
ENSG00000185163,0.0013825876,0.00082100433,1.0,3071
ENSG00000136870,0.0013810672,-0.0011750095,1.0,3072
ENSG00000131773,0.0013789976,-0.0003972218,1.0,3073
ENSG00000172687,0.0013779569,0.00067732,1.0,3074
ENSG00000166947,0.0013776772,-0.00022930256,1.0,3075
ENSG00000134160,0.0013774167,-0.0008313751,1.0,3076
ENSG00000131055,0.0013769944,0.0008672394,1.0,3077
ENSG00000163218,0.0013768417,0.00020868292,1.0,3078
ENSG00000104413,0.0013760775,0.00014786214,0.33333334,3079
ENSG00000134871,0.0013758326,-0.00031251527,1.0,3080
ENSG00000149948,0.0013739177,-0.00013740745,0.33333334,3081
ENSG00000165046,0.0013722708,0.0008559234,1.0,3082
ENSG00000145451,0.0013719167,-0.00035333147,1.0,3083
ENSG00000137501,0.0013711377,-0.0010917508,1.0,3084
ENSG00000118017,0.0013710931,-0.00042126,1.0,3085
ENSG00000106823,0.0013698172,-0.0007650915,1.0,3086
ENSG00000090061,0.0013681455,0.00039365422,1.0,3087
ENSG00000171865,0.0013674762,0.00054596463,1.0,3088
ENSG00000104714,0.0013653432,-0.0008240098,1.0,3089
ENSG00000187024,0.0013645604,0.0008527758,1.0,3090
ENSG00000176894,0.0013628028,0.00015801413,0.33333334,3091
ENSG00000072756,0.0013624979,0.0007711353,1.0,3092
ENSG00000133878,0.0013605839,7.8981124e-05,0.33333334,3093
ENSG00000169231,0.0013583425,-0.0002211767,1.0,3094
ENSG00000114491,0.0013558031,0.0008431223,1.0,3095
ENSG00000184330,0.0013545287,0.000113081034,0.33333334,3096
ENSG00000124507,0.0013543715,-0.00070608617,0.33333334,3097
ENSG00000144445,0.0013539701,-0.00028116725,0.33333334,3098
ENSG00000101158,0.0013529072,-0.00025798776,1.0,3099
ENSG00000122180,0.0013521634,0.0009927792,1.0,3100
ENSG00000182372,0.0013520903,-0.0007761397,1.0,3101
ENSG00000103528,0.0013518259,9.1719e-05,1.0,3102
ENSG00000156042,0.0013488248,-0.0010295849,1.0,3103
ENSG00000125787,0.0013460126,0.0009011181,1.0,3104
ENSG00000001084,0.0013454035,0.0007287751,1.0,3105
ENSG00000131788,0.0013446173,0.00053543475,1.0,3106
ENSG00000164961,0.001344529,0.00023250526,0.33333334,3107
ENSG00000133069,0.0013441072,8.499939e-05,0.33333334,3108
ENSG00000137806,0.0013432357,0.00024352541,0.33333334,3109
ENSG00000151773,0.001343227,-0.0005636474,1.0,3110
ENSG00000070404,0.0013429435,-0.00020575219,1.0,3111
ENSG00000167562,0.0013425912,-0.0006758101,1.0,3112
ENSG00000196843,0.0013418241,-0.0007836029,1.0,3113
ENSG00000134138,0.0013409308,-0.0005201742,1.0,3114
ENSG00000127334,0.0013408113,-0.0010292708,1.0,3115
ENSG00000166329,0.001340794,0.00038603923,1.0,3116
ENSG00000101361,0.0013405957,0.00057576917,1.0,3117
ENSG00000123500,0.0013400335,-0.00057735975,1.0,3118
ENSG00000154027,0.0013397564,0.0005619498,1.0,3119
ENSG00000164743,0.0013395026,-0.00052309566,1.0,3120
ENSG00000149534,0.0013372247,-0.0008304242,1.0,3121
ENSG00000128791,0.0013357435,-0.00045505862,1.0,3122
ENSG00000196589,0.0013356382,-0.00011608927,0.33333334,3123
ENSG00000134042,0.0013344329,0.00040521068,1.0,3124
ENSG00000137055,0.0013343083,-0.00012532462,0.33333334,3125
ENSG00000106628,0.0013339644,-0.0010377397,1.0,3126
ENSG00000173083,0.0013316836,2.6711301e-05,0.33333334,3127
ENSG00000164442,0.0013313548,-0.0002558658,1.0,3128
ENSG00000183943,0.0013303604,0.0002804927,0.33333334,3129
ENSG00000189253,0.0013298411,0.000100366364,1.0,3130
ENSG00000130254,0.001329727,0.00027197946,1.0,3131
ENSG00000184076,0.0013289576,0.00070868153,1.0,3132
ENSG00000174099,0.0013285204,-0.00081973936,1.0,3133
ENSG00000113389,0.0013283052,0.00041440185,1.0,3134
ENSG00000116396,0.0013282351,-3.430666e-05,0.33333334,3135
ENSG00000144744,0.0013276882,-0.00044467844,1.0,3136
ENSG00000120952,0.0013273723,-0.0002836399,1.0,3137
ENSG00000183508,0.0013246214,-0.0010145259,1.0,3138
ENSG00000068028,0.0013221918,-0.00014205165,1.0,3139
ENSG00000183323,0.0013220534,-0.00079366117,1.0,3140
ENSG00000128714,0.0013205985,-0.00049405574,1.0,3141
ENSG00000105519,0.0013197176,-0.00041668463,0.33333334,3142
ENSG00000167257,0.0013192398,0.0010089515,1.0,3143
ENSG00000106609,0.0013189014,0.00030501012,1.0,3144
ENSG00000147256,0.0013180976,0.00025265376,1.0,3145
ENSG00000170584,0.001318043,-0.00028220747,1.0,3146
ENSG00000102547,0.0013170037,0.00049103814,1.0,3147
ENSG00000138336,0.0013167319,0.00043087875,0.33333334,3148
ENSG00000168502,0.0013152122,-6.378657e-05,0.33333334,3149
ENSG00000187862,0.0013150139,-0.00059354346,1.0,3150
ENSG00000154143,0.0013139729,0.0004338657,1.0,3151
ENSG00000170074,0.001310415,0.0005449512,1.0,3152
ENSG00000082293,0.0013096329,-0.00027421155,0.33333334,3153
ENSG00000101220,0.0013088648,-0.0008061749,1.0,3154
ENSG00000109917,0.0013083644,0.00052748644,1.0,3155
ENSG00000120054,0.0013062112,-0.00021855677,1.0,3156
ENSG00000175143,0.0013047373,0.00071969884,1.0,3157
ENSG00000181481,0.0013038734,8.929692e-05,0.33333334,3158
ENSG00000141404,0.0013037928,-0.00023119776,0.33333334,3159
ENSG00000188585,0.0013019101,0.00048363322,1.0,3160
ENSG00000106246,0.0012997795,-5.9228983e-05,1.0,3161
ENSG00000188976,0.0012984549,0.0008276214,1.0,3162
ENSG00000141540,0.001298051,9.099295e-05,0.33333334,3163
ENSG00000100368,0.0012969217,-0.0008147382,1.0,3164
ENSG00000176281,0.0012965788,-0.00013882655,1.0,3165
ENSG00000174032,0.0012965156,-0.0007787946,1.0,3166
ENSG00000138640,0.0012958673,-0.00016174214,0.33333334,3167
ENSG00000177971,0.0012937638,-0.0012097871,1.0,3168
ENSG00000102076,0.0012929294,3.9955154e-05,0.33333334,3169
ENSG00000106105,0.0012922013,-0.00012167621,1.0,3170
ENSG00000185880,0.0012916757,-0.00024282378,1.0,3171
ENSG00000182324,0.001291075,0.00039128898,1.0,3172
ENSG00000146221,0.0012904388,-0.00038332018,1.0,3173
ENSG00000087510,0.0012903166,0.0006717127,1.0,3174
ENSG00000106266,0.0012901021,0.00084680534,1.0,3175
ENSG00000135048,0.0012893183,0.00092311314,1.0,3176
ENSG00000170909,0.0012881052,0.0006123144,1.0,3177
ENSG00000169057,0.001287816,-0.00096992403,1.0,3178
ENSG00000143344,0.0012875296,-0.00042003882,0.33333334,3179
ENSG00000140577,0.00128746,-0.00011574044,1.0,3180
ENSG00000130701,0.0012864764,-0.000568096,1.0,3181
ENSG00000166681,0.0012862621,-0.00052563375,1.0,3182
ENSG00000100804,0.0012854276,-0.00092185894,1.0,3183
ENSG00000132600,0.0012851425,-2.5451916e-05,0.33333334,3184
ENSG00000173302,0.0012849956,-0.00014567874,1.0,3185
ENSG00000186723,0.0012845556,0.00025359992,1.0,3186
ENSG00000172232,0.0012844602,-4.0089944e-06,0.33333334,3187
ENSG00000127529,0.0012839688,0.0003716657,1.0,3188
ENSG00000178804,0.0012810897,7.3386684e-05,1.0,3189
ENSG00000174013,0.0012799703,0.00057783985,1.0,3190
ENSG00000170381,0.0012771653,5.2876367e-05,0.33333334,3191
ENSG00000107745,0.0012769635,-0.00066059834,1.0,3192
ENSG00000173714,0.0012741836,4.6563742e-05,0.33333334,3193
ENSG00000129173,0.0012736507,-0.00021039763,1.0,3194
ENSG00000177728,0.0012729269,-0.0007210387,1.0,3195
ENSG00000170889,0.0012720713,-0.0006859852,0.33333334,3196
ENSG00000074771,0.0012716568,-6.392254e-05,0.33333334,3197
ENSG00000026297,0.0012714186,-0.00024989873,1.0,3198
ENSG00000144406,0.001270099,0.00072352827,1.0,3199
ENSG00000167741,0.0012697446,-0.0006985988,1.0,3200
ENSG00000187193,0.0012667802,-9.297723e-05,0.33333334,3201
ENSG00000183087,0.0012662074,0.0004920983,1.0,3202
ENSG00000196367,0.0012660518,0.0007449954,1.0,3203
ENSG00000165916,0.0012657485,-0.0009912354,1.0,3204
ENSG00000111196,0.0012653712,-0.0008038509,1.0,3205
ENSG00000107957,0.0012644061,-0.0005189713,1.0,3206
ENSG00000058729,0.001264379,0.0007456926,1.0,3207
ENSG00000139410,0.0012642565,0.0003578614,0.33333334,3208
ENSG00000161243,0.001263441,-0.00043949144,1.0,3209
ENSG00000177453,0.0012631958,0.00017248387,0.33333334,3210
ENSG00000127928,0.001262429,0.0005928862,1.0,3211
ENSG00000153147,0.0012616924,-0.00031287843,1.0,3212
ENSG00000162344,0.001260266,0.0004540925,1.0,3213
ENSG00000180974,0.0012592335,0.00108426,1.0,3214
ENSG00000080709,0.0012591976,-6.497159e-05,0.33333334,3215
ENSG00000180919,0.001258472,0.0009659729,1.0,3216
ENSG00000164049,0.0012562057,-0.00089439034,1.0,3217
ENSG00000111261,0.0012561885,-0.00021099135,0.33333334,3218
ENSG00000141295,0.0012552695,-0.0007617616,1.0,3219
ENSG00000126264,0.001254578,-0.000361127,1.0,3220
ENSG00000149507,0.0012530274,3.064509e-05,0.33333334,3221
ENSG00000187531,0.0012521123,-0.00077993626,1.0,3222
ENSG00000176884,0.0012520865,-0.00043568388,1.0,3223
ENSG00000099814,0.0012518619,-0.00043711587,0.33333334,3224
ENSG00000113248,0.001248322,0.00066481665,1.0,3225
ENSG00000152359,0.0012461031,-0.0006712756,1.0,3226
ENSG00000101439,0.0012450522,0.00040238918,0.33333334,3227
ENSG00000129538,0.0012450257,0.00048051725,1.0,3228
ENSG00000179772,0.0012419929,0.0002262114,0.33333334,3229
ENSG00000138385,0.001240389,-0.0001645646,0.33333334,3230
ENSG00000118705,0.0012384205,-1.6023632e-05,0.33333334,3231
ENSG00000004059,0.0012380268,0.0008848382,1.0,3232
ENSG00000164080,0.0012374489,0.00075008714,0.33333334,3233
ENSG00000196453,0.0012372549,-0.0003421105,0.33333334,3234
ENSG00000164054,0.0012371809,0.00010299615,0.33333334,3235
ENSG00000101204,0.0012370143,-0.00025992145,1.0,3236
ENSG00000130787,0.0012361958,-0.0003610911,1.0,3237
ENSG00000145321,0.0012357984,0.00037083356,1.0,3238
ENSG00000101347,0.0012331782,0.00016482652,1.0,3239
ENSG00000186566,0.0012309006,0.00088756817,1.0,3240
ENSG00000176490,0.0012300379,7.432385e-05,0.33333334,3241
ENSG00000120563,0.001227769,-0.0007026729,1.0,3242
ENSG00000121058,0.0012277289,-0.00065773464,1.0,3243
ENSG00000115756,0.0012268856,0.00096564647,1.0,3244
ENSG00000090889,0.0012249625,-0.00020752306,1.0,3245
ENSG00000138182,0.0012246732,-0.0009696616,1.0,3246
ENSG00000136542,0.0012238999,0.0003946851,1.0,3247
ENSG00000162702,0.0012217833,0.0009008669,1.0,3248
ENSG00000151503,0.0012193715,0.00083535357,1.0,3249
ENSG00000089876,0.0012183989,-0.00091310247,1.0,3250
ENSG00000166589,0.0012183147,-2.975247e-05,1.0,3251
ENSG00000139154,0.0012157281,-9.6636264e-05,0.33333334,3252
ENSG00000168394,0.0012150713,-0.00072981993,1.0,3253
ENSG00000079950,0.0012147418,0.00071664876,1.0,3254
ENSG00000160188,0.0012140227,0.0004245049,1.0,3255
ENSG00000150456,0.0012118099,0.0008476129,1.0,3256
ENSG00000137309,0.0012102646,0.0008618052,1.0,3257
ENSG00000120318,0.0012092179,-0.00013092029,0.33333334,3258
ENSG00000100311,0.0012080291,0.0007327399,1.0,3259
ENSG00000196972,0.0012079276,-8.066381e-07,0.33333334,3260
ENSG00000113643,0.0012070454,0.00084484025,1.0,3261
ENSG00000124233,0.0012069553,0.00047294388,1.0,3262
ENSG00000110660,0.0012060646,5.5553523e-05,0.33333334,3263
ENSG00000125730,0.0012055204,0.00050004566,1.0,3264
ENSG00000178662,0.0012048773,-0.0010745594,1.0,3265
ENSG00000139364,0.001204805,0.00045995577,1.0,3266
ENSG00000173786,0.0012023431,0.0005485804,1.0,3267
ENSG00000166188,0.001202237,-0.0006463796,1.0,3268
ENSG00000120334,0.0012017768,-0.00049683265,1.0,3269
ENSG00000152779,0.0012015353,-0.00060781767,1.0,3270
ENSG00000167523,0.0012005409,-4.5781577e-05,0.33333334,3271
ENSG00000110711,0.0012002661,0.0008237713,1.0,3272
ENSG00000164270,0.0011990471,-1.0241769e-05,0.33333334,3273
ENSG00000176797,0.001198264,-0.0007971763,1.0,3274
ENSG00000136695,0.0011982053,-0.00010162449,0.33333334,3275
ENSG00000144535,0.001196867,0.00043909764,1.0,3276
ENSG00000106538,0.0011952763,0.00037107707,1.0,3277
ENSG00000100614,0.0011938234,0.0005527207,0.33333334,3278
ENSG00000002726,0.0011938218,0.00027490567,1.0,3279
ENSG00000153037,0.0011928746,0.00067834713,1.0,3280
ENSG00000116791,0.0011921845,0.00025050074,1.0,3281
ENSG00000125122,0.0011912138,0.00022117293,1.0,3282
ENSG00000183709,0.0011911417,-0.00011575769,1.0,3283
ENSG00000049759,0.0011908147,-0.00040935192,1.0,3284
ENSG00000139304,0.0011903662,-0.0010333243,1.0,3285
ENSG00000012048,0.0011901424,-0.00091180176,1.0,3286
ENSG00000187800,0.0011883009,0.00059509213,1.0,3287
ENSG00000107485,0.0011882901,0.00044188925,0.33333334,3288
ENSG00000176749,0.0011882264,-0.000362415,1.0,3289
ENSG00000175536,0.001187853,-4.4084034e-05,1.0,3290
ENSG00000136141,0.0011866726,-0.0005350969,0.33333334,3291
ENSG00000084774,0.0011866041,0.0005569209,1.0,3292
ENSG00000000460,0.0011855798,-8.062262e-05,0.33333334,3293
ENSG00000155097,0.0011846629,0.0008173194,1.0,3294
ENSG00000016490,0.0011841587,-1.5942473e-05,0.33333334,3295
ENSG00000073670,0.0011827659,-2.0452426e-05,0.33333334,3296
ENSG00000078668,0.0011818213,-2.6211239e-05,0.33333334,3297
ENSG00000147234,0.0011816283,0.00015437174,1.0,3298
ENSG00000166068,0.0011815837,0.000978949,1.0,3299
ENSG00000168101,0.001181495,-0.0006047956,0.33333334,3300
ENSG00000123342,0.001181331,8.599076e-05,0.33333334,3301
ENSG00000006062,0.0011798545,-0.00019040063,1.0,3302
ENSG00000130592,0.0011792496,-0.00048867945,1.0,3303
ENSG00000001497,0.0011769256,-0.0006832064,1.0,3304
ENSG00000121871,0.0011768924,0.0002550825,1.0,3305
ENSG00000123080,0.001175819,7.827316e-05,0.33333334,3306
ENSG00000131467,0.0011755436,-0.00011168511,0.33333334,3307
ENSG00000141655,0.0011754496,0.00015390634,0.33333334,3308
ENSG00000143067,0.0011751499,0.0008476293,1.0,3309
ENSG00000166220,0.0011744408,0.00034587644,1.0,3310
ENSG00000136518,0.0011719186,0.00046080153,1.0,3311
ENSG00000084073,0.0011716605,-0.00089034316,1.0,3312
ENSG00000007933,0.0011714771,0.0003855204,0.33333334,3313
ENSG00000128656,0.0011709803,-0.0002400437,1.0,3314
ENSG00000136877,0.0011707764,-9.7062984e-05,0.33333334,3315
ENSG00000088035,0.0011704405,-0.00066780514,1.0,3316
ENSG00000146955,0.0011700173,-0.00018298009,1.0,3317
ENSG00000185024,0.0011689536,0.00033696895,1.0,3318
ENSG00000087074,0.0011689247,4.2003862e-06,0.33333334,3319
ENSG00000115282,0.0011687586,4.03357e-05,0.33333334,3320
ENSG00000120498,0.0011680371,0.00083189475,1.0,3321
ENSG00000184735,0.0011671623,-0.0009453694,1.0,3322
ENSG00000043143,0.0011667812,0.00017525593,0.33333334,3323
ENSG00000132958,0.001164894,-0.00037543487,0.33333334,3324
ENSG00000087884,0.0011638474,-2.63723e-05,0.33333334,3325
ENSG00000109771,0.0011595552,-0.000933751,1.0,3326
ENSG00000101558,0.0011590704,0.00038149522,1.0,3327
ENSG00000166821,0.001158982,7.289263e-05,1.0,3328
ENSG00000090402,0.0011585806,-3.0755346e-05,0.33333334,3329
ENSG00000151876,0.0011584534,-3.9414754e-05,0.33333334,3330
ENSG00000161996,0.0011579063,-0.00046680495,1.0,3331
ENSG00000165506,0.0011574881,0.00016070208,0.33333334,3332
ENSG00000116852,0.0011547272,0.00043600696,1.0,3333
ENSG00000173826,0.0011535848,0.00051256473,1.0,3334
ENSG00000187147,0.0011531295,0.000663202,1.0,3335
ENSG00000165424,0.0011529397,-0.00035877086,1.0,3336
ENSG00000112531,0.0011527735,-0.0009118335,1.0,3337
ENSG00000130377,0.0011523206,0.00089709094,1.0,3338
ENSG00000172938,0.0011522771,-0.0006769276,1.0,3339
ENSG00000121680,0.0011507914,5.6955654e-05,0.33333334,3340
ENSG00000133962,0.0011502565,-0.0009226839,1.0,3341
ENSG00000011114,0.0011496766,0.00040352545,0.33333334,3342
ENSG00000135083,0.0011464682,-0.00044585424,1.0,3343
ENSG00000122136,0.0011451502,-0.0004684847,1.0,3344
ENSG00000135924,0.0011441687,0.0006739529,1.0,3345
ENSG00000153060,0.0011432754,-9.635559e-05,1.0,3346
ENSG00000137509,0.0011431967,-0.00029783213,1.0,3347
ENSG00000162745,0.0011431853,-9.613806e-06,0.33333334,3348
ENSG00000162378,0.0011421258,-7.509316e-05,0.33333334,3349
ENSG00000142082,0.0011416028,7.692645e-05,0.33333334,3350
ENSG00000166862,0.0011394788,-0.0001882155,1.0,3351
ENSG00000172732,0.0011387985,0.00012628981,1.0,3352
ENSG00000163563,0.001138099,0.00044921515,1.0,3353
ENSG00000101443,0.0011369924,0.00029452672,0.33333334,3354
ENSG00000042304,0.0011367477,0.00064540154,1.0,3355
ENSG00000184571,0.0011358578,0.00020185858,0.33333334,3356
ENSG00000137204,0.0011341743,0.0003764132,1.0,3357
ENSG00000186577,0.001133576,-0.00023343645,0.33333334,3358
ENSG00000174450,0.0011321612,-6.4080894e-05,0.33333334,3359
ENSG00000115170,0.0011318638,0.0004224785,1.0,3360
ENSG00000166128,0.0011318582,0.00058415876,1.0,3361
ENSG00000171105,0.0011303219,0.0008897588,1.0,3362
ENSG00000143476,0.0011302858,-0.00020412386,1.0,3363
ENSG00000104731,0.001130235,0.0004098909,1.0,3364
ENSG00000005007,0.0011293893,-2.8664857e-05,0.33333334,3365
ENSG00000014919,0.0011291769,-0.00067088794,1.0,3366
ENSG00000110060,0.0011262145,0.0001430466,1.0,3367
ENSG00000141179,0.0011252932,0.00010148407,0.33333334,3368
ENSG00000105085,0.001121732,-0.0003658885,0.33333334,3369
ENSG00000131732,0.0011200834,0.0007572761,1.0,3370
ENSG00000133997,0.001119852,0.0004381387,0.33333334,3371
ENSG00000145832,0.0011196291,6.191529e-05,0.33333334,3372
ENSG00000070190,0.00111816,0.0005402322,1.0,3373
ENSG00000136002,0.0011176685,-6.944838e-05,0.33333334,3374
ENSG00000163346,0.0011172792,-0.00040866877,1.0,3375
ENSG00000175691,0.0011162349,-0.0001265226,0.33333334,3376
ENSG00000081051,0.0011150112,-0.0004262009,1.0,3377
ENSG00000149179,0.0011147159,0.0002313264,1.0,3378
ENSG00000145088,0.0011139511,0.00043336104,1.0,3379
ENSG00000140853,0.0011134042,-0.0006039788,1.0,3380
ENSG00000154957,0.0011113192,-0.0008355113,1.0,3381
ENSG00000127125,0.0011107117,-0.00022631402,0.33333334,3382
ENSG00000144837,0.0011105963,0.00018042268,1.0,3383
ENSG00000131482,0.0011103316,-0.00020569096,1.0,3384
ENSG00000121314,0.001110252,3.23491e-06,0.33333334,3385
ENSG00000049249,0.0011097394,-0.00031099483,1.0,3386
ENSG00000055955,0.0011096506,-0.00076972676,1.0,3387
ENSG00000163704,0.0011095976,-0.00014245375,0.33333334,3388
ENSG00000168003,0.0011092427,0.00043154275,0.33333334,3389
ENSG00000159733,0.0011072072,-0.00043854784,1.0,3390
ENSG00000105388,0.0011046998,0.0006848762,1.0,3391
ENSG00000100219,0.0011045802,-0.00040983382,1.0,3392
ENSG00000130396,0.0011026965,0.0009591908,1.0,3393
ENSG00000179832,0.0011004028,7.674662e-05,0.33333334,3394
ENSG00000084676,0.0011003105,-0.0008003379,1.0,3395
ENSG00000134851,0.0011001321,0.000293872,1.0,3396
ENSG00000147596,0.0010996134,6.255296e-05,0.33333334,3397
ENSG00000175792,0.0010980332,0.00010771865,0.33333334,3398
ENSG00000124003,0.0010975971,-0.00017590332,0.33333334,3399
ENSG00000136161,0.0010969009,0.00046245474,0.33333334,3400
ENSG00000023892,0.0010962122,5.5397995e-05,0.33333334,3401
ENSG00000132004,0.0010952662,-0.0008489976,1.0,3402
ENSG00000004455,0.0010947445,-0.00055293954,1.0,3403
ENSG00000073803,0.0010934016,0.00056796166,1.0,3404
ENSG00000125901,0.0010918117,-0.00012393885,0.33333334,3405
ENSG00000163785,0.0010914453,3.1405264e-06,0.33333334,3406
ENSG00000100068,0.0010896064,-0.0005945668,1.0,3407
ENSG00000096395,0.0010866657,-0.00013136596,0.33333334,3408
ENSG00000133195,0.0010860179,0.00047288227,1.0,3409
ENSG00000163518,0.0010848488,-0.000110638844,1.0,3410
ENSG00000165643,0.001084827,-5.3598244e-05,0.33333334,3411
ENSG00000108829,0.0010845059,-0.0006675596,0.33333334,3412
ENSG00000168385,0.001083864,-0.00016016781,1.0,3413
ENSG00000155850,0.0010837644,-0.0007664215,1.0,3414
ENSG00000162735,0.0010835463,2.7987795e-05,0.33333334,3415
ENSG00000147130,0.0010813912,-0.000305481,1.0,3416
ENSG00000124467,0.0010802854,-0.00028795702,0.33333334,3417
ENSG00000136758,0.0010801322,0.0006589749,1.0,3418
ENSG00000104450,0.0010798207,-0.00045684713,1.0,3419
ENSG00000117400,0.0010779232,0.00044921308,1.0,3420
ENSG00000116726,0.0010774579,-3.431714e-05,0.33333334,3421
ENSG00000103089,0.0010767224,0.00032957547,0.33333334,3422
ENSG00000158019,0.0010742764,0.00029271166,1.0,3423
ENSG00000167332,0.0010739936,8.35745e-05,0.33333334,3424
ENSG00000171051,0.0010739417,-0.00057501695,1.0,3425
ENSG00000126351,0.0010736506,0.00013850757,0.33333334,3426
ENSG00000140519,0.0010734516,-4.4625805e-05,1.0,3427
ENSG00000167850,0.0010733617,-0.00020962422,1.0,3428
ENSG00000180739,0.0010731212,-8.748143e-05,1.0,3429
ENSG00000175202,0.0010726902,0.00037560772,1.0,3430
ENSG00000122257,0.001072636,-0.000434045,1.0,3431
ENSG00000113140,0.0010716344,-0.00019909882,1.0,3432
ENSG00000108592,0.0010716049,-8.390639e-06,0.33333334,3433
ENSG00000177096,0.0010703664,0.00048692813,1.0,3434
ENSG00000153767,0.0010678135,0.00030649375,1.0,3435
ENSG00000129028,0.0010668205,-0.00024067274,0.33333334,3436
ENSG00000128917,0.0010650413,0.00014598684,0.33333334,3437
ENSG00000099326,0.0010642455,0.0001554187,0.33333334,3438
ENSG00000196372,0.0010635601,-0.00056362833,1.0,3439
ENSG00000119699,0.0010628756,0.00038166562,1.0,3440
ENSG00000179008,0.0010625991,0.00016960473,0.33333334,3441
ENSG00000166840,0.0010613068,0.0007468848,1.0,3442
ENSG00000154803,0.0010595078,-0.00018126366,0.33333334,3443
ENSG00000167657,0.0010590215,-0.00031789843,1.0,3444
ENSG00000170955,0.0010586272,-1.6597623e-06,0.33333334,3445
ENSG00000181191,0.0010562347,-0.00014898587,0.33333334,3446
ENSG00000165949,0.0010559928,-1.2828641e-05,0.33333334,3447
ENSG00000156140,0.0010556591,-0.00037466254,0.33333334,3448
ENSG00000071242,0.0010551279,0.000239996,1.0,3449
ENSG00000069974,0.0010549887,-0.000107568376,1.0,3450
ENSG00000133665,0.0010549364,-0.00017345966,0.33333334,3451
ENSG00000091536,0.0010540603,0.0002494465,0.33333334,3452
ENSG00000102984,0.0010536944,-0.00024896162,1.0,3453
ENSG00000167037,0.0010535422,-3.5735637e-05,0.33333334,3454
ENSG00000130226,0.0010535236,0.00021690538,1.0,3455
ENSG00000126467,0.0010523705,0.00041194548,1.0,3456
ENSG00000169953,0.0010519604,-0.0003096952,1.0,3457
ENSG00000186971,0.0010506442,0.00017160014,1.0,3458
ENSG00000115705,0.0010505775,0.00047399654,1.0,3459
ENSG00000171798,0.001050473,-7.9661746e-05,1.0,3460
ENSG00000100393,0.0010490257,6.4569234e-05,0.33333334,3461
ENSG00000188817,0.0010488987,-0.00020342901,1.0,3462
ENSG00000099617,0.0010480217,-0.00041599755,1.0,3463
ENSG00000160679,0.0010469885,0.000120418925,0.33333334,3464
ENSG00000187980,0.0010458803,9.1086185e-06,0.33333334,3465
ENSG00000125650,0.0010455801,0.00024255256,0.33333334,3466
ENSG00000107815,0.0010441373,-0.00023250193,1.0,3467
ENSG00000186648,0.0010438192,-6.373121e-05,0.33333334,3468
ENSG00000135842,0.0010424909,-0.00022816124,0.33333334,3469
ENSG00000066468,0.0010406681,-0.00019621302,1.0,3470
ENSG00000109536,0.0010405787,0.00022178768,1.0,3471
ENSG00000109320,0.0010402947,0.0002220877,0.33333334,3472
ENSG00000157119,0.0010395801,0.00032893228,1.0,3473
ENSG00000142188,0.0010387349,-0.0003900233,1.0,3474
ENSG00000167005,0.0010374918,-0.00048946,1.0,3475
ENSG00000149328,0.0010370511,-0.0002511857,1.0,3476
ENSG00000125304,0.0010365689,7.897585e-05,0.33333334,3477
ENSG00000169660,0.0010351003,-5.555397e-05,0.33333334,3478
ENSG00000165272,0.0010336823,0.00067167747,1.0,3479
ENSG00000137462,0.0010332096,0.000229073,0.33333334,3480
ENSG00000141748,0.0010331487,0.00027527718,0.33333334,3481
ENSG00000178397,0.0010323365,0.00038982308,1.0,3482
ENSG00000149636,0.001032201,-8.4774314e-05,1.0,3483
ENSG00000035499,0.0010321223,-5.7938316e-05,0.33333334,3484
ENSG00000129951,0.0010318981,-0.0003853785,1.0,3485
ENSG00000124074,0.0010315527,0.00036556032,1.0,3486
ENSG00000110080,0.0010313462,-0.00015800133,1.0,3487
ENSG00000186074,0.0010311248,-0.00022599324,0.33333334,3488
ENSG00000019485,0.0010309294,0.00019145613,0.33333334,3489
ENSG00000101843,0.0010300437,0.00036976513,1.0,3490
ENSG00000148426,0.0010289613,0.00038455622,1.0,3491
ENSG00000164619,0.0010286224,0.0006400286,1.0,3492
ENSG00000176619,0.0010284117,0.00076141284,1.0,3493
ENSG00000072071,0.0010274014,-0.00010808392,1.0,3494
ENSG00000178084,0.0010264606,-0.00062060636,1.0,3495
ENSG00000072818,0.0010261275,-0.00039162705,1.0,3496
ENSG00000112874,0.0010254633,0.00019006687,0.33333334,3497
ENSG00000143224,0.0010253432,0.00011352781,0.33333334,3498
ENSG00000177558,0.001024589,-7.471213e-05,1.0,3499
ENSG00000107551,0.0010241745,0.00063064066,1.0,3500
ENSG00000126950,0.0010235022,6.571391e-05,0.33333334,3501
ENSG00000111843,0.0010234868,-0.0006050137,1.0,3502
ENSG00000164244,0.0010230226,-0.0003442882,0.33333334,3503
ENSG00000091483,0.0010226425,0.00047248104,1.0,3504
ENSG00000071994,0.0010222335,-0.00023956952,1.0,3505
ENSG00000196663,0.0010215066,0.00015771022,0.33333334,3506
ENSG00000054983,0.0010200924,-0.00022553193,0.33333334,3507
ENSG00000078401,0.0010177415,3.300183e-05,0.33333334,3508
ENSG00000153253,0.001016566,0.0005738334,1.0,3509
ENSG00000113368,0.0010156805,0.00047996562,1.0,3510
ENSG00000168014,0.0010150325,-0.00025125896,0.33333334,3511
ENSG00000137842,0.0010137066,0.000111961366,0.33333334,3512
ENSG00000159197,0.0010136584,-0.0001320152,1.0,3513
ENSG00000179364,0.0010110105,-0.000396596,1.0,3514
ENSG00000183098,0.0010095161,-0.00045920987,1.0,3515
ENSG00000186815,0.0010094633,0.00015005225,1.0,3516
ENSG00000148848,0.0010086332,0.00041006916,1.0,3517
ENSG00000184925,0.001008561,-0.00016207599,0.33333334,3518
ENSG00000162714,0.0010077074,-0.00046749777,1.0,3519
ENSG00000134193,0.0010069147,-0.00024546246,1.0,3520
ENSG00000130812,0.001006691,-0.0004037862,1.0,3521
ENSG00000138663,0.0010064527,0.00015567851,1.0,3522
ENSG00000141429,0.0010047132,-0.00026242775,0.33333334,3523
ENSG00000132744,0.0010042941,0.0004529173,1.0,3524
ENSG00000115504,0.0010038761,0.00050009723,0.33333334,3525
ENSG00000188191,0.0010010167,0.0003133856,1.0,3526
ENSG00000118894,0.0009992991,-1.42672025e-05,0.33333334,3527
ENSG00000164919,0.0009987312,6.5899803e-07,0.33333334,3528
ENSG00000092850,0.0009973712,-6.123176e-05,1.0,3529
ENSG00000175352,0.0009973706,6.7007866e-05,0.33333334,3530
ENSG00000147439,0.0009970699,0.000530509,1.0,3531
ENSG00000141219,0.0009966447,-0.00023438397,0.33333334,3532
ENSG00000103769,0.0009951481,0.00056076987,1.0,3533
ENSG00000166090,0.0009921198,0.00021155628,1.0,3534
ENSG00000137124,0.0009920308,0.00026935426,1.0,3535
ENSG00000064703,0.000991169,-0.00025884682,0.33333334,3536
ENSG00000182521,0.000990722,0.0003842079,0.33333334,3537
ENSG00000137252,0.0009899676,3.898983e-05,0.33333334,3538
ENSG00000180398,0.0009896242,0.00028113337,1.0,3539
ENSG00000152795,0.0009886341,-0.00027609032,1.0,3540
ENSG00000171532,0.0009884051,0.00012318663,1.0,3541
ENSG00000105549,0.0009879724,-0.0001314672,0.33333334,3542
ENSG00000130021,0.0009872968,-0.00036575762,1.0,3543
ENSG00000176244,0.0009868477,0.00039543366,1.0,3544
ENSG00000185972,0.0009860668,0.00042651346,1.0,3545
ENSG00000109047,0.0009853877,0.00036137606,1.0,3546
ENSG00000077380,0.0009848772,0.00034813362,1.0,3547
ENSG00000137860,0.000984403,6.738831e-05,0.33333334,3548
ENSG00000114993,0.0009834904,0.00068747875,1.0,3549
ENSG00000186886,0.0009822295,9.497682e-05,1.0,3550
ENSG00000124107,0.0009820224,-0.00013126007,0.33333334,3551
ENSG00000136982,0.0009815041,0.00017823062,1.0,3552
ENSG00000186471,0.0009808232,-0.00037651428,1.0,3553
ENSG00000127252,0.000980359,0.00018881231,1.0,3554
ENSG00000115956,0.0009800479,-0.0002898947,1.0,3555
ENSG00000112462,0.0009796377,0.0005141653,1.0,3556
ENSG00000176381,0.000978263,-0.00023884715,1.0,3557
ENSG00000172458,0.00097356323,0.0002819272,1.0,3558
ENSG00000136450,0.0009730891,0.00080576516,1.0,3559
ENSG00000176401,0.00097242295,0.00034840163,1.0,3560
ENSG00000164816,0.00097191444,-0.00012775947,0.33333334,3561
ENSG00000162627,0.00097159325,6.893445e-05,0.33333334,3562
ENSG00000105221,0.00097122835,-0.00017944672,1.0,3563
ENSG00000112685,0.00097065984,-4.0630286e-05,0.33333334,3564
ENSG00000174917,0.00097055704,0.0006715865,0.33333334,3565
ENSG00000089006,0.00096978084,7.1902177e-06,0.33333334,3566
ENSG00000067704,0.0009687585,-0.00041351965,1.0,3567
ENSG00000138439,0.00096734083,0.0003867068,1.0,3568
ENSG00000101017,0.0009671163,-5.1754254e-05,0.33333334,3569
ENSG00000130707,0.00096707727,0.00018279887,0.33333334,3570
ENSG00000159082,0.0009649422,-0.00035914755,0.33333334,3571
ENSG00000185933,0.0009647209,0.00030566193,0.33333334,3572
ENSG00000089248,0.0009646355,-0.00019580605,0.33333334,3573
ENSG00000143365,0.0009640513,0.00017279653,1.0,3574
ENSG00000133246,0.0009635396,-0.0002601885,0.33333334,3575
ENSG00000176782,0.0009633391,0.00047545988,1.0,3576
ENSG00000143457,0.00096103066,0.00016058156,1.0,3577
ENSG00000168303,0.0009603948,-0.00038440814,0.33333334,3578
ENSG00000118600,0.000959402,-0.00044646385,1.0,3579
ENSG00000156282,0.0009586559,0.0002267604,0.33333334,3580
ENSG00000169994,0.00095780677,0.00018836977,1.0,3581
ENSG00000089094,0.0009569964,0.0002087885,1.0,3582
ENSG00000075035,0.00095522846,9.401839e-06,0.33333334,3583
ENSG00000102935,0.0009552075,0.00040484942,1.0,3584
ENSG00000168439,0.0009551036,-0.00032804348,0.33333334,3585
ENSG00000169067,0.00095437607,-0.00023961446,1.0,3586
ENSG00000169484,0.0009541973,-9.26475e-05,1.0,3587
ENSG00000178586,0.0009493448,1.7733793e-05,0.33333334,3588
ENSG00000128708,0.00094874675,0.00041204,1.0,3589
ENSG00000181038,0.0009484274,-0.0005092862,1.0,3590
ENSG00000172775,0.0009475551,-3.950259e-05,0.33333334,3591
ENSG00000064012,0.00094723766,-0.00025722737,0.33333334,3592
ENSG00000187097,0.00094581983,0.00020947219,1.0,3593
ENSG00000099194,0.0009439176,-0.0005014362,1.0,3594
ENSG00000008394,0.0009433964,2.2762926e-05,0.33333334,3595
ENSG00000181788,0.0009432272,0.00042347625,1.0,3596
ENSG00000144724,0.00094275706,-0.0005863607,1.0,3597
ENSG00000143793,0.000941849,0.0006357119,1.0,3598
ENSG00000171759,0.00094177225,0.0004909903,1.0,3599
ENSG00000012822,0.0009399426,0.0004929271,1.0,3600
ENSG00000187715,0.00093970523,0.00023433821,1.0,3601
ENSG00000076248,0.00093959755,0.00026889084,0.33333334,3602
ENSG00000162517,0.0009393953,-0.00027252303,0.33333334,3603
ENSG00000135829,0.00093880016,0.00052527356,0.33333334,3604
ENSG00000183813,0.00093723246,-0.00044873508,1.0,3605
ENSG00000165138,0.0009351639,0.00016221452,0.33333334,3606
ENSG00000172188,0.0009351328,-0.00025661202,1.0,3607
ENSG00000154478,0.00093355286,-0.00017073283,0.33333334,3608
ENSG00000100109,0.0009331416,-0.0005692188,1.0,3609
ENSG00000127515,0.0009329019,-0.0002454041,1.0,3610
ENSG00000070748,0.00093265343,5.392695e-05,0.33333334,3611
ENSG00000172992,0.0009319268,-0.00019511305,1.0,3612
ENSG00000100968,0.00093184324,0.00028595183,1.0,3613
ENSG00000075213,0.0009309873,-0.00038762167,1.0,3614
ENSG00000005379,0.0009292507,0.00031163447,1.0,3615
ENSG00000160883,0.0009291889,3.3364642e-05,0.33333334,3616
ENSG00000162399,0.0009290876,0.00026911005,1.0,3617
ENSG00000177485,0.00092834997,2.4011964e-05,0.33333334,3618
ENSG00000162639,0.0009281873,8.508167e-06,0.33333334,3619
ENSG00000134597,0.0009281335,0.00043560806,1.0,3620
ENSG00000162174,0.0009275262,-0.00040692944,1.0,3621
ENSG00000139684,0.0009260078,-0.00013206548,1.0,3622
ENSG00000103194,0.0009233619,4.8149377e-05,0.33333334,3623
ENSG00000123472,0.00092161703,-0.00029257307,0.33333334,3624
ENSG00000123739,0.0009212995,-0.00042929186,1.0,3625
ENSG00000171877,0.00091833895,0.00023147611,0.33333334,3626
ENSG00000059122,0.0009174542,-7.7418095e-05,1.0,3627
ENSG00000151572,0.0009165649,0.000288202,1.0,3628
ENSG00000173614,0.0009156006,0.00050323975,1.0,3629
ENSG00000171303,0.0009144314,0.00040734574,1.0,3630
ENSG00000148377,0.0009141212,-0.00059794314,1.0,3631
ENSG00000090013,0.00091365265,0.00048889505,1.0,3632
ENSG00000184371,0.000913577,-0.00013099781,0.33333334,3633
ENSG00000160058,0.0009126615,-0.00027144048,1.0,3634
ENSG00000134775,0.00091161224,-0.00043216217,1.0,3635
ENSG00000171195,0.0009114398,6.272544e-05,0.33333334,3636
ENSG00000125870,0.000911226,-7.3865485e-05,0.33333334,3637
ENSG00000102393,0.0009109657,-0.00016108547,0.33333334,3638
ENSG00000109832,0.0009108884,0.00015003908,1.0,3639
ENSG00000196581,0.00090902747,-0.0002478337,1.0,3640
ENSG00000131876,0.000907904,8.45508e-05,0.33333334,3641
ENSG00000180483,0.0009070107,-0.00011423694,1.0,3642
ENSG00000118680,0.0009052443,0.00049842545,1.0,3643
ENSG00000170929,0.00090398313,0.00015302945,1.0,3644
ENSG00000164125,0.0009016704,-0.0001925688,0.33333334,3645
ENSG00000049540,0.0008983896,-8.117058e-06,0.33333334,3646
ENSG00000159455,0.00089621235,-0.00046472126,1.0,3647
ENSG00000122035,0.0008945125,-3.242461e-05,0.33333334,3648
ENSG00000136839,0.0008927867,-3.7766917e-05,0.33333334,3649
ENSG00000168703,0.0008926497,0.000109645705,1.0,3650
ENSG00000116691,0.000891807,0.00060835056,1.0,3651
ENSG00000137392,0.00089136325,0.00035261898,1.0,3652
ENSG00000072182,0.0008909747,-5.385091e-05,0.33333334,3653
ENSG00000183597,0.0008906597,-0.00023283559,0.33333334,3654
ENSG00000182606,0.0008893384,0.0004257598,1.0,3655
ENSG00000150967,0.00088883843,0.000311585,1.0,3656
ENSG00000137193,0.00088797533,4.335179e-05,0.33333334,3657
ENSG00000109193,0.0008873231,-9.193978e-05,1.0,3658
ENSG00000005884,0.0008866084,-0.00023665577,1.0,3659
ENSG00000116752,0.00088626775,0.00019759154,0.33333334,3660
ENSG00000124818,0.0008853807,-0.0006699697,1.0,3661
ENSG00000163462,0.00088471576,-0.00041322748,1.0,3662
ENSG00000115866,0.000883037,0.00040970385,1.0,3663
ENSG00000004948,0.00088241434,-0.00017420236,0.33333334,3664
ENSG00000196510,0.0008822281,0.00030560276,1.0,3665
ENSG00000196224,0.00088145374,0.00018841594,1.0,3666
ENSG00000185774,0.00088096474,-0.00067903433,1.0,3667
ENSG00000181323,0.0008808595,0.00019987515,1.0,3668
ENSG00000178473,0.0008803238,0.00049705105,1.0,3669
ENSG00000188691,0.00087875273,0.0006012808,1.0,3670
ENSG00000186440,0.0008786942,-0.00059630495,1.0,3671
ENSG00000159784,0.0008780542,-7.2085386e-05,0.33333334,3672
ENSG00000119737,0.0008769596,-9.609957e-06,0.33333334,3673
ENSG00000138152,0.0008766258,-5.4985256e-05,0.33333334,3674
ENSG00000171004,0.00087469333,0.00025724462,1.0,3675
ENSG00000163288,0.00087450113,7.15721e-05,0.33333334,3676
ENSG00000125482,0.00087389274,0.00042780643,1.0,3677
ENSG00000196242,0.0008738243,-9.634422e-05,0.33333334,3678
ENSG00000185522,0.00087207556,0.00011817022,0.33333334,3679
ENSG00000123584,0.0008719037,-6.5563996e-05,0.33333334,3680
ENSG00000143149,0.0008716522,-0.00033552197,1.0,3681
ENSG00000069122,0.00087141065,0.00057081186,1.0,3682
ENSG00000152463,0.00087103964,0.00023873505,1.0,3683
ENSG00000187116,0.00087017735,-0.00028323996,1.0,3684
ENSG00000164841,0.000868494,-0.00016960352,1.0,3685
ENSG00000160712,0.0008682913,-0.000119092285,0.33333334,3686
ENSG00000112053,0.00086621795,0.00020574527,0.33333334,3687
ENSG00000136052,0.00086250907,-0.0004417527,1.0,3688
ENSG00000149480,0.00086178124,0.00024759225,1.0,3689
ENSG00000143390,0.0008612233,-0.00049186347,1.0,3690
ENSG00000161542,0.0008593372,0.00016664121,1.0,3691
ENSG00000070814,0.0008591506,2.2777629e-06,0.33333334,3692
ENSG00000170421,0.0008591124,-0.000103453676,0.33333334,3693
ENSG00000104967,0.00085774,0.00048439638,1.0,3694
ENSG00000099800,0.0008572484,-0.00032645636,0.33333334,3695
ENSG00000105131,0.0008568932,1.457116e-05,0.33333334,3696
ENSG00000183844,0.00085621775,-0.00023271279,1.0,3697
ENSG00000167080,0.0008558102,0.00014378568,1.0,3698
ENSG00000107859,0.00085513416,-0.00010177287,1.0,3699
ENSG00000146809,0.0008534301,-0.00020946034,1.0,3700
ENSG00000151923,0.0008519972,-0.00025519537,1.0,3701
ENSG00000196104,0.0008516218,9.958358e-05,1.0,3702
ENSG00000145040,0.0008494433,6.2895975e-05,0.33333334,3703
ENSG00000181104,0.00084843655,-0.00018660711,1.0,3704
ENSG00000039537,0.0008479138,-0.00013087221,0.33333334,3705
ENSG00000172208,0.00084774435,-0.00016050298,1.0,3706
ENSG00000188763,0.0008464648,-0.00020008466,1.0,3707
ENSG00000105894,0.0008455229,2.6807524e-05,0.33333334,3708
ENSG00000104368,0.000845321,0.0001681833,1.0,3709
ENSG00000187238,0.00084455096,0.00019798124,0.33333334,3710
ENSG00000138311,0.00084444805,-0.00035809155,1.0,3711
ENSG00000168071,0.0008415104,8.33773e-05,1.0,3712
ENSG00000126882,0.0008414045,0.00033807274,1.0,3713
ENSG00000163534,0.0008407377,0.00013651268,0.33333334,3714
ENSG00000174705,0.00084010145,-0.00016234948,1.0,3715
ENSG00000025708,0.0008393563,0.00018077658,1.0,3716
ENSG00000105245,0.0008390306,-0.00031526654,1.0,3717
ENSG00000176571,0.00083895825,0.00032305732,0.33333334,3718
ENSG00000162944,0.0008387761,0.00021311616,0.33333334,3719
ENSG00000128422,0.00083716493,0.00013290238,1.0,3720
ENSG00000150893,0.0008364707,0.0005863536,1.0,3721
ENSG00000157240,0.0008344701,0.0003402545,1.0,3722
ENSG00000188848,0.0008326645,0.00048278738,1.0,3723
ENSG00000145384,0.00083203055,0.00018775956,0.33333334,3724
ENSG00000164104,0.0008304086,0.0005764333,1.0,3725
ENSG00000165689,0.0008294708,0.00015075826,0.33333334,3726
ENSG00000186049,0.0008294435,-0.00011853212,1.0,3727
ENSG00000169258,0.0008290653,0.00032779164,1.0,3728
ENSG00000168065,0.00082817994,0.000510097,1.0,3729
ENSG00000196482,0.00082659716,-0.00021994206,1.0,3730
ENSG00000188778,0.0008261685,0.00014113542,1.0,3731
ENSG00000106009,0.0008252831,0.0006354452,1.0,3732
ENSG00000146352,0.0008228621,9.6857744e-05,0.33333334,3733
ENSG00000165186,0.00082257576,-0.0004494579,1.0,3734
ENSG00000178826,0.00082220207,4.9175636e-05,0.33333334,3735
ENSG00000146386,0.0008205618,-7.9023885e-06,0.33333334,3736
ENSG00000116329,0.00082016294,0.00019663475,1.0,3737
ENSG00000113719,0.00081896904,-0.00029831953,1.0,3738
ENSG00000104343,0.00081891107,0.000596143,1.0,3739
ENSG00000134258,0.00081888185,1.7415892e-05,0.33333334,3740
ENSG00000091844,0.0008188216,0.0002923427,1.0,3741
ENSG00000155329,0.00081875967,0.00024646512,1.0,3742
ENSG00000113657,0.0008183085,-0.0003022234,1.0,3743
ENSG00000150093,0.00081747613,5.1193318e-05,0.33333334,3744
ENSG00000174339,0.0008156949,0.00024735034,1.0,3745
ENSG00000143320,0.0008137845,0.0004304828,1.0,3746
ENSG00000129864,0.0008128349,7.062485e-05,0.33333334,3747
ENSG00000119681,0.0008111573,0.00028681007,1.0,3748
ENSG00000139990,0.00081027485,0.00034321917,1.0,3749
ENSG00000167130,0.0008097934,-0.0001951076,0.33333334,3750
ENSG00000111639,0.00080935674,-0.00028408735,0.33333334,3751
ENSG00000134072,0.00080857176,-9.4402836e-05,0.33333334,3752
ENSG00000099992,0.00080850796,0.000246604,1.0,3753
ENSG00000101680,0.00080834934,-0.00041448072,1.0,3754
ENSG00000115592,0.0008062934,0.000673017,1.0,3755
ENSG00000172159,0.00080581335,0.00033570468,1.0,3756
ENSG00000138759,0.0008056648,-0.00043882735,1.0,3757
ENSG00000165762,0.0008048063,5.198982e-05,1.0,3758
ENSG00000164402,0.0008031349,-2.9162426e-05,0.33333334,3759
ENSG00000130876,0.00080236717,1.4127387e-06,0.33333334,3760
ENSG00000160255,0.00080192246,-0.0004741881,1.0,3761
ENSG00000135097,0.0008011474,-0.00024742694,0.33333334,3762
ENSG00000179148,0.0007992199,-0.0003977065,1.0,3763
ENSG00000139329,0.0007980015,0.00025658894,1.0,3764
ENSG00000162819,0.0007975665,-0.00036553558,1.0,3765
ENSG00000163618,0.0007947931,-0.00014096026,1.0,3766
ENSG00000013392,0.00079380744,-0.00021813849,1.0,3767
ENSG00000167103,0.00079350563,0.0003203919,1.0,3768
ENSG00000130772,0.0007935039,0.00011127155,0.33333334,3769
ENSG00000174442,0.0007920352,0.00018374929,0.33333334,3770
ENSG00000023191,0.000791107,0.00028921358,0.33333334,3771
ENSG00000106524,0.0007897644,0.0004078344,1.0,3772
ENSG00000160202,0.00078933453,-0.0001392966,1.0,3773
ENSG00000144061,0.0007893339,-0.00041033293,1.0,3774
ENSG00000169006,0.00078859064,-4.9035196e-05,1.0,3775
ENSG00000121446,0.0007867617,0.00049015693,0.33333334,3776
ENSG00000006468,0.00078455475,-0.00011335601,0.33333334,3777
ENSG00000156697,0.0007844406,0.0001428435,1.0,3778
ENSG00000172031,0.0007832556,0.00015227683,0.33333334,3779
ENSG00000119888,0.00078189635,-0.00034199914,1.0,3780
ENSG00000143520,0.0007802644,0.00048601782,1.0,3781
ENSG00000112936,0.0007792628,0.0005405265,1.0,3782
ENSG00000015285,0.0007782366,-7.490351e-05,0.33333334,3783
ENSG00000168872,0.0007774616,0.0002816821,1.0,3784
ENSG00000162804,0.0007774257,2.4183004e-05,0.33333334,3785
ENSG00000132661,0.0007763824,0.00013457624,0.33333334,3786
ENSG00000139767,0.0007762606,0.00013996827,1.0,3787
ENSG00000138587,0.0007746492,-0.00013919035,1.0,3788
ENSG00000055732,0.00077403034,-0.00042241378,1.0,3789
ENSG00000162777,0.00077398255,-0.00045125213,1.0,3790
ENSG00000124766,0.0007737628,0.0004071306,1.0,3791
ENSG00000143494,0.00077367487,-0.00015868124,0.33333334,3792
ENSG00000120686,0.00077294884,-7.7098135e-05,0.33333334,3793
ENSG00000154001,0.0007721733,6.9825e-05,0.33333334,3794
ENSG00000132376,0.00077148265,-0.00027035095,0.33333334,3795
ENSG00000117450,0.00077144895,-0.00015184906,0.33333334,3796
ENSG00000174898,0.00076722674,0.00030910483,1.0,3797
ENSG00000171916,0.0007667404,0.000120915975,0.33333334,3798
ENSG00000160691,0.0007667038,9.317111e-05,0.33333334,3799
ENSG00000153395,0.0007641124,-0.0003075799,1.0,3800
ENSG00000146856,0.00076282915,0.00022707302,0.33333334,3801
ENSG00000183010,0.00076239277,0.0003553056,0.33333334,3802
ENSG00000138430,0.00076219643,-0.0003639535,1.0,3803
ENSG00000180901,0.00076182355,-0.00036023185,1.0,3804
ENSG00000135372,0.0007610507,-0.00022509304,1.0,3805
ENSG00000060069,0.00075890357,-6.927775e-05,0.33333334,3806
ENSG00000186517,0.0007585579,0.0004226005,1.0,3807
ENSG00000085276,0.00075739814,7.361602e-05,1.0,3808
ENSG00000105679,0.00075513223,0.00034390378,1.0,3809
ENSG00000063660,0.00075484003,0.00027458416,1.0,3810
ENSG00000141437,0.0007533415,8.964387e-05,0.33333334,3811
ENSG00000119471,0.00075163896,2.1921836e-05,0.33333334,3812
ENSG00000144224,0.00074931997,0.00041561792,1.0,3813
ENSG00000137764,0.0007487478,-0.00019100892,0.33333334,3814
ENSG00000181778,0.0007481167,-2.5096646e-05,0.33333334,3815
ENSG00000179304,0.00074736844,-0.00015595047,0.33333334,3816
ENSG00000114646,0.0007473195,-0.00025673976,0.33333334,3817
ENSG00000107295,0.0007472999,-0.00010746813,1.0,3818
ENSG00000185448,0.0007469423,0.00039453545,0.33333334,3819
ENSG00000129351,0.00074551866,0.00014408243,0.33333334,3820
ENSG00000064655,0.0007453552,0.00014796991,1.0,3821
ENSG00000177106,0.0007444453,-0.00023102925,1.0,3822
ENSG00000153179,0.0007440308,-6.940042e-05,0.33333334,3823
ENSG00000184811,0.00074297586,8.0628386e-05,0.33333334,3824
ENSG00000105829,0.0007408236,-0.00014650788,1.0,3825
ENSG00000105664,0.0007405793,-6.377673e-06,0.33333334,3826
ENSG00000170667,0.0007403985,-1.10222145e-05,0.33333334,3827
ENSG00000140015,0.0007397214,-0.00013354332,0.33333334,3828
ENSG00000163075,0.0007374441,-0.0001278986,0.33333334,3829
ENSG00000135547,0.00073467573,-0.00014122554,1.0,3830
ENSG00000082014,0.00073124975,-6.773002e-05,0.33333334,3831
ENSG00000107105,0.00073064544,0.00039653154,1.0,3832
ENSG00000138472,0.0007306377,9.555653e-05,1.0,3833
ENSG00000182095,0.0007298793,6.95424e-05,0.33333334,3834
ENSG00000105605,0.0007295795,-3.5988053e-06,0.33333334,3835
ENSG00000157856,0.0007279992,7.901482e-06,0.33333334,3836
ENSG00000159164,0.00072758395,1.1004408e-05,0.33333334,3837
ENSG00000130545,0.0007272151,0.00031224277,1.0,3838
ENSG00000050730,0.0007256596,-0.00025221423,1.0,3839
ENSG00000149305,0.0007186718,-3.693668e-05,0.33333334,3840
ENSG00000162222,0.0007184613,-0.00010187274,0.33333334,3841
ENSG00000111725,0.00071772584,-0.00016441262,1.0,3842
ENSG00000105370,0.0007170599,0.0001818207,1.0,3843
ENSG00000108349,0.0007168486,0.000116115414,1.0,3844
ENSG00000137337,0.0007107095,7.214999e-05,0.33333334,3845
ENSG00000163156,0.00070915016,-1.2020934e-05,0.33333334,3846
ENSG00000100239,0.0007090964,6.907292e-05,0.33333334,3847
ENSG00000176170,0.0007071807,-0.00030256735,1.0,3848
ENSG00000089199,0.0007065044,0.00017465201,1.0,3849
ENSG00000196878,0.0007065039,0.00021034021,1.0,3850
ENSG00000188385,0.0007011229,2.2194727e-06,0.33333334,3851
ENSG00000188508,0.000695816,2.2845123e-05,0.33333334,3852
ENSG00000157343,0.00069396006,0.00019405875,1.0,3853
ENSG00000173699,0.0006927702,0.00019165647,1.0,3854
ENSG00000028310,0.0006907082,6.1158535e-05,1.0,3855
ENSG00000178409,0.00069054525,0.00024199211,1.0,3856
ENSG00000180549,0.00069036643,0.00017299644,1.0,3857
ENSG00000155897,0.00068845105,-2.113237e-05,1.0,3858
ENSG00000128052,0.00068835285,0.00025724436,1.0,3859
ENSG00000060339,0.0006882383,0.00028530005,1.0,3860
ENSG00000167721,0.0006880045,0.00026842149,1.0,3861
ENSG00000030110,0.0006870685,-0.0001557804,0.33333334,3862
ENSG00000147613,0.00068689,0.000103814215,1.0,3863
ENSG00000066117,0.00068651483,-3.2857835e-05,0.33333334,3864
ENSG00000177693,0.0006862793,0.00053430203,1.0,3865
ENSG00000117983,0.0006860906,-0.00017335963,0.33333334,3866
ENSG00000132849,0.000686008,-0.00030014085,1.0,3867
ENSG00000162989,0.00068570254,0.000101555175,1.0,3868
ENSG00000166002,0.0006851373,-0.00011454092,0.33333334,3869
ENSG00000188730,0.00068441505,8.8978035e-05,0.33333334,3870
ENSG00000187170,0.00068404496,-9.073597e-05,0.33333334,3871
ENSG00000105141,0.0006835799,-0.0002475601,1.0,3872
ENSG00000124782,0.0006834587,-3.2798598e-05,0.33333334,3873
ENSG00000132313,0.0006822979,-0.0003254225,1.0,3874
ENSG00000184635,0.00068191084,0.00032233552,1.0,3875
ENSG00000168314,0.0006778164,-0.00022696749,1.0,3876
ENSG00000166348,0.0006763229,9.8734505e-05,0.33333334,3877
ENSG00000143442,0.00067590625,0.00028728214,1.0,3878
ENSG00000113552,0.00067583815,-0.00015542928,0.33333334,3879
ENSG00000100678,0.0006749246,0.00046337486,1.0,3880
ENSG00000057019,0.0006744647,-6.4865766e-05,0.33333334,3881
ENSG00000121753,0.0006723406,-0.00012691985,1.0,3882
ENSG00000116874,0.0006719006,-8.519917e-05,0.33333334,3883
ENSG00000102021,0.0006717679,-0.00021716947,0.33333334,3884
ENSG00000167986,0.0006703939,-0.00045490763,1.0,3885
ENSG00000179133,0.0006697962,8.1684404e-05,0.33333334,3886
ENSG00000168143,0.00066699734,0.00031809768,0.33333334,3887
ENSG00000134760,0.0006662987,-0.00040037674,1.0,3888
ENSG00000147113,0.0006657364,0.00010982899,0.33333334,3889
ENSG00000172377,0.00066559593,-0.00035589864,0.33333334,3890
ENSG00000132109,0.0006645284,-0.00010352537,0.33333334,3891
ENSG00000180658,0.00066419714,0.0005138517,1.0,3892
ENSG00000132837,0.0006634548,0.0001127268,1.0,3893
ENSG00000069702,0.0006629645,8.253095e-05,0.33333334,3894
ENSG00000065526,0.00066289486,-4.0758012e-05,0.33333334,3895
ENSG00000117091,0.00066242623,-0.0003956654,1.0,3896
ENSG00000119403,0.0006622073,-3.407596e-05,0.33333334,3897
ENSG00000148513,0.0006607121,0.00047689423,1.0,3898
ENSG00000164609,0.00065896724,-0.0001401409,0.33333334,3899
ENSG00000137710,0.0006562765,-0.0003402764,0.33333334,3900
ENSG00000180785,0.0006561056,0.00012208875,1.0,3901
ENSG00000135443,0.0006549948,-0.00013447931,1.0,3902
ENSG00000163064,0.0006537069,-0.0002182389,1.0,3903
ENSG00000179195,0.00065303646,0.00020988197,1.0,3904
ENSG00000196778,0.0006493436,-6.8169546e-05,0.33333334,3905
ENSG00000162975,0.00064811826,-3.8592796e-05,0.33333334,3906
ENSG00000178287,0.00064800377,0.00013631728,0.33333334,3907
ENSG00000161973,0.00064769277,-1.3694851e-05,0.33333334,3908
ENSG00000183862,0.0006472449,0.00031063918,1.0,3909
ENSG00000116774,0.0006471775,8.882982e-05,0.33333334,3910
ENSG00000165970,0.0006466235,0.00026400737,1.0,3911
ENSG00000080603,0.00064581464,1.3850714e-05,0.33333334,3912
ENSG00000169398,0.0006444338,-0.0003290466,1.0,3913
ENSG00000134108,0.00064243417,0.00033646714,1.0,3914
ENSG00000153560,0.00064158125,0.00037255386,1.0,3915
ENSG00000196262,0.0006400962,-0.00020872072,1.0,3916
ENSG00000106459,0.00063127995,-0.00043813416,1.0,3917
ENSG00000102794,0.0006308465,0.00013405531,0.33333334,3918
ENSG00000134438,0.00062750274,0.00015511857,1.0,3919
ENSG00000178172,0.0006239595,-6.2287836e-05,0.33333334,3920
ENSG00000180448,0.0006192412,-0.00015477881,0.33333334,3921
ENSG00000119514,0.0006189086,0.0001620559,1.0,3922
ENSG00000125998,0.000618061,-0.000209612,1.0,3923
ENSG00000116183,0.0006179816,0.00020847695,1.0,3924
ENSG00000186417,0.000616675,-0.00018123041,0.33333334,3925
ENSG00000009765,0.0006162191,-5.303929e-05,1.0,3926
ENSG00000185002,0.00061600434,7.254522e-05,0.33333334,3927
ENSG00000162409,0.000615889,0.00034552312,1.0,3928
ENSG00000126752,0.00061473734,-0.0001451836,1.0,3929
ENSG00000096696,0.00061453925,-0.00023480984,1.0,3930
ENSG00000185621,0.00061370316,-2.4285537e-05,0.33333334,3931
ENSG00000131264,0.0006120893,0.00041004154,1.0,3932
ENSG00000106397,0.00061062037,-0.0004938223,1.0,3933
ENSG00000167822,0.00061009714,-0.00013567139,1.0,3934
ENSG00000130717,0.0006095523,-0.00030781302,1.0,3935
ENSG00000132613,0.0006092983,-8.753455e-05,0.33333334,3936
ENSG00000146530,0.00060911186,6.977155e-05,0.33333334,3937
ENSG00000183034,0.0006030619,-7.599475e-05,0.33333334,3938
ENSG00000114251,0.0006018741,0.000115175375,1.0,3939
ENSG00000113430,0.00059992535,-0.00015640732,1.0,3940
ENSG00000182718,0.000598311,0.00033097583,1.0,3941
ENSG00000112769,0.0005972855,0.00024659003,0.33333334,3942
ENSG00000135472,0.00059617823,0.00011790625,0.33333334,3943
ENSG00000183185,0.00059520087,0.00013935272,1.0,3944
ENSG00000155087,0.0005904639,1.907012e-05,0.33333334,3945
ENSG00000055211,0.00059038046,9.65426e-06,0.33333334,3946
ENSG00000183775,0.0005902524,0.00030141906,1.0,3947
ENSG00000021488,0.00058816135,0.000109096,1.0,3948
ENSG00000108823,0.00058748433,0.00012256362,1.0,3949
ENSG00000008197,0.0005870578,2.3011738e-05,0.33333334,3950
ENSG00000132938,0.00058592873,-3.4955832e-05,0.33333334,3951
ENSG00000175166,0.00058417604,-6.473085e-06,0.33333334,3952
ENSG00000143674,0.000584049,-0.0002882142,1.0,3953
ENSG00000164035,0.00058166083,-2.7702203e-05,0.33333334,3954
ENSG00000122644,0.0005802403,6.35191e-05,0.33333334,3955
ENSG00000146411,0.00057911867,0.000120128825,1.0,3956
ENSG00000136156,0.00057554326,3.754731e-05,0.33333334,3957
ENSG00000142408,0.0005750922,-0.00013222288,1.0,3958
ENSG00000134376,0.0005746864,-0.000115156385,0.33333334,3959
ENSG00000165457,0.0005706354,0.00011106484,1.0,3960
ENSG00000188324,0.0005699164,-0.00011255983,1.0,3961
ENSG00000099899,0.0005698022,-0.00029829986,1.0,3962
ENSG00000153086,0.0005690716,0.00013679058,1.0,3963
ENSG00000158445,0.00056657667,8.12149e-05,0.33333334,3964
ENSG00000140945,0.0005665343,0.0002745812,1.0,3965
ENSG00000091986,0.0005663407,0.0002572242,1.0,3966
ENSG00000180872,0.00056542753,0.00016938592,1.0,3967
ENSG00000151276,0.0005641723,0.0003345513,1.0,3968
ENSG00000110851,0.0005638054,0.00012622632,0.33333334,3969
ENSG00000101850,0.00056234223,-7.652775e-05,0.33333334,3970
ENSG00000146755,0.00055986416,-0.00023350863,1.0,3971
ENSG00000118257,0.0005560094,-8.397934e-05,0.33333334,3972
ENSG00000183304,0.0005557666,-0.00013636926,1.0,3973
ENSG00000165495,0.0005534738,-2.377148e-05,1.0,3974
ENSG00000172320,0.0005532457,-0.00021207712,1.0,3975
ENSG00000106346,0.0005517904,0.0001681363,1.0,3976
ENSG00000112499,0.0005516903,2.6100377e-06,0.33333334,3977
ENSG00000114853,0.00054731546,0.0002582277,1.0,3978
ENSG00000175591,0.00054584333,-3.0009047e-05,1.0,3979
ENSG00000119636,0.0005457566,-8.251874e-05,0.33333334,3980
ENSG00000105270,0.00054516474,0.00010870226,1.0,3981
ENSG00000148704,0.00054174574,3.6393543e-05,0.33333334,3982
ENSG00000125931,0.00054122234,-0.00015119762,1.0,3983
ENSG00000100300,0.0005410991,0.00010098485,0.33333334,3984
ENSG00000189132,0.0005390535,-2.9128554e-05,0.33333334,3985
ENSG00000166111,0.00053710793,5.0969906e-05,1.0,3986
ENSG00000137033,0.0005348094,6.352243e-05,0.33333334,3987
ENSG00000047849,0.0005339608,1.5699368e-05,0.33333334,3988
ENSG00000130561,0.0005321841,0.00023137615,1.0,3989
ENSG00000109181,0.0005320734,2.9455043e-05,0.33333334,3990
ENSG00000148735,0.00052848033,-3.0979863e-06,0.33333334,3991
ENSG00000165591,0.0005284343,-8.695397e-05,1.0,3992
ENSG00000010932,0.00052647834,0.00017268292,0.33333334,3993
ENSG00000078018,0.0005225106,-0.00018709242,1.0,3994
ENSG00000106636,0.0005200546,-0.00025430648,1.0,3995
ENSG00000068394,0.0005198967,-5.2420288e-05,0.33333334,3996
ENSG00000182645,0.0005197339,0.00023009318,1.0,3997
ENSG00000062822,0.00051967805,-0.000111971574,0.33333334,3998
ENSG00000134588,0.00051459746,-0.00025636444,1.0,3999
ENSG00000081138,0.0005142651,-7.354023e-05,0.33333334,4000
ENSG00000145901,0.00051024655,-4.781909e-05,0.33333334,4001
ENSG00000144460,0.00050620554,0.000128872,1.0,4002
ENSG00000135355,0.000504953,0.00015599672,1.0,4003
ENSG00000108309,0.0005045351,5.0059407e-05,0.33333334,4004
ENSG00000181867,0.00050327927,2.1309486e-06,0.33333334,4005
ENSG00000133124,0.0005029068,4.4022468e-06,0.33333334,4006
ENSG00000126432,0.00050174363,-0.00015145868,1.0,4007
ENSG00000147481,0.00050162413,1.2503959e-05,0.33333334,4008
ENSG00000116745,0.0005007564,-0.0002029821,1.0,4009
ENSG00000104938,0.0004980091,-7.766101e-05,0.33333334,4010
ENSG00000166924,0.0004953718,-8.3395666e-05,1.0,4011
ENSG00000177151,0.00049395574,-0.00020385762,0.33333334,4012
ENSG00000176014,0.000493207,-0.00023154686,1.0,4013
ENSG00000185610,0.0004922578,0.00017377098,1.0,4014
ENSG00000101892,0.0004922417,-0.00017025131,1.0,4015
ENSG00000185894,0.0004921119,-7.548826e-05,0.33333334,4016
ENSG00000143278,0.0004902556,8.662589e-05,0.33333334,4017
ENSG00000130052,0.00048234398,4.134853e-05,0.33333334,4018
ENSG00000148399,0.000476139,-0.000112663016,0.33333334,4019
ENSG00000196338,0.00047588546,0.00019471483,1.0,4020
ENSG00000186103,0.00047240642,-7.153507e-05,0.33333334,4021
ENSG00000147724,0.00047032544,-7.0519156e-05,0.33333334,4022
ENSG00000089057,0.00046709296,7.0542774e-05,0.33333334,4023
ENSG00000116544,0.00046422778,8.4329185e-05,0.33333334,4024
ENSG00000152894,0.00046411972,0.00017558558,0.33333334,4025
ENSG00000177425,0.0004609426,0.00023611635,1.0,4026
ENSG00000130287,0.00045895603,-5.5943718e-05,0.33333334,4027
ENSG00000186119,0.00045679256,0.00028196466,1.0,4028
ENSG00000114805,0.00045594643,-3.5531575e-05,0.33333334,4029
ENSG00000099957,0.0004555265,6.238863e-05,0.33333334,4030
ENSG00000179813,0.00045535367,-0.000121322715,1.0,4031
ENSG00000011275,0.0004495673,-0.00017834391,1.0,4032
ENSG00000165891,0.00044892597,1.3757771e-05,0.33333334,4033
ENSG00000187391,0.00044473397,-4.6941204e-06,0.33333334,4034
ENSG00000136436,0.0004409822,4.7480233e-05,0.33333334,4035
ENSG00000087263,0.00044087748,-3.535924e-05,0.33333334,4036
ENSG00000131068,0.0004379918,0.00012482649,0.33333334,4037
ENSG00000160588,0.00043425985,-0.00015146763,1.0,4038
ENSG00000161939,0.00043338825,-4.8843685e-06,0.33333334,4039
ENSG00000151418,0.0004255903,6.641921e-05,1.0,4040
ENSG00000178235,0.00042554646,-0.00015152401,1.0,4041
ENSG00000181939,0.00042341874,-0.00013875701,1.0,4042
ENSG00000104290,0.00042311123,-0.00016949173,1.0,4043
ENSG00000081803,0.00041903005,-0.00011924628,0.33333334,4044
ENSG00000103264,0.0004154078,-0.00015930529,1.0,4045
ENSG00000147862,0.00041181975,0.00014194738,0.33333334,4046
ENSG00000111049,0.00040482916,0.0002577743,1.0,4047
ENSG00000106689,0.00040352778,-2.3284052e-05,0.33333334,4048
ENSG00000179915,0.00040322272,-1.2276621e-05,0.33333334,4049
ENSG00000079112,0.00040232114,2.4855924e-05,0.33333334,4050
ENSG00000172489,0.00039761155,7.830361e-06,0.33333334,4051
ENSG00000163012,0.00038745298,-0.0001713126,1.0,4052
ENSG00000171487,0.00038737894,-5.6859993e-05,0.33333334,4053
ENSG00000164893,0.00038536717,0.00016372638,1.0,4054
ENSG00000188784,0.00037754365,-3.3840734e-05,0.33333334,4055
ENSG00000105409,0.00037645627,-0.00024250783,1.0,4056
ENSG00000140478,0.00036896337,-2.1027923e-05,0.33333334,4057
ENSG00000179412,0.00036521527,-0.00017815358,0.33333334,4058
ENSG00000131094,0.00035703697,-0.00011815769,1.0,4059
ENSG00000164692,0.00035519933,5.0796192e-05,0.33333334,4060
ENSG00000147081,0.00035382147,-0.00011171549,1.0,4061
ENSG00000183310,0.00033899248,0.00023226142,0.33333334,4062
ENSG00000151379,0.00033823206,4.5239256e-05,0.33333334,4063
ENSG00000172352,0.00033556632,-0.0001630312,1.0,4064
ENSG00000124564,0.00030407307,-2.3346367e-05,0.33333334,4065
ENSG00000183148,0.00029778798,0.00021466444,1.0,4066
ENSG00000126545,0.00028641475,4.830705e-05,1.0,4067
ENSG00000188937,0.00028586088,-4.8679318e-05,0.33333334,4068
ENSG00000187545,0.0002840674,-9.034641e-07,0.33333334,4069
ENSG00000173464,0.0002797854,8.534655e-05,1.0,4070
ENSG00000155249,0.0002570812,-4.2135583e-05,1.0,4071
ENSG00000179615,0.00025499298,0.0001067294,1.0,4072
ENSG00000176555,0.00025194194,-7.445223e-05,0.33333334,4073
ENSG00000174982,0.00024318299,0.00013439881,1.0,4074
ENSG00000182070,0.00022078441,9.326421e-06,0.33333334,4075
ENSG00000149133,0.00020942243,2.3927025e-05,0.33333334,4076
ENSG00000186925,0.00019970599,-8.151657e-05,1.0,4077
ENSG00000186599,0.0001466077,8.070096e-05,0.33333334,4078
ENSG00000181698,0.00014233535,-2.422117e-05,1.0,4079
ENSG00000182346,0.000135369,5.2598e-05,1.0,4080
ENSG00000185960,0.0,0.0,0.0,4081
ENSG00000178605,0.0,0.0,0.0,4082
ENSG00000177300,0.0,0.0,0.0,4083
ENSG00000167393,0.0,0.0,0.0,4084
ENSG00000136305,0.0,0.0,0.0,4085
ENSG00000183260,0.0,0.0,0.0,4086
ENSG00000182484,0.0,0.0,0.0,4087
ENSG00000150269,0.0,0.0,0.0,4088
ENSG00000164708,0.0,0.0,0.0,4089
ENSG00000148671,0.0,0.0,0.0,4090
ENSG00000125954,0.0,0.0,0.0,4091
ENSG00000100101,0.0,0.0,0.0,4092
ENSG00000178922,0.0,0.0,0.0,4093
ENSG00000103426,0.0,0.0,0.0,4094
ENSG00000145337,0.0,0.0,0.0,4095
ENSG00000196826,0.0,0.0,0.0,4096
