gene_id,mean_abs_attribution,mean_signed_attribution,sign_consistency,rank
ENSG00000172377,0.05012502,0.047021557,1.0,1
ENSG00000159915,0.048074488,-0.047808696,1.0,2
ENSG00000167359,0.04635459,0.045867022,1.0,3
ENSG00000184270,0.038711816,0.0387103,1.0,4
ENSG00000196604,0.038685363,0.029314088,1.0,5
ENSG00000196553,0.03779739,0.03769387,1.0,6
ENSG00000172640,0.035883296,0.035221294,1.0,7
ENSG00000124610,0.03517701,0.035092976,1.0,8
ENSG00000185013,0.034675837,-0.03388333,1.0,9
ENSG00000174417,0.03431263,0.034034647,1.0,10
ENSG00000057468,0.03386732,0.033317503,1.0,11
ENSG00000172365,0.031677973,-0.022218013,1.0,12
ENSG00000170160,0.029978251,-0.028723968,1.0,13
ENSG00000185261,0.028710708,-0.02858002,1.0,14
ENSG00000184357,0.028596535,0.028596535,1.0,15
ENSG00000188996,0.027603948,0.027374685,1.0,16
ENSG00000135517,0.026192138,0.02554904,1.0,17
ENSG00000101639,0.02599074,-0.025817156,1.0,18
ENSG00000185689,0.025053067,-0.024839908,1.0,19
ENSG00000178567,0.024991838,-0.019055404,1.0,20
ENSG00000168131,0.0239721,0.023551797,1.0,21
ENSG00000127366,0.023748929,0.023476057,1.0,22
ENSG00000180596,0.023575181,0.023569161,1.0,23
ENSG00000063438,0.02342208,0.021322079,1.0,24
ENSG00000138755,0.022822754,-0.0026633732,1.0,25
ENSG00000157999,0.02188169,0.021840775,1.0,26
ENSG00000029639,0.021205341,-0.019897021,1.0,27
ENSG00000163806,0.02116987,0.02100826,1.0,28
ENSG00000184166,0.021030167,0.01907822,1.0,29
ENSG00000171217,0.02078586,0.020761466,1.0,30
ENSG00000173431,0.02057747,-0.019563662,1.0,31
ENSG00000177947,0.020004524,0.019972993,1.0,32
ENSG00000196811,0.019994019,-0.019947989,1.0,33
ENSG00000172123,0.019956598,-0.018713864,1.0,34
ENSG00000176681,0.01979678,-0.019522494,1.0,35
ENSG00000179909,0.019651411,-0.01930573,1.0,36
ENSG00000144771,0.019402554,-0.016536666,1.0,37
ENSG00000184735,0.019336991,0.01684654,1.0,38
ENSG00000121988,0.019218309,-0.018940667,1.0,39
ENSG00000121211,0.019138174,0.018863855,1.0,40
ENSG00000172014,0.019051291,-0.016586734,1.0,41
ENSG00000175820,0.018991569,-0.01861986,1.0,42
ENSG00000182308,0.01884166,0.01829618,1.0,43
ENSG00000180919,0.018747872,-0.014358364,1.0,44
ENSG00000189180,0.01866798,-0.01694687,1.0,45
ENSG00000148377,0.018081862,0.01695577,1.0,46
ENSG00000121314,0.018074868,-0.017220596,1.0,47
ENSG00000183066,0.018064149,0.016672527,1.0,48
ENSG00000163046,0.01802104,-0.012292981,1.0,49
ENSG00000134291,0.01781409,-0.01241837,1.0,50
ENSG00000165076,0.017613126,0.017487755,1.0,51
ENSG00000196778,0.017531676,-0.017021904,1.0,52
ENSG00000188124,0.017326273,0.016780874,1.0,53
ENSG00000177693,0.017136594,0.014797767,1.0,54
ENSG00000169330,0.016860677,0.015172067,1.0,55
ENSG00000183378,0.016680859,-0.015336384,1.0,56
ENSG00000196482,0.016404426,-0.006925222,1.0,57
ENSG00000145975,0.016199343,-0.016106918,1.0,58
ENSG00000188655,0.015878702,-0.012378802,1.0,59
ENSG00000141337,0.015843237,-0.012914333,1.0,60
ENSG00000101439,0.015710019,0.014725559,1.0,61
ENSG00000188394,0.015677253,-0.015638163,1.0,62
ENSG00000115423,0.015525444,0.013511736,1.0,63
ENSG00000104133,0.015457928,-0.015244007,1.0,64
ENSG00000185448,0.0152983805,-0.013781883,1.0,65
ENSG00000145912,0.015065492,0.014738202,1.0,66
ENSG00000134539,0.015032675,0.012046804,1.0,67
ENSG00000137955,0.014771323,-0.013673338,1.0,68
ENSG00000162927,0.014767365,-0.01422255,1.0,69
ENSG00000184985,0.014689258,0.002047487,1.0,70
ENSG00000124875,0.0146817155,0.002890826,1.0,71
ENSG00000158079,0.014677768,-0.013195917,1.0,72
ENSG00000121446,0.014667173,0.014054147,1.0,73
ENSG00000112245,0.014645257,0.014305249,1.0,74
ENSG00000167377,0.01458884,-0.014533371,1.0,75
ENSG00000139800,0.014544964,-0.0018415569,1.0,76
ENSG00000163492,0.0145178335,-0.014404718,1.0,77
ENSG00000114656,0.014473821,0.014355672,1.0,78
ENSG00000183878,0.014419503,-0.0079682525,1.0,79
ENSG00000170782,0.014227107,0.013888556,1.0,80
ENSG00000165655,0.0141956145,0.013648217,1.0,81
ENSG00000144596,0.013986458,-0.01108303,1.0,82
ENSG00000147894,0.0139134005,0.013406396,1.0,83
ENSG00000160284,0.013904492,0.013546924,1.0,84
ENSG00000178105,0.013819959,-0.012211193,1.0,85
ENSG00000176903,0.013813492,0.01260778,1.0,86
ENSG00000196453,0.01378581,-0.013685563,1.0,87
ENSG00000133962,0.0137838535,0.010522462,1.0,88
ENSG00000150783,0.01376301,0.013254016,1.0,89
ENSG00000149609,0.013738499,-0.013501633,1.0,90
ENSG00000104154,0.013612122,0.009826867,1.0,91
ENSG00000180347,0.013536345,-0.00836445,1.0,92
ENSG00000175602,0.013512819,0.013268194,1.0,93
ENSG00000163352,0.013397421,0.013144806,1.0,94
ENSG00000155636,0.013209934,-0.012025204,1.0,95
ENSG00000157240,0.013074326,0.00653529,1.0,96
ENSG00000166484,0.013030137,-0.012305267,1.0,97
ENSG00000139656,0.012989245,-0.010718338,1.0,98
ENSG00000116127,0.012954417,0.012846112,1.0,99
ENSG00000180549,0.012927957,-0.0024291452,1.0,100
ENSG00000168143,0.012905204,0.006011749,1.0,101
ENSG00000169245,0.012820278,0.0006995001,0.33333334,102
ENSG00000173679,0.012719608,0.008540598,1.0,103
ENSG00000064601,0.012684581,-0.011490977,1.0,104
ENSG00000075292,0.012677404,-0.0123685235,1.0,105
ENSG00000159423,0.012673208,0.008392559,1.0,106
ENSG00000062370,0.012634582,-0.010861919,1.0,107
ENSG00000151090,0.01260487,-0.0052013425,1.0,108
ENSG00000165186,0.012599858,0.0074991374,1.0,109
ENSG00000122687,0.012598026,-0.009569671,1.0,110
ENSG00000184047,0.0125758685,0.012543161,1.0,111
ENSG00000177275,0.012529333,0.009464607,1.0,112
ENSG00000171819,0.01241459,0.012393634,1.0,113
ENSG00000186912,0.012352611,0.011581705,1.0,114
ENSG00000130725,0.012329522,-0.012296912,1.0,115
ENSG00000188153,0.012254086,0.00733343,1.0,116
ENSG00000140287,0.012089943,-0.007454369,1.0,117
ENSG00000157764,0.012037932,0.011903789,1.0,118
ENSG00000096968,0.0119253965,0.011583206,1.0,119
ENSG00000135069,0.01185709,-0.0060482346,1.0,120
ENSG00000101220,0.011837688,-0.011212625,1.0,121
ENSG00000166348,0.011823781,0.008464996,1.0,122
ENSG00000162959,0.011792141,-0.011692534,1.0,123
ENSG00000127980,0.011779438,-0.01136433,1.0,124
ENSG00000172476,0.011738365,-0.010889135,1.0,125
ENSG00000107614,0.011712782,-0.011444108,1.0,126
ENSG00000105270,0.011703969,0.010242984,1.0,127
ENSG00000071894,0.011696622,-0.010148575,1.0,128
ENSG00000095110,0.011681088,-0.011543237,1.0,129
ENSG00000186417,0.011660357,0.0062586633,1.0,130
ENSG00000187790,0.01164938,-0.011569752,1.0,131
ENSG00000104643,0.011594217,-0.011354695,1.0,132
ENSG00000173480,0.011486252,-0.0114444615,1.0,133
ENSG00000183735,0.01139759,-0.011169911,1.0,134
ENSG00000114374,0.011389899,-0.0058996137,1.0,135
ENSG00000163600,0.011358738,0.0081352955,1.0,136
ENSG00000142794,0.011309543,0.009979022,1.0,137
ENSG00000180245,0.01130268,0.01120808,1.0,138
ENSG00000103061,0.011285686,0.011004399,1.0,139
ENSG00000111596,0.011228112,-0.0106076645,1.0,140
ENSG00000162594,0.011219698,-0.008378929,1.0,141
ENSG00000142700,0.011177871,-0.0020671787,1.0,142
ENSG00000089692,0.0111747375,-0.009595024,1.0,143
ENSG00000104499,0.0111664375,-0.009519237,1.0,144
ENSG00000166960,0.011108459,0.0013353586,1.0,145
ENSG00000101294,0.011108014,0.0109889945,1.0,146
ENSG00000127334,0.011094813,-0.00949218,1.0,147
ENSG00000145736,0.011018234,-0.008615951,1.0,148
ENSG00000164161,0.011005901,0.007585201,1.0,149
ENSG00000125245,0.010992889,-0.010899701,1.0,150
ENSG00000176256,0.010979171,0.009770525,1.0,151
ENSG00000187080,0.010936033,-0.009906561,1.0,152
ENSG00000173171,0.010931895,-0.010459711,1.0,153
ENSG00000115598,0.010928549,-0.00162433,1.0,154
ENSG00000121741,0.010913406,-0.010609184,1.0,155
ENSG00000186020,0.010911219,-0.009621062,1.0,156
ENSG00000152422,0.010896992,0.00761971,1.0,157
ENSG00000141505,0.010869081,0.0049504805,1.0,158
ENSG00000005073,0.010860617,-0.004507703,1.0,159
ENSG00000181609,0.010843909,0.0040879897,0.33333334,160
ENSG00000092068,0.01081806,0.0072418046,1.0,161
ENSG00000176571,0.010799055,0.009125182,1.0,162
ENSG00000057019,0.01076068,0.005469587,1.0,163
ENSG00000180697,0.010690774,0.008330149,1.0,164
ENSG00000072858,0.0106481835,-0.0076630884,1.0,165
ENSG00000157168,0.010625444,-0.0045250654,1.0,166
ENSG00000144642,0.010579622,-0.0074856207,1.0,167
ENSG00000070669,0.01055564,-0.010212131,1.0,168
ENSG00000100767,0.010505307,-0.0045856456,1.0,169
ENSG00000173369,0.010504647,-0.002459213,1.0,170
ENSG00000130396,0.010503713,0.0043869265,1.0,171
ENSG00000140043,0.010485741,-0.010093801,1.0,172
ENSG00000178021,0.010485302,0.010411621,1.0,173
ENSG00000156011,0.010478787,-0.008597574,1.0,174
ENSG00000167685,0.010444176,0.010314663,1.0,175
ENSG00000176782,0.010443893,-0.0069696433,1.0,176
ENSG00000112149,0.010426648,-0.006933301,1.0,177
ENSG00000120160,0.010420847,0.009493166,1.0,178
ENSG00000151835,0.010403992,-0.010244109,1.0,179
ENSG00000120436,0.010384073,-0.0037699416,1.0,180
ENSG00000138336,0.010365721,0.010187396,1.0,181
ENSG00000147206,0.0103626065,0.002081876,1.0,182
ENSG00000170289,0.010348704,0.0102365175,1.0,183
ENSG00000060982,0.010333427,0.0071066692,1.0,184
ENSG00000196074,0.010283099,-0.00992607,1.0,185
ENSG00000130821,0.010268189,-0.007246775,1.0,186
ENSG00000127603,0.010232408,-0.010103048,1.0,187
ENSG00000042304,0.010230097,0.00628111,1.0,188
ENSG00000135040,0.0102019375,0.009833821,1.0,189
ENSG00000166199,0.010198039,-0.0042981165,1.0,190
ENSG00000144460,0.010185289,0.006885413,1.0,191
ENSG00000152503,0.010167997,0.004412913,1.0,192
ENSG00000147955,0.010148697,-0.009802314,1.0,193
ENSG00000085871,0.0101226345,0.008238147,1.0,194
ENSG00000122417,0.010118422,0.00959727,1.0,195
ENSG00000165837,0.010109431,-0.009399298,1.0,196
ENSG00000183775,0.010108412,0.005279999,1.0,197
ENSG00000132849,0.010080136,0.0053066146,1.0,198
ENSG00000176225,0.010067119,-0.010013801,1.0,199
ENSG00000178358,0.010056865,-0.0073669665,0.33333334,200
ENSG00000111886,0.010026277,0.009566426,1.0,201
ENSG00000164879,0.010017308,-0.005161607,1.0,202
ENSG00000102053,0.009974544,0.008501562,1.0,203
ENSG00000119421,0.009953938,-0.009637185,1.0,204
ENSG00000038427,0.009946571,0.008711533,1.0,205
ENSG00000127951,0.009929369,0.008633356,1.0,206
ENSG00000149243,0.009928088,0.0044924947,1.0,207
ENSG00000156804,0.009911605,0.004843392,1.0,208
ENSG00000009413,0.009910107,0.009805827,1.0,209
ENSG00000188710,0.0098968195,-0.0070073325,1.0,210
ENSG00000161896,0.009861766,-0.00023652196,1.0,211
ENSG00000135740,0.009858944,0.0050679687,1.0,212
ENSG00000158578,0.009858112,0.008672475,1.0,213
ENSG00000037965,0.009828315,-0.0040353667,1.0,214
ENSG00000187116,0.009792415,0.004405497,1.0,215
ENSG00000117154,0.009790775,-0.0018144314,1.0,216
ENSG00000115474,0.009753493,-0.0064736735,1.0,217
ENSG00000177058,0.009683962,0.009582058,1.0,218
ENSG00000003096,0.009678162,-0.0026005877,1.0,219
ENSG00000130159,0.009663474,0.009282828,1.0,220
ENSG00000108679,0.009591195,0.008845742,1.0,221
ENSG00000178718,0.009579967,-0.007155959,1.0,222
ENSG00000114455,0.009578404,0.002437546,1.0,223
ENSG00000146083,0.009573745,0.009448897,1.0,224
ENSG00000069509,0.009558902,0.008509419,1.0,225
ENSG00000184113,0.009551053,0.008593541,1.0,226
ENSG00000164309,0.009539566,-0.00804064,1.0,227
ENSG00000166900,0.00952847,0.0045888885,1.0,228
ENSG00000078124,0.009501187,-0.0077535794,1.0,229
ENSG00000140319,0.009498696,0.009401426,1.0,230
ENSG00000129595,0.009450705,0.0066857133,1.0,231
ENSG00000144136,0.009450187,-0.008938833,1.0,232
ENSG00000144724,0.0094449995,0.004765092,1.0,233
ENSG00000117450,0.009441915,-0.0077281785,1.0,234
ENSG00000185040,0.009414234,-0.009118545,1.0,235
ENSG00000177202,0.009405446,0.0008879658,0.33333334,236
ENSG00000172399,0.009391227,0.0075366315,1.0,237
ENSG00000137145,0.009373132,-0.0092135975,1.0,238
ENSG00000185372,0.009348508,0.0011069678,0.33333334,239
ENSG00000185842,0.009348464,0.008643369,1.0,240
ENSG00000156234,0.009339253,-0.0028026628,1.0,241
ENSG00000141979,0.009326044,-0.008353006,1.0,242
ENSG00000111271,0.009315231,-0.005148987,1.0,243
ENSG00000090581,0.009298188,0.008895169,1.0,244
ENSG00000155592,0.009292754,0.0080731455,1.0,245
ENSG00000151651,0.009285114,-0.0019573562,1.0,246
ENSG00000108786,0.009258959,-0.004083758,1.0,247
ENSG00000147813,0.009253852,-0.008483623,1.0,248
ENSG00000111877,0.009218901,0.009040176,1.0,249
ENSG00000148120,0.00921793,-0.00850772,1.0,250
ENSG00000136682,0.009176581,-0.008868589,1.0,251
ENSG00000103174,0.009153441,-0.0066954964,1.0,252
ENSG00000184588,0.009148813,0.008026153,1.0,253
ENSG00000142233,0.009145626,-0.005932963,1.0,254
ENSG00000177627,0.009139906,-0.0061840876,1.0,255
ENSG00000133315,0.009126046,-0.008517602,1.0,256
ENSG00000119938,0.009125985,-0.0012996211,1.0,257
ENSG00000143314,0.009121937,0.008679581,1.0,258
ENSG00000010318,0.009118688,0.006405053,1.0,259
ENSG00000088836,0.009103743,-0.0061993934,1.0,260
ENSG00000174527,0.0090918755,0.008905312,1.0,261
ENSG00000110318,0.009069721,-0.003606827,1.0,262
ENSG00000140478,0.009069051,-0.004968639,1.0,263
ENSG00000008735,0.009066477,-0.0053821523,1.0,264
ENSG00000184076,0.009062889,-0.008707122,1.0,265
ENSG00000114784,0.009059813,0.008866984,1.0,266
ENSG00000100319,0.009033211,0.008714908,1.0,267
ENSG00000179598,0.009012506,-0.004675036,1.0,268
ENSG00000185823,0.009009094,-0.007166104,1.0,269
ENSG00000155530,0.0089893555,-0.008411958,1.0,270
ENSG00000113552,0.008980591,-0.0046540243,1.0,271
ENSG00000107938,0.008958575,0.0087534115,1.0,272
ENSG00000187005,0.008949459,0.004977979,1.0,273
ENSG00000111696,0.008944769,0.008127186,1.0,274
ENSG00000175322,0.008938805,-0.008852813,1.0,275
ENSG00000157653,0.008925797,0.0072768587,1.0,276
ENSG00000136839,0.008903283,-0.008182971,1.0,277
ENSG00000125877,0.008879407,-0.008534887,1.0,278
ENSG00000010539,0.008865446,0.007095777,1.0,279
ENSG00000137080,0.008848139,0.006155497,1.0,280
ENSG00000105997,0.008827184,-0.0061339797,1.0,281
ENSG00000162849,0.008817762,0.005201384,1.0,282
ENSG00000130508,0.008817391,0.0019819553,1.0,283
ENSG00000139192,0.008816525,0.004193181,1.0,284
ENSG00000009765,0.008783784,4.235593e-05,0.33333334,285
ENSG00000179954,0.008741035,-0.007876092,1.0,286
ENSG00000087884,0.008719708,0.0010302269,1.0,287
ENSG00000131951,0.008661858,-0.008525475,1.0,288
ENSG00000143409,0.008651442,0.00065996055,1.0,289
ENSG00000189283,0.008650407,-0.005054271,1.0,290
ENSG00000187742,0.008644537,-0.0084514255,1.0,291
ENSG00000176641,0.008631608,0.0059021735,1.0,292
ENSG00000167528,0.00862098,0.0077148634,1.0,293
ENSG00000131437,0.008593415,-0.006403279,1.0,294
ENSG00000164631,0.008581498,-0.008225228,1.0,295
ENSG00000172724,0.008574084,0.0004951108,0.33333334,296
ENSG00000079335,0.008572684,-0.008231293,1.0,297
ENSG00000151892,0.008567074,-0.0025033725,1.0,298
ENSG00000183283,0.008553628,-0.008154762,1.0,299
ENSG00000073417,0.008531127,-0.0074777403,1.0,300
ENSG00000109680,0.008530322,-0.008316395,1.0,301
ENSG00000093134,0.008517659,-0.0063647334,1.0,302
ENSG00000122728,0.008517518,0.006567171,1.0,303
ENSG00000148950,0.008502507,0.008310695,1.0,304
ENSG00000124177,0.008496105,0.008302411,1.0,305
ENSG00000142156,0.008469249,-0.0065768403,1.0,306
ENSG00000115257,0.008432225,-0.0064272336,1.0,307
ENSG00000164930,0.008430358,0.0032866038,1.0,308
ENSG00000180938,0.008401859,-0.007013486,1.0,309
ENSG00000125650,0.008385227,0.0055548963,1.0,310
ENSG00000103528,0.008384726,-3.6278845e-05,0.33333334,311
ENSG00000127838,0.008378107,0.008313327,1.0,312
ENSG00000179580,0.008369483,0.0052150153,1.0,313
ENSG00000145604,0.008369208,0.007991911,1.0,314
ENSG00000166220,0.008355826,0.006016568,1.0,315
ENSG00000175040,0.008349194,0.0043263803,1.0,316
ENSG00000118420,0.008347931,-0.008196011,1.0,317
ENSG00000168214,0.008330788,0.005709128,1.0,318
ENSG00000184786,0.008324828,-0.007960982,1.0,319
ENSG00000111215,0.008314555,0.008114731,1.0,320
ENSG00000123908,0.00831129,0.008098547,1.0,321
ENSG00000125384,0.008307922,-0.0032602607,1.0,322
ENSG00000128610,0.008295012,-0.002622687,1.0,323
ENSG00000135637,0.008277025,-0.0078384625,1.0,324
ENSG00000120280,0.00827657,-0.0068356115,1.0,325
ENSG00000179615,0.0082716625,-0.0043314938,1.0,326
ENSG00000171773,0.008270919,0.0001973964,0.33333334,327
ENSG00000184860,0.008254581,-0.0023853767,1.0,328
ENSG00000181450,0.008243021,0.008135667,1.0,329
ENSG00000187024,0.008209121,0.0049580806,1.0,330
ENSG00000168904,0.008200915,-0.006303567,1.0,331
ENSG00000102524,0.008197177,0.0049789366,1.0,332
ENSG00000161618,0.008194345,0.0076887705,1.0,333
ENSG00000162688,0.008184182,0.007834122,1.0,334
ENSG00000112033,0.008176417,-0.007967749,1.0,335
ENSG00000175536,0.008164917,0.0020225185,1.0,336
ENSG00000133398,0.008147691,-0.0077891313,1.0,337
ENSG00000143199,0.008143876,0.008044523,1.0,338
ENSG00000146755,0.008124453,-3.9286457e-05,0.33333334,339
ENSG00000169981,0.008122646,-0.0075804754,1.0,340
ENSG00000111859,0.008119992,0.004514616,1.0,341
ENSG00000112053,0.008102699,-0.006856849,1.0,342
ENSG00000104714,0.008084397,0.006322196,1.0,343
ENSG00000102109,0.008064351,0.005371481,1.0,344
ENSG00000151790,0.008054617,0.002991818,1.0,345
ENSG00000155850,0.008048834,-0.0072939335,1.0,346
ENSG00000163156,0.00803647,-0.007778005,1.0,347
ENSG00000140416,0.008027111,-0.0015211543,1.0,348
ENSG00000131019,0.00802333,-0.0027311454,1.0,349
ENSG00000001629,0.008020978,-0.0074975286,1.0,350
ENSG00000072133,0.008011906,-0.0024555186,1.0,351
ENSG00000125735,0.008011711,-0.0028341182,1.0,352
ENSG00000174917,0.008009155,0.007918778,1.0,353
ENSG00000122971,0.007992608,-0.0063773207,1.0,354
ENSG00000101916,0.007991998,0.0069144177,1.0,355
ENSG00000182872,0.007991343,0.0068990304,1.0,356
ENSG00000063169,0.00795046,0.0077795982,1.0,357
ENSG00000134755,0.007947594,0.0035910383,1.0,358
ENSG00000021776,0.0079391,-0.007672249,1.0,359
ENSG00000110075,0.007924029,-0.007378912,1.0,360
ENSG00000170515,0.007920346,0.007778279,1.0,361
ENSG00000167641,0.007894744,0.0076333783,1.0,362
ENSG00000006432,0.007893593,0.0043812883,1.0,363
ENSG00000127481,0.00789338,-0.0077766315,1.0,364
ENSG00000111537,0.007888205,0.0042317077,1.0,365
ENSG00000151014,0.007878044,-0.007525454,1.0,366
ENSG00000187054,0.007859671,-0.0048363344,1.0,367
ENSG00000115592,0.007845632,0.006472235,1.0,368
ENSG00000125772,0.007833521,-0.00743202,1.0,369
ENSG00000070770,0.007816625,0.0030718083,1.0,370
ENSG00000151611,0.007808266,-0.0028772338,1.0,371
ENSG00000096092,0.007806157,-0.006337716,1.0,372
ENSG00000162390,0.007789269,-0.0063005337,1.0,373
ENSG00000147548,0.007779561,0.0073836683,1.0,374
ENSG00000123689,0.007765209,-0.0012411884,1.0,375
ENSG00000106069,0.007764852,-0.0057202093,1.0,376
ENSG00000136381,0.0077624973,0.007456932,1.0,377
ENSG00000167799,0.007761989,-0.0074789054,1.0,378
ENSG00000128833,0.007758507,0.0029431973,1.0,379
ENSG00000196653,0.0077414117,-0.0044039157,1.0,380
ENSG00000162669,0.00773128,-0.006633179,1.0,381
ENSG00000102001,0.0077253175,0.00020858103,0.33333334,382
ENSG00000118997,0.0077241994,0.0070786197,1.0,383
ENSG00000146707,0.007705912,0.004233418,1.0,384
ENSG00000065361,0.0077052745,-0.0018594936,1.0,385
ENSG00000036549,0.0077044903,0.0075592934,1.0,386
ENSG00000165555,0.007702706,-0.0075395876,1.0,387
ENSG00000165175,0.0077012978,0.0058436473,1.0,388
ENSG00000109047,0.007698192,-0.0019355164,1.0,389
ENSG00000178172,0.00767615,-0.0049994695,1.0,390
ENSG00000162804,0.0076748147,-0.005119282,1.0,391
ENSG00000133812,0.0076623275,-0.007579153,1.0,392
ENSG00000131127,0.007635759,0.0075380444,1.0,393
ENSG00000095970,0.007622357,-0.0016720236,1.0,394
ENSG00000134987,0.0076089785,0.0073509663,1.0,395
ENSG00000147874,0.0075918995,-0.007230612,1.0,396
ENSG00000105497,0.007590219,-0.0067282305,1.0,397
ENSG00000101255,0.007585718,-0.0041560144,1.0,398
ENSG00000105698,0.0075776563,0.007542065,1.0,399
ENSG00000143947,0.0075676036,0.0022757065,1.0,400
ENSG00000196693,0.0075598187,-0.00551147,1.0,401
ENSG00000170889,0.007558391,0.007488776,1.0,402
ENSG00000177728,0.0075571383,0.00720955,1.0,403
ENSG00000163923,0.007552251,-0.0030802973,1.0,404
ENSG00000119720,0.0075471117,0.0073145204,1.0,405
ENSG00000179399,0.007540966,0.0034174277,1.0,406
ENSG00000161328,0.0075394525,-0.003876431,1.0,407
ENSG00000112977,0.0075341524,-0.0073869987,1.0,408
ENSG00000082293,0.0075141564,0.0065739155,1.0,409
ENSG00000099377,0.007513831,-0.0064749173,1.0,410
ENSG00000164684,0.0075022355,-0.004462551,1.0,411
ENSG00000147439,0.007497854,0.006156953,1.0,412
ENSG00000111664,0.0074945954,0.0016131887,1.0,413
ENSG00000099338,0.007494044,0.0045750416,1.0,414
ENSG00000121634,0.0074915253,-0.0008828821,1.0,415
ENSG00000160087,0.007484523,0.007382393,1.0,416
ENSG00000163945,0.00747682,0.0057785437,1.0,417
ENSG00000143183,0.007458385,0.005048333,1.0,418
ENSG00000134569,0.007431606,0.00017080405,0.33333334,419
ENSG00000131721,0.0074298815,-0.007225786,1.0,420
ENSG00000186184,0.00741527,0.0066675544,1.0,421
ENSG00000172893,0.007412667,0.006891484,1.0,422
ENSG00000121281,0.007395199,0.0067884284,1.0,423
ENSG00000168938,0.0073946645,-0.0052485573,1.0,424
ENSG00000183844,0.0073926263,0.0024734891,1.0,425
ENSG00000011114,0.0073892535,0.006694252,1.0,426
ENSG00000101977,0.007385665,-0.005770588,1.0,427
ENSG00000172840,0.007377395,0.0018527443,1.0,428
ENSG00000187566,0.0073740655,0.0033310133,1.0,429
ENSG00000128594,0.0073732384,0.006807927,1.0,430
ENSG00000167700,0.0073665045,0.0068864464,1.0,431
ENSG00000181074,0.0073632025,-0.0061156936,1.0,432
ENSG00000114302,0.007348258,0.0043093064,1.0,433
ENSG00000105447,0.0073477738,0.0063987994,1.0,434
ENSG00000042493,0.0073436345,0.0040593497,1.0,435
ENSG00000159256,0.007339517,-0.007182259,1.0,436
ENSG00000128510,0.0073358356,0.0005998332,1.0,437
ENSG00000144535,0.007324286,0.0056214444,1.0,438
ENSG00000128309,0.0073241456,0.00717023,1.0,439
ENSG00000164221,0.007322622,0.0012154682,1.0,440
ENSG00000147576,0.0073219016,-0.005321503,1.0,441
ENSG00000087299,0.0073115067,0.0040370426,1.0,442
ENSG00000139168,0.007311217,-0.0050527537,1.0,443
ENSG00000127580,0.007307494,-0.0068560615,1.0,444
ENSG00000185651,0.0073062466,-0.0069283545,1.0,445
ENSG00000115840,0.007299697,0.0065495153,1.0,446
ENSG00000157551,0.007293274,-0.0019775552,1.0,447
ENSG00000031003,0.0072776745,-0.007181294,1.0,448
ENSG00000115942,0.007270592,-0.0064807497,1.0,449
ENSG00000124226,0.007268723,0.002876252,1.0,450
ENSG00000146530,0.007252322,0.005033635,1.0,451
ENSG00000135318,0.007248897,0.0008789141,1.0,452
ENSG00000183530,0.007244243,0.007163541,1.0,453
ENSG00000168594,0.0072439774,0.0056439005,1.0,454
ENSG00000161642,0.007241681,-0.007042064,1.0,455
ENSG00000064309,0.0072366283,-0.0046746167,1.0,456
ENSG00000087245,0.007229818,-0.0035871007,1.0,457
ENSG00000143125,0.0072291214,-0.0011372709,1.0,458
ENSG00000179165,0.007221621,0.0030897341,1.0,459
ENSG00000137267,0.0072166906,0.002337876,1.0,460
ENSG00000186297,0.007212712,-0.00039830338,0.33333334,461
ENSG00000145868,0.0072013624,-0.006963391,1.0,462
ENSG00000159961,0.007200709,-0.0054622167,1.0,463
ENSG00000124203,0.0071908706,0.0061250054,1.0,464
ENSG00000128272,0.0071891304,-0.0055562886,1.0,465
ENSG00000110711,0.0071841907,0.0070356578,1.0,466
ENSG00000120694,0.0071652583,-0.004149607,1.0,467
ENSG00000151062,0.00716212,-0.0031339417,1.0,468
ENSG00000103710,0.0071608215,0.0037761095,1.0,469
ENSG00000160883,0.0071578273,0.0048707183,1.0,470
ENSG00000160446,0.007147959,-0.0071347114,1.0,471
ENSG00000120328,0.007143231,0.0036106221,1.0,472
ENSG00000165474,0.0071423617,-0.002402519,1.0,473
ENSG00000189090,0.007117832,0.0044143847,1.0,474
ENSG00000110395,0.007111357,0.006943509,1.0,475
ENSG00000119574,0.0070925006,0.007069852,1.0,476
ENSG00000064195,0.007091483,0.004277053,1.0,477
ENSG00000007312,0.0070896395,-9.4882e-05,0.33333334,478
ENSG00000188778,0.0070885066,-0.00065715937,1.0,479
ENSG00000121897,0.007077291,-0.005448813,1.0,480
ENSG00000104953,0.00703983,-0.0027144058,1.0,481
ENSG00000141522,0.007034834,0.007009918,1.0,482
ENSG00000065183,0.00700968,-0.005816201,1.0,483
ENSG00000151176,0.007007698,-0.0062071695,1.0,484
ENSG00000179938,0.006997813,-0.004001518,1.0,485
ENSG00000089775,0.006994264,-0.006717177,1.0,486
ENSG00000136478,0.0069934097,-0.0058924295,1.0,487
ENSG00000114541,0.0069827116,0.0054636854,1.0,488
ENSG00000196639,0.006973503,-0.00047369234,1.0,489
ENSG00000119042,0.0069537126,0.00071966293,1.0,490
ENSG00000100280,0.0069470755,0.0049616243,1.0,491
ENSG00000121940,0.0069389227,0.0068005617,1.0,492
ENSG00000129422,0.0069262846,0.0027934571,1.0,493
ENSG00000196118,0.006913962,0.001248029,1.0,494
ENSG00000140993,0.0069101453,-0.006503124,1.0,495
ENSG00000164008,0.006904647,-0.0067473203,1.0,496
ENSG00000113758,0.0068963952,-0.0059947595,1.0,497
ENSG00000175877,0.006892128,0.0045987256,1.0,498
ENSG00000154229,0.0068880543,0.0034291549,1.0,499
ENSG00000164597,0.0068849777,0.006668743,1.0,500
ENSG00000106327,0.006879496,0.0029134427,1.0,501
ENSG00000154330,0.0068792044,0.0010116688,1.0,502
ENSG00000179855,0.006878952,0.0060223094,1.0,503
ENSG00000168056,0.006868946,-0.0066727377,1.0,504
ENSG00000165671,0.006865099,0.006747084,1.0,505
ENSG00000186198,0.006849963,0.0013164947,1.0,506
ENSG00000165409,0.006848536,0.0016610972,1.0,507
ENSG00000142515,0.0068427795,0.0029415812,1.0,508
ENSG00000004809,0.006839246,-0.0022214625,1.0,509
ENSG00000106366,0.0068285745,-2.7302603e-05,0.33333334,510
ENSG00000137726,0.0068246424,0.0035130605,1.0,511
ENSG00000102805,0.0068245768,0.0066969316,1.0,512
ENSG00000105131,0.0068220743,0.0049497965,1.0,513
ENSG00000135083,0.006820234,-0.0020781448,1.0,514
ENSG00000114742,0.006818991,-0.0060820184,1.0,515
ENSG00000149328,0.006803883,0.0045275474,1.0,516
ENSG00000066117,0.006801249,-0.0056477804,1.0,517
ENSG00000106128,0.0068006017,-0.000185492,0.33333334,518
ENSG00000115956,0.006796867,0.005140955,1.0,519
ENSG00000167037,0.0067912913,-0.00053218467,1.0,520
ENSG00000138152,0.0067903264,-0.00138545,1.0,521
ENSG00000140853,0.006790124,0.0046531386,1.0,522
ENSG00000162645,0.006789654,0.0024982328,1.0,523
ENSG00000134809,0.00678548,-0.0065587074,1.0,524
ENSG00000100583,0.0067786835,-0.0055171843,1.0,525
ENSG00000168916,0.0067753904,-0.004857518,1.0,526
ENSG00000114993,0.0067679696,-0.0054451465,1.0,527
ENSG00000139287,0.0067672417,-0.0046011913,1.0,528
ENSG00000066651,0.006765883,-0.0066906125,1.0,529
ENSG00000196743,0.0067621213,0.0018192861,1.0,530
ENSG00000149262,0.0067619947,-0.006242916,1.0,531
ENSG00000164326,0.0067553357,0.0015304717,1.0,532
ENSG00000028116,0.0067452746,0.005990166,1.0,533
ENSG00000185105,0.0067387917,-0.0028038442,1.0,534
ENSG00000181019,0.0067385905,-0.0027575307,1.0,535
ENSG00000143194,0.0067350157,-0.0008848584,1.0,536
ENSG00000105374,0.006734282,-0.002686289,1.0,537
ENSG00000176381,0.006732909,-0.0021485284,1.0,538
ENSG00000120896,0.006719642,-0.0066509373,1.0,539
ENSG00000160211,0.006703574,0.006084917,1.0,540
ENSG00000022840,0.006694101,-0.0065032057,1.0,541
ENSG00000119862,0.0066877543,0.0015329683,1.0,542
ENSG00000107036,0.0066841524,0.0066259573,1.0,543
ENSG00000103044,0.006664224,-0.00075504114,1.0,544
ENSG00000116138,0.0066636805,0.0061997906,1.0,545
ENSG00000186399,0.0066633523,-0.0065233596,1.0,546
ENSG00000115756,0.0066587944,0.005939187,1.0,547
ENSG00000142623,0.0066577704,-0.0013765862,1.0,548
ENSG00000091409,0.006654439,0.0033850798,1.0,549
ENSG00000124635,0.006643899,0.006252901,1.0,550
ENSG00000102243,0.006635558,0.0028476405,1.0,551
ENSG00000174799,0.0066254027,-0.006321616,1.0,552
ENSG00000160392,0.0066159726,-0.0062014875,1.0,553
ENSG00000122121,0.006610455,-0.0016780043,1.0,554
ENSG00000152894,0.0066015585,0.0015220684,1.0,555
ENSG00000068796,0.0065984353,-0.0058283266,1.0,556
ENSG00000137806,0.006597525,0.004960858,1.0,557
ENSG00000178789,0.0065920316,-0.004775387,1.0,558
ENSG00000120910,0.0065909997,0.0061247298,1.0,559
ENSG00000121904,0.006571006,-0.003633423,1.0,560
ENSG00000169306,0.006569706,-0.005257107,1.0,561
ENSG00000176884,0.006564588,-0.002426673,1.0,562
ENSG00000043591,0.006562084,0.0011220711,1.0,563
ENSG00000159733,0.0065604835,4.162388e-05,0.33333334,564
ENSG00000020922,0.0065548704,-0.006300062,1.0,565
ENSG00000176170,0.0065462403,0.0013312349,1.0,566
ENSG00000162600,0.006539777,-0.0062699784,1.0,567
ENSG00000183908,0.0065355035,0.00017152245,0.33333334,568
ENSG00000189306,0.0065341988,-0.004246404,1.0,569
ENSG00000126091,0.006533804,-0.0064936164,1.0,570
ENSG00000163817,0.006530112,-0.0004226605,1.0,571
ENSG00000165138,0.0065233256,-0.0009498081,1.0,572
ENSG00000158445,0.006522493,-0.0014192037,1.0,573
ENSG00000151276,0.006518042,0.0015117135,1.0,574
ENSG00000183484,0.006514286,-0.0038435291,1.0,575
ENSG00000158481,0.0065044253,-0.0014357213,1.0,576
ENSG00000154478,0.0065008514,-0.0034922203,1.0,577
ENSG00000146263,0.006500619,0.0064278548,1.0,578
ENSG00000129197,0.0064982474,0.00564719,1.0,579
ENSG00000166928,0.006496834,-0.005419918,1.0,580
ENSG00000167286,0.0064956043,-0.00045783646,1.0,581
ENSG00000196233,0.0064748363,0.0064091184,1.0,582
ENSG00000145996,0.00646,-0.005639808,1.0,583
ENSG00000167925,0.006455613,0.006303308,1.0,584
ENSG00000185246,0.006450252,0.005977729,1.0,585
ENSG00000165682,0.006442985,-0.005634749,1.0,586
ENSG00000163743,0.0064390954,0.0041036014,1.0,587
ENSG00000163645,0.006437997,0.005923441,1.0,588
ENSG00000137825,0.0064324476,0.0031937584,1.0,589
ENSG00000120563,0.006426344,-0.0011565966,1.0,590
ENSG00000164362,0.006416053,-0.0011425988,1.0,591
ENSG00000165949,0.0064153913,-0.0041860268,1.0,592
ENSG00000136938,0.006399412,0.005854482,1.0,593
ENSG00000101940,0.006396663,0.006056666,1.0,594
ENSG00000110721,0.0063913986,-0.004974874,1.0,595
ENSG00000134775,0.0063814186,0.0035461436,1.0,596
ENSG00000165802,0.0063720937,-0.0056231623,1.0,597
ENSG00000167766,0.006370258,-0.0057154256,1.0,598
ENSG00000144648,0.006370023,0.0011355577,1.0,599
ENSG00000149480,0.006350701,-0.0022279865,1.0,600
ENSG00000143507,0.0063492185,-0.0049678185,1.0,601
ENSG00000113211,0.0063410383,-0.000972566,1.0,602
ENSG00000124343,0.0063389745,-0.0018060468,1.0,603
ENSG00000105204,0.0063365772,-0.0062459386,1.0,604
ENSG00000105357,0.006335583,0.005133694,1.0,605
ENSG00000136717,0.0063332715,0.0053623742,1.0,606
ENSG00000108389,0.006331384,0.0060282466,1.0,607
ENSG00000157483,0.006330636,0.0032237135,1.0,608
ENSG00000174238,0.006329685,0.0051306314,1.0,609
ENSG00000005981,0.006314084,0.0016561948,1.0,610
ENSG00000005379,0.0063120727,0.002966685,1.0,611
ENSG00000147421,0.006309819,0.0062760096,1.0,612
ENSG00000108064,0.006296717,-0.0028193789,1.0,613
ENSG00000182968,0.0062961,-0.0009093157,1.0,614
ENSG00000164406,0.006294844,-0.0054969774,1.0,615
ENSG00000178804,0.0062876246,-0.0012829654,1.0,616
ENSG00000111432,0.006275289,-0.0030830558,1.0,617
ENSG00000112701,0.0062713767,-0.0059135077,1.0,618
ENSG00000121851,0.006270929,-0.0050923466,1.0,619
ENSG00000188419,0.0062672845,-0.005780201,1.0,620
ENSG00000174946,0.0062659304,-0.0053359605,1.0,621
ENSG00000109771,0.0062651313,0.005579164,1.0,622
ENSG00000168803,0.006262778,-0.004752064,1.0,623
ENSG00000159164,0.0062604677,0.0014308807,1.0,624
ENSG00000167964,0.006259542,0.00335108,1.0,625
ENSG00000171853,0.0062522315,-0.0036035308,1.0,626
ENSG00000106868,0.0062501915,-0.005285057,1.0,627
ENSG00000167618,0.006249973,0.00017911952,0.33333334,628
ENSG00000117477,0.0062319674,-0.004874431,1.0,629
ENSG00000158290,0.0062146992,-0.004374805,1.0,630
ENSG00000169105,0.0062138797,0.006105592,1.0,631
ENSG00000172458,0.006211573,0.0025822613,1.0,632
ENSG00000160991,0.006209595,0.0027633302,1.0,633
ENSG00000148290,0.006208644,-0.0061294474,1.0,634
ENSG00000125831,0.0062052296,-0.0011548605,1.0,635
ENSG00000116096,0.0061961957,-0.005492412,1.0,636
ENSG00000111300,0.006194431,0.006059449,1.0,637
ENSG00000169903,0.0061871726,0.0015669003,1.0,638
ENSG00000163736,0.0061852955,0.0029629339,1.0,639
ENSG00000151729,0.0061823693,-0.0034959654,1.0,640
ENSG00000107014,0.0061669922,0.003229007,1.0,641
ENSG00000141682,0.00616519,-0.00069752196,1.0,642
ENSG00000188234,0.006161085,-0.0061053657,1.0,643
ENSG00000163534,0.006159927,0.004878583,1.0,644
ENSG00000171224,0.0061539784,-0.005893614,1.0,645
ENSG00000196912,0.0061478247,0.003831188,1.0,646
ENSG00000166359,0.0061436743,0.0058090216,1.0,647
ENSG00000168234,0.0061408808,-0.0049832924,1.0,648
ENSG00000167705,0.0061350022,-0.0038350027,1.0,649
ENSG00000125657,0.0061345124,-0.0032537433,1.0,650
ENSG00000157613,0.006128425,-0.005562268,1.0,651
ENSG00000103202,0.006126892,0.0060386993,1.0,652
ENSG00000012504,0.006119436,0.002164692,1.0,653
ENSG00000175065,0.0061179684,-0.0021309135,1.0,654
ENSG00000111644,0.0061169267,0.0014495151,1.0,655
ENSG00000150995,0.006114518,-0.006063255,1.0,656
ENSG00000164035,0.006112812,0.0013591809,1.0,657
ENSG00000165905,0.006107958,-0.0049242117,1.0,658
ENSG00000168517,0.0061047096,-0.0060278513,1.0,659
ENSG00000145703,0.006101201,-0.005291991,1.0,660
ENSG00000170955,0.0060933046,-0.0030307667,1.0,661
ENSG00000077092,0.0060920487,-0.0047372556,1.0,662
ENSG00000167671,0.0060887295,-0.0059308433,1.0,663
ENSG00000183474,0.006074806,0.005995842,1.0,664
ENSG00000101198,0.0060694744,-0.0008815735,1.0,665
ENSG00000134917,0.0060651354,-0.0015221048,1.0,666
ENSG00000181396,0.00606511,-0.005834635,1.0,667
ENSG00000167633,0.0060600457,-0.0014899244,1.0,668
ENSG00000187912,0.006058536,0.001989905,1.0,669
ENSG00000167476,0.006041948,-0.0035998418,1.0,670
ENSG00000024422,0.006039323,0.006005091,1.0,671
ENSG00000169914,0.006037312,0.005567182,1.0,672
ENSG00000183723,0.006026909,0.0028020374,1.0,673
ENSG00000106211,0.0060231895,-0.005990342,1.0,674
ENSG00000139304,0.006021863,-0.005180023,1.0,675
ENSG00000109255,0.0060179722,-0.0039204373,1.0,676
ENSG00000049883,0.006013047,0.0055351485,1.0,677
ENSG00000144034,0.00601018,0.004829438,1.0,678
ENSG00000128185,0.0059896745,-0.005393258,1.0,679
ENSG00000101421,0.0059876046,0.005986282,1.0,680
ENSG00000176927,0.0059871157,-0.005759731,1.0,681
ENSG00000108846,0.005974731,-0.0015213322,1.0,682
ENSG00000181323,0.005973401,-0.0004940615,1.0,683
ENSG00000105650,0.0059719547,-0.0039323396,1.0,684
ENSG00000142949,0.0059705116,0.0043216255,1.0,685
ENSG00000174502,0.0059623593,0.00081685215,1.0,686
ENSG00000167182,0.0059611327,0.0059338096,1.0,687
ENSG00000124490,0.005942282,-0.00038964595,0.33333334,688
ENSG00000166828,0.005936594,0.000900282,1.0,689
ENSG00000117262,0.005933838,0.0028806757,0.33333334,690
ENSG00000168502,0.0059328885,-0.0023451156,1.0,691
ENSG00000148704,0.0059318063,0.0005649556,0.33333334,692
ENSG00000147724,0.005927887,-0.0019204657,1.0,693
ENSG00000147162,0.0059272996,-0.0058398116,1.0,694
ENSG00000163785,0.005923483,0.0047557005,1.0,695
ENSG00000006837,0.0059206593,0.005499653,1.0,696
ENSG00000065882,0.005914223,-0.0025947618,1.0,697
ENSG00000143520,0.0059098066,-0.005611547,1.0,698
ENSG00000148356,0.005907893,0.001854818,1.0,699
ENSG00000048052,0.0059004556,-0.005236287,1.0,700
ENSG00000127903,0.005896494,-0.00060673774,1.0,701
ENSG00000157106,0.0058918395,-0.0058273408,1.0,702
ENSG00000157954,0.005887028,0.00360992,1.0,703
ENSG00000112195,0.005886288,-0.0033948205,1.0,704
ENSG00000130561,0.005886028,-0.0028140375,1.0,705
ENSG00000125931,0.005880806,0.00049899233,0.33333334,706
ENSG00000159267,0.005879011,-0.0043105185,1.0,707
ENSG00000153446,0.0058702864,-0.0011507813,1.0,708
ENSG00000004534,0.00586905,-0.005028848,1.0,709
ENSG00000174307,0.0058662626,-0.0052190647,1.0,710
ENSG00000151623,0.005841432,0.0037595974,1.0,711
ENSG00000132510,0.005840631,-0.0052698534,1.0,712
ENSG00000077463,0.00583815,-0.0058255107,1.0,713
ENSG00000189409,0.0058332696,0.0018473081,1.0,714
ENSG00000156738,0.0058317925,0.0031573372,1.0,715
ENSG00000188897,0.005830566,0.0054956973,1.0,716
ENSG00000185972,0.0058090487,-0.0030664422,1.0,717
ENSG00000152595,0.0057964562,-0.0036373164,1.0,718
ENSG00000112339,0.0057759606,0.0054782503,1.0,719
ENSG00000166263,0.0057756766,0.0055807754,1.0,720
ENSG00000169379,0.005764117,0.0040521845,1.0,721
ENSG00000176083,0.0057618967,-0.0042455965,1.0,722
ENSG00000164733,0.005749313,-0.0027907502,1.0,723
ENSG00000184014,0.005747957,-0.005072908,1.0,724
ENSG00000067365,0.005735298,0.0051821433,1.0,725
ENSG00000160145,0.0057335827,-0.0034950331,1.0,726
ENSG00000185269,0.0057322164,0.0031577114,1.0,727
ENSG00000167601,0.0057293414,0.0008056041,1.0,728
ENSG00000158163,0.0057208627,0.0048383363,1.0,729
ENSG00000120800,0.0057191937,-0.005567761,1.0,730
ENSG00000167103,0.005717564,-0.001636285,1.0,731
ENSG00000177990,0.0057074227,0.0048471917,1.0,732
ENSG00000026297,0.005707009,-0.0007223231,1.0,733
ENSG00000152763,0.005698526,0.0038632378,1.0,734
ENSG00000164080,0.005698124,0.0055666813,1.0,735
ENSG00000171604,0.0056953705,0.0053245495,1.0,736
ENSG00000164049,0.0056860377,0.0045298557,1.0,737
ENSG00000111676,0.00568546,0.0053682528,1.0,738
ENSG00000179008,0.005683843,0.0036538243,1.0,739
ENSG00000143545,0.005683782,-0.005667364,1.0,740
ENSG00000148584,0.0056725233,0.0009080222,1.0,741
ENSG00000196730,0.005663086,-0.004462523,1.0,742
ENSG00000179133,0.00565416,-1.6631113e-05,0.33333334,743
ENSG00000163481,0.005652714,-0.0054231132,1.0,744
ENSG00000129071,0.0056509473,-0.0038933407,1.0,745
ENSG00000032742,0.005649226,-0.0045752353,1.0,746
ENSG00000039537,0.0056446693,-0.0006596387,1.0,747
ENSG00000095752,0.005640334,0.0019967519,1.0,748
ENSG00000142611,0.005634815,0.0015621696,1.0,749
ENSG00000107159,0.00562696,0.0030357435,1.0,750
ENSG00000013392,0.005625636,-0.00039234795,1.0,751
ENSG00000138111,0.0056208367,-0.0037795845,1.0,752
ENSG00000138738,0.0056190514,0.0043135528,1.0,753
ENSG00000133110,0.005618226,0.0014732108,1.0,754
ENSG00000064835,0.0056120376,0.00020511188,0.33333334,755
ENSG00000186815,0.0056078993,-0.0021691697,1.0,756
ENSG00000173137,0.005607793,-0.004324257,1.0,757
ENSG00000095370,0.0056072134,0.0030687356,1.0,758
ENSG00000127252,0.00559444,0.0013491077,1.0,759
ENSG00000157193,0.0055922656,-0.0041709323,1.0,760
ENSG00000186440,0.005591631,0.002286337,1.0,761
ENSG00000136436,0.0055901962,-0.0010134978,1.0,762
ENSG00000010244,0.0055887713,-0.005308505,1.0,763
ENSG00000148826,0.0055792336,-0.00020331742,1.0,764
ENSG00000102098,0.0055791656,0.0030184584,1.0,765
ENSG00000080709,0.0055778786,0.00010613159,0.33333334,766
ENSG00000079393,0.0055740606,-0.0017489373,1.0,767
ENSG00000180974,0.005573059,-0.00084743736,1.0,768
ENSG00000157856,0.0055716387,-0.00026958858,0.33333334,769
ENSG00000140263,0.0055696014,-0.00053882727,1.0,770
ENSG00000140937,0.005568405,-0.0021913142,1.0,771
ENSG00000182168,0.0055635795,-0.004161912,1.0,772
ENSG00000166292,0.005555497,0.00035827377,1.0,773
ENSG00000095464,0.0055547114,0.0053198203,1.0,774
ENSG00000196792,0.005552774,0.0053436286,1.0,775
ENSG00000105245,0.0055495114,0.004477871,1.0,776
ENSG00000046604,0.0055483207,0.00222541,1.0,777
ENSG00000105642,0.0055479594,-0.0028117336,1.0,778
ENSG00000196867,0.00554383,-0.0049366485,1.0,779
ENSG00000026751,0.0055343993,0.0009785938,1.0,780
ENSG00000058056,0.0055337376,-0.004276741,1.0,781
ENSG00000156925,0.0055298083,0.00090690254,1.0,782
ENSG00000086288,0.0055293837,-0.0038891241,1.0,783
ENSG00000138674,0.0055289213,-0.0031075215,1.0,784
ENSG00000161091,0.005526632,0.003186389,1.0,785
ENSG00000123342,0.0055234507,-0.0014436413,1.0,786
ENSG00000006576,0.0055172467,-0.005228058,1.0,787
ENSG00000166407,0.0055139908,0.0020768961,1.0,788
ENSG00000118473,0.0055082995,0.004386727,1.0,789
ENSG00000124935,0.0054965294,-0.0021618523,1.0,790
ENSG00000018236,0.0054961406,0.0024772093,1.0,791
ENSG00000167114,0.0054950207,0.005212933,1.0,792
ENSG00000159128,0.0054933405,-0.0031438787,1.0,793
ENSG00000161243,0.0054850676,0.003058762,1.0,794
ENSG00000126545,0.005484329,-0.0014178784,1.0,795
ENSG00000147526,0.005471324,0.0050646933,1.0,796
ENSG00000196427,0.0054701003,-0.0013236789,1.0,797
ENSG00000187391,0.005467651,-0.0037175764,1.0,798
ENSG00000137942,0.005462864,0.0017769424,1.0,799
ENSG00000137055,0.0054627955,0.003209859,1.0,800
ENSG00000161270,0.005462511,0.0002186916,1.0,801
ENSG00000137204,0.0054587387,0.0015040828,1.0,802
ENSG00000137965,0.0054581854,-0.0039163185,1.0,803
ENSG00000134597,0.005454898,-0.0026292105,1.0,804
ENSG00000171940,0.005454099,-0.0045098946,1.0,805
ENSG00000187474,0.0054533645,0.0034551232,1.0,806
ENSG00000054803,0.005451744,-0.0005198594,1.0,807
ENSG00000179922,0.005447148,0.005310463,1.0,808
ENSG00000182544,0.005445674,-0.00527614,1.0,809
ENSG00000164975,0.005445538,-0.004923537,1.0,810
ENSG00000165621,0.0054424345,-0.00014527111,0.33333334,811
ENSG00000151470,0.005440733,0.003313522,1.0,812
ENSG00000156304,0.005433794,0.0029650966,1.0,813
ENSG00000169174,0.00543184,-0.0019267723,1.0,814
ENSG00000083454,0.005426381,-0.0018171379,1.0,815
ENSG00000138134,0.005425951,0.0049597104,1.0,816
ENSG00000180264,0.005418197,0.0021999264,1.0,817
ENSG00000099917,0.005418127,0.0050177877,1.0,818
ENSG00000130332,0.0054065324,-0.00506733,1.0,819
ENSG00000125730,0.0054054945,0.001645892,1.0,820
ENSG00000170962,0.005400207,4.4925855e-05,0.33333334,821
ENSG00000145723,0.005398816,-0.0046675396,1.0,822
ENSG00000109743,0.00539449,-0.0024301987,1.0,823
ENSG00000149534,0.0053909817,-0.0026132402,1.0,824
ENSG00000180739,0.0053903596,0.0013746991,1.0,825
ENSG00000124251,0.005386663,-0.002549986,0.33333334,826
ENSG00000196275,0.005375579,-0.0031461578,1.0,827
ENSG00000177181,0.005375019,-0.0010072488,1.0,828
ENSG00000110777,0.005374934,-0.00016019058,0.33333334,829
ENSG00000153827,0.0053718,-0.005207969,1.0,830
ENSG00000184992,0.0053667277,-0.0006920935,1.0,831
ENSG00000105732,0.005366406,0.005190119,1.0,832
ENSG00000103021,0.0053637605,0.00037364708,1.0,833
ENSG00000165046,0.0053557544,0.0031543232,1.0,834
ENSG00000155876,0.0053511164,0.0051918137,1.0,835
ENSG00000179873,0.0053505413,0.00032722775,1.0,836
ENSG00000179674,0.005349279,0.00021511105,1.0,837
ENSG00000040487,0.005344892,0.004359236,1.0,838
ENSG00000183597,0.005342318,0.003731535,1.0,839
ENSG00000086967,0.0053334534,-0.0015459306,1.0,840
ENSG00000133475,0.0053308182,-0.0011587193,1.0,841
ENSG00000102034,0.0053240545,-0.003169947,1.0,842
ENSG00000163209,0.00532061,0.000101145626,0.33333334,843
ENSG00000126603,0.005313073,0.005288361,1.0,844
ENSG00000003509,0.0053117834,-0.0051368233,1.0,845
ENSG00000162300,0.0053091883,-0.004832025,1.0,846
ENSG00000124134,0.0053088614,0.00345126,1.0,847
ENSG00000010932,0.005305637,0.00097314845,1.0,848
ENSG00000186462,0.0053046397,0.0010897111,1.0,849
ENSG00000108021,0.0053019556,-0.0049774493,1.0,850
ENSG00000159640,0.0053013656,-0.004655533,1.0,851
ENSG00000168890,0.0052996017,-0.0050290013,1.0,852
ENSG00000013588,0.0052953926,-0.0015490875,1.0,853
ENSG00000133858,0.005295199,-0.004763257,1.0,854
ENSG00000144821,0.005293082,-0.0038311032,1.0,855
ENSG00000110060,0.0052895453,-0.0011817688,1.0,856
ENSG00000130021,0.005286962,-0.003605594,1.0,857
ENSG00000184005,0.005283393,0.0027704698,1.0,858
ENSG00000186665,0.0052779117,-0.0044902507,1.0,859
ENSG00000188042,0.005276306,-0.00063025707,1.0,860
ENSG00000166704,0.005264859,-0.004098052,1.0,861
ENSG00000124444,0.0052640364,-0.0041572694,1.0,862
ENSG00000176101,0.00526348,-0.005260367,1.0,863
ENSG00000076924,0.005257254,-0.005072296,1.0,864
ENSG00000111261,0.0052548833,0.0038682956,1.0,865
ENSG00000164093,0.0052501005,0.0017543999,1.0,866
ENSG00000187862,0.0052477806,0.0030342203,1.0,867
ENSG00000104880,0.0052436353,-0.0046522315,1.0,868
ENSG00000112769,0.005243582,0.0021395497,1.0,869
ENSG00000169203,0.005227654,-0.0051389015,1.0,870
ENSG00000135436,0.0052262475,0.005130822,1.0,871
ENSG00000112367,0.005225049,-0.004980559,1.0,872
ENSG00000079462,0.005223571,-0.0051289736,1.0,873
ENSG00000130348,0.0052120327,-0.0033390836,1.0,874
ENSG00000102580,0.005211159,0.0043144263,1.0,875
ENSG00000144230,0.0052049574,0.0036117982,1.0,876
ENSG00000173599,0.005204258,-0.0027170535,1.0,877
ENSG00000150672,0.0052023735,-0.004633343,1.0,878
ENSG00000108823,0.0051975697,-0.0005861251,1.0,879
ENSG00000146066,0.00519596,0.005148871,1.0,880
ENSG00000078304,0.0051929723,0.003939407,1.0,881
ENSG00000134193,0.0051915036,-0.0009133508,1.0,882
ENSG00000092758,0.00518961,0.00033840592,0.33333334,883
ENSG00000134250,0.0051834155,-0.0049772784,1.0,884
ENSG00000013306,0.0051810737,-0.005041054,1.0,885
ENSG00000169627,0.0051771887,0.004565068,1.0,886
ENSG00000167272,0.0051743765,-0.0037526628,1.0,887
ENSG00000000460,0.0051699565,-0.004949201,1.0,888
ENSG00000123179,0.005161247,-0.004919998,1.0,889
ENSG00000082516,0.005156699,-0.004042296,1.0,890
ENSG00000122741,0.0051553934,-0.004256958,1.0,891
ENSG00000152266,0.005146817,-0.00062480103,0.33333334,892
ENSG00000156140,0.0051444513,0.0031494417,1.0,893
ENSG00000145040,0.00514382,0.0016876574,1.0,894
ENSG00000135048,0.0051422273,-0.00428181,1.0,895
ENSG00000091137,0.005140688,0.0032091558,1.0,896
ENSG00000174842,0.00514053,0.0046764147,1.0,897
ENSG00000085224,0.0051355716,-0.0048882402,1.0,898
ENSG00000164040,0.005135561,0.0049462034,1.0,899
ENSG00000147234,0.005135016,-6.2016284e-06,0.33333334,900
ENSG00000092108,0.005125981,0.005057816,1.0,901
ENSG00000131732,0.0051249657,0.003958456,1.0,902
ENSG00000134490,0.005118616,0.0040456154,1.0,903
ENSG00000185477,0.0051092217,0.004621512,1.0,904
ENSG00000078725,0.0051062293,0.00059131725,1.0,905
ENSG00000174606,0.0051044985,-0.0048783408,1.0,906
ENSG00000111707,0.005101972,0.004501304,1.0,907
ENSG00000176842,0.005089711,-0.0018315959,1.0,908
ENSG00000137628,0.0050854725,-0.0046909945,1.0,909
ENSG00000170571,0.005078091,-0.0030373402,1.0,910
ENSG00000150337,0.0050754305,0.0035832368,1.0,911
ENSG00000175387,0.005073951,0.0044097756,1.0,912
ENSG00000010361,0.005073625,0.0045845094,1.0,913
ENSG00000102763,0.005069766,-0.0048492854,1.0,914
ENSG00000144802,0.0050678644,-0.004843358,1.0,915
ENSG00000071462,0.0050670137,0.0047327615,1.0,916
ENSG00000188763,0.005064091,0.002027159,1.0,917
ENSG00000078808,0.005061741,0.004988384,1.0,918
ENSG00000080224,0.0050612544,0.0030017532,1.0,919
ENSG00000184916,0.005056217,-0.004518293,1.0,920
ENSG00000140332,0.005053003,-0.003732288,1.0,921
ENSG00000184659,0.005052769,0.0007502485,0.33333334,922
ENSG00000174705,0.005043449,0.00067793933,1.0,923
ENSG00000081181,0.005039294,0.0028221337,1.0,924
ENSG00000126950,0.005038843,0.0015808943,1.0,925
ENSG00000110880,0.0050365315,0.0025290307,1.0,926
ENSG00000187097,0.0050317864,-0.0019580508,1.0,927
ENSG00000138279,0.0050309943,0.0030263618,1.0,928
ENSG00000163576,0.005028739,-0.0014738875,1.0,929
ENSG00000092931,0.005026776,-0.003434835,1.0,930
ENSG00000138166,0.005025701,-0.0010409761,1.0,931
ENSG00000123838,0.005025257,-4.569917e-05,0.33333334,932
ENSG00000109654,0.005025144,0.0016868144,1.0,933
ENSG00000112234,0.0050224965,0.0048908493,1.0,934
ENSG00000172789,0.0050207726,0.00024419907,0.33333334,935
ENSG00000070476,0.005018309,-0.004774655,1.0,936
ENSG00000060339,0.005013341,0.004394221,1.0,937
ENSG00000139180,0.005009293,0.0033386676,1.0,938
ENSG00000116774,0.0050047184,-0.0019965512,1.0,939
ENSG00000134588,0.0050025736,0.0023973028,1.0,940
ENSG00000174640,0.0050005415,-0.0035064367,1.0,941
ENSG00000161558,0.0049925265,0.0047176788,1.0,942
ENSG00000070404,0.0049897735,0.0021368929,1.0,943
ENSG00000164125,0.0049860994,-0.0027684132,1.0,944
ENSG00000181191,0.004985141,0.0007104175,1.0,945
ENSG00000081803,0.004980073,-0.0011492964,1.0,946
ENSG00000132109,0.0049778135,-0.00060867163,1.0,947
ENSG00000156860,0.004967068,0.0048209727,1.0,948
ENSG00000172927,0.004964186,-0.0011977719,1.0,949
ENSG00000164442,0.004963501,-0.002248041,1.0,950
ENSG00000162174,0.0049618487,-0.0016845753,1.0,951
ENSG00000108256,0.0049616904,-0.004838526,1.0,952
ENSG00000125498,0.004958158,-0.0031417522,1.0,953
ENSG00000164291,0.0049578776,-0.00047098252,1.0,954
ENSG00000115977,0.004956879,-0.004867658,1.0,955
ENSG00000128564,0.0049547553,0.0009931556,1.0,956
ENSG00000125482,0.004953259,-0.0035528534,1.0,957
ENSG00000141867,0.004947361,-0.0045345468,1.0,958
ENSG00000158315,0.0049416367,-9.310679e-05,0.33333334,959
ENSG00000155897,0.0049388562,0.0008439282,1.0,960
ENSG00000158786,0.004936601,-0.00012929087,0.33333334,961
ENSG00000130772,0.0049343365,-0.0027430055,1.0,962
ENSG00000109436,0.0049326555,-0.0032255668,1.0,963
ENSG00000130475,0.004927453,-0.0025985828,1.0,964
ENSG00000137656,0.0049232077,-0.00012835581,0.33333334,965
ENSG00000183615,0.0049204985,-0.0038216228,1.0,966
ENSG00000138768,0.0049194884,0.004377028,1.0,967
ENSG00000188467,0.0049154605,0.0032896858,1.0,968
ENSG00000186648,0.0049143448,0.0014923621,1.0,969
ENSG00000162999,0.0049128844,-0.0010231668,1.0,970
ENSG00000086504,0.0049105803,0.0048673595,1.0,971
ENSG00000169550,0.004908798,0.00031150295,1.0,972
ENSG00000163563,0.0049077063,0.0033475738,1.0,973
ENSG00000129951,0.0049041486,0.00061045605,1.0,974
ENSG00000104432,0.0048998897,0.0039755846,1.0,975
ENSG00000196367,0.00489984,-0.004591619,1.0,976
ENSG00000124766,0.0048876326,-0.003113334,1.0,977
ENSG00000188219,0.004880002,0.0036579855,1.0,978
ENSG00000180432,0.004879942,-0.0005366767,1.0,979
ENSG00000148334,0.0048698606,-0.0045059086,1.0,980
ENSG00000178307,0.0048685917,0.004236609,1.0,981
ENSG00000047579,0.00486714,-0.0037824058,1.0,982
ENSG00000182111,0.0048626065,-0.0018164784,1.0,983
ENSG00000079950,0.0048572924,-0.004432704,1.0,984
ENSG00000177675,0.0048566745,-0.0038299114,1.0,985
ENSG00000172150,0.004853172,-0.0011238105,1.0,986
ENSG00000130204,0.0048503415,-0.004431291,1.0,987
ENSG00000102349,0.0048500565,-0.0033552076,1.0,988
ENSG00000185864,0.004847363,-0.004116121,1.0,989
ENSG00000105509,0.004843218,-0.00036391453,1.0,990
ENSG00000107105,0.004842809,0.0006561977,1.0,991
ENSG00000047230,0.004841197,-0.0032230082,1.0,992
ENSG00000129455,0.0048402087,0.0010789002,1.0,993
ENSG00000132938,0.0048351404,0.0033734485,1.0,994
ENSG00000185894,0.004831877,0.003645842,1.0,995
ENSG00000116649,0.00482338,0.004752897,1.0,996
ENSG00000182185,0.0048187077,0.003973632,1.0,997
ENSG00000102547,0.004816409,-0.0011081904,1.0,998
ENSG00000149292,0.0048163547,0.0032915587,1.0,999
ENSG00000144848,0.004815941,0.00030636825,1.0,1000
ENSG00000137193,0.004812946,0.0011485683,1.0,1001
ENSG00000117543,0.004803998,-0.00022676209,1.0,1002
ENSG00000156486,0.004792748,-0.0034246377,1.0,1003
ENSG00000100433,0.004791622,-0.0004901484,1.0,1004
ENSG00000154124,0.0047879615,0.0025047997,1.0,1005
ENSG00000158526,0.0047835032,0.0046125012,1.0,1006
ENSG00000088448,0.0047753095,0.0044053798,1.0,1007
ENSG00000154079,0.0047740503,-0.0018769269,1.0,1008
ENSG00000100479,0.0047651655,0.0037163978,1.0,1009
ENSG00000173212,0.004763412,-0.0032182478,1.0,1010
ENSG00000123739,0.0047568623,-0.00052053836,1.0,1011
ENSG00000082482,0.00475602,0.0013038139,1.0,1012
ENSG00000163406,0.0047523915,-0.003926069,1.0,1013
ENSG00000189042,0.0047483887,-0.003961485,1.0,1014
ENSG00000185633,0.0047457837,-0.0036750417,1.0,1015
ENSG00000101558,0.004737633,-0.0010590487,1.0,1016
ENSG00000174485,0.004734678,-0.0046441723,1.0,1017
ENSG00000135250,0.004734211,0.0043857186,1.0,1018
ENSG00000148483,0.0047306973,-0.003438628,1.0,1019
ENSG00000082701,0.0047227466,0.004497224,1.0,1020
ENSG00000130876,0.0047188546,-0.0020743313,1.0,1021
ENSG00000188641,0.0047180275,0.0041938345,1.0,1022
ENSG00000177839,0.004713532,6.266805e-05,0.33333334,1023
ENSG00000138942,0.0047075474,-0.0015858792,1.0,1024
ENSG00000164054,0.0047059017,-0.0046679243,1.0,1025
ENSG00000170448,0.004705232,0.0044967905,1.0,1026
ENSG00000162009,0.004705041,-0.0020715652,1.0,1027
ENSG00000135898,0.0046997555,-0.0022358454,1.0,1028
ENSG00000137842,0.004698469,0.0033579774,1.0,1029
ENSG00000119777,0.0046978467,0.0046829614,1.0,1030
ENSG00000005007,0.004696815,0.0043338058,1.0,1031
ENSG00000152192,0.0046936455,0.00021384959,0.33333334,1032
ENSG00000104093,0.004685205,-0.004653126,1.0,1033
ENSG00000172575,0.0046846964,-0.004568966,1.0,1034
ENSG00000115107,0.004684668,0.0019500572,1.0,1035
ENSG00000025156,0.0046844645,0.003393506,1.0,1036
ENSG00000175591,0.0046833265,0.0009962656,1.0,1037
ENSG00000128322,0.0046705124,5.5877987e-05,0.33333334,1038
ENSG00000196358,0.004665387,-0.00021376183,1.0,1039
ENSG00000115523,0.004662805,-0.0013725273,1.0,1040
ENSG00000112079,0.0046611163,-0.0030173433,1.0,1041
ENSG00000170545,0.0046603926,-0.0034896669,1.0,1042
ENSG00000155087,0.004659589,-0.0007609052,1.0,1043
ENSG00000166526,0.00465781,-0.0034770109,1.0,1044
ENSG00000166448,0.0046563647,-0.0016817237,1.0,1045
ENSG00000163378,0.0046520536,0.004154174,1.0,1046
ENSG00000130962,0.0046507623,-0.0011284525,1.0,1047
ENSG00000184571,0.0046497695,0.00092139444,1.0,1048
ENSG00000105810,0.004649689,-0.0041994248,1.0,1049
ENSG00000103507,0.004647719,0.0040957187,1.0,1050
ENSG00000126709,0.0046477094,0.0033599355,1.0,1051
ENSG00000010704,0.0046426756,-3.453638e-05,0.33333334,1052
ENSG00000119686,0.0046378556,0.0028618958,1.0,1053
ENSG00000181007,0.004635248,-0.0038386965,1.0,1054
ENSG00000054654,0.0046346565,0.00024719734,0.33333334,1055
ENSG00000173917,0.0046323407,0.0027143657,1.0,1056
ENSG00000124302,0.004629793,0.0017101088,1.0,1057
ENSG00000138311,0.0046279943,0.0019082859,1.0,1058
ENSG00000125304,0.0046257307,0.0016908837,1.0,1059
ENSG00000144485,0.0046213833,-0.0029698021,1.0,1060
ENSG00000122592,0.004619869,-0.0017225957,1.0,1061
ENSG00000047365,0.004617331,-0.0044624414,1.0,1062
ENSG00000163093,0.0046170386,-0.0016838135,1.0,1063
ENSG00000104983,0.0046154954,0.004368412,1.0,1064
ENSG00000172667,0.004615326,0.0037524889,1.0,1065
ENSG00000015676,0.004608665,-0.00039231652,1.0,1066
ENSG00000175143,0.004601968,0.0016919618,1.0,1067
ENSG00000172159,0.004599497,-0.0031963869,1.0,1068
ENSG00000104043,0.0045994488,-0.004534988,1.0,1069
ENSG00000076650,0.0045890505,-0.0021496739,1.0,1070
ENSG00000092295,0.004587876,-0.0005123617,1.0,1071
ENSG00000124107,0.0045862864,-0.0017521257,1.0,1072
ENSG00000134317,0.0045845,0.0025182976,1.0,1073
ENSG00000065618,0.004584066,-0.0021095818,1.0,1074
ENSG00000064655,0.00457932,-0.00155431,1.0,1075
ENSG00000178449,0.0045775375,-0.0043831025,1.0,1076
ENSG00000161048,0.0045775175,0.003705547,1.0,1077
ENSG00000164816,0.00457702,0.0015870425,1.0,1078
ENSG00000144061,0.0045763627,0.0026821159,1.0,1079
ENSG00000133138,0.0045707556,-0.0026070264,1.0,1080
ENSG00000108309,0.004570209,0.0014437366,1.0,1081
ENSG00000125691,0.0045662276,-0.0036214385,1.0,1082
ENSG00000196323,0.0045643835,0.004113451,1.0,1083
ENSG00000136929,0.0045622396,-0.0024699066,1.0,1084
ENSG00000104833,0.004559904,-0.0019538922,1.0,1085
ENSG00000146197,0.004559317,0.0043927706,1.0,1086
ENSG00000125888,0.0045590955,0.00059732323,1.0,1087
ENSG00000072071,0.004558802,0.0032705527,1.0,1088
ENSG00000188691,0.004552784,-0.0031044725,1.0,1089
ENSG00000124151,0.004552393,-0.0040803347,1.0,1090
ENSG00000166589,0.004542629,-0.0014515597,1.0,1091
ENSG00000170264,0.004535699,-0.0020629393,1.0,1092
ENSG00000187186,0.0045315623,0.0020456242,1.0,1093
ENSG00000085788,0.0045274515,0.00410456,1.0,1094
ENSG00000137501,0.004519683,-0.003123697,1.0,1095
ENSG00000117650,0.004519057,-0.0016459585,1.0,1096
ENSG00000023330,0.0045143142,-0.00268849,1.0,1097
ENSG00000158816,0.0045133657,-0.00015844073,1.0,1098
ENSG00000141219,0.0045116185,-0.0030567728,1.0,1099
ENSG00000126768,0.004508551,0.004330777,1.0,1100
ENSG00000015520,0.004508314,0.0020515185,1.0,1101
ENSG00000101079,0.004506796,0.0038050816,1.0,1102
ENSG00000152642,0.004496461,0.0012599676,1.0,1103
ENSG00000117697,0.004493844,0.003601839,1.0,1104
ENSG00000180772,0.0044909157,0.0009881131,1.0,1105
ENSG00000134160,0.004490067,0.0026355165,1.0,1106
ENSG00000136240,0.0044859448,-0.0042600706,1.0,1107
ENSG00000188162,0.004484787,0.00020303541,1.0,1108
ENSG00000100650,0.00448267,0.0038707878,1.0,1109
ENSG00000116039,0.004476569,-0.002425207,1.0,1110
ENSG00000047634,0.0044740695,0.0021421385,1.0,1111
ENSG00000114735,0.004464937,0.0040693157,1.0,1112
ENSG00000143379,0.0044634077,-0.004067114,1.0,1113
ENSG00000060642,0.0044626067,3.928911e-05,0.33333334,1114
ENSG00000101098,0.004462482,0.00019166984,1.0,1115
ENSG00000171346,0.0044581937,0.00053858466,0.33333334,1116
ENSG00000187944,0.0044561345,0.0007430852,1.0,1117
ENSG00000172938,0.004455442,0.003135832,1.0,1118
ENSG00000187682,0.0044542174,0.002259193,1.0,1119
ENSG00000143333,0.004450591,-0.00031503264,0.33333334,1120
ENSG00000100934,0.004447282,0.0040504155,1.0,1121
ENSG00000169564,0.0044439565,0.004282635,1.0,1122
ENSG00000170315,0.0044420236,-0.0031564946,1.0,1123
ENSG00000170043,0.004441531,-0.004355241,1.0,1124
ENSG00000110944,0.0044409134,0.0008239655,1.0,1125
ENSG00000165325,0.0044380645,-0.0037323858,1.0,1126
ENSG00000154764,0.0044360706,0.0015525942,1.0,1127
ENSG00000131100,0.004425188,-0.0032699462,1.0,1128
ENSG00000109929,0.004421725,0.0001357273,1.0,1129
ENSG00000122180,0.0044196765,-0.0026539618,1.0,1130
ENSG00000089041,0.0044161268,0.0037777422,1.0,1131
ENSG00000181896,0.004408537,-0.0041889097,1.0,1132
ENSG00000132792,0.004407634,0.0024477832,1.0,1133
ENSG00000123384,0.0044054207,0.0013905504,1.0,1134
ENSG00000154027,0.00440367,-0.0029250225,1.0,1135
ENSG00000180332,0.0044006747,0.003624985,0.33333334,1136
ENSG00000090263,0.0043999716,-0.0034712988,1.0,1137
ENSG00000138814,0.00439727,0.0022751817,1.0,1138
ENSG00000120727,0.004397087,0.0032867445,1.0,1139
ENSG00000142655,0.004395544,-0.0036040656,1.0,1140
ENSG00000171368,0.004389525,9.000322e-05,0.33333334,1141
ENSG00000157693,0.0043893806,0.0008516196,1.0,1142
ENSG00000122882,0.0043840017,-0.0024185206,1.0,1143
ENSG00000167080,0.004383194,0.0002956418,1.0,1144
ENSG00000184384,0.0043793838,-0.003566293,1.0,1145
ENSG00000119737,0.0043790643,-0.004265315,1.0,1146
ENSG00000050730,0.0043765614,-0.0024060162,1.0,1147
ENSG00000112293,0.0043726084,0.0036842031,1.0,1148
ENSG00000112137,0.0043716314,0.004306875,1.0,1149
ENSG00000173391,0.0043704114,0.0021598123,1.0,1150
ENSG00000158050,0.0043693334,-0.0005381187,1.0,1151
ENSG00000171291,0.004368491,-0.004164196,1.0,1152
ENSG00000166128,0.004366374,-0.0040110038,1.0,1153
ENSG00000035720,0.004360294,0.0030523818,1.0,1154
ENSG00000160408,0.0043600667,-0.004147635,1.0,1155
ENSG00000175084,0.004354538,-0.0008016158,1.0,1156
ENSG00000116852,0.004353695,-0.0023203408,1.0,1157
ENSG00000164506,0.0043531815,-0.0042506494,1.0,1158
ENSG00000160224,0.0043513584,0.002931568,1.0,1159
ENSG00000090487,0.0043498003,-0.0039343666,1.0,1160
ENSG00000136197,0.00434833,0.00032917017,0.33333334,1161
ENSG00000013275,0.0043474757,0.0034741191,1.0,1162
ENSG00000166508,0.0043408703,0.0015160906,1.0,1163
ENSG00000120662,0.004340291,-0.003956912,1.0,1164
ENSG00000186111,0.0043301247,0.0031820284,1.0,1165
ENSG00000171056,0.004328606,0.003791881,1.0,1166
ENSG00000184545,0.0043280027,-0.0041042543,1.0,1167
ENSG00000004455,0.004325326,-0.0023396432,1.0,1168
ENSG00000119471,0.004321771,-0.0010601208,1.0,1169
ENSG00000164074,0.004317365,0.004148459,1.0,1170
ENSG00000188573,0.0043132864,0.001106762,1.0,1171
ENSG00000164120,0.0043126135,0.00044038834,1.0,1172
ENSG00000156171,0.0043103434,0.00013433878,0.33333334,1173
ENSG00000163961,0.0043034004,-0.004159168,1.0,1174
ENSG00000086570,0.0043029627,0.0037249904,1.0,1175
ENSG00000109689,0.004299951,0.0032536192,1.0,1176
ENSG00000160951,0.0042966115,0.0032485311,1.0,1177
ENSG00000166428,0.004295142,0.00088229746,1.0,1178
ENSG00000083290,0.004288186,-0.0031352565,1.0,1179
ENSG00000170929,0.0042881365,0.00096477644,1.0,1180
ENSG00000169855,0.004288062,-0.0026966706,1.0,1181
ENSG00000165113,0.004282884,0.0010509415,1.0,1182
ENSG00000071564,0.004282271,-0.0041232132,1.0,1183
ENSG00000085721,0.0042819423,-0.0026667535,1.0,1184
ENSG00000118096,0.0042809458,-0.0015113807,1.0,1185
ENSG00000125812,0.0042795306,-0.0038676886,1.0,1186
ENSG00000146463,0.004278744,-0.004067836,1.0,1187
ENSG00000139116,0.004273027,-0.0022798658,1.0,1188
ENSG00000146352,0.004268835,-0.00084700854,1.0,1189
ENSG00000087157,0.004268149,-0.0037848868,1.0,1190
ENSG00000184220,0.0042634206,-0.0010859688,1.0,1191
ENSG00000119888,0.0042632115,-0.0026245762,1.0,1192
ENSG00000184611,0.004260264,0.00399065,1.0,1193
ENSG00000124003,0.0042587975,0.002907865,1.0,1194
ENSG00000105672,0.0042581386,-0.0037021032,1.0,1195
ENSG00000016490,0.0042523113,-0.00064725714,1.0,1196
ENSG00000166454,0.004251379,0.0028888744,1.0,1197
ENSG00000177932,0.0042504235,-0.0039557866,1.0,1198
ENSG00000106080,0.004249096,0.0013876134,1.0,1199
ENSG00000104812,0.004248829,-0.0039713793,1.0,1200
ENSG00000100151,0.0042460277,-0.0024036427,1.0,1201
ENSG00000066230,0.0042445557,-0.0006490174,1.0,1202
ENSG00000140961,0.004233975,-0.0019248371,1.0,1203
ENSG00000155760,0.004233459,0.0020878713,1.0,1204
ENSG00000143811,0.0042331517,-0.0039795083,1.0,1205
ENSG00000135842,0.0042307577,0.0035692127,1.0,1206
ENSG00000176302,0.0042296043,0.0013643615,1.0,1207
ENSG00000140455,0.0042278995,0.004169171,1.0,1208
ENSG00000181104,0.0042273584,-8.2885694e-05,0.33333334,1209
ENSG00000106803,0.0042249723,-0.003915712,1.0,1210
ENSG00000146047,0.0042234478,0.0023126004,1.0,1211
ENSG00000187833,0.004217694,-0.00026518764,0.33333334,1212
ENSG00000170074,0.004216797,-0.0021485176,1.0,1213
ENSG00000171552,0.004215727,0.004090527,1.0,1214
ENSG00000156261,0.0042150416,0.0030711556,1.0,1215
ENSG00000169258,0.004212758,-0.0011649184,1.0,1216
ENSG00000196262,0.0042101834,-0.0005350379,1.0,1217
ENSG00000164270,0.0042099007,-0.0031874457,1.0,1218
ENSG00000185513,0.004209733,-0.0037423403,1.0,1219
ENSG00000188488,0.0042095953,-0.0009484089,1.0,1220
ENSG00000144283,0.004207562,-0.002177203,1.0,1221
ENSG00000166090,0.0042063394,0.000705448,1.0,1222
ENSG00000113657,0.0042057424,-0.00017835683,0.33333334,1223
ENSG00000119655,0.004197883,0.0028362097,1.0,1224
ENSG00000185900,0.004197281,0.0040569063,1.0,1225
ENSG00000011590,0.0041932194,0.0039068414,1.0,1226
ENSG00000170684,0.0041925777,-0.0041311295,1.0,1227
ENSG00000101166,0.0041919947,-0.0016125184,1.0,1228
ENSG00000182271,0.004188989,-0.0010786954,1.0,1229
ENSG00000196569,0.0041875546,-0.0032870583,1.0,1230
ENSG00000163704,0.0041809087,0.0015024148,1.0,1231
ENSG00000040731,0.0041806917,-0.000229335,1.0,1232
ENSG00000018610,0.0041778428,0.0015446503,1.0,1233
ENSG00000176390,0.004177828,0.0039776117,1.0,1234
ENSG00000172273,0.0041766847,0.00074390625,1.0,1235
ENSG00000196924,0.0041745375,0.0015881046,1.0,1236
ENSG00000185306,0.0041727438,-0.00056490087,0.33333334,1237
ENSG00000163362,0.00417103,-0.0015900793,1.0,1238
ENSG00000109158,0.0041664857,-0.0011199573,1.0,1239
ENSG00000118965,0.0041618487,-0.0036970705,1.0,1240
ENSG00000109193,0.0041565606,0.0010574425,1.0,1241
ENSG00000075618,0.0041548084,0.0029359695,1.0,1242
ENSG00000175768,0.0041492847,0.0040312037,1.0,1243
ENSG00000111799,0.0041464674,0.002526521,1.0,1244
ENSG00000145934,0.0041459077,-0.0018174701,1.0,1245
ENSG00000116183,0.0041456665,0.002330202,1.0,1246
ENSG00000164761,0.0041450574,0.0010951109,1.0,1247
ENSG00000108622,0.004143231,0.0010102027,1.0,1248
ENSG00000184160,0.0041431147,0.0023287174,1.0,1249
ENSG00000078018,0.0041426285,-0.000854306,1.0,1250
ENSG00000131467,0.0041406504,0.003925882,1.0,1251
ENSG00000186767,0.0041399435,-0.00027048646,1.0,1252
ENSG00000173786,0.0041379873,-0.001910179,1.0,1253
ENSG00000147316,0.0041342187,-0.0038597072,1.0,1254
ENSG00000080845,0.0041330797,-0.0032285117,1.0,1255
ENSG00000136450,0.004131256,-0.0030091305,1.0,1256
ENSG00000188784,0.0041287555,0.0005874603,1.0,1257
ENSG00000175970,0.004122688,0.00043564846,1.0,1258
ENSG00000196954,0.0041197706,-0.0025083108,1.0,1259
ENSG00000113600,0.004119048,-0.00012978543,0.33333334,1260
ENSG00000086189,0.004118867,-0.0033065751,1.0,1261
ENSG00000112624,0.004109666,0.0036127213,1.0,1262
ENSG00000184194,0.004106019,0.00046843602,1.0,1263
ENSG00000125255,0.0041032946,0.0010091072,1.0,1264
ENSG00000104938,0.0041007698,0.001842189,1.0,1265
ENSG00000100911,0.0041001677,-0.0031687636,1.0,1266
ENSG00000106009,0.004095993,0.0034559641,1.0,1267
ENSG00000102287,0.0040954635,0.00033675923,0.33333334,1268
ENSG00000120149,0.0040933625,-0.0013902305,1.0,1269
ENSG00000105755,0.004091462,-0.0037228402,1.0,1270
ENSG00000008394,0.0040901783,-0.0033323634,1.0,1271
ENSG00000154269,0.0040874635,0.0004288937,1.0,1272
ENSG00000101347,0.0040869587,-0.002404984,1.0,1273
ENSG00000155744,0.004086763,0.0040127556,1.0,1274
ENSG00000171501,0.004086416,0.0035501185,1.0,1275
ENSG00000139974,0.0040846425,0.0038248375,1.0,1276
ENSG00000137440,0.004084395,0.00029425364,1.0,1277
ENSG00000154654,0.0040795696,-0.0014932886,1.0,1278
ENSG00000148204,0.0040787924,0.00021060271,0.33333334,1279
ENSG00000135821,0.0040780795,-0.0026467396,1.0,1280
ENSG00000130684,0.004076266,-0.0036266593,1.0,1281
ENSG00000182931,0.00407622,0.0017358074,1.0,1282
ENSG00000142583,0.004074015,0.0008795679,1.0,1283
ENSG00000189325,0.004073853,6.311449e-05,0.33333334,1284
ENSG00000187848,0.0040729945,-0.0002862412,0.33333334,1285
ENSG00000139842,0.0040718983,0.0018012795,1.0,1286
ENSG00000139718,0.004070416,-0.003146718,1.0,1287
ENSG00000164172,0.004067996,-0.0027637929,1.0,1288
ENSG00000141034,0.0040641357,-0.0013305718,1.0,1289
ENSG00000151687,0.004062275,-4.853315e-05,0.33333334,1290
ENSG00000175115,0.0040602772,0.00402135,1.0,1291
ENSG00000182585,0.0040589604,0.0036141519,1.0,1292
ENSG00000006025,0.00404931,0.00047054244,1.0,1293
ENSG00000174672,0.0040492043,0.00023665359,1.0,1294
ENSG00000152242,0.0040486325,-0.0038681282,1.0,1295
ENSG00000127554,0.0040481477,-0.0037578766,1.0,1296
ENSG00000184719,0.0040448406,-0.000788742,1.0,1297
ENSG00000002330,0.0040429668,-0.0038794605,1.0,1298
ENSG00000167107,0.004042636,-0.00041583204,1.0,1299
ENSG00000118557,0.004039276,0.0030624333,1.0,1300
ENSG00000140543,0.0040390883,-0.003868676,1.0,1301
ENSG00000122958,0.0040353606,-0.0033416478,1.0,1302
ENSG00000075131,0.0040335427,0.00092819805,1.0,1303
ENSG00000158856,0.0040323166,-0.0038084798,1.0,1304
ENSG00000132635,0.0040317825,0.0020742577,1.0,1305
ENSG00000189366,0.0040312135,-0.00096102495,1.0,1306
ENSG00000118762,0.00403068,-0.0035719452,1.0,1307
ENSG00000141437,0.0040294062,0.0031438835,1.0,1308
ENSG00000107341,0.0040260726,-0.0032017005,1.0,1309
ENSG00000136695,0.0040235207,0.0013623042,1.0,1310
ENSG00000077713,0.004022675,0.0014578784,1.0,1311
ENSG00000078401,0.004022118,0.0009896304,1.0,1312
ENSG00000132570,0.004018944,-0.002211334,1.0,1313
ENSG00000042832,0.004013845,0.0037657346,1.0,1314
ENSG00000164209,0.0040128916,0.0031018707,1.0,1315
ENSG00000176472,0.0040096045,-0.0034115724,1.0,1316
ENSG00000172977,0.004009591,0.00029742296,0.33333334,1317
ENSG00000179240,0.0040085264,-0.0036141474,1.0,1318
ENSG00000127928,0.004005441,-0.00044933837,0.33333334,1319
ENSG00000185278,0.0040035015,-0.003801953,1.0,1320
ENSG00000089006,0.0039961874,0.0020318138,1.0,1321
ENSG00000144962,0.0039935117,0.0028257004,1.0,1322
ENSG00000121578,0.003993043,0.0011669459,1.0,1323
ENSG00000175309,0.00399203,0.003647452,1.0,1324
ENSG00000168255,0.003991876,-0.0017413016,1.0,1325
ENSG00000113805,0.0039899778,0.0019164981,1.0,1326
ENSG00000174197,0.0039885524,0.0020039668,1.0,1327
ENSG00000136908,0.003988548,-0.003940951,1.0,1328
ENSG00000182324,0.003982518,-0.0015647066,1.0,1329
ENSG00000120318,0.0039798594,-0.0014635938,1.0,1330
ENSG00000088035,0.0039753728,-0.0030994716,1.0,1331
ENSG00000027644,0.0039750882,-0.001224085,1.0,1332
ENSG00000180532,0.003971325,-0.00055124756,1.0,1333
ENSG00000136156,0.0039708274,0.003810025,1.0,1334
ENSG00000164136,0.003970075,-0.0025531407,1.0,1335
ENSG00000130377,0.003966707,0.0019960168,1.0,1336
ENSG00000174165,0.003966009,0.0032239521,1.0,1337
ENSG00000171004,0.003965294,-0.00014213286,0.33333334,1338
ENSG00000186451,0.0039626793,-0.0029618929,1.0,1339
ENSG00000122257,0.003960432,0.003519358,1.0,1340
ENSG00000140749,0.003959827,-0.0038094756,1.0,1341
ENSG00000171097,0.0039581303,-0.0038177667,1.0,1342
ENSG00000110492,0.0039527323,-0.0038070083,1.0,1343
ENSG00000105428,0.003949843,0.0022719402,1.0,1344
ENSG00000163114,0.003949476,-0.0017132767,1.0,1345
ENSG00000134365,0.0039460235,0.0022903967,1.0,1346
ENSG00000046774,0.0039445194,-0.00047658573,1.0,1347
ENSG00000125848,0.0039441735,0.00053221843,1.0,1348
ENSG00000151715,0.0039407993,-0.0011944473,1.0,1349
ENSG00000112992,0.0039391518,0.0034805937,1.0,1350
ENSG00000157077,0.0039385953,0.0028972412,1.0,1351
ENSG00000154001,0.003936548,0.0014066313,1.0,1352
ENSG00000189050,0.003933552,0.0019301963,1.0,1353
ENSG00000037637,0.00392866,-0.00325808,1.0,1354
ENSG00000122484,0.0039268676,0.0033845354,1.0,1355
ENSG00000101447,0.003926734,0.0011973215,1.0,1356
ENSG00000112837,0.003926174,-0.0022529701,1.0,1357
ENSG00000134222,0.003925212,-0.0012034313,1.0,1358
ENSG00000165591,0.003924067,-4.879032e-05,0.33333334,1359
ENSG00000103275,0.003916864,0.003841432,1.0,1360
ENSG00000113248,0.003915784,0.0008789262,1.0,1361
ENSG00000114125,0.0039147804,-0.003704646,1.0,1362
ENSG00000153976,0.0039144005,0.0006195724,1.0,1363
ENSG00000182578,0.0039143353,0.0018723682,1.0,1364
ENSG00000160188,0.003912506,-0.002047776,1.0,1365
ENSG00000131171,0.003912163,0.0017515194,1.0,1366
ENSG00000189144,0.003911827,0.0035488866,1.0,1367
ENSG00000153767,0.003909574,0.0026434,1.0,1368
ENSG00000162551,0.003908953,0.002351099,1.0,1369
ENSG00000009844,0.0039042542,-0.00073496887,1.0,1370
ENSG00000138439,0.0039041564,0.0014777345,1.0,1371
ENSG00000156076,0.003902778,-0.0011695226,1.0,1372
ENSG00000132294,0.0039019368,-0.003248158,1.0,1373
ENSG00000005108,0.0039008018,0.0026736574,1.0,1374
ENSG00000085998,0.0038989529,0.002347961,1.0,1375
ENSG00000185567,0.003898516,0.002288012,1.0,1376
ENSG00000178409,0.0038952287,-0.00011356212,0.33333334,1377
ENSG00000075790,0.0038946134,0.0027239725,1.0,1378
ENSG00000148840,0.0038861518,0.0029666023,1.0,1379
ENSG00000162882,0.0038827367,0.0017346633,1.0,1380
ENSG00000167995,0.0038795194,0.0034884384,1.0,1381
ENSG00000171105,0.003879171,0.002191839,1.0,1382
ENSG00000107669,0.0038734067,0.003495098,1.0,1383
ENSG00000119699,0.0038674374,-0.00046880372,1.0,1384
ENSG00000179262,0.00386585,0.0035303945,1.0,1385
ENSG00000172062,0.0038658185,-0.00029086298,0.33333334,1386
ENSG00000165985,0.0038645007,-0.00253168,1.0,1387
ENSG00000115295,0.0038620625,-0.0033965486,1.0,1388
ENSG00000123472,0.0038615714,-0.002766202,1.0,1389
ENSG00000150773,0.0038539749,0.0001615624,0.33333334,1390
ENSG00000189253,0.0038536259,0.0004435228,0.33333334,1391
ENSG00000187758,0.0038519043,-0.0012859912,0.33333334,1392
ENSG00000124733,0.0038513287,-0.0036538914,1.0,1393
ENSG00000178084,0.003850407,0.0025149996,1.0,1394
ENSG00000120647,0.0038501024,-0.0030373894,1.0,1395
ENSG00000146147,0.0038468472,-0.0012423414,1.0,1396
ENSG00000132313,0.0038449096,-0.0004598243,1.0,1397
ENSG00000132329,0.0038413208,0.0020437546,1.0,1398
ENSG00000170396,0.003836995,0.0023195494,1.0,1399
ENSG00000123124,0.0038350571,0.0028631084,1.0,1400
ENSG00000170584,0.0038346713,0.0014394964,1.0,1401
ENSG00000116752,0.0038325852,-0.0019845786,1.0,1402
ENSG00000078902,0.0038275968,-0.0029383053,1.0,1403
ENSG00000173083,0.0038228778,0.001531721,1.0,1404
ENSG00000164430,0.0038226594,-0.0021202096,1.0,1405
ENSG00000159216,0.0038222075,-0.001563772,1.0,1406
ENSG00000005486,0.003818243,-0.0016902294,0.33333334,1407
ENSG00000155367,0.003818196,-0.0002527656,0.33333334,1408
ENSG00000132704,0.0038167248,0.0020184813,1.0,1409
ENSG00000119514,0.0038165927,-0.00048604675,0.33333334,1410
ENSG00000146618,0.0038146942,0.0020464305,1.0,1411
ENSG00000105939,0.0038112735,-0.0034942434,1.0,1412
ENSG00000166329,0.003806483,7.528868e-05,0.33333334,1413
ENSG00000130518,0.0038064301,0.00039100298,1.0,1414
ENSG00000162068,0.0038056998,-0.003561055,1.0,1415
ENSG00000145088,0.0038052446,0.0021085711,1.0,1416
ENSG00000163393,0.003803021,0.003497148,1.0,1417
ENSG00000174469,0.0038027065,0.0006107415,1.0,1418
ENSG00000163632,0.0038019645,-0.00032027895,0.33333334,1419
ENSG00000125901,0.0038014662,-0.0037440017,1.0,1420
ENSG00000109832,0.0038010713,-0.0003471923,0.33333334,1421
ENSG00000173258,0.0037980846,0.0027063787,1.0,1422
ENSG00000154162,0.0037963435,-0.0016412651,1.0,1423
ENSG00000168703,0.003796316,0.00044393577,1.0,1424
ENSG00000116874,0.0037929052,-0.0011563575,1.0,1425
ENSG00000124260,0.003789939,-0.00017013529,0.33333334,1426
ENSG00000134324,0.0037883103,0.0034994418,1.0,1427
ENSG00000106976,0.003788255,0.0010771607,1.0,1428
ENSG00000112212,0.0037865515,-0.00354199,1.0,1429
ENSG00000182154,0.0037829399,-0.0036081795,1.0,1430
ENSG00000076716,0.003781994,0.0025014277,1.0,1431
ENSG00000178473,0.0037805096,-0.0009654174,1.0,1432
ENSG00000169442,0.0037800365,-0.0008978327,1.0,1433
ENSG00000005884,0.003776241,-0.0017292975,1.0,1434
ENSG00000135387,0.0037753042,0.0030295413,1.0,1435
ENSG00000163874,0.0037743624,0.00079525984,1.0,1436
ENSG00000163012,0.0037699267,0.0023694409,1.0,1437
ENSG00000159674,0.003768403,-0.0021176292,1.0,1438
ENSG00000154258,0.0037646994,-0.0026390476,1.0,1439
ENSG00000074603,0.0037627537,0.003695258,1.0,1440
ENSG00000104381,0.0037613204,-0.002868389,1.0,1441
ENSG00000088882,0.003761123,0.0011022476,1.0,1442
ENSG00000130787,0.0037566107,0.001789699,1.0,1443
ENSG00000187773,0.0037542842,-0.000294042,1.0,1444
ENSG00000101882,0.0037522055,-0.0017494851,1.0,1445
ENSG00000172809,0.003752134,-0.0034445543,1.0,1446
ENSG00000107731,0.0037517992,0.0024676984,1.0,1447
ENSG00000167775,0.0037505059,-0.0035507784,1.0,1448
ENSG00000138050,0.0037505012,-0.0031091832,1.0,1449
ENSG00000158805,0.0037498197,0.0029400375,1.0,1450
ENSG00000112561,0.0037476916,0.0027782964,1.0,1451
ENSG00000117298,0.0037442874,-0.0033619588,1.0,1452
ENSG00000132694,0.0037436143,-0.00188926,1.0,1453
ENSG00000188060,0.0037418336,0.00040211296,1.0,1454
ENSG00000189114,0.0037373842,-0.0031633812,1.0,1455
ENSG00000174749,0.0037371467,0.002870415,1.0,1456
ENSG00000049249,0.0037348664,-0.0012385341,1.0,1457
ENSG00000184148,0.0037325781,0.0012324207,1.0,1458
ENSG00000188554,0.0037320957,0.0015990454,1.0,1459
ENSG00000177311,0.0037313688,-0.0031771583,1.0,1460
ENSG00000067221,0.0037307644,0.0030543797,1.0,1461
ENSG00000162344,0.0037305746,0.0015110377,1.0,1462
ENSG00000132017,0.0037279848,-0.00358665,1.0,1463
ENSG00000181029,0.0037263099,0.0035527872,1.0,1464
ENSG00000143553,0.0037217021,-0.0033944112,1.0,1465
ENSG00000187889,0.0037117088,-0.0012953645,1.0,1466
ENSG00000099992,0.0037086972,0.0005115538,1.0,1467
ENSG00000155975,0.0037084538,0.003222704,1.0,1468
ENSG00000131188,0.0037062212,0.0035299482,1.0,1469
ENSG00000110811,0.0037060857,-0.0023359146,1.0,1470
ENSG00000135720,0.0037050352,0.0035974104,1.0,1471
ENSG00000182521,0.0037041542,0.0024546476,1.0,1472
ENSG00000162456,0.0037026152,0.0012726857,1.0,1473
ENSG00000135960,0.003702223,-0.0009648283,1.0,1474
ENSG00000132744,0.003701343,0.003087814,1.0,1475
ENSG00000110330,0.0037002328,-0.0032534208,1.0,1476
ENSG00000091664,0.0036917264,-0.00022731135,0.33333334,1477
ENSG00000089127,0.0036899734,0.00080150616,1.0,1478
ENSG00000130812,0.003685874,-0.0024658188,1.0,1479
ENSG00000165238,0.00368519,-0.0015414273,1.0,1480
ENSG00000139263,0.003684262,-0.0007488262,1.0,1481
ENSG00000171812,0.003684168,-0.00027994413,0.33333334,1482
ENSG00000131264,0.0036835533,-0.0021772662,1.0,1483
ENSG00000084073,0.003676255,0.0010255654,1.0,1484
ENSG00000140105,0.003675719,-0.00037805675,1.0,1485
ENSG00000178586,0.0036752066,-0.00057899574,1.0,1486
ENSG00000196350,0.0036734554,0.0007714879,1.0,1487
ENSG00000125870,0.003673221,-0.0034546498,1.0,1488
ENSG00000177463,0.003673153,0.0036281245,1.0,1489
ENSG00000180053,0.0036699579,0.0008240971,1.0,1490
ENSG00000090534,0.0036692172,-0.002245063,1.0,1491
ENSG00000179988,0.003668312,-0.0033195291,1.0,1492
ENSG00000131482,0.0036652808,-0.00041989578,1.0,1493
ENSG00000107829,0.003665256,0.0035279253,1.0,1494
ENSG00000065000,0.0036643052,-0.003401093,1.0,1495
ENSG00000105053,0.0036618365,0.0015679965,1.0,1496
ENSG00000124209,0.0036602113,0.0023764118,1.0,1497
ENSG00000188848,0.0036596563,-0.0023211956,1.0,1498
ENSG00000011201,0.0036593198,0.00148557,1.0,1499
ENSG00000147669,0.003658941,0.0032419718,1.0,1500
ENSG00000143674,0.0036575284,0.00046233195,1.0,1501
ENSG00000144191,0.0036548714,0.0006098417,1.0,1502
ENSG00000071242,0.0036535275,-0.0015706271,1.0,1503
ENSG00000091622,0.0036483444,0.0010086026,1.0,1504
ENSG00000001497,0.0036465887,0.0018400565,1.0,1505
ENSG00000107872,0.0036425504,0.002121417,1.0,1506
ENSG00000162576,0.003641978,0.0023955617,1.0,1507
ENSG00000173614,0.003639403,0.0017601534,1.0,1508
ENSG00000072506,0.003635561,0.003517259,1.0,1509
ENSG00000007062,0.003632055,-0.00096384034,1.0,1510
ENSG00000162755,0.003630895,0.0025359963,1.0,1511
ENSG00000099999,0.0036289927,-0.0007961979,1.0,1512
ENSG00000123636,0.003628064,0.0028877875,1.0,1513
ENSG00000072657,0.0036261093,-0.00014715969,0.33333334,1514
ENSG00000143420,0.003625105,0.0024897538,1.0,1515
ENSG00000014257,0.0036217002,-0.0022240586,1.0,1516
ENSG00000145147,0.00361978,0.002286269,1.0,1517
ENSG00000130035,0.0036196,-0.00018693798,1.0,1518
ENSG00000140090,0.0036176157,-0.0030546563,1.0,1519
ENSG00000138032,0.0036153821,-0.00023431942,1.0,1520
ENSG00000177576,0.003610341,0.0022620081,1.0,1521
ENSG00000116199,0.003609881,0.0027389575,1.0,1522
ENSG00000151148,0.0036076235,0.0023826035,1.0,1523
ENSG00000110693,0.003606513,-0.0031500596,1.0,1524
ENSG00000112742,0.003606145,0.0011845846,1.0,1525
ENSG00000101236,0.0036008693,0.0010356577,1.0,1526
ENSG00000135314,0.0035973776,-0.0023515818,1.0,1527
ENSG00000104687,0.0035952898,-0.00033354128,0.33333334,1528
ENSG00000147613,0.0035902772,-0.00091328303,1.0,1529
ENSG00000163507,0.0035895307,-0.0032535482,1.0,1530
ENSG00000067048,0.0035893403,-0.0011953467,1.0,1531
ENSG00000078579,0.0035840466,0.00034441895,1.0,1532
ENSG00000113296,0.0035835672,0.0018913221,1.0,1533
ENSG00000151233,0.003582937,0.0029152546,1.0,1534
ENSG00000106636,0.0035811067,-0.002533475,1.0,1535
ENSG00000163462,0.0035788354,0.000117206364,0.33333334,1536
ENSG00000179104,0.0035785742,0.002215109,1.0,1537
ENSG00000006715,0.0035749872,0.0034173417,1.0,1538
ENSG00000159176,0.0035741015,-0.0018511867,1.0,1539
ENSG00000011478,0.00357398,-0.0032836068,1.0,1540
ENSG00000125863,0.0035736456,0.0019005748,1.0,1541
ENSG00000095261,0.0035702444,0.0007100633,1.0,1542
ENSG00000089876,0.0035672484,-0.0020543712,1.0,1543
ENSG00000150477,0.0035672402,0.0035094752,1.0,1544
ENSG00000101144,0.003566975,0.00086285453,1.0,1545
ENSG00000178996,0.0035666798,0.0032574215,1.0,1546
ENSG00000147174,0.0035659175,0.0016083935,0.33333334,1547
ENSG00000168159,0.0035656935,-0.0035188703,1.0,1548
ENSG00000166341,0.003563685,-0.00024095974,0.33333334,1549
ENSG00000131849,0.0035633526,-0.0032671492,1.0,1550
ENSG00000165689,0.0035630756,-0.002819825,1.0,1551
ENSG00000127125,0.0035626888,-0.0027732693,1.0,1552
ENSG00000187288,0.0035624106,0.001082793,1.0,1553
ENSG00000173406,0.0035592057,0.001531561,1.0,1554
ENSG00000186577,0.003558226,-0.0030321537,1.0,1555
ENSG00000196757,0.0035574858,0.003278707,1.0,1556
ENSG00000109861,0.0035554385,-0.0019174615,1.0,1557
ENSG00000134339,0.0035506785,0.0007252845,1.0,1558
ENSG00000176014,0.003550402,-0.0003055756,0.33333334,1559
ENSG00000157827,0.0035492536,-0.0017472528,1.0,1560
ENSG00000072756,0.0035470603,0.0032352936,1.0,1561
ENSG00000110046,0.0035420523,-0.0030066723,1.0,1562
ENSG00000162728,0.0035380905,0.0020900823,1.0,1563
ENSG00000101843,0.003537766,-0.0030617714,1.0,1564
ENSG00000168081,0.0035344157,0.0001639613,1.0,1565
ENSG00000055732,0.0035331827,0.0019555,1.0,1566
ENSG00000183798,0.0035307994,-2.4345718e-06,0.33333334,1567
ENSG00000110660,0.003527917,-0.0012168504,1.0,1568
ENSG00000174564,0.0035277193,0.0012365028,1.0,1569
ENSG00000111669,0.0035275894,-0.0025919846,1.0,1570
ENSG00000167543,0.0035273507,0.0030598287,1.0,1571
ENSG00000133115,0.0035270539,0.0006214475,1.0,1572
ENSG00000123584,0.0035268676,-0.001414463,1.0,1573
ENSG00000110080,0.0035225425,-0.00020036734,0.33333334,1574
ENSG00000171119,0.0035176983,-0.0025427435,1.0,1575
ENSG00000144580,0.0035173798,0.0012729167,1.0,1576
ENSG00000131149,0.0035147446,0.0015677636,1.0,1577
ENSG00000182950,0.0035119709,-0.001426401,1.0,1578
ENSG00000007237,0.0035111618,-0.0023168705,1.0,1579
ENSG00000176953,0.0035103725,-0.00045511665,1.0,1580
ENSG00000178057,0.003503767,0.003340441,1.0,1581
ENSG00000189013,0.003502717,-0.0011351731,1.0,1582
ENSG00000108963,0.003501898,0.00012850521,0.33333334,1583
ENSG00000072401,0.0035003514,-0.0018597412,1.0,1584
ENSG00000122863,0.003498109,0.0005874627,1.0,1585
ENSG00000075213,0.0034967086,-0.0014472598,1.0,1586
ENSG00000196459,0.0034955805,-0.0027060003,1.0,1587
ENSG00000080822,0.0034907178,-0.00023231439,1.0,1588
ENSG00000178974,0.0034895332,0.0023864724,1.0,1589
ENSG00000167754,0.0034864387,0.00043107235,1.0,1590
ENSG00000157036,0.003485985,-0.003276972,1.0,1591
ENSG00000173699,0.0034845052,0.001212613,1.0,1592
ENSG00000080371,0.0034836922,0.0011589008,1.0,1593
ENSG00000143390,0.003483305,0.002390629,1.0,1594
ENSG00000087074,0.0034805227,-0.0008663047,1.0,1595
ENSG00000081721,0.0034787084,0.0014589861,1.0,1596
ENSG00000100393,0.0034786665,0.0027326597,1.0,1597
ENSG00000187170,0.0034786656,-0.0008502304,1.0,1598
ENSG00000106333,0.0034782502,0.0028753243,1.0,1599
ENSG00000166681,0.0034780037,0.002392275,1.0,1600
ENSG00000090971,0.003475668,-0.0032207398,1.0,1601
ENSG00000188916,0.0034728993,-0.0019831017,1.0,1602
ENSG00000111325,0.0034686998,0.0015568171,1.0,1603
ENSG00000131747,0.003467895,0.000421806,1.0,1604
ENSG00000139610,0.0034668408,0.0010752729,1.0,1605
ENSG00000095906,0.0034623544,0.0034302126,1.0,1606
ENSG00000169926,0.0034599842,-0.0016035605,1.0,1607
ENSG00000169398,0.0034588922,-0.00094232796,1.0,1608
ENSG00000184925,0.0034581292,0.0016588294,1.0,1609
ENSG00000103264,0.0034579549,-0.0010728948,1.0,1610
ENSG00000160691,0.0034487424,0.0009375476,1.0,1611
ENSG00000105388,0.0034472458,-0.00042461432,1.0,1612
ENSG00000166068,0.003445017,-0.0008820747,1.0,1613
ENSG00000196141,0.0034428497,0.0006956612,1.0,1614
ENSG00000116251,0.003439622,0.0020350337,1.0,1615
ENSG00000135697,0.0034384457,-0.00085410924,1.0,1616
ENSG00000171475,0.0034372548,-0.0030889183,1.0,1617
ENSG00000114423,0.0034316732,0.0022833152,1.0,1618
ENSG00000169499,0.0034290252,0.0030032508,1.0,1619
ENSG00000147459,0.0034260117,0.0028401378,1.0,1620
ENSG00000138759,0.0034137487,0.0013157441,1.0,1621
ENSG00000143867,0.0034135692,0.0006825657,1.0,1622
ENSG00000165572,0.0034107342,-0.0013322118,1.0,1623
ENSG00000179813,0.0034105934,0.002377631,1.0,1624
ENSG00000104213,0.0034096062,0.0014872883,1.0,1625
ENSG00000067177,0.00340925,-0.0009700185,1.0,1626
ENSG00000136531,0.0034064176,0.0020638993,1.0,1627
ENSG00000174370,0.003406403,0.0021526408,1.0,1628
ENSG00000125744,0.003404942,-0.0030660054,1.0,1629
ENSG00000170743,0.003398497,-0.0022712431,1.0,1630
ENSG00000069974,0.0033956745,0.0012721705,1.0,1631
ENSG00000116983,0.003388616,0.00053127843,1.0,1632
ENSG00000171659,0.0033871448,0.002837436,1.0,1633
ENSG00000106689,0.0033864204,0.00038657963,1.0,1634
ENSG00000125510,0.0033863161,0.0022822584,1.0,1635
ENSG00000144868,0.0033862356,-0.00016094623,0.33333334,1636
ENSG00000123159,0.0033833843,-0.0032156117,1.0,1637
ENSG00000104967,0.003382993,0.0025102796,1.0,1638
ENSG00000102174,0.0033776758,-0.0020875952,1.0,1639
ENSG00000172410,0.0033744974,0.00028203812,0.33333334,1640
ENSG00000172262,0.0033742562,0.0027106286,1.0,1641
ENSG00000107485,0.0033696804,-0.002419429,1.0,1642
ENSG00000157881,0.0033687756,-0.0012076873,1.0,1643
ENSG00000182606,0.0033686955,0.0014839316,1.0,1644
ENSG00000189186,0.0033678308,-0.0017195483,1.0,1645
ENSG00000126226,0.0033666866,0.0027736828,1.0,1646
ENSG00000122515,0.0033647316,0.0030039654,1.0,1647
ENSG00000142082,0.003363766,-0.0028292204,1.0,1648
ENSG00000183128,0.0033615027,0.0012859381,1.0,1649
ENSG00000113575,0.003359684,0.0022732106,1.0,1650
ENSG00000137411,0.0033593953,0.002768607,1.0,1651
ENSG00000167646,0.0033529655,-0.0019238874,1.0,1652
ENSG00000181778,0.0033483675,-0.00010548198,0.33333334,1653
ENSG00000187514,0.0033453556,0.0028443935,1.0,1654
ENSG00000172489,0.0033426539,0.0013962005,1.0,1655
ENSG00000161914,0.0033415842,-0.0031728165,1.0,1656
ENSG00000148341,0.0033413006,-0.0019863008,1.0,1657
ENSG00000108379,0.0033401288,-0.001374723,1.0,1658
ENSG00000086062,0.003339736,-0.002116589,1.0,1659
ENSG00000129028,0.0033379488,0.0027519504,1.0,1660
ENSG00000103876,0.003335731,0.0008549765,1.0,1661
ENSG00000185347,0.0033314668,0.0017099031,1.0,1662
ENSG00000196091,0.0033256225,-0.00023783412,1.0,1663
ENSG00000061918,0.0033251632,-0.0005316393,1.0,1664
ENSG00000070748,0.0033243839,-0.00012394661,0.33333334,1665
ENSG00000132600,0.0033156388,0.0002576503,1.0,1666
ENSG00000100815,0.003313372,-0.0030551397,1.0,1667
ENSG00000159713,0.0033101924,-0.002241064,1.0,1668
ENSG00000171865,0.0033069577,0.00016109277,0.33333334,1669
ENSG00000167613,0.0033060096,0.0018746452,1.0,1670
ENSG00000126005,0.0033046382,-0.002943512,1.0,1671
ENSG00000184903,0.003303691,-0.003118649,1.0,1672
ENSG00000148426,0.0033029802,0.002471769,1.0,1673
ENSG00000104228,0.0033023572,0.0023988995,1.0,1674
ENSG00000150967,0.0033015907,0.00074376183,1.0,1675
ENSG00000151773,0.003297831,-0.0016192755,1.0,1676
ENSG00000108515,0.003294327,0.0005160103,1.0,1677
ENSG00000123570,0.0032882793,-0.0021394447,1.0,1678
ENSG00000166734,0.0032874364,-0.0005924312,1.0,1679
ENSG00000120093,0.0032873182,-0.0007583766,1.0,1680
ENSG00000171700,0.0032873042,0.0017404597,1.0,1681
ENSG00000178741,0.0032864746,0.0032216485,1.0,1682
ENSG00000166986,0.0032859864,-3.1666794e-05,1.0,1683
ENSG00000196972,0.0032855545,-0.0019328181,1.0,1684
ENSG00000186088,0.0032847987,-0.0011643817,0.33333334,1685
ENSG00000174738,0.0032845903,0.002469458,1.0,1686
ENSG00000139684,0.0032766846,0.0019344153,1.0,1687
ENSG00000120952,0.003276123,-0.00044225436,1.0,1688
ENSG00000164663,0.0032734077,0.003185804,1.0,1689
ENSG00000175857,0.0032727215,-0.0022888575,1.0,1690
ENSG00000125967,0.0032697283,0.0020000953,1.0,1691
ENSG00000103591,0.0032678654,0.0016094198,1.0,1692
ENSG00000099974,0.0032663916,0.0023463692,1.0,1693
ENSG00000188372,0.0032661136,-0.0023473408,1.0,1694
ENSG00000188000,0.003265584,0.0005626998,1.0,1695
ENSG00000182197,0.003263417,-0.000107005064,0.33333334,1696
ENSG00000128422,0.003262567,-0.00042382677,1.0,1697
ENSG00000166228,0.0032585606,-0.0031644115,1.0,1698
ENSG00000143882,0.0032582313,0.0002671073,1.0,1699
ENSG00000077549,0.003257352,-0.0022002982,1.0,1700
ENSG00000090776,0.0032562884,0.002289845,1.0,1701
ENSG00000188803,0.0032539421,-0.0016739381,1.0,1702
ENSG00000182628,0.0032521982,-0.0017209011,1.0,1703
ENSG00000196209,0.0032520175,-0.002549677,1.0,1704
ENSG00000013561,0.0032494015,0.0020694945,1.0,1705
ENSG00000115129,0.0032460494,0.0011791857,1.0,1706
ENSG00000136888,0.0032430291,-0.0025582425,1.0,1707
ENSG00000168491,0.0032366384,-0.00097138033,1.0,1708
ENSG00000108799,0.0032332677,-0.0029845072,1.0,1709
ENSG00000179088,0.0032293748,-0.0024472713,1.0,1710
ENSG00000112874,0.0032290302,-0.00041012958,0.33333334,1711
ENSG00000188624,0.0032237333,0.001779786,1.0,1712
ENSG00000139133,0.0032223407,0.0031788321,1.0,1713
ENSG00000169249,0.003220193,0.00059116114,1.0,1714
ENSG00000114054,0.0032173784,-5.9936905e-05,0.33333334,1715
ENSG00000119318,0.0032062267,-0.0015791404,1.0,1716
ENSG00000108561,0.0032047573,-0.002445476,1.0,1717
ENSG00000136280,0.0032033178,0.0024243875,1.0,1718
ENSG00000015285,0.0031984635,-0.0020347117,1.0,1719
ENSG00000127081,0.0031963421,0.002949302,1.0,1720
ENSG00000186723,0.0031958101,-0.00015291288,0.33333334,1721
ENSG00000168671,0.0031930981,-0.000114874565,0.33333334,1722
ENSG00000180815,0.0031905647,-0.0013158509,1.0,1723
ENSG00000130226,0.0031900026,-0.00017073636,1.0,1724
ENSG00000138663,0.0031896352,-0.0006296245,1.0,1725
ENSG00000146574,0.0031887647,-0.0017335555,1.0,1726
ENSG00000152672,0.0031858236,-0.0013098171,1.0,1727
ENSG00000121753,0.003182956,-0.0013591148,1.0,1728
ENSG00000105549,0.0031829504,-0.00049819803,1.0,1729
ENSG00000182674,0.0031826878,-0.001162319,1.0,1730
ENSG00000138587,0.003182335,-4.583572e-05,0.33333334,1731
ENSG00000108239,0.0031822193,-0.00028833174,0.33333334,1732
ENSG00000101158,0.0031807574,-0.0025483158,1.0,1733
ENSG00000132661,0.0031800084,0.0026655064,1.0,1734
ENSG00000186376,0.0031794477,0.0027822864,1.0,1735
ENSG00000165630,0.0031784426,-0.0025482208,1.0,1736
ENSG00000179832,0.0031774677,-0.0011514149,1.0,1737
ENSG00000114646,0.0031771634,-0.0013805531,1.0,1738
ENSG00000163322,0.0031770812,0.0030438853,1.0,1739
ENSG00000151338,0.0031758456,-0.001206993,0.33333334,1740
ENSG00000176194,0.0031746018,-0.0001516511,1.0,1741
ENSG00000034533,0.003172728,-0.0015326729,0.33333334,1742
ENSG00000132423,0.0031703722,-0.001854973,1.0,1743
ENSG00000165868,0.003169816,0.0018522342,1.0,1744
ENSG00000049239,0.0031678479,0.0005019629,1.0,1745
ENSG00000088766,0.0031668972,0.0031041715,1.0,1746
ENSG00000169223,0.003165725,0.0030115198,1.0,1747
ENSG00000185774,0.0031645885,0.0030239273,1.0,1748
ENSG00000126903,0.003163017,-0.0030029174,1.0,1749
ENSG00000158691,0.0031502682,-0.0027116404,1.0,1750
ENSG00000124535,0.0031448763,0.00092088414,1.0,1751
ENSG00000117592,0.0031432786,0.0029420669,1.0,1752
ENSG00000116157,0.003143044,0.0014323347,1.0,1753
ENSG00000136870,0.0031416912,0.0027386553,1.0,1754
ENSG00000174013,0.003141582,-0.0007165398,1.0,1755
ENSG00000080603,0.0031400148,-0.0014460302,1.0,1756
ENSG00000123143,0.00313981,-0.0026697267,1.0,1757
ENSG00000169692,0.0031379678,-0.0030371498,1.0,1758
ENSG00000124782,0.00313762,-0.002619005,1.0,1759
ENSG00000064218,0.003137459,-7.6478354e-05,0.33333334,1760
ENSG00000123607,0.0031352825,-0.0028464089,1.0,1761
ENSG00000196372,0.0031344604,0.002601688,1.0,1762
ENSG00000106479,0.0031328024,-0.0022225163,1.0,1763
ENSG00000186925,0.003128146,0.0005172279,1.0,1764
ENSG00000100629,0.0031246345,-0.0028466822,1.0,1765
ENSG00000178935,0.0031224415,0.002976004,1.0,1766
ENSG00000065526,0.0031200896,-0.0025224176,1.0,1767
ENSG00000143850,0.0031158936,0.0016560889,1.0,1768
ENSG00000081277,0.003115096,0.000125189,1.0,1769
ENSG00000079805,0.0031150633,-0.0024057713,1.0,1770
ENSG00000126458,0.003114266,0.0029692773,1.0,1771
ENSG00000172992,0.003113379,-0.0022731165,1.0,1772
ENSG00000157005,0.0031115108,0.0016866339,1.0,1773
ENSG00000145198,0.0031111054,-0.00062053674,1.0,1774
ENSG00000109917,0.0031108733,0.00084497995,1.0,1775
ENSG00000111481,0.0031106297,-0.0030343765,1.0,1776
ENSG00000181218,0.0031104144,-0.00040630865,1.0,1777
ENSG00000160471,0.0031102716,0.00051100674,1.0,1778
ENSG00000086666,0.003108992,0.002013208,1.0,1779
ENSG00000145757,0.0031084418,-0.0024144321,1.0,1780
ENSG00000143320,0.0031082102,-0.0015542308,1.0,1781
ENSG00000136982,0.0031074416,0.000742516,1.0,1782
ENSG00000188315,0.0031073715,4.2256393e-05,0.33333334,1783
ENSG00000053328,0.003103242,0.0017047082,1.0,1784
ENSG00000187980,0.0031010127,1.4463939e-05,0.33333334,1785
ENSG00000150045,0.0031007456,4.6776782e-05,0.33333334,1786
ENSG00000119333,0.0030994297,-0.002990923,1.0,1787
ENSG00000132549,0.003098121,0.0007769524,0.33333334,1788
ENSG00000183763,0.003096755,-0.00065163197,1.0,1789
ENSG00000162129,0.0030934426,-0.0023736963,1.0,1790
ENSG00000108506,0.0030907688,-0.0030340708,1.0,1791
ENSG00000101191,0.0030905763,-0.0024779332,1.0,1792
ENSG00000153208,0.0030896775,0.002878474,1.0,1793
ENSG00000166862,0.003087827,0.00022358492,1.0,1794
ENSG00000083750,0.0030869597,0.0027982949,1.0,1795
ENSG00000174339,0.0030868435,-0.0007932401,1.0,1796
ENSG00000183560,0.003082448,0.00091465417,1.0,1797
ENSG00000154920,0.0030812023,0.0015939813,1.0,1798
ENSG00000128604,0.003079947,-0.00010725195,0.33333334,1799
ENSG00000162496,0.00307732,-0.002463365,1.0,1800
ENSG00000106628,0.0030761424,0.0028807137,1.0,1801
ENSG00000150756,0.0030758723,-0.0020767846,1.0,1802
ENSG00000132958,0.0030756828,-0.0024371303,1.0,1803
ENSG00000142686,0.003075103,-0.00061551324,1.0,1804
ENSG00000162975,0.0030749831,0.0021132808,1.0,1805
ENSG00000175449,0.0030748912,-0.0026877217,1.0,1806
ENSG00000165383,0.0030709475,-0.002880066,1.0,1807
ENSG00000108592,0.0030667193,-0.0010986928,1.0,1808
ENSG00000153060,0.00306399,-0.00048044915,1.0,1809
ENSG00000135605,0.0030636818,0.0028121278,1.0,1810
ENSG00000168421,0.0030635744,0.0020590296,1.0,1811
ENSG00000113140,0.0030632212,-0.0012213896,1.0,1812
ENSG00000134884,0.0030618347,0.0028378225,1.0,1813
ENSG00000132376,0.003061776,0.0025515992,1.0,1814
ENSG00000148798,0.0030603942,-0.0012738709,1.0,1815
ENSG00000129484,0.0030590214,-0.00046059457,1.0,1816
ENSG00000176714,0.0030582212,0.0017717158,1.0,1817
ENSG00000172208,0.0030560538,-0.0005037596,1.0,1818
ENSG00000105221,0.0030545306,0.0017524009,1.0,1819
ENSG00000105974,0.003053549,0.0007143459,1.0,1820
ENSG00000133069,0.0030534498,-0.0008867792,1.0,1821
ENSG00000107566,0.0030532603,5.880588e-05,0.33333334,1822
ENSG00000196503,0.0030493687,0.0014608254,1.0,1823
ENSG00000120334,0.0030485175,0.0016483528,1.0,1824
ENSG00000176894,0.0030449405,-0.00076563354,1.0,1825
ENSG00000144560,0.0030437466,-0.0017577553,1.0,1826
ENSG00000181619,0.0030414474,0.0027529483,1.0,1827
ENSG00000171877,0.003039157,-0.0020940222,1.0,1828
ENSG00000116668,0.0030386709,-0.0026848523,1.0,1829
ENSG00000103241,0.0030346736,0.0019481474,1.0,1830
ENSG00000106397,0.0030320147,0.0011596387,0.33333334,1831
ENSG00000152133,0.003031589,-0.0026897022,1.0,1832
ENSG00000179772,0.0030264903,-0.0004597316,1.0,1833
ENSG00000105409,0.003025411,0.0020868082,1.0,1834
ENSG00000180881,0.003025403,0.0022018529,1.0,1835
ENSG00000110171,0.0030244403,0.0007443868,1.0,1836
ENSG00000119912,0.003020988,-0.0026742993,1.0,1837
ENSG00000168970,0.0030205585,-0.002881962,1.0,1838
ENSG00000005243,0.0030196514,0.0004757759,1.0,1839
ENSG00000017427,0.0030185988,-0.0016786205,1.0,1840
ENSG00000112936,0.0030181662,0.0017172475,1.0,1841
ENSG00000021488,0.0030174924,0.0011639915,1.0,1842
ENSG00000168014,0.0030170165,0.0028394656,1.0,1843
ENSG00000146676,0.0030145484,-0.0020780407,1.0,1844
ENSG00000171195,0.0030144576,4.419606e-05,0.33333334,1845
ENSG00000155097,0.003013505,0.0023442458,1.0,1846
ENSG00000173540,0.003011821,0.0011832138,1.0,1847
ENSG00000187045,0.0030107845,0.001175695,1.0,1848
ENSG00000108829,0.0030102397,0.0027241588,1.0,1849
ENSG00000183310,0.0030101326,-0.0002436322,0.33333334,1850
ENSG00000161677,0.0030032557,0.0029156364,1.0,1851
ENSG00000121542,0.003001996,0.0021478292,1.0,1852
ENSG00000114251,0.0030019165,0.0004915832,1.0,1853
ENSG00000178662,0.003000999,-0.001646541,1.0,1854
ENSG00000070190,0.0030004669,-0.0022020547,1.0,1855
ENSG00000179632,0.002996771,-0.0028902085,1.0,1856
ENSG00000177151,0.0029961553,0.0022221082,1.0,1857
ENSG00000113460,0.0029931462,-0.0011021821,1.0,1858
ENSG00000067082,0.002991666,-0.0014539302,1.0,1859
ENSG00000187554,0.002990694,-0.0017631846,1.0,1860
ENSG00000163626,0.0029906163,0.0009617324,1.0,1861
ENSG00000088682,0.002989594,-0.0021653192,1.0,1862
ENSG00000036257,0.0029882602,0.0027781653,1.0,1863
ENSG00000185811,0.0029874416,0.0022673318,1.0,1864
ENSG00000163618,0.002987155,-0.0012011509,0.33333334,1865
ENSG00000128656,0.0029865631,-0.00067616365,1.0,1866
ENSG00000126351,0.0029846572,-0.0026005988,1.0,1867
ENSG00000123080,0.0029814157,0.0017992907,1.0,1868
ENSG00000122035,0.0029804185,-0.0021172685,1.0,1869
ENSG00000167414,0.0029798646,-0.0018101506,1.0,1870
ENSG00000143252,0.0029798325,0.0025246767,1.0,1871
ENSG00000081051,0.0029787803,0.001900609,1.0,1872
ENSG00000116903,0.0029784276,-0.0028599168,1.0,1873
ENSG00000166398,0.0029766883,-0.0016682945,1.0,1874
ENSG00000172336,0.0029754806,0.0028985552,1.0,1875
ENSG00000109320,0.0029723893,-0.0022872274,1.0,1876
ENSG00000163933,0.002970307,0.0013814997,1.0,1877
ENSG00000163527,0.0029701237,0.0021197554,1.0,1878
ENSG00000134901,0.0029645618,-9.780918e-05,0.33333334,1879
ENSG00000123358,0.0029640615,-0.00094308186,1.0,1880
ENSG00000153560,0.0029640433,-0.0017106337,1.0,1881
ENSG00000140557,0.002963628,0.00057774264,1.0,1882
ENSG00000196544,0.0029594274,-0.0020604413,1.0,1883
ENSG00000107957,0.0029589105,-0.00086357776,1.0,1884
ENSG00000182346,0.002958292,-0.0013620682,1.0,1885
ENSG00000175414,0.0029568777,-0.002101968,1.0,1886
ENSG00000170852,0.002955796,-0.0026720853,1.0,1887
ENSG00000151364,0.0029550735,0.0015985379,1.0,1888
ENSG00000142279,0.00295492,-0.0007167658,1.0,1889
ENSG00000169067,0.002951409,-0.0004605103,1.0,1890
ENSG00000140015,0.0029488236,-4.363216e-05,0.33333334,1891
ENSG00000189057,0.0029477405,-0.0014788707,1.0,1892
ENSG00000177558,0.0029460473,-0.0005327128,1.0,1893
ENSG00000078070,0.0029457097,-0.0023202286,1.0,1894
ENSG00000081386,0.0029428776,-0.0027456812,1.0,1895
ENSG00000184967,0.002941938,0.0025366035,1.0,1896
ENSG00000170178,0.0029409602,-0.00045127573,1.0,1897
ENSG00000187243,0.0029407123,0.0016224369,1.0,1898
ENSG00000115368,0.0029358799,0.002480139,1.0,1899
ENSG00000114021,0.0029354424,-0.0016307094,1.0,1900
ENSG00000151572,0.002934632,-0.0016334191,1.0,1901
ENSG00000100852,0.0029342852,0.0016640928,1.0,1902
ENSG00000124818,0.002933395,0.0010332093,1.0,1903
ENSG00000169764,0.002933034,-0.0016600367,1.0,1904
ENSG00000162399,0.0029328673,-0.0006365061,1.0,1905
ENSG00000179412,0.0029315606,0.00091173704,0.33333334,1906
ENSG00000158497,0.0029300658,0.0004873307,0.33333334,1907
ENSG00000105664,0.0029292926,0.0006956652,1.0,1908
ENSG00000116679,0.0029288093,0.0021623564,1.0,1909
ENSG00000154188,0.0029286211,-0.0019506123,1.0,1910
ENSG00000100564,0.002928056,-0.0002869152,1.0,1911
ENSG00000073584,0.0029269485,-0.0003564933,0.33333334,1912
ENSG00000188191,0.002924949,0.0020483022,1.0,1913
ENSG00000177045,0.0029239685,0.0028508094,1.0,1914
ENSG00000189164,0.0029233003,-0.0026470625,1.0,1915
ENSG00000186501,0.002923283,0.0027512107,1.0,1916
ENSG00000084676,0.0029223524,0.002705015,1.0,1917
ENSG00000178385,0.0029220616,0.0027806784,1.0,1918
ENSG00000173960,0.00291876,0.0016949769,1.0,1919
ENSG00000164823,0.002917777,0.0015797968,1.0,1920
ENSG00000154957,0.0029164578,0.002122463,1.0,1921
ENSG00000133059,0.0029150369,-0.0027552058,1.0,1922
ENSG00000170017,0.002912449,0.0014597591,1.0,1923
ENSG00000184702,0.0029094776,0.0016619855,1.0,1924
ENSG00000155962,0.0029077989,0.0009542948,1.0,1925
ENSG00000176410,0.0029054142,0.0023038832,1.0,1926
ENSG00000166439,0.0029053933,0.0027710784,1.0,1927
ENSG00000135127,0.0029010691,-0.0009408821,1.0,1928
ENSG00000186480,0.0028999941,0.0003193872,0.33333334,1929
ENSG00000183160,0.0028990842,0.0009441767,1.0,1930
ENSG00000170325,0.002893415,0.0027306937,1.0,1931
ENSG00000170144,0.0028933075,0.0019557641,1.0,1932
ENSG00000151461,0.0028932977,-0.002324581,1.0,1933
ENSG00000133124,0.0028922635,0.0019445898,1.0,1934
ENSG00000115616,0.002888659,-0.0002691177,1.0,1935
ENSG00000183148,0.0028877223,0.0012783884,1.0,1936
ENSG00000165457,0.0028874064,0.00024717287,1.0,1937
ENSG00000176125,0.0028848557,0.0013628402,1.0,1938
ENSG00000074319,0.0028846925,0.0027238932,1.0,1939
ENSG00000178878,0.0028826967,3.8653475e-06,0.33333334,1940
ENSG00000172031,0.0028822466,-0.0016622791,1.0,1941
ENSG00000181418,0.0028799959,-0.00042829904,1.0,1942
ENSG00000120498,0.002878545,-5.233055e-05,0.33333334,1943
ENSG00000120251,0.002876457,-0.0007862272,1.0,1944
ENSG00000163440,0.0028756422,0.00043036867,1.0,1945
ENSG00000079689,0.0028753493,0.0011531464,1.0,1946
ENSG00000156042,0.0028746047,-0.002680641,1.0,1947
ENSG00000075429,0.0028743718,-0.00085081666,1.0,1948
ENSG00000134531,0.002872383,0.0006567755,1.0,1949
ENSG00000111247,0.0028717013,0.001109826,1.0,1950
ENSG00000141574,0.0028711911,0.0021224106,1.0,1951
ENSG00000106266,0.0028710093,-0.0018748598,1.0,1952
ENSG00000173905,0.002870932,0.0008730343,1.0,1953
ENSG00000125533,0.0028704193,0.00036073438,1.0,1954
ENSG00000124574,0.0028692808,0.00015280939,1.0,1955
ENSG00000187134,0.0028682582,-0.00054902554,1.0,1956
ENSG00000169744,0.0028680444,-0.0001736763,0.33333334,1957
ENSG00000091127,0.0028663306,-0.0022680277,1.0,1958
ENSG00000054118,0.0028662535,0.002565333,1.0,1959
ENSG00000088356,0.0028661245,-0.0015077406,1.0,1960
ENSG00000187492,0.002865961,0.0005554178,1.0,1961
ENSG00000172878,0.0028646186,0.0017117005,1.0,1962
ENSG00000146872,0.0028634227,-0.0017258005,0.33333334,1963
ENSG00000172954,0.0028578844,-0.002068924,1.0,1964
ENSG00000089597,0.0028563726,-0.0027192335,1.0,1965
ENSG00000064961,0.0028563163,-0.0021629492,1.0,1966
ENSG00000142507,0.0028521752,-0.002156958,1.0,1967
ENSG00000159346,0.002850334,-0.0015938937,1.0,1968
ENSG00000171861,0.0028496608,0.0023804083,1.0,1969
ENSG00000184895,0.00284903,-0.00085791573,1.0,1970
ENSG00000177425,0.0028474329,0.0002557188,1.0,1971
ENSG00000078668,0.0028458794,-0.0014723353,1.0,1972
ENSG00000029363,0.0028443134,-0.0024481222,1.0,1973
ENSG00000091164,0.0028417043,-0.002174573,1.0,1974
ENSG00000053501,0.002841539,0.00239404,1.0,1975
ENSG00000090061,0.0028410468,0.0025985849,1.0,1976
ENSG00000169599,0.0028373897,-0.0026319094,1.0,1977
ENSG00000170819,0.0028355543,0.0021751288,1.0,1978
ENSG00000173638,0.002834332,0.0024331117,1.0,1979
ENSG00000182508,0.0028323687,0.0014215125,1.0,1980
ENSG00000169020,0.0028320756,-0.0020329498,1.0,1981
ENSG00000137819,0.0028315645,-0.00028057888,0.33333334,1982
ENSG00000129757,0.002829884,0.0021987066,1.0,1983
ENSG00000166188,0.0028294502,-0.0023521793,1.0,1984
ENSG00000103194,0.0028280884,-0.0011186617,1.0,1985
ENSG00000090889,0.0028266553,-0.0003477925,1.0,1986
ENSG00000144681,0.0028262015,0.0003255042,1.0,1987
ENSG00000148459,0.0028245042,0.0015390917,1.0,1988
ENSG00000196711,0.0028243863,0.0007487344,1.0,1989
ENSG00000159556,0.0028242161,0.0004040835,1.0,1990
ENSG00000103319,0.00282369,-0.0018627284,1.0,1991
ENSG00000110107,0.002821818,0.0026842281,1.0,1992
ENSG00000164305,0.0028193612,0.0011466647,1.0,1993
ENSG00000106538,0.0028175358,-0.0021609804,1.0,1994
ENSG00000170949,0.002816525,0.0023567164,1.0,1995
ENSG00000113520,0.0028148189,-0.0012169153,1.0,1996
ENSG00000165272,0.0028103574,-0.0011725082,1.0,1997
ENSG00000116704,0.0028098563,0.0019026556,1.0,1998
ENSG00000055130,0.002809153,0.0016052407,1.0,1999
ENSG00000163993,0.0028088123,-0.00033322885,1.0,2000
ENSG00000172551,0.002808204,-0.00070024113,1.0,2001
ENSG00000146386,0.0028078507,-0.001814541,1.0,2002
ENSG00000112658,0.0028059445,0.0017932741,1.0,2003
ENSG00000138399,0.0028028644,0.0026078124,1.0,2004
ENSG00000149201,0.00280253,0.0025319806,1.0,2005
ENSG00000088930,0.0028020144,0.0020197763,1.0,2006
ENSG00000137218,0.0028019843,-0.0025531347,1.0,2007
ENSG00000175470,0.0028010036,0.0008704602,1.0,2008
ENSG00000164609,0.0028009496,0.0013450693,1.0,2009
ENSG00000158125,0.0027999135,-0.0016476735,1.0,2010
ENSG00000005189,0.0027998164,0.0020299873,1.0,2011
ENSG00000113905,0.002793369,0.0009288581,1.0,2012
ENSG00000146918,0.0027930632,0.0020677194,1.0,2013
ENSG00000033327,0.002792251,-0.0018775094,1.0,2014
ENSG00000182095,0.0027906243,0.0022863485,1.0,2015
ENSG00000149305,0.0027885574,-0.00029134649,1.0,2016
ENSG00000138207,0.0027883865,-0.0018185657,1.0,2017
ENSG00000127720,0.0027877688,-0.00084200205,0.33333334,2018
ENSG00000132388,0.0027854836,-0.00064168253,1.0,2019
ENSG00000104320,0.0027848147,0.0025117556,1.0,2020
ENSG00000164331,0.002783292,0.0024982633,1.0,2021
ENSG00000100300,0.002781447,0.0025081937,1.0,2022
ENSG00000157322,0.0027812498,0.0007563207,1.0,2023
ENSG00000170364,0.0027790612,-0.0022461768,1.0,2024
ENSG00000139914,0.0027770586,-0.0017908172,1.0,2025
ENSG00000151693,0.002776799,0.0015306104,1.0,2026
ENSG00000166147,0.002776711,0.002486251,1.0,2027
ENSG00000182983,0.0027748167,-0.002226996,1.0,2028
ENSG00000167562,0.0027727252,-0.0016624728,0.33333334,2029
ENSG00000173113,0.0027690053,0.002734903,1.0,2030
ENSG00000154640,0.0027632646,0.0018151918,1.0,2031
ENSG00000142178,0.0027603626,-0.0007929341,1.0,2032
ENSG00000162517,0.0027551323,0.0025362747,1.0,2033
ENSG00000172005,0.002753576,0.0011180025,1.0,2034
ENSG00000171798,0.0027522845,-0.001027733,1.0,2035
ENSG00000125998,0.0027520515,-0.0013075486,1.0,2036
ENSG00000119138,0.0027516417,-0.00033519792,1.0,2037
ENSG00000163794,0.0027512528,-0.00034191913,1.0,2038
ENSG00000178226,0.0027502917,0.0014249189,1.0,2039
ENSG00000141076,0.0027490512,-0.0024471567,1.0,2040
ENSG00000157404,0.0027486815,-0.0014742817,1.0,2041
ENSG00000139946,0.0027482857,0.0023923933,1.0,2042
ENSG00000101204,0.0027477772,-5.6644287e-05,0.33333334,2043
ENSG00000147081,0.0027472416,-0.00028359453,0.33333334,2044
ENSG00000173826,0.0027452994,-0.00097184785,1.0,2045
ENSG00000171204,0.0027419913,-0.001683972,1.0,2046
ENSG00000188529,0.002740925,-0.0023530244,1.0,2047
ENSG00000095627,0.002740823,0.0013415565,1.0,2048
ENSG00000196182,0.002740524,-0.0012628412,1.0,2049
ENSG00000119977,0.0027400113,-0.0015051999,1.0,2050
ENSG00000115652,0.0027374336,0.0014592077,1.0,2051
ENSG00000130303,0.002736317,-0.0020909533,1.0,2052
ENSG00000075413,0.0027330376,-0.0022099651,1.0,2053
ENSG00000196189,0.0027320208,0.0010599379,1.0,2054
ENSG00000167580,0.0027305745,0.00023125125,1.0,2055
ENSG00000185610,0.002730164,0.00078952446,1.0,2056
ENSG00000118231,0.002729905,0.00035593045,1.0,2057
ENSG00000135973,0.0027293349,0.0023132341,1.0,2058
ENSG00000174137,0.0027251018,-0.00028720874,1.0,2059
ENSG00000103126,0.002722989,0.0019924727,1.0,2060
ENSG00000187634,0.002722144,-0.0011803578,1.0,2061
ENSG00000164485,0.0027177029,-0.00031035233,1.0,2062
ENSG00000125630,0.0027139976,-0.0023189203,1.0,2063
ENSG00000048707,0.0027137885,-0.00023286208,0.33333334,2064
ENSG00000148935,0.0027126002,-0.0012899027,1.0,2065
ENSG00000156574,0.0027115445,0.0025810034,1.0,2066
ENSG00000143157,0.0027108518,0.0018685414,1.0,2067
ENSG00000073670,0.0027105433,-0.00024587903,1.0,2068
ENSG00000169432,0.0027094139,0.0018891277,1.0,2069
ENSG00000116213,0.0027085347,-0.0016306083,1.0,2070
ENSG00000163288,0.002706283,-0.0018964693,1.0,2071
ENSG00000164066,0.0027060173,-0.0017734723,1.0,2072
ENSG00000177971,0.0027056292,0.0025844004,1.0,2073
ENSG00000163909,0.002704696,0.0022018242,1.0,2074
ENSG00000177363,0.0027041656,-2.4836792e-05,0.33333334,2075
ENSG00000188086,0.0027034609,-0.0006563812,1.0,2076
ENSG00000170921,0.0027019149,0.0022243576,1.0,2077
ENSG00000136807,0.0027018886,0.001917225,1.0,2078
ENSG00000170667,0.002699554,8.208392e-05,0.33333334,2079
ENSG00000180998,0.0026958932,-0.0005383249,1.0,2080
ENSG00000155265,0.002693454,0.00068719004,1.0,2081
ENSG00000170421,0.0026924077,-0.0018796194,1.0,2082
ENSG00000170775,0.002691313,0.00030037703,1.0,2083
ENSG00000124098,0.0026912864,-0.0015227213,1.0,2084
ENSG00000140279,0.0026901944,0.0003709191,1.0,2085
ENSG00000163281,0.0026865283,0.0015669237,1.0,2086
ENSG00000168758,0.002682849,-0.00079531205,1.0,2087
ENSG00000132821,0.0026811713,0.0012545149,1.0,2088
ENSG00000131591,0.0026794206,0.002222772,1.0,2089
ENSG00000111049,0.0026791885,0.0014331517,1.0,2090
ENSG00000165092,0.0026763175,-2.8349075e-05,0.33333334,2091
ENSG00000090659,0.002676039,-0.000965965,1.0,2092
ENSG00000100209,0.0026749,-0.0025222672,1.0,2093
ENSG00000104343,0.0026746884,-0.0018880243,1.0,2094
ENSG00000004864,0.0026710387,-0.0020503246,1.0,2095
ENSG00000144445,0.0026694618,0.0021491966,1.0,2096
ENSG00000092200,0.002669424,-0.0021707527,1.0,2097
ENSG00000087263,0.00266857,0.00087513187,1.0,2098
ENSG00000162627,0.0026679998,-0.00056070666,1.0,2099
ENSG00000103089,0.0026653616,-0.0020466293,1.0,2100
ENSG00000154832,0.002664876,0.0021922535,1.0,2101
ENSG00000148848,0.002663984,0.0018247963,1.0,2102
ENSG00000173275,0.0026588524,0.0014325742,1.0,2103
ENSG00000152475,0.0026585695,-0.0014543128,1.0,2104
ENSG00000172243,0.0026567809,0.0022465813,1.0,2105
ENSG00000106780,0.0026557303,0.0017910738,1.0,2106
ENSG00000168273,0.0026533294,-0.0016898196,1.0,2107
ENSG00000171791,0.002651444,-0.0025434967,1.0,2108
ENSG00000011028,0.0026510803,0.0009452244,1.0,2109
ENSG00000117602,0.0026501352,-0.00017508953,0.33333334,2110
ENSG00000154803,0.0026486085,-0.0020408689,1.0,2111
ENSG00000119203,0.0026472409,0.00062586495,1.0,2112
ENSG00000170498,0.0026464441,-0.0011830373,1.0,2113
ENSG00000140577,0.0026453442,-0.0013281585,1.0,2114
ENSG00000151117,0.0026442006,-0.00059659476,1.0,2115
ENSG00000162613,0.002642938,-0.0021949932,1.0,2116
ENSG00000028310,0.0026422155,0.00061640283,1.0,2117
ENSG00000104368,0.0026413559,0.00022076342,1.0,2118
ENSG00000167770,0.0026390695,0.0020342944,0.33333334,2119
ENSG00000135625,0.0026374266,-0.0018736193,1.0,2120
ENSG00000133878,0.002636661,-0.00023495544,1.0,2121
ENSG00000166478,0.002633766,0.0021193658,1.0,2122
ENSG00000071051,0.0026331816,-0.00030404708,0.33333334,2123
ENSG00000134202,0.0026326433,-0.0004021315,0.33333334,2124
ENSG00000162745,0.0026321409,0.0012366042,1.0,2125
ENSG00000176281,0.0026277394,-0.00016547508,1.0,2126
ENSG00000162409,0.0026258721,-0.0009693678,1.0,2127
ENSG00000146856,0.00262352,0.0009034838,1.0,2128
ENSG00000007933,0.0026200048,0.0006236239,1.0,2129
ENSG00000116396,0.002617823,-0.0002588892,1.0,2130
ENSG00000156603,0.002617173,-0.0021098498,1.0,2131
ENSG00000160588,0.0026162576,0.0012724499,1.0,2132
ENSG00000164946,0.0026084154,0.0005351152,0.33333334,2133
ENSG00000134042,0.0026081305,-0.0004878462,1.0,2134
ENSG00000181656,0.0026067595,0.00037556735,1.0,2135
ENSG00000117625,0.0026061574,-0.0021111814,1.0,2136
ENSG00000136542,0.002606144,-0.0005802754,1.0,2137
ENSG00000132182,0.0026051265,-0.00010635178,1.0,2138
ENSG00000162378,0.002604944,0.0025697763,1.0,2139
ENSG00000102984,0.002604115,-0.0012877578,1.0,2140
ENSG00000087086,0.002603251,-0.0018333802,1.0,2141
ENSG00000100109,0.0026005178,0.0016604251,1.0,2142
ENSG00000121774,0.0025978498,-0.0024118165,1.0,2143
ENSG00000164167,0.0025956891,-0.000633364,1.0,2144
ENSG00000183813,0.0025953043,0.0014418444,1.0,2145
ENSG00000165516,0.0025934442,0.0019820633,1.0,2146
ENSG00000186566,0.002591917,0.001819272,1.0,2147
ENSG00000102882,0.002591768,-0.0014783178,1.0,2148
ENSG00000109339,0.0025891575,-0.0015246734,1.0,2149
ENSG00000174996,0.0025870823,-0.0023634434,1.0,2150
ENSG00000104853,0.0025868649,-0.0024631934,1.0,2151
ENSG00000152402,0.002586805,-0.00094445265,1.0,2152
ENSG00000143595,0.0025827703,0.0004272354,1.0,2153
ENSG00000141580,0.0025818087,-0.001476165,1.0,2154
ENSG00000139053,0.0025797784,-0.0013302217,1.0,2155
ENSG00000008513,0.002579445,-0.0017805699,1.0,2156
ENSG00000170091,0.0025777034,0.00022577257,1.0,2157
ENSG00000168283,0.0025751528,0.0016788322,1.0,2158
ENSG00000127529,0.0025718862,-0.0011788113,1.0,2159
ENSG00000196290,0.0025716599,0.00061726966,1.0,2160
ENSG00000058453,0.0025713716,0.0008706388,1.0,2161
ENSG00000106682,0.0025695523,-0.0010538897,1.0,2162
ENSG00000162482,0.002567828,-0.00071956526,1.0,2163
ENSG00000133246,0.0025657907,-0.0010366329,1.0,2164
ENSG00000140835,0.002565254,-0.0012203333,1.0,2165
ENSG00000083099,0.0025642638,0.0013171309,1.0,2166
ENSG00000100678,0.002564079,-0.0012146964,1.0,2167
ENSG00000177706,0.0025634982,0.0017916268,1.0,2168
ENSG00000078237,0.002562741,-0.00038989735,1.0,2169
ENSG00000113328,0.0025614607,-9.246881e-05,1.0,2170
ENSG00000012174,0.0025614353,-0.0004250772,1.0,2171
ENSG00000103253,0.0025607182,0.00033772658,1.0,2172
ENSG00000171431,0.0025571843,-4.537676e-05,0.33333334,2173
ENSG00000105829,0.00255565,-0.0005276166,1.0,2174
ENSG00000100503,0.0025553734,0.0022602205,1.0,2175
ENSG00000092529,0.002554864,0.002293721,1.0,2176
ENSG00000089248,0.002553931,-0.0023108397,1.0,2177
ENSG00000182771,0.0025513284,-0.000391299,1.0,2178
ENSG00000139410,0.0025481523,0.0021543598,1.0,2179
ENSG00000166387,0.0025402687,-0.0018702917,1.0,2180
ENSG00000128714,0.0025351732,-0.0006634595,1.0,2181
ENSG00000152795,0.0025350011,-0.0012360449,1.0,2182
ENSG00000184811,0.002530975,-0.00048498533,1.0,2183
ENSG00000135547,0.0025307152,-0.00056068366,0.33333334,2184
ENSG00000184677,0.0025302907,0.0016135966,1.0,2185
ENSG00000196860,0.002526937,0.0013647362,0.33333334,2186
ENSG00000117748,0.0025268402,-0.0018027449,1.0,2187
ENSG00000173812,0.0025266407,-7.386948e-05,0.33333334,2188
ENSG00000128944,0.0025265485,-0.00039031473,1.0,2189
ENSG00000100079,0.0025260404,0.00019454975,1.0,2190
ENSG00000167311,0.0025228886,0.00091802346,1.0,2191
ENSG00000122550,0.0025220988,0.00050927047,1.0,2192
ENSG00000171033,0.0025199659,-0.00026330052,1.0,2193
ENSG00000139350,0.0025167272,0.0021773856,1.0,2194
ENSG00000152463,0.0025166685,-0.0006584365,1.0,2195
ENSG00000134258,0.002516209,0.00031144163,1.0,2196
ENSG00000023191,0.0025152967,-0.0022270798,1.0,2197
ENSG00000174876,0.0025146059,0.0008924843,0.33333334,2198
ENSG00000123297,0.0025112848,-0.0022198819,1.0,2199
ENSG00000147113,0.0025108855,0.001900895,1.0,2200
ENSG00000168575,0.002509176,-0.0001543203,0.33333334,2201
ENSG00000118680,0.0025084855,-0.0019532964,1.0,2202
ENSG00000138363,0.0025074196,0.00036488092,0.33333334,2203
ENSG00000064012,0.0025036193,-0.0018671072,1.0,2204
ENSG00000169085,0.0025034382,-0.0013295822,1.0,2205
ENSG00000167850,0.0025021003,0.0011437983,1.0,2206
ENSG00000168385,0.002502052,0.0006944104,1.0,2207
ENSG00000131788,0.0025000891,-0.0016740011,1.0,2208
ENSG00000136141,0.0024996155,-0.0022574102,1.0,2209
ENSG00000073737,0.002498294,-0.0011744249,1.0,2210
ENSG00000070081,0.00249765,-0.0003825495,1.0,2211
ENSG00000129518,0.0024961855,-0.0019417241,1.0,2212
ENSG00000138798,0.00249601,-0.00016014728,0.33333334,2213
ENSG00000145781,0.002491731,-0.0015097596,1.0,2214
ENSG00000177542,0.002491588,0.0019656518,1.0,2215
ENSG00000127995,0.0024911012,-0.0022218816,1.0,2216
ENSG00000147403,0.002490937,0.0022922521,1.0,2217
ENSG00000077009,0.0024902541,0.0001638002,0.33333334,2218
ENSG00000177868,0.0024887559,0.0002879095,0.33333334,2219
ENSG00000144668,0.0024838843,0.0019611896,1.0,2220
ENSG00000083812,0.0024829928,-0.0019081592,1.0,2221
ENSG00000186854,0.0024825642,0.00012464827,0.33333334,2222
ENSG00000164520,0.0024824103,-0.0007273792,1.0,2223
ENSG00000160803,0.002481906,-0.0020326693,1.0,2224
ENSG00000149716,0.0024812124,-0.0017936853,1.0,2225
ENSG00000182557,0.0024809483,0.00018259972,1.0,2226
ENSG00000175265,0.0024765364,0.0019544873,1.0,2227
ENSG00000175202,0.0024760168,-0.00046246033,0.33333334,2228
ENSG00000116954,0.00247582,-0.0017651375,1.0,2229
ENSG00000079215,0.0024749106,0.00180811,1.0,2230
ENSG00000105865,0.0024710025,0.0014576185,1.0,2231
ENSG00000131669,0.0024694006,0.0019735955,1.0,2232
ENSG00000182831,0.0024665662,-0.002401595,1.0,2233
ENSG00000164181,0.0024640781,0.0008461564,1.0,2234
ENSG00000182134,0.0024609172,6.0585295e-05,1.0,2235
ENSG00000183304,0.0024604585,0.00022377999,1.0,2236
ENSG00000137699,0.0024595673,-0.0011140467,1.0,2237
ENSG00000132434,0.0024568366,0.00042284917,1.0,2238
ENSG00000063660,0.0024545195,-0.0010461264,0.33333334,2239
ENSG00000140465,0.0024520154,-0.00039867507,1.0,2240
ENSG00000162222,0.002451006,0.0008775058,1.0,2241
ENSG00000109794,0.002450438,0.00039449256,0.33333334,2242
ENSG00000125975,0.0024494817,0.0018484145,1.0,2243
ENSG00000176919,0.0024455625,-0.0010400306,1.0,2244
ENSG00000019991,0.002443325,0.001962328,1.0,2245
ENSG00000185483,0.0024386072,-0.0012986725,1.0,2246
ENSG00000174939,0.0024375918,0.00064970885,0.33333334,2247
ENSG00000047849,0.002436933,0.001658639,1.0,2248
ENSG00000111639,0.0024358851,0.0021715572,1.0,2249
ENSG00000154438,0.0024354327,0.0013039057,1.0,2250
ENSG00000131355,0.0024334618,0.00018052268,0.33333334,2251
ENSG00000168813,0.0024271351,0.00015923746,0.33333334,2252
ENSG00000151962,0.0024255372,0.00027696736,1.0,2253
ENSG00000152582,0.002425459,0.0017959214,1.0,2254
ENSG00000085276,0.0024253214,3.0270361e-05,0.33333334,2255
ENSG00000163162,0.0024250008,0.0017861206,1.0,2256
ENSG00000163956,0.002423629,0.0016776243,1.0,2257
ENSG00000105717,0.0024231365,-0.00029091537,1.0,2258
ENSG00000180658,0.0024221456,-0.0007127154,0.33333334,2259
ENSG00000173548,0.0024184696,-0.0012370436,1.0,2260
ENSG00000130707,0.0024178347,-0.0015933363,1.0,2261
ENSG00000180448,0.0024170743,-0.00089234626,1.0,2262
ENSG00000108654,0.0024132717,-0.002086889,1.0,2263
ENSG00000134138,0.002412414,-0.0004725405,1.0,2264
ENSG00000196405,0.0024117406,-0.0009880603,1.0,2265
ENSG00000008282,0.0024084512,0.0020600955,1.0,2266
ENSG00000096696,0.0024075673,0.00027173106,1.0,2267
ENSG00000111911,0.002406926,0.00014963066,1.0,2268
ENSG00000061492,0.0024049368,0.0008878284,1.0,2269
ENSG00000083544,0.0024043547,-0.0010239471,0.33333334,2270
ENSG00000170464,0.0024037475,-0.000934392,1.0,2271
ENSG00000180626,0.002402886,-0.00088545773,0.33333334,2272
ENSG00000112406,0.0024015668,-0.0022050354,1.0,2273
ENSG00000093217,0.002401457,-0.0017312813,1.0,2274
ENSG00000172508,0.0023981882,0.0015394073,1.0,2275
ENSG00000172775,0.0023975128,9.990189e-05,0.33333334,2276
ENSG00000162944,0.0023949675,-0.0013657737,1.0,2277
ENSG00000100023,0.0023930196,-0.0013045812,1.0,2278
ENSG00000138078,0.002391978,0.001872826,1.0,2279
ENSG00000064703,0.0023899653,-0.0018018667,1.0,2280
ENSG00000101473,0.0023832184,0.0015750179,1.0,2281
ENSG00000143970,0.0023818493,-0.0023220864,1.0,2282
ENSG00000186049,0.0023817187,-0.0012700007,1.0,2283
ENSG00000164743,0.0023809038,0.0010613052,1.0,2284
ENSG00000158553,0.0023797234,0.00084254047,1.0,2285
ENSG00000131381,0.0023781662,0.002185222,1.0,2286
ENSG00000124467,0.0023779243,-0.0015548404,1.0,2287
ENSG00000112303,0.0023742872,0.001224925,1.0,2288
ENSG00000110203,0.0023730197,0.0006882165,1.0,2289
ENSG00000077935,0.0023727862,0.001725202,1.0,2290
ENSG00000166747,0.002372245,0.0023085957,1.0,2291
ENSG00000129925,0.0023717878,0.0020588217,1.0,2292
ENSG00000140678,0.00237167,-0.001825614,1.0,2293
ENSG00000037042,0.0023708532,-0.0010786675,1.0,2294
ENSG00000104450,0.0023703934,-0.0005873252,1.0,2295
ENSG00000113643,0.0023677272,0.0013039174,1.0,2296
ENSG00000089057,0.0023676855,0.0016849387,1.0,2297
ENSG00000122574,0.0023667978,0.0010137033,1.0,2298
ENSG00000188585,0.0023662082,7.899882e-05,0.33333334,2299
ENSG00000169126,0.0023659817,0.0010920097,1.0,2300
ENSG00000100379,0.0023657207,-0.001447903,1.0,2301
ENSG00000073067,0.0023653905,-0.00093965605,1.0,2302
ENSG00000171444,0.0023647354,0.0019634692,1.0,2303
ENSG00000168348,0.0023624033,-0.0018635871,1.0,2304
ENSG00000182256,0.0023615786,-0.00020035647,1.0,2305
ENSG00000039987,0.0023586089,0.0012794746,1.0,2306
ENSG00000182463,0.0023584573,0.00012147906,0.33333334,2307
ENSG00000133997,0.0023578734,0.0016418888,1.0,2308
ENSG00000108771,0.0023576284,-0.000585834,1.0,2309
ENSG00000187260,0.0023569318,0.00048850727,1.0,2310
ENSG00000147044,0.002356467,-0.0011143768,1.0,2311
ENSG00000169862,0.0023559418,-0.00074052514,1.0,2312
ENSG00000141965,0.0023517597,0.0012792475,1.0,2313
ENSG00000157119,0.0023513685,0.0005845767,1.0,2314
ENSG00000093000,0.00235114,0.0017791623,1.0,2315
ENSG00000166575,0.0023507674,0.0019794328,1.0,2316
ENSG00000155926,0.0023497727,0.0017790472,1.0,2317
ENSG00000180828,0.002349621,0.00018033561,0.33333334,2318
ENSG00000117834,0.0023491418,-0.001894264,1.0,2319
ENSG00000167193,0.0023489075,0.00018115273,0.33333334,2320
ENSG00000145358,0.0023484377,-0.0001619117,1.0,2321
ENSG00000008311,0.0023474728,0.0013785613,1.0,2322
ENSG00000153113,0.0023470474,0.001486151,1.0,2323
ENSG00000091483,0.0023467396,0.0013215431,1.0,2324
ENSG00000135903,0.0023465604,0.00049406936,1.0,2325
ENSG00000156282,0.0023449461,-0.00026025486,1.0,2326
ENSG00000115705,0.0023421543,0.0008887709,1.0,2327
ENSG00000067836,0.002337592,0.00083865435,1.0,2328
ENSG00000157216,0.0023359011,0.0017230775,1.0,2329
ENSG00000101605,0.0023358138,-0.0016520213,1.0,2330
ENSG00000179051,0.002335068,0.00076197024,1.0,2331
ENSG00000139200,0.0023347167,0.0014143791,1.0,2332
ENSG00000115677,0.0023326485,0.0004587307,1.0,2333
ENSG00000167862,0.0023320292,0.0019582892,1.0,2334
ENSG00000122136,0.0023317544,0.0009286071,1.0,2335
ENSG00000112462,0.002331293,0.0012570603,1.0,2336
ENSG00000165164,0.002330769,-0.0013763123,1.0,2337
ENSG00000185933,0.0023289716,-0.0013557132,1.0,2338
ENSG00000165359,0.0023286405,-0.0018709643,1.0,2339
ENSG00000175104,0.0023276424,0.0015637,1.0,2340
ENSG00000023892,0.00232477,7.755102e-05,0.33333334,2341
ENSG00000008118,0.0023241385,-0.0004892273,1.0,2342
ENSG00000143630,0.0023235644,-0.0011694985,1.0,2343
ENSG00000108854,0.0023233322,-0.0021638134,1.0,2344
ENSG00000135114,0.0023230198,0.00025266342,1.0,2345
ENSG00000118508,0.0023229292,0.0006254464,1.0,2346
ENSG00000162241,0.002322798,0.00028479565,1.0,2347
ENSG00000090402,0.0023209322,-0.00022121926,1.0,2348
ENSG00000102921,0.0023197262,-0.0010473192,1.0,2349
ENSG00000124786,0.0023189147,0.000843664,1.0,2350
ENSG00000148606,0.00231807,0.0021111963,1.0,2351
ENSG00000181523,0.0023176798,0.0020292047,1.0,2352
ENSG00000169895,0.002317286,-0.0002728399,0.33333334,2353
ENSG00000185149,0.0023172132,-0.00044917373,1.0,2354
ENSG00000182903,0.002312855,-0.0010028618,0.33333334,2355
ENSG00000137274,0.0023128276,0.0006869184,1.0,2356
ENSG00000125046,0.0023115017,-0.0011065663,1.0,2357
ENSG00000184434,0.0023108767,-0.002032675,1.0,2358
ENSG00000167904,0.0023072858,-5.6231027e-08,0.33333334,2359
ENSG00000166821,0.0023056695,-0.00023048643,1.0,2360
ENSG00000185551,0.0023054173,0.0019705414,1.0,2361
ENSG00000175691,0.0023045896,-0.00022189085,0.33333334,2362
ENSG00000143001,0.0023044155,-0.0016830225,1.0,2363
ENSG00000140386,0.002304029,-0.0018134179,1.0,2364
ENSG00000117222,0.0023001798,-0.0020313065,1.0,2365
ENSG00000160868,0.0022974412,-0.002002063,1.0,2366
ENSG00000183632,0.0022939818,0.0008251423,1.0,2367
ENSG00000187595,0.0022935034,-0.0015210587,1.0,2368
ENSG00000183625,0.0022930151,0.001608586,1.0,2369
ENSG00000185052,0.0022925672,0.00030242823,1.0,2370
ENSG00000136231,0.0022916452,-0.0013872789,1.0,2371
ENSG00000196154,0.002289961,-0.0013978928,1.0,2372
ENSG00000144837,0.0022895036,-0.00031969434,1.0,2373
ENSG00000196843,0.0022891476,0.00034450437,1.0,2374
ENSG00000135945,0.0022886822,-0.0021875985,1.0,2375
ENSG00000130592,0.0022884682,0.00011658826,1.0,2376
ENSG00000183340,0.0022878477,0.001281415,1.0,2377
ENSG00000159197,0.002285741,-3.8913244e-05,0.33333334,2378
ENSG00000188283,0.002285345,-0.0020173443,1.0,2379
ENSG00000186212,0.0022835643,0.0010572906,1.0,2380
ENSG00000069122,0.0022821561,-0.00028041904,1.0,2381
ENSG00000161973,0.002282084,0.00038455523,1.0,2382
ENSG00000100296,0.0022804064,0.0016239369,1.0,2383
ENSG00000178033,0.0022793093,0.0009230737,1.0,2384
ENSG00000187699,0.0022790108,0.0013890766,1.0,2385
ENSG00000080031,0.002276012,-4.9189704e-05,1.0,2386
ENSG00000031823,0.002274285,0.0019346592,1.0,2387
ENSG00000114923,0.002273442,0.0003086268,0.33333334,2388
ENSG00000100239,0.0022733968,6.0644175e-05,0.33333334,2389
ENSG00000184502,0.0022711249,-0.00030341037,1.0,2390
ENSG00000114956,0.0022702513,-0.0021639175,1.0,2391
ENSG00000143839,0.0022696566,0.0009921795,1.0,2392
ENSG00000105193,0.002268737,0.0011554606,1.0,2393
ENSG00000127191,0.0022683544,0.0011824066,1.0,2394
ENSG00000084628,0.0022665148,-0.0013926838,1.0,2395
ENSG00000171169,0.0022659667,0.001742503,1.0,2396
ENSG00000169758,0.0022647856,0.0009314208,0.33333334,2397
ENSG00000007171,0.0022636382,0.00017559006,0.33333334,2398
ENSG00000165424,0.002263406,0.0007440134,1.0,2399
ENSG00000159055,0.0022623958,-0.0005794753,1.0,2400
ENSG00000187147,0.002260858,-0.0012916172,1.0,2401
ENSG00000119681,0.0022603672,0.00083226344,1.0,2402
ENSG00000182329,0.0022515862,-0.0017748466,1.0,2403
ENSG00000137872,0.0022511187,-0.0011951235,1.0,2404
ENSG00000188991,0.0022507955,0.0011486127,0.33333334,2405
ENSG00000167657,0.002250625,0.0010821843,1.0,2406
ENSG00000152700,0.002243919,-0.0011743106,1.0,2407
ENSG00000084733,0.0022429184,0.001100205,1.0,2408
ENSG00000137168,0.002241871,-0.0011734753,1.0,2409
ENSG00000169217,0.0022406818,0.001429835,1.0,2410
ENSG00000164935,0.0022377344,-0.0009312506,1.0,2411
ENSG00000187624,0.0022358245,0.0011913643,1.0,2412
ENSG00000156381,0.0022353742,-0.0007731067,1.0,2413
ENSG00000069275,0.0022341649,-0.0010611889,1.0,2414
ENSG00000137462,0.002232406,0.0019839474,1.0,2415
ENSG00000176797,0.0022314845,-0.001476543,1.0,2416
ENSG00000144026,0.0022314056,-0.0013416004,0.33333334,2417
ENSG00000089472,0.0022306638,-9.174711e-05,0.33333334,2418
ENSG00000157368,0.0022299571,0.00093674444,1.0,2419
ENSG00000006282,0.002229722,-0.0015487351,1.0,2420
ENSG00000183662,0.0022295474,0.0013406904,1.0,2421
ENSG00000155329,0.0022291148,0.00094813824,1.0,2422
ENSG00000124406,0.0022288754,0.0016397972,1.0,2423
ENSG00000105784,0.0022281744,-0.0013216991,1.0,2424
ENSG00000005810,0.0022275047,-0.0009870306,0.33333334,2425
ENSG00000184489,0.0022249473,0.0018987312,1.0,2426
ENSG00000187664,0.0022244398,0.00041068307,0.33333334,2427
ENSG00000132467,0.0022242684,0.0015129872,1.0,2428
ENSG00000175334,0.0022230833,0.0018757582,1.0,2429
ENSG00000142867,0.0022227636,0.0013301037,1.0,2430
ENSG00000085491,0.002222671,0.0017121071,1.0,2431
ENSG00000134452,0.0022215701,0.0018788326,1.0,2432
ENSG00000049759,0.0022211038,0.0017187056,1.0,2433
ENSG00000129691,0.0022195715,-0.0015822807,1.0,2434
ENSG00000072274,0.002218909,-0.001732807,1.0,2435
ENSG00000155034,0.0022188197,-0.00061871985,1.0,2436
ENSG00000174227,0.0022181922,0.0019120766,1.0,2437
ENSG00000173744,0.002218046,-0.0020100304,1.0,2438
ENSG00000144224,0.0022173962,-0.00029632213,1.0,2439
ENSG00000111196,0.0022170648,-0.0010908191,1.0,2440
ENSG00000167460,0.0022154565,-0.00082997937,1.0,2441
ENSG00000149798,0.002215051,0.0015781535,1.0,2442
ENSG00000128284,0.0022145791,0.00027061036,1.0,2443
ENSG00000104901,0.0022142502,-0.00046441448,1.0,2444
ENSG00000130182,0.0022137903,-0.0010700794,1.0,2445
ENSG00000121068,0.0022125493,0.00032437788,1.0,2446
ENSG00000112320,0.0022088273,0.0005980984,1.0,2447
ENSG00000108700,0.0022087363,0.00095699885,1.0,2448
ENSG00000162873,0.0022081623,0.0014478257,1.0,2449
ENSG00000053770,0.0022080021,0.0017469194,1.0,2450
ENSG00000107263,0.0022069856,-0.00075732305,1.0,2451
ENSG00000157911,0.0022064673,0.0016677644,1.0,2452
ENSG00000168743,0.0022032096,-5.7774112e-05,0.33333334,2453
ENSG00000152082,0.002202031,0.0019953838,1.0,2454
ENSG00000103152,0.0022005306,0.0018700277,1.0,2455
ENSG00000090339,0.0021996454,0.00032391257,1.0,2456
ENSG00000181733,0.0021973401,0.0008781219,1.0,2457
ENSG00000112276,0.002197006,2.1257123e-05,0.33333334,2458
ENSG00000178952,0.0021967778,-0.0009829525,1.0,2459
ENSG00000076067,0.0021948551,-0.00014783088,1.0,2460
ENSG00000185621,0.0021927615,-0.0005518186,0.33333334,2461
ENSG00000166924,0.0021917692,0.0008500012,1.0,2462
ENSG00000114861,0.0021910782,-0.0016279174,1.0,2463
ENSG00000131013,0.0021888444,0.0018290092,1.0,2464
ENSG00000100034,0.002188579,0.00085764803,1.0,2465
ENSG00000102683,0.0021884057,0.0011157586,1.0,2466
ENSG00000051341,0.0021849938,-0.0019000974,1.0,2467
ENSG00000181634,0.0021844339,0.00046721843,1.0,2468
ENSG00000111785,0.0021842327,0.0019416382,1.0,2469
ENSG00000041988,0.002180762,-0.001478083,1.0,2470
ENSG00000077238,0.0021793994,-0.0005744067,1.0,2471
ENSG00000187715,0.002179266,0.00031369028,1.0,2472
ENSG00000155428,0.002177245,0.0010869411,1.0,2473
ENSG00000116991,0.0021759404,0.001344881,1.0,2474
ENSG00000161509,0.0021741933,-0.00020129821,0.33333334,2475
ENSG00000134716,0.0021731171,0.0012999548,1.0,2476
ENSG00000137124,0.0021711702,0.00082332775,1.0,2477
ENSG00000163607,0.002170548,-4.0595547e-05,0.33333334,2478
ENSG00000160325,0.0021681553,-0.0019404362,1.0,2479
ENSG00000076248,0.0021666072,0.0013761554,1.0,2480
ENSG00000128346,0.0021636894,0.00055469456,1.0,2481
ENSG00000167508,0.0021627285,0.0017860454,1.0,2482
ENSG00000090013,0.0021619163,-0.0013945579,1.0,2483
ENSG00000182791,0.0021605017,-0.00044765053,1.0,2484
ENSG00000104524,0.0021604125,-0.0012923278,1.0,2485
ENSG00000158966,0.0021602213,-0.0008111066,1.0,2486
ENSG00000188676,0.0021598341,-0.00090608257,1.0,2487
ENSG00000168772,0.0021590702,0.00041906946,1.0,2488
ENSG00000111231,0.002158873,-0.0015070635,1.0,2489
ENSG00000101542,0.0021568039,0.0012681007,1.0,2490
ENSG00000115310,0.0021566548,0.001444494,1.0,2491
ENSG00000160310,0.0021564353,-0.0011510799,1.0,2492
ENSG00000183048,0.0021564327,-0.0021021585,1.0,2493
ENSG00000130734,0.0021563948,-0.0019783156,1.0,2494
ENSG00000186790,0.0021561703,-0.0014006762,1.0,2495
ENSG00000126803,0.002156027,0.0009146876,1.0,2496
ENSG00000074695,0.0021539659,-0.0013695079,1.0,2497
ENSG00000126752,0.0021532485,-0.0008851681,1.0,2498
ENSG00000124216,0.0021530592,0.0015595909,1.0,2499
ENSG00000149948,0.0021519847,-0.001060631,1.0,2500
ENSG00000165506,0.0021511791,8.63843e-05,0.33333334,2501
ENSG00000102226,0.0021498075,0.0008824619,0.33333334,2502
ENSG00000163825,0.0021494823,-0.0011171148,1.0,2503
ENSG00000185432,0.002149007,0.00031369287,1.0,2504
ENSG00000163141,0.0021486317,-0.00054739224,1.0,2505
ENSG00000113194,0.002148538,0.000286843,1.0,2506
ENSG00000174125,0.0021461481,-0.0016616088,1.0,2507
ENSG00000135750,0.0021454922,-0.00084156886,1.0,2508
ENSG00000124664,0.0021449567,-0.0008909949,1.0,2509
ENSG00000184371,0.0021434121,-0.0017027506,1.0,2510
ENSG00000134245,0.0021397574,0.0015371968,1.0,2511
ENSG00000189376,0.002138897,0.00055943377,1.0,2512
ENSG00000163636,0.0021387294,0.001235364,1.0,2513
ENSG00000101811,0.0021357045,-0.0011474843,1.0,2514
ENSG00000164023,0.0021348346,0.0007564292,1.0,2515
ENSG00000172748,0.0021339704,-0.0018368602,1.0,2516
ENSG00000070915,0.0021334628,-4.2757874e-05,0.33333334,2517
ENSG00000187733,0.0021304225,-0.000100373116,0.33333334,2518
ENSG00000077152,0.0021275135,-0.0016001015,1.0,2519
ENSG00000182010,0.002125994,-7.120483e-05,0.33333334,2520
ENSG00000165916,0.002122881,0.0019883383,1.0,2521
ENSG00000152292,0.0021193454,0.00014671044,1.0,2522
ENSG00000148175,0.0021154631,0.00030462662,1.0,2523
ENSG00000163029,0.002114794,0.0009766252,1.0,2524
ENSG00000068724,0.0021145123,-0.00060033886,1.0,2525
ENSG00000170296,0.0021143488,0.0012676455,1.0,2526
ENSG00000131043,0.0021137341,0.00068937667,1.0,2527
ENSG00000141655,0.0021136308,-0.00034893292,1.0,2528
ENSG00000162620,0.0021119076,0.00028109693,0.33333334,2529
ENSG00000170893,0.0021106272,0.0001840806,0.33333334,2530
ENSG00000099282,0.002108943,-0.0012760564,1.0,2531
ENSG00000156697,0.0021084517,-0.00072845345,1.0,2532
ENSG00000104760,0.0021083911,0.00024309498,1.0,2533
ENSG00000168303,0.0021081776,0.0008011809,1.0,2534
ENSG00000011426,0.0021047462,0.00012305517,0.33333334,2535
ENSG00000102393,0.002103714,0.00022453716,1.0,2536
ENSG00000188266,0.002102885,0.00076640217,1.0,2537
ENSG00000137100,0.002102774,0.0013736761,1.0,2538
ENSG00000139767,0.0021013962,0.00070391054,1.0,2539
ENSG00000161714,0.0021011792,0.0018260222,1.0,2540
ENSG00000122696,0.0021006356,0.0010096426,0.33333334,2541
ENSG00000130119,0.0021006307,0.0010867751,1.0,2542
ENSG00000142910,0.0020992586,-0.0010714172,1.0,2543
ENSG00000173714,0.0020976877,0.0014450751,1.0,2544
ENSG00000137337,0.0020975342,-0.0014496758,1.0,2545
ENSG00000164465,0.0020964567,-0.001004598,1.0,2546
ENSG00000134278,0.0020912292,-0.00016621024,0.33333334,2547
ENSG00000146376,0.002091214,-0.0010655852,1.0,2548
ENSG00000118017,0.0020906413,-0.00047619749,1.0,2549
ENSG00000183207,0.0020903626,0.0019338968,1.0,2550
ENSG00000091536,0.002086909,0.0008941056,1.0,2551
ENSG00000173451,0.0020866669,-0.00060743775,1.0,2552
ENSG00000151876,0.0020860473,0.00057232234,1.0,2553
ENSG00000135914,0.002085706,0.00084284315,1.0,2554
ENSG00000030110,0.0020851737,-0.0005071527,1.0,2555
ENSG00000084110,0.002083647,0.0014425069,1.0,2556
ENSG00000129173,0.0020827428,-0.0009789964,1.0,2557
ENSG00000183087,0.0020824524,-0.0015271461,1.0,2558
ENSG00000119919,0.0020813632,-0.00057321886,1.0,2559
ENSG00000130173,0.002081239,-0.00037423742,0.33333334,2560
ENSG00000150636,0.0020810866,0.0012984936,1.0,2561
ENSG00000183971,0.0020794882,-0.00016334064,0.33333334,2562
ENSG00000116005,0.0020785893,-0.0005022477,1.0,2563
ENSG00000175514,0.0020775376,-0.00035156598,0.33333334,2564
ENSG00000134824,0.002074629,0.001134452,1.0,2565
ENSG00000160058,0.002072993,0.00053919706,1.0,2566
ENSG00000173335,0.0020723057,-0.00058024976,1.0,2567
ENSG00000106823,0.0020703904,-0.0018982227,1.0,2568
ENSG00000137558,0.0020701399,-0.00061135355,1.0,2569
ENSG00000182040,0.0020684404,-0.0005058349,1.0,2570
ENSG00000034971,0.0020684255,0.0006087194,1.0,2571
ENSG00000100416,0.0020673247,-0.0011881227,1.0,2572
ENSG00000150893,0.0020672644,0.00015980576,0.33333334,2573
ENSG00000160791,0.0020669692,0.00043381352,1.0,2574
ENSG00000172534,0.0020667247,-0.0017700208,1.0,2575
ENSG00000169139,0.002066501,-0.0010688448,1.0,2576
ENSG00000154719,0.0020662132,0.00022532842,1.0,2577
ENSG00000166166,0.0020658087,0.0015318725,1.0,2578
ENSG00000006468,0.002065156,0.00020951584,0.33333334,2579
ENSG00000120068,0.0020643503,-0.00067727035,1.0,2580
ENSG00000186103,0.002064015,0.0013433113,1.0,2581
ENSG00000196387,0.0020637496,-0.001040948,1.0,2582
ENSG00000170471,0.0020613414,0.00029760657,0.33333334,2583
ENSG00000129864,0.0020605081,0.00029056036,0.33333334,2584
ENSG00000120054,0.002059003,-0.00096278597,1.0,2585
ENSG00000153147,0.002056801,-0.0017220797,1.0,2586
ENSG00000129295,0.0020556503,-0.0007708378,1.0,2587
ENSG00000179304,0.0020550303,2.4110486e-06,0.33333334,2588
ENSG00000107815,0.0020538287,0.0010347358,1.0,2589
ENSG00000183709,0.0020535244,0.00024052024,0.33333334,2590
ENSG00000130829,0.002053121,0.0006281962,1.0,2591
ENSG00000169006,0.0020531125,0.00040508294,1.0,2592
ENSG00000152102,0.0020516543,9.948361e-06,0.33333334,2593
ENSG00000181965,0.0020515255,-0.00028607028,1.0,2594
ENSG00000116691,0.0020499653,-0.0017204738,1.0,2595
ENSG00000118194,0.0020499493,0.0013645627,1.0,2596
ENSG00000170624,0.0020496587,0.00069426437,0.33333334,2597
ENSG00000181240,0.0020491716,0.0011313647,1.0,2598
ENSG00000141748,0.002048746,-0.00019339776,1.0,2599
ENSG00000188015,0.0020479436,0.0008736006,0.33333334,2600
ENSG00000107295,0.0020468298,-0.00023533449,1.0,2601
ENSG00000178149,0.0020463977,0.0017936003,1.0,2602
ENSG00000160746,0.0020456787,-0.0007916567,1.0,2603
ENSG00000186980,0.0020449918,0.000749744,1.0,2604
ENSG00000176438,0.0020446933,-0.0017814006,1.0,2605
ENSG00000124160,0.002044351,-0.0017136494,1.0,2606
ENSG00000168003,0.0020440498,0.001351621,1.0,2607
ENSG00000105370,0.0020436544,0.00019926137,1.0,2608
ENSG00000130545,0.0020431268,-0.0016427231,1.0,2609
ENSG00000168538,0.0020426102,-0.0018685594,1.0,2610
ENSG00000128228,0.0020420875,0.0018345636,1.0,2611
ENSG00000196131,0.0020416921,0.0005971987,1.0,2612
ENSG00000167005,0.0020416223,-0.0014927149,1.0,2613
ENSG00000167822,0.0020409026,-1.817212e-05,0.33333334,2614
ENSG00000102312,0.00204062,-0.0016004908,1.0,2615
ENSG00000102452,0.002038737,0.00092213805,1.0,2616
ENSG00000069702,0.002038604,-0.0010901861,1.0,2617
ENSG00000092036,0.0020379715,-0.0001996334,1.0,2618
ENSG00000164104,0.0020368265,-0.00104025,1.0,2619
ENSG00000100884,0.002036358,-0.0011171423,1.0,2620
ENSG00000110900,0.002035835,-4.850432e-06,0.33333334,2621
ENSG00000156218,0.002035809,-0.0005222936,1.0,2622
ENSG00000141384,0.0020331342,-0.0015413071,0.33333334,2623
ENSG00000117148,0.002032981,-0.0011627153,1.0,2624
ENSG00000119711,0.002032743,0.00024465474,1.0,2625
ENSG00000146955,0.0020324567,-0.0005319142,1.0,2626
ENSG00000157445,0.0020296853,-0.00054093375,1.0,2627
ENSG00000105398,0.0020272026,0.00050714286,1.0,2628
ENSG00000152359,0.0020260417,0.0015314636,1.0,2629
ENSG00000063241,0.0020257167,0.0013701027,1.0,2630
ENSG00000091986,0.002021706,0.0008075274,1.0,2631
ENSG00000156973,0.0020190803,0.0009968281,1.0,2632
ENSG00000165819,0.0020186754,-0.0018586548,1.0,2633
ENSG00000177239,0.002018197,-0.001439267,1.0,2634
ENSG00000168646,0.0020175248,-0.00066087226,1.0,2635
ENSG00000100068,0.0020158726,-0.0016981158,1.0,2636
ENSG00000126467,0.0020153434,-3.8747676e-06,0.33333334,2637
ENSG00000135355,0.0020149846,-0.0008709515,1.0,2638
ENSG00000102144,0.0020149422,-0.00026876217,1.0,2639
ENSG00000129990,0.0020138647,-0.0010701625,1.0,2640
ENSG00000136052,0.0020124412,0.0009294084,1.0,2641
ENSG00000164794,0.0020111396,-9.9882214e-05,0.33333334,2642
ENSG00000182177,0.002010578,-9.477123e-05,0.33333334,2643
ENSG00000163254,0.0020101669,7.3928095e-05,0.33333334,2644
ENSG00000141098,0.0020078535,0.00018731806,1.0,2645
ENSG00000160838,0.0020065925,-0.0004185394,1.0,2646
ENSG00000054267,0.002005932,0.001293816,0.33333334,2647
ENSG00000138083,0.002005195,-0.0010223909,1.0,2648
ENSG00000148399,0.0020040653,0.00095007505,1.0,2649
ENSG00000052841,0.0020030804,-0.0012489151,1.0,2650
ENSG00000150712,0.0020021189,0.0016238441,1.0,2651
ENSG00000138182,0.0020018618,-0.0018137399,1.0,2652
ENSG00000100055,0.0020010732,-0.0015547117,1.0,2653
ENSG00000135218,0.0020002725,0.0012280924,1.0,2654
ENSG00000104290,0.0019999808,-0.00032090637,1.0,2655
ENSG00000135535,0.0019999656,-0.0011308453,1.0,2656
ENSG00000128524,0.0019993987,-0.0003983417,0.33333334,2657
ENSG00000145685,0.0019991756,0.0013102903,1.0,2658
ENSG00000185339,0.0019976525,-0.0006161611,1.0,2659
ENSG00000152932,0.0019965202,0.00047693527,0.33333334,2660
ENSG00000115239,0.0019964727,-0.0017766451,1.0,2661
ENSG00000166971,0.0019957824,0.00038710528,1.0,2662
ENSG00000185002,0.0019948597,0.0006175419,1.0,2663
ENSG00000121104,0.0019938322,0.0012284329,1.0,2664
ENSG00000146109,0.0019936662,-0.0014074999,1.0,2665
ENSG00000110013,0.0019927172,-0.0013998415,1.0,2666
ENSG00000072958,0.0019919553,0.0017400986,1.0,2667
ENSG00000189132,0.0019909283,-0.00092135806,1.0,2668
ENSG00000185298,0.0019889933,-0.0018047359,1.0,2669
ENSG00000142546,0.001987892,0.0018666183,1.0,2670
ENSG00000183831,0.001987282,-0.00065351254,1.0,2671
ENSG00000183248,0.0019872459,-0.0018128679,1.0,2672
ENSG00000097033,0.0019857737,0.00071408314,1.0,2673
ENSG00000126246,0.0019854757,-0.0006885459,1.0,2674
ENSG00000140876,0.0019846894,-0.00066076196,1.0,2675
ENSG00000103653,0.0019834547,-0.0014470681,1.0,2676
ENSG00000117877,0.001981549,-0.0013732124,1.0,2677
ENSG00000159784,0.00198124,-0.00025475057,1.0,2678
ENSG00000099715,0.001981225,0.0012822183,1.0,2679
ENSG00000111962,0.0019805306,-0.00074378727,1.0,2680
ENSG00000122783,0.0019804023,-0.0008460695,1.0,2681
ENSG00000155115,0.0019783583,-0.0011777937,1.0,2682
ENSG00000187800,0.001978155,0.00084273,1.0,2683
ENSG00000132874,0.0019770905,0.00093969563,1.0,2684
ENSG00000001084,0.0019758793,0.001197401,1.0,2685
ENSG00000121350,0.0019750202,0.0011915833,1.0,2686
ENSG00000120029,0.001970365,-0.00095796416,1.0,2687
ENSG00000002726,0.0019664809,0.0010199026,1.0,2688
ENSG00000165699,0.001966064,-0.00022158834,0.33333334,2689
ENSG00000131400,0.001964688,0.00016365359,1.0,2690
ENSG00000132768,0.0019627344,-0.0015811861,1.0,2691
ENSG00000101958,0.0019622052,-0.0010717101,1.0,2692
ENSG00000100603,0.0019594727,5.6677833e-05,0.33333334,2693
ENSG00000160712,0.0019593046,-0.0015440962,1.0,2694
ENSG00000147256,0.00195687,-0.00011987981,1.0,2695
ENSG00000116584,0.001956429,0.000750625,1.0,2696
ENSG00000141736,0.001956253,0.0013136026,1.0,2697
ENSG00000060718,0.0019556934,0.0010379237,1.0,2698
ENSG00000160551,0.001955249,-0.0018993135,1.0,2699
ENSG00000133104,0.0019481862,-0.0014432888,1.0,2700
ENSG00000155304,0.0019473139,0.0013985113,1.0,2701
ENSG00000174953,0.0019449092,0.0018051927,1.0,2702
ENSG00000116473,0.001939545,0.0017770645,1.0,2703
ENSG00000101331,0.0019380897,0.0017188579,1.0,2704
ENSG00000164393,0.0019379895,-0.0011671413,1.0,2705
ENSG00000162702,0.0019376557,0.0018704083,1.0,2706
ENSG00000074071,0.0019349296,0.0010255707,0.33333334,2707
ENSG00000110987,0.0019329168,0.00052809104,0.33333334,2708
ENSG00000149451,0.0019327992,8.3884246e-05,1.0,2709
ENSG00000162909,0.001927432,-0.00034049654,1.0,2710
ENSG00000066468,0.0019262157,0.0003970333,1.0,2711
ENSG00000166803,0.001925558,0.0016130013,1.0,2712
ENSG00000181754,0.0019245563,-0.0012019762,1.0,2713
ENSG00000166664,0.0019240625,0.0012962179,1.0,2714
ENSG00000171988,0.0019217645,0.00060449727,0.33333334,2715
ENSG00000100219,0.0019207323,0.00042389662,1.0,2716
ENSG00000143365,0.0019196668,0.0005580322,1.0,2717
ENSG00000168314,0.0019188194,0.0005949166,1.0,2718
ENSG00000145321,0.0019177567,0.00063270726,1.0,2719
ENSG00000166317,0.0019173627,-0.00076631276,1.0,2720
ENSG00000181804,0.0019166531,-0.0011561112,1.0,2721
ENSG00000163235,0.0019164846,-9.978856e-05,0.33333334,2722
ENSG00000168878,0.0019143826,0.0003109713,1.0,2723
ENSG00000147649,0.0019118566,0.0012099029,1.0,2724
ENSG00000100425,0.0019103201,-0.00018572104,1.0,2725
ENSG00000144355,0.0019103017,-0.0001507273,0.33333334,2726
ENSG00000160917,0.0019084428,0.0004098794,1.0,2727
ENSG00000165061,0.0019068379,0.0005560712,1.0,2728
ENSG00000186350,0.0019057575,-0.0005412473,0.33333334,2729
ENSG00000108551,0.0019051811,0.0010860817,1.0,2730
ENSG00000155495,0.0019050649,-0.00039679577,1.0,2731
ENSG00000143476,0.0019039117,0.000767251,1.0,2732
ENSG00000132613,0.0019033811,-0.0009741468,1.0,2733
ENSG00000076554,0.0019028756,-0.0013559099,1.0,2734
ENSG00000138430,0.0019023991,-0.0013480983,1.0,2735
ENSG00000125122,0.0019023201,0.00024613668,1.0,2736
ENSG00000185947,0.0019017352,1.3730159e-05,0.33333334,2737
ENSG00000091010,0.0018999608,-0.00036628716,1.0,2738
ENSG00000173156,0.0018985812,0.0017658849,1.0,2739
ENSG00000179456,0.001897846,-0.00010194425,0.33333334,2740
ENSG00000126778,0.0018975772,-0.0007713517,1.0,2741
ENSG00000166783,0.0018958794,-0.0015768795,1.0,2742
ENSG00000149636,0.0018957813,-0.0001647981,1.0,2743
ENSG00000122852,0.0018957779,0.0006165471,1.0,2744
ENSG00000180785,0.0018952847,-0.00089010847,1.0,2745
ENSG00000088298,0.0018951945,-0.00049054733,1.0,2746
ENSG00000132463,0.0018947516,5.2864383e-05,0.33333334,2747
ENSG00000171564,0.0018939498,0.0005621673,1.0,2748
ENSG00000129116,0.0018935545,0.00046230154,1.0,2749
ENSG00000160345,0.0018931506,0.0015142976,1.0,2750
ENSG00000177453,0.0018922178,0.0005629168,1.0,2751
ENSG00000081138,0.0018904055,0.00023149898,1.0,2752
ENSG00000055955,0.0018900065,-0.00030240128,1.0,2753
ENSG00000152223,0.0018888003,-0.0003284374,1.0,2754
ENSG00000132911,0.0018882607,-0.00021585106,1.0,2755
ENSG00000120742,0.0018873289,0.0013945312,1.0,2756
ENSG00000174279,0.0018872641,-0.00026328664,1.0,2757
ENSG00000168071,0.0018868084,-0.0008374327,1.0,2758
ENSG00000125409,0.0018850191,0.00017932046,1.0,2759
ENSG00000161653,0.00188421,-0.00032242876,1.0,2760
ENSG00000131094,0.001882275,0.0014139554,1.0,2761
ENSG00000123427,0.001880594,-0.0011592926,1.0,2762
ENSG00000004059,0.0018801541,0.00031351496,0.33333334,2763
ENSG00000143995,0.0018799604,-0.0013068296,1.0,2764
ENSG00000146809,0.001879673,0.0012975287,1.0,2765
ENSG00000178764,0.0018794633,0.0010112034,1.0,2766
ENSG00000109113,0.0018744321,0.0013933977,1.0,2767
ENSG00000102974,0.0018743636,0.0002866638,1.0,2768
ENSG00000123219,0.0018700411,-0.0011436464,1.0,2769
ENSG00000136014,0.0018691341,-0.0007603984,1.0,2770
ENSG00000160194,0.0018682395,-0.00024136303,1.0,2771
ENSG00000144406,0.0018680515,-0.0007897904,1.0,2772
ENSG00000158470,0.0018673675,-6.9752925e-05,0.33333334,2773
ENSG00000122644,0.0018661534,0.00015451325,0.33333334,2774
ENSG00000139546,0.0018656915,-0.0014584583,1.0,2775
ENSG00000175550,0.0018645945,-0.0005086199,0.33333334,2776
ENSG00000182070,0.0018635116,6.1178484e-06,0.33333334,2777
ENSG00000163867,0.0018607232,0.0016060965,1.0,2778
ENSG00000136816,0.0018606683,0.00039495828,1.0,2779
ENSG00000169714,0.0018604683,-0.0002304563,0.33333334,2780
ENSG00000102384,0.0018590087,0.00033032414,1.0,2781
ENSG00000176974,0.001857422,-0.0005771913,1.0,2782
ENSG00000118495,0.0018571517,0.001046068,1.0,2783
ENSG00000120937,0.0018555174,0.0008796307,1.0,2784
ENSG00000187193,0.0018543275,-0.000107209584,0.33333334,2785
ENSG00000131055,0.001851968,0.0015648977,1.0,2786
ENSG00000148225,0.001851669,0.0008622252,1.0,2787
ENSG00000103494,0.0018508933,0.00053102215,0.33333334,2788
ENSG00000186897,0.0018502973,0.0009978643,1.0,2789
ENSG00000176490,0.0018493024,0.00015427654,0.33333334,2790
ENSG00000065600,0.0018451096,0.0012817603,1.0,2791
ENSG00000140807,0.0018449601,0.00019363116,0.33333334,2792
ENSG00000158195,0.0018441896,-0.0014059363,1.0,2793
ENSG00000068394,0.001843274,-0.00086968235,1.0,2794
ENSG00000128039,0.0018427739,0.00059804675,0.33333334,2795
ENSG00000129646,0.0018415753,0.0011671969,1.0,2796
ENSG00000115020,0.0018412444,-0.0012888045,1.0,2797
ENSG00000136518,0.001840792,6.756669e-05,0.33333334,2798
ENSG00000110429,0.0018402194,0.0017369669,1.0,2799
ENSG00000110921,0.0018394425,0.000918563,1.0,2800
ENSG00000160613,0.001838244,-0.0017067083,1.0,2801
ENSG00000129673,0.0018371105,0.0009079321,1.0,2802
ENSG00000182372,0.0018358795,-0.0014425777,1.0,2803
ENSG00000079277,0.0018356933,-0.0007133717,0.33333334,2804
ENSG00000139644,0.0018354888,-0.0013741172,0.33333334,2805
ENSG00000145384,0.0018335875,0.0010117424,1.0,2806
ENSG00000196620,0.0018304823,8.919607e-05,0.33333334,2807
ENSG00000119537,0.0018293886,-0.0013164249,1.0,2808
ENSG00000118276,0.0018289493,-0.000783174,1.0,2809
ENSG00000124374,0.0018286747,-0.00089492137,1.0,2810
ENSG00000101361,0.0018283686,-0.0010583089,1.0,2811
ENSG00000186886,0.0018280741,-0.0004097124,1.0,2812
ENSG00000147121,0.0018274509,0.00029271466,0.33333334,2813
ENSG00000103479,0.0018271332,-7.772321e-05,0.33333334,2814
ENSG00000186529,0.0018247514,-0.00034940685,1.0,2815
ENSG00000138472,0.0018224409,-0.00056098076,1.0,2816
ENSG00000109101,0.0018217647,0.00043457377,0.33333334,2817
ENSG00000100596,0.0018210481,-0.0015585754,1.0,2818
ENSG00000172296,0.001819761,-0.00013723687,0.33333334,2819
ENSG00000041515,0.0018182,0.0010687253,1.0,2820
ENSG00000072182,0.0018181121,-1.6301085e-05,0.33333334,2821
ENSG00000182749,0.0018178091,-0.0013706955,1.0,2822
ENSG00000107859,0.0018172245,-0.00018539163,0.33333334,2823
ENSG00000164961,0.001812751,-0.0015933529,1.0,2824
ENSG00000101126,0.0018123462,-0.00083580636,1.0,2825
ENSG00000082212,0.0018118221,0.0011920457,1.0,2826
ENSG00000111843,0.0018095361,-0.0006958964,1.0,2827
ENSG00000102743,0.0018081652,0.0007704335,1.0,2828
ENSG00000174982,0.0018073289,-0.0006282804,1.0,2829
ENSG00000183185,0.0018057814,-0.00059631903,1.0,2830
ENSG00000165209,0.0018049515,0.0013759324,1.0,2831
ENSG00000141458,0.0018037002,-0.00067299063,1.0,2832
ENSG00000159884,0.0018026045,0.0012026344,1.0,2833
ENSG00000107551,0.0018010765,-0.00035634552,1.0,2834
ENSG00000137878,0.0018009493,-0.0004424356,1.0,2835
ENSG00000146013,0.0017989507,-0.00044954964,1.0,2836
ENSG00000146426,0.0017982532,0.0012225107,1.0,2837
ENSG00000175189,0.0017977742,-0.0006431969,1.0,2838
ENSG00000003393,0.0017950792,-0.0013599863,1.0,2839
ENSG00000111729,0.0017946133,0.0016690386,1.0,2840
ENSG00000164087,0.0017928006,-0.0011340317,1.0,2841
ENSG00000151923,0.0017925124,-0.00019727174,1.0,2842
ENSG00000170231,0.001792472,-0.0009030619,1.0,2843
ENSG00000179715,0.0017910426,-0.001040043,1.0,2844
ENSG00000150093,0.0017906134,-0.0014011064,1.0,2845
ENSG00000161996,0.0017903233,0.0009772535,1.0,2846
ENSG00000113068,0.0017889924,-0.0013985293,1.0,2847
ENSG00000137675,0.0017881148,0.0006635645,1.0,2848
ENSG00000171759,0.0017876968,-4.0855953e-06,0.33333334,2849
ENSG00000119636,0.0017874163,-0.00110525,1.0,2850
ENSG00000185163,0.001786902,0.0015852846,1.0,2851
ENSG00000164649,0.0017865691,-0.0006793774,0.33333334,2852
ENSG00000081014,0.0017828025,-0.0008095882,0.33333334,2853
ENSG00000141429,0.0017815707,0.0012438305,1.0,2854
ENSG00000066322,0.0017815471,0.0012273578,1.0,2855
ENSG00000149021,0.0017811736,0.00031049293,1.0,2856
ENSG00000188730,0.0017810374,-0.00033112254,1.0,2857
ENSG00000180872,0.0017807428,0.00020238245,0.33333334,2858
ENSG00000170608,0.0017795811,0.0011787788,1.0,2859
ENSG00000100346,0.0017779794,-0.0002556691,0.33333334,2860
ENSG00000108179,0.001775036,0.00071638875,1.0,2861
ENSG00000104611,0.001774754,-0.00075766444,1.0,2862
ENSG00000143344,0.0017739186,-0.000551967,1.0,2863
ENSG00000149761,0.0017738607,0.0013007702,1.0,2864
ENSG00000099864,0.0017736703,-0.0010362598,1.0,2865
ENSG00000105679,0.0017735716,-0.0015988747,1.0,2866
ENSG00000160298,0.0017734687,-0.0002659513,1.0,2867
ENSG00000181555,0.0017717872,0.0015600235,1.0,2868
ENSG00000125843,0.0017711351,-0.00018479921,0.33333334,2869
ENSG00000056586,0.0017700233,-0.00020623098,0.33333334,2870
ENSG00000120832,0.0017692487,-0.00072594493,1.0,2871
ENSG00000159082,0.0017685847,-0.001174612,1.0,2872
ENSG00000152556,0.0017683939,-0.00014109568,1.0,2873
ENSG00000147684,0.001765931,0.001010557,1.0,2874
ENSG00000173662,0.0017656498,-0.00018665109,1.0,2875
ENSG00000163541,0.0017636869,-0.0010807035,1.0,2876
ENSG00000115268,0.0017636782,0.0017137466,1.0,2877
ENSG00000120526,0.0017613849,-0.0013429212,1.0,2878
ENSG00000133020,0.001760983,-0.0006955214,1.0,2879
ENSG00000107404,0.0017584093,0.0014749664,1.0,2880
ENSG00000145425,0.0017572275,-0.00012993971,1.0,2881
ENSG00000178187,0.0017568584,0.0013943883,1.0,2882
ENSG00000115207,0.0017554943,-0.0005370535,0.33333334,2883
ENSG00000025708,0.0017543389,-0.00027014755,1.0,2884
ENSG00000177383,0.0017538322,0.0014283042,1.0,2885
ENSG00000170836,0.0017521186,0.0011749916,1.0,2886
ENSG00000152056,0.0017517227,0.0009611117,1.0,2887
ENSG00000157578,0.0017516402,-0.0010340437,1.0,2888
ENSG00000137776,0.0017515946,-0.0011233514,1.0,2889
ENSG00000166002,0.0017496111,-0.0013733889,1.0,2890
ENSG00000136574,0.00174488,-0.00075368345,1.0,2891
ENSG00000050327,0.0017441929,0.00033572046,1.0,2892
ENSG00000152213,0.0017440856,-0.00066838163,1.0,2893
ENSG00000188508,0.0017420774,0.00019332652,0.33333334,2894
ENSG00000196468,0.0017399648,0.00061307853,1.0,2895
ENSG00000075886,0.0017395345,-0.001451457,1.0,2896
ENSG00000184347,0.0017381062,0.00074875634,1.0,2897
ENSG00000154734,0.0017377827,0.00046134184,1.0,2898
ENSG00000101337,0.0017352529,0.0006106438,0.33333334,2899
ENSG00000152944,0.0017350768,-0.0008231772,1.0,2900
ENSG00000163686,0.0017349961,0.0003639372,1.0,2901
ENSG00000168101,0.0017332801,0.0011855817,1.0,2902
ENSG00000105963,0.0017332326,-0.0012583901,1.0,2903
ENSG00000154370,0.0017331797,-0.0006158506,1.0,2904
ENSG00000169484,0.0017327532,-0.00048793355,1.0,2905
ENSG00000196589,0.0017325849,0.0003193716,1.0,2906
ENSG00000153684,0.0017314261,0.00029568034,1.0,2907
ENSG00000167157,0.0017304482,-0.0009679475,1.0,2908
ENSG00000148300,0.0017304294,0.001285958,1.0,2909
ENSG00000103769,0.0017304234,0.0012271408,1.0,2910
ENSG00000137033,0.0017273234,8.299539e-05,0.33333334,2911
ENSG00000168556,0.0017252153,0.0005419269,1.0,2912
ENSG00000166913,0.0017219143,0.0012944016,1.0,2913
ENSG00000129245,0.0017205948,0.0010165753,1.0,2914
ENSG00000143772,0.00172057,0.0004673803,1.0,2915
ENSG00000127445,0.0017201271,0.001527673,1.0,2916
ENSG00000169884,0.0017198398,-9.577486e-05,1.0,2917
ENSG00000189227,0.0017181659,-0.0010156877,1.0,2918
ENSG00000143570,0.0017178584,0.0009359329,1.0,2919
ENSG00000166947,0.0017176572,-0.00029106982,0.33333334,2920
ENSG00000105894,0.0017153532,0.00014092539,0.33333334,2921
ENSG00000066739,0.0017129513,-0.00044060036,0.33333334,2922
ENSG00000101187,0.0017122211,-0.00043635222,1.0,2923
ENSG00000161939,0.0017121454,-1.0756868e-05,0.33333334,2924
ENSG00000144043,0.0017120293,-0.0012612323,1.0,2925
ENSG00000173020,0.001711724,0.00073360186,0.33333334,2926
ENSG00000112308,0.0017081881,0.00020381255,1.0,2927
ENSG00000184454,0.0017068853,0.00012451896,0.33333334,2928
ENSG00000100360,0.0017068736,0.00077597547,1.0,2929
ENSG00000136367,0.0017064515,-0.0003292814,0.33333334,2930
ENSG00000138028,0.0017052926,-0.00028072088,1.0,2931
ENSG00000186190,0.0017042462,-0.0005035235,1.0,2932
ENSG00000105479,0.0017037509,-0.00044548613,0.33333334,2933
ENSG00000188739,0.00170349,0.0006293123,1.0,2934
ENSG00000188100,0.0017026995,-0.00012131559,0.33333334,2935
ENSG00000115825,0.0017022729,0.0010984768,1.0,2936
ENSG00000183862,0.0017013793,-0.00065014645,1.0,2937
ENSG00000022277,0.0017007884,0.0005295189,1.0,2938
ENSG00000150456,0.0017001145,-0.0012281502,1.0,2939
ENSG00000154589,0.001700064,-0.00036018682,1.0,2940
ENSG00000154511,0.0016998491,0.0003764635,1.0,2941
ENSG00000116514,0.0016983139,0.00024099904,1.0,2942
ENSG00000165732,0.0016972191,-0.001374574,1.0,2943
ENSG00000136490,0.0016968576,-0.0007755545,1.0,2944
ENSG00000100804,0.0016947411,-0.0013235096,1.0,2945
ENSG00000178531,0.0016939542,0.0011347278,1.0,2946
ENSG00000082146,0.00169336,0.0013419804,1.0,2947
ENSG00000147381,0.0016924873,-0.0005358307,1.0,2948
ENSG00000182645,0.0016902337,-0.00016866562,1.0,2949
ENSG00000196436,0.0016894853,3.5735906e-05,0.33333334,2950
ENSG00000163064,0.0016889431,0.00012537185,1.0,2951
ENSG00000121022,0.0016887629,-0.0011157595,1.0,2952
ENSG00000139990,0.0016885962,0.0005690386,1.0,2953
ENSG00000188976,0.0016885685,0.0013791462,1.0,2954
ENSG00000128645,0.0016875607,1.933476e-05,0.33333334,2955
ENSG00000115361,0.0016856255,0.00028557028,1.0,2956
ENSG00000181284,0.0016851757,0.0012296158,1.0,2957
ENSG00000186635,0.0016851466,-0.0002696682,1.0,2958
ENSG00000145220,0.001684314,-0.00090683345,1.0,2959
ENSG00000129472,0.0016835987,0.0009376322,1.0,2960
ENSG00000171401,0.0016834327,-0.00040351728,1.0,2961
ENSG00000100575,0.0016832385,-0.00063671765,0.33333334,2962
ENSG00000109536,0.0016814832,-0.00013346152,0.33333334,2963
ENSG00000163218,0.0016803186,0.00054656423,1.0,2964
ENSG00000115414,0.0016793398,0.0006502116,1.0,2965
ENSG00000120451,0.0016777422,0.0011953947,1.0,2966
ENSG00000154102,0.0016774079,0.00016428123,0.33333334,2967
ENSG00000165807,0.0016767472,-1.5919097e-05,0.33333334,2968
ENSG00000100739,0.0016745353,0.00077040755,1.0,2969
ENSG00000153914,0.0016744757,0.0013342449,1.0,2970
ENSG00000127324,0.001674156,0.0005308441,1.0,2971
ENSG00000068120,0.0016739974,-0.0015312387,1.0,2972
ENSG00000060069,0.0016738136,-0.0003516127,1.0,2973
ENSG00000173585,0.0016731852,-5.985882e-05,0.33333334,2974
ENSG00000171509,0.001672163,-0.00032576197,1.0,2975
ENSG00000186153,0.0016718284,-0.001014595,0.33333334,2976
ENSG00000167741,0.0016717451,-0.00025571045,0.33333334,2977
ENSG00000112584,0.001671454,4.481983e-05,0.33333334,2978
ENSG00000100325,0.001671312,-0.0015215129,1.0,2979
ENSG00000149927,0.0016709146,0.0010380731,1.0,2980
ENSG00000062038,0.0016684132,0.0011174802,1.0,2981
ENSG00000135829,0.0016656484,-0.001091056,1.0,2982
ENSG00000136866,0.0016648251,0.000640861,0.33333334,2983
ENSG00000166881,0.0016647829,0.0014597519,1.0,2984
ENSG00000091844,0.0016646516,0.0012330107,1.0,2985
ENSG00000169583,0.001664645,0.0010213476,1.0,2986
ENSG00000172594,0.0016639518,0.00066685985,1.0,2987
ENSG00000163660,0.0016639475,0.0012895259,1.0,2988
ENSG00000167978,0.0016638463,0.0011151347,1.0,2989
ENSG00000174788,0.0016629217,-0.001216061,1.0,2990
ENSG00000068323,0.0016624687,0.00038028575,0.33333334,2991
ENSG00000071677,0.0016605271,-0.0012024107,1.0,2992
ENSG00000065717,0.0016597142,-0.0008537549,0.33333334,2993
ENSG00000115539,0.0016591285,-0.0015156558,1.0,2994
ENSG00000186806,0.0016578888,-0.0010840242,1.0,2995
ENSG00000103381,0.001656354,0.00015698446,0.33333334,2996
ENSG00000143494,0.001654475,0.00081358245,1.0,2997
ENSG00000113734,0.0016534164,-0.0011623075,1.0,2998
ENSG00000182393,0.0016521324,0.0004409294,1.0,2999
ENSG00000113088,0.001651451,-0.0002868122,1.0,3000
ENSG00000125787,0.0016509957,0.00085362373,0.33333334,3001
ENSG00000100351,0.0016505221,-0.00042343256,1.0,3002
ENSG00000117597,0.0016483894,-0.0013594968,1.0,3003
ENSG00000118402,0.0016480001,-0.00011129276,1.0,3004
ENSG00000074855,0.0016478533,0.00093492586,1.0,3005
ENSG00000162526,0.0016475167,0.00065338163,0.33333334,3006
ENSG00000105323,0.0016474683,-0.0012919777,1.0,3007
ENSG00000112796,0.0016471542,-0.00011523259,1.0,3008
ENSG00000172428,0.0016444974,0.0014624685,1.0,3009
ENSG00000160961,0.0016436005,0.0015265705,1.0,3010
ENSG00000170430,0.0016420869,-0.0011744595,1.0,3011
ENSG00000178202,0.0016410236,-0.00022735306,1.0,3012
ENSG00000059758,0.0016389173,-0.0009605523,1.0,3013
ENSG00000156521,0.0016373199,0.00078013056,1.0,3014
ENSG00000106299,0.001636933,-0.0007183856,1.0,3015
ENSG00000184232,0.0016366191,0.001362485,1.0,3016
ENSG00000115556,0.0016356753,0.0010668241,1.0,3017
ENSG00000185404,0.0016337918,0.0009245646,1.0,3018
ENSG00000072818,0.0016319688,0.0006969236,1.0,3019
ENSG00000161202,0.0016297275,9.492439e-05,0.33333334,3020
ENSG00000158106,0.0016292812,0.0008190151,1.0,3021
ENSG00000177666,0.0016285278,0.0011095456,1.0,3022
ENSG00000173930,0.0016275941,-4.5379453e-05,0.33333334,3023
ENSG00000102935,0.0016241964,0.00053937983,1.0,3024
ENSG00000117523,0.0016237275,-0.00059001846,1.0,3025
ENSG00000101052,0.0016231727,-0.00093225046,1.0,3026
ENSG00000171462,0.0016227883,5.555691e-05,0.33333334,3027
ENSG00000132837,0.0016225245,0.0009418837,1.0,3028
ENSG00000159374,0.001622146,-0.0007363088,1.0,3029
ENSG00000168297,0.0016204156,-0.00085156737,0.33333334,3030
ENSG00000163297,0.0016202804,-0.00097087,1.0,3031
ENSG00000140368,0.001619601,-0.0012153281,1.0,3032
ENSG00000106609,0.0016192412,-0.00031615642,0.33333334,3033
ENSG00000176988,0.0016184589,-0.00026295686,1.0,3034
ENSG00000178235,0.0016177186,0.0002593341,1.0,3035
ENSG00000186952,0.0016176024,0.001321733,1.0,3036
ENSG00000131236,0.0016170117,9.044516e-05,1.0,3037
ENSG00000167216,0.0016133419,-0.0009942804,1.0,3038
ENSG00000179364,0.0016129352,-0.00096159405,1.0,3039
ENSG00000077279,0.0016127875,0.00032509727,1.0,3040
ENSG00000163075,0.0016104365,-0.00030547578,1.0,3041
ENSG00000115504,0.0016102832,-0.00019366971,0.33333334,3042
ENSG00000136271,0.001609989,-0.001258206,1.0,3043
ENSG00000100263,0.0016097083,-0.0010944369,1.0,3044
ENSG00000175745,0.0016080603,0.00029216413,1.0,3045
ENSG00000183682,0.0016078564,0.00078670075,1.0,3046
ENSG00000114346,0.0016078012,0.00039486666,1.0,3047
ENSG00000162078,0.001606687,-0.00020618497,1.0,3048
ENSG00000108468,0.0016062874,0.00061761297,1.0,3049
ENSG00000172346,0.0016062843,0.0004945513,0.33333334,3050
ENSG00000170191,0.0016060866,0.0009317875,1.0,3051
ENSG00000011275,0.0016046917,-0.001153945,1.0,3052
ENSG00000153037,0.0016045686,0.00086418353,1.0,3053
ENSG00000171720,0.0016040724,-0.00034292263,1.0,3054
ENSG00000081870,0.0016009385,1.7564138e-05,0.33333334,3055
ENSG00000104974,0.0016001081,-0.0004328727,0.33333334,3056
ENSG00000174450,0.0015986636,-0.0006215504,1.0,3057
ENSG00000125454,0.0015965737,0.000117301846,0.33333334,3058
ENSG00000146221,0.0015965378,-0.00026193252,1.0,3059
ENSG00000136827,0.00159644,-0.0012657234,1.0,3060
ENSG00000188611,0.0015957095,0.0008558442,1.0,3061
ENSG00000184635,0.001594535,0.0010826476,1.0,3062
ENSG00000127415,0.0015936708,0.0010368031,1.0,3063
ENSG00000128253,0.0015934437,0.00042046056,1.0,3064
ENSG00000188033,0.0015912125,-0.00034495335,0.33333334,3065
ENSG00000171587,0.0015909259,0.0004438162,1.0,3066
ENSG00000171159,0.0015901657,0.0015568525,1.0,3067
ENSG00000107984,0.0015891191,-8.1666076e-05,1.0,3068
ENSG00000196104,0.0015890785,-0.0001425057,1.0,3069
ENSG00000131507,0.0015888113,0.0007449042,0.33333334,3070
ENSG00000166558,0.0015883826,-0.0007560171,1.0,3071
ENSG00000135336,0.0015872158,0.0010053903,0.33333334,3072
ENSG00000111725,0.0015871879,0.0001314594,0.33333334,3073
ENSG00000170633,0.0015870892,0.0012574856,1.0,3074
ENSG00000167785,0.0015856382,0.001044954,1.0,3075
ENSG00000108349,0.0015852312,-0.00021900485,0.33333334,3076
ENSG00000087338,0.0015847821,-0.00033463273,1.0,3077
ENSG00000175707,0.0015845405,-0.001066117,1.0,3078
ENSG00000172687,0.0015843812,0.0005400595,1.0,3079
ENSG00000183576,0.001583742,0.0009599007,1.0,3080
ENSG00000130701,0.0015832242,0.0007930933,1.0,3081
ENSG00000180155,0.0015798807,7.956112e-05,0.33333334,3082
ENSG00000115282,0.0015786652,0.00035303982,1.0,3083
ENSG00000161849,0.0015783588,3.1711195e-05,0.33333334,3084
ENSG00000126860,0.0015782947,-0.0013116669,1.0,3085
ENSG00000185090,0.0015767227,-0.0011620694,1.0,3086
ENSG00000100997,0.001574542,0.0011580009,1.0,3087
ENSG00000087470,0.001572662,0.0008858989,0.33333334,3088
ENSG00000186074,0.0015717736,0.00093624677,1.0,3089
ENSG00000163754,0.0015704924,-0.0006045381,1.0,3090
ENSG00000185069,0.0015690998,-0.000101151476,0.33333334,3091
ENSG00000138640,0.0015651189,-0.0009831043,1.0,3092
ENSG00000183751,0.001563164,0.0008096743,0.33333334,3093
ENSG00000151491,0.0015624897,-0.00032727057,1.0,3094
ENSG00000164109,0.0015609399,-0.00063763885,1.0,3095
ENSG00000136732,0.0015583099,-8.644653e-05,0.33333334,3096
ENSG00000168484,0.0015577287,0.00047611646,1.0,3097
ENSG00000111339,0.0015570096,0.00012398402,0.33333334,3098
ENSG00000140519,0.0015557217,-0.00017360017,1.0,3099
ENSG00000099194,0.0015551965,0.00048132488,1.0,3100
ENSG00000175352,0.0015523025,-0.00088594836,1.0,3101
ENSG00000056277,0.0015519814,0.0009655017,0.33333334,3102
ENSG00000163191,0.001551792,0.0014137948,1.0,3103
ENSG00000153815,0.0015516627,0.001251344,1.0,3104
ENSG00000166796,0.0015516238,0.00028696106,1.0,3105
ENSG00000146242,0.0015502159,0.00010507627,0.33333334,3106
ENSG00000152969,0.0015493106,4.5513134e-05,0.33333334,3107
ENSG00000171492,0.0015472797,-0.000488816,1.0,3108
ENSG00000177602,0.0015453122,0.00095873885,1.0,3109
ENSG00000102794,0.0015448174,-0.00026659426,0.33333334,3110
ENSG00000155666,0.0015446168,-0.00020179583,1.0,3111
ENSG00000143621,0.0015433384,-0.0007537904,1.0,3112
ENSG00000188175,0.001542726,0.000116439296,0.33333334,3113
ENSG00000139154,0.001535789,0.0005650217,1.0,3114
ENSG00000126822,0.0015354691,-0.00010575302,0.33333334,3115
ENSG00000153253,0.0015339031,0.00085508474,1.0,3116
ENSG00000114200,0.0015335054,-0.000650935,1.0,3117
ENSG00000163811,0.0015327024,-0.0012845633,1.0,3118
ENSG00000138777,0.0015310184,-0.000570916,1.0,3119
ENSG00000173267,0.0015306646,0.00030555855,1.0,3120
ENSG00000149922,0.0015290888,0.00071504706,1.0,3121
ENSG00000137509,0.001524248,0.00039049666,1.0,3122
ENSG00000164619,0.0015209876,-0.00012157855,0.33333334,3123
ENSG00000179029,0.0015198278,5.598925e-05,0.33333334,3124
ENSG00000124593,0.0015197365,-0.0003522077,1.0,3125
ENSG00000134057,0.0015191641,-0.00065397023,1.0,3126
ENSG00000168394,0.0015186347,-5.209679e-05,0.33333334,3127
ENSG00000115459,0.001518598,0.0011059967,1.0,3128
ENSG00000159842,0.0015182287,0.00016607204,1.0,3129
ENSG00000140497,0.0015167262,0.0014123148,1.0,3130
ENSG00000145284,0.0015163108,0.00024729272,0.33333334,3131
ENSG00000167969,0.0015157232,-0.0011848571,1.0,3132
ENSG00000120215,0.0015144873,0.0011135436,1.0,3133
ENSG00000002834,0.0015142119,-0.0014226636,1.0,3134
ENSG00000074771,0.0015135308,-7.600737e-05,0.33333334,3135
ENSG00000139631,0.0015127715,-0.001200152,1.0,3136
ENSG00000100721,0.0015125739,-0.00021597062,1.0,3137
ENSG00000153498,0.001512059,3.9414685e-06,0.33333334,3138
ENSG00000130950,0.0015109082,0.00040540818,0.33333334,3139
ENSG00000133739,0.0015104652,-0.00064530206,1.0,3140
ENSG00000104892,0.0015101844,-0.0002091478,1.0,3141
ENSG00000101892,0.0015091902,-5.0945167e-05,0.33333334,3142
ENSG00000165283,0.0015087764,0.00082017336,1.0,3143
ENSG00000138792,0.0015059548,0.00084894086,1.0,3144
ENSG00000139219,0.0015043732,-0.00062430196,1.0,3145
ENSG00000159231,0.0015039961,-0.00017341746,1.0,3146
ENSG00000014919,0.0015029312,-0.00023594564,1.0,3147
ENSG00000128581,0.0015025184,-0.0011484133,1.0,3148
ENSG00000111817,0.0015021237,9.916696e-05,0.33333334,3149
ENSG00000162639,0.0015000665,4.088871e-05,0.33333334,3150
ENSG00000184304,0.0014999743,0.00013755554,0.33333334,3151
ENSG00000131876,0.0014995405,0.00036869245,1.0,3152
ENSG00000128989,0.0014976774,-0.0006465464,1.0,3153
ENSG00000114391,0.0014955221,0.0005478147,0.33333334,3154
ENSG00000184471,0.0014940331,0.00057302875,1.0,3155
ENSG00000181830,0.0014939612,-0.00019838444,0.33333334,3156
ENSG00000175489,0.0014885977,-0.0006101048,1.0,3157
ENSG00000118816,0.0014885864,-0.0012063306,1.0,3158
ENSG00000104885,0.0014874059,-0.00061797845,1.0,3159
ENSG00000101751,0.0014873274,-0.0006934546,0.33333334,3160
ENSG00000160781,0.0014847764,0.00021051127,1.0,3161
ENSG00000185737,0.001484762,-0.0005206784,1.0,3162
ENSG00000134962,0.001483838,-0.0007962985,0.33333334,3163
ENSG00000179542,0.0014820262,0.0004926277,1.0,3164
ENSG00000145391,0.0014817911,0.0006872258,1.0,3165
ENSG00000151418,0.0014816123,0.0004363825,1.0,3166
ENSG00000052723,0.001481575,-0.00070670247,1.0,3167
ENSG00000125356,0.0014813385,0.0011125546,1.0,3168
ENSG00000158636,0.0014810035,0.0010468134,1.0,3169
ENSG00000172086,0.0014807651,0.00028427326,1.0,3170
ENSG00000154548,0.0014800462,0.0005696875,1.0,3171
ENSG00000196878,0.0014787302,-0.00025407234,0.33333334,3172
ENSG00000130427,0.0014784266,0.00069695263,1.0,3173
ENSG00000054392,0.0014782664,-0.0008629088,1.0,3174
ENSG00000132681,0.0014782147,0.00045076248,1.0,3175
ENSG00000170370,0.0014778705,-0.00095907616,1.0,3176
ENSG00000161542,0.0014774245,0.00036174525,1.0,3177
ENSG00000051620,0.0014771718,0.00073007523,1.0,3178
ENSG00000079112,0.0014769243,0.0003247312,1.0,3179
ENSG00000111404,0.0014756828,-0.0004014815,1.0,3180
ENSG00000139726,0.0014737755,-0.0005425925,1.0,3181
ENSG00000044446,0.0014735771,-0.0008683365,1.0,3182
ENSG00000117091,0.0014724695,0.00015392683,1.0,3183
ENSG00000110583,0.0014719539,0.00022423542,1.0,3184
ENSG00000101460,0.0014713776,0.000495256,1.0,3185
ENSG00000114113,0.0014711764,-0.0013042563,1.0,3186
ENSG00000159593,0.0014692956,0.00080966204,1.0,3187
ENSG00000149084,0.0014682636,0.00021794217,1.0,3188
ENSG00000186007,0.0014680874,-0.0008150235,1.0,3189
ENSG00000153179,0.0014652078,0.0004473039,1.0,3190
ENSG00000136099,0.0014651787,-3.403513e-05,0.33333334,3191
ENSG00000140694,0.0014646525,0.00070689427,0.33333334,3192
ENSG00000108417,0.0014643893,-0.0005742718,0.33333334,3193
ENSG00000181788,0.001464325,0.00047574853,1.0,3194
ENSG00000165495,0.0014635449,-0.00032203077,1.0,3195
ENSG00000159322,0.0014627682,-0.0008044797,1.0,3196
ENSG00000118518,0.0014618915,0.0007941174,1.0,3197
ENSG00000124702,0.0014585927,-0.0010671826,1.0,3198
ENSG00000100142,0.0014585339,0.0002814555,0.33333334,3199
ENSG00000100124,0.001455971,0.00022770255,0.33333334,3200
ENSG00000084774,0.001455708,-0.00059100246,1.0,3201
ENSG00000008952,0.0014556578,0.0009473847,1.0,3202
ENSG00000129221,0.0014492864,0.00072868075,1.0,3203
ENSG00000177485,0.0014483202,-0.0010297211,1.0,3204
ENSG00000137764,0.0014477285,-0.0007249627,1.0,3205
ENSG00000122359,0.0014468724,-0.0012171991,1.0,3206
ENSG00000109501,0.0014463314,-0.0011832247,1.0,3207
ENSG00000181867,0.0014456973,0.00021636121,1.0,3208
ENSG00000183691,0.0014436742,-0.0003752583,1.0,3209
ENSG00000172172,0.0014431094,-0.0008939264,1.0,3210
ENSG00000136854,0.0014402908,0.00062322384,1.0,3211
ENSG00000169994,0.0014393454,-0.00021531602,1.0,3212
ENSG00000182446,0.0014387044,-0.00088751735,1.0,3213
ENSG00000131374,0.0014356398,0.0010648161,1.0,3214
ENSG00000146411,0.0014326662,0.00026980232,1.0,3215
ENSG00000141371,0.0014309166,0.00038435365,1.0,3216
ENSG00000186280,0.0014308626,-0.0002567443,1.0,3217
ENSG00000125351,0.0014301962,-0.00046473424,1.0,3218
ENSG00000133433,0.0014290459,0.00011710459,0.33333334,3219
ENSG00000119403,0.0014271041,0.000100880745,1.0,3220
ENSG00000177752,0.0014266773,5.299233e-05,0.33333334,3221
ENSG00000162437,0.0014247379,0.00019488162,0.33333334,3222
ENSG00000117036,0.0014244155,-0.0011716621,1.0,3223
ENSG00000165891,0.0014226722,0.0008509794,1.0,3224
ENSG00000126215,0.0014222991,-0.0011181328,1.0,3225
ENSG00000115073,0.0014208596,0.0009318832,1.0,3226
ENSG00000136933,0.001418471,0.00022488553,0.33333334,3227
ENSG00000000003,0.0014181879,-0.00044477405,0.33333334,3228
ENSG00000109181,0.0014177983,-0.00062122906,1.0,3229
ENSG00000185753,0.0014162444,-9.328715e-05,0.33333334,3230
ENSG00000176208,0.0014158454,0.0010919113,1.0,3231
ENSG00000141179,0.001415782,-3.440097e-05,0.33333334,3232
ENSG00000058729,0.001415429,-0.00020075047,0.33333334,3233
ENSG00000115226,0.0014149096,0.0007246326,1.0,3234
ENSG00000089327,0.0014139978,-0.0003961978,0.33333334,3235
ENSG00000171634,0.0014137165,-0.0008661326,0.33333334,3236
ENSG00000146281,0.0014133264,-0.0002554662,1.0,3237
ENSG00000066032,0.0014132111,-0.00012277231,1.0,3238
ENSG00000133937,0.0014117885,0.00039026202,1.0,3239
ENSG00000085415,0.0014113771,-0.00045376003,1.0,3240
ENSG00000004776,0.0014108742,-0.0011839318,1.0,3241
ENSG00000138698,0.0014094976,-0.0006416694,1.0,3242
ENSG00000176024,0.0014093751,-0.00035107342,0.33333334,3243
ENSG00000163428,0.0014079184,-6.262474e-05,0.33333334,3244
ENSG00000125149,0.0014078123,0.00075565325,1.0,3245
ENSG00000136044,0.001407182,-0.0007804245,1.0,3246
ENSG00000100029,0.0014068651,-0.0009797778,1.0,3247
ENSG00000169964,0.0014057793,-0.0006315205,1.0,3248
ENSG00000034053,0.0014032675,3.4149423e-05,0.33333334,3249
ENSG00000139329,0.0014010854,0.0009436134,1.0,3250
ENSG00000106410,0.0014009704,-0.00034139433,0.33333334,3251
ENSG00000039123,0.001399676,0.0012487987,1.0,3252
ENSG00000136699,0.0013995887,-0.00091424474,1.0,3253
ENSG00000104327,0.0013985488,-0.001077895,1.0,3254
ENSG00000130287,0.0013967777,0.00029713564,1.0,3255
ENSG00000139364,0.0013965635,0.00012074477,0.33333334,3256
ENSG00000184945,0.0013964396,-0.00035774047,1.0,3257
ENSG00000140199,0.0013935833,-7.134889e-05,0.33333334,3258
ENSG00000100095,0.0013932927,0.00026843927,1.0,3259
ENSG00000167257,0.0013920921,0.0009964912,1.0,3260
ENSG00000124564,0.0013918867,0.00089055765,1.0,3261
ENSG00000163697,0.0013906414,0.0005280517,1.0,3262
ENSG00000099246,0.0013890709,-0.00014588155,0.33333334,3263
ENSG00000006756,0.0013885155,0.00012456406,1.0,3264
ENSG00000106246,0.0013878647,0.00024175689,0.33333334,3265
ENSG00000163126,0.0013865042,-0.0011151847,1.0,3266
ENSG00000101407,0.001384558,-0.0004376901,1.0,3267
ENSG00000177025,0.0013838336,0.0005525265,1.0,3268
ENSG00000162062,0.0013828363,-0.00086273317,1.0,3269
ENSG00000143756,0.0013815294,-0.0010434584,1.0,3270
ENSG00000186971,0.0013808408,-9.20892e-05,0.33333334,3271
ENSG00000113312,0.0013795616,-0.0006696365,1.0,3272
ENSG00000180089,0.0013795495,-0.0010594489,1.0,3273
ENSG00000118257,0.0013793699,0.0006948286,0.33333334,3274
ENSG00000064489,0.0013785536,-0.00019398188,0.33333334,3275
ENSG00000123560,0.001378436,0.00045662108,1.0,3276
ENSG00000101680,0.0013761878,0.00016531795,1.0,3277
ENSG00000145246,0.0013756227,0.0003781003,0.33333334,3278
ENSG00000181698,0.0013754644,-0.00035510026,1.0,3279
ENSG00000110244,0.0013749637,0.0005124275,1.0,3280
ENSG00000138685,0.0013729493,0.0005278548,1.0,3281
ENSG00000170113,0.0013687485,-0.00023809914,1.0,3282
ENSG00000170525,0.0013686325,-0.0006307223,1.0,3283
ENSG00000089199,0.0013682647,0.0005215311,1.0,3284
ENSG00000074219,0.0013679388,-0.0008796171,1.0,3285
ENSG00000071127,0.0013673744,0.0011247358,1.0,3286
ENSG00000168264,0.0013670893,0.00045967483,1.0,3287
ENSG00000185670,0.0013665474,-0.0007943508,1.0,3288
ENSG00000181924,0.0013651522,-0.0008948464,1.0,3289
ENSG00000185664,0.0013644447,-0.0005624146,1.0,3290
ENSG00000166016,0.0013643526,0.0001969651,1.0,3291
ENSG00000068028,0.0013609282,0.00027746338,1.0,3292
ENSG00000182809,0.0013605965,0.0004026754,0.33333334,3293
ENSG00000165934,0.0013605409,-0.00015861966,0.33333334,3294
ENSG00000196678,0.0013598563,0.0007224232,1.0,3295
ENSG00000179520,0.0013579782,-9.715982e-05,1.0,3296
ENSG00000133265,0.0013556258,0.00081950036,1.0,3297
ENSG00000134871,0.001354599,0.0009349032,1.0,3298
ENSG00000019485,0.0013542367,-0.0009468617,1.0,3299
ENSG00000185024,0.0013529062,0.00065389863,1.0,3300
ENSG00000131068,0.0013524699,0.00068517536,1.0,3301
ENSG00000189431,0.0013516924,-0.00054982683,1.0,3302
ENSG00000145016,0.0013510395,-0.00016611551,0.33333334,3303
ENSG00000170482,0.0013509355,0.00022282613,1.0,3304
ENSG00000186231,0.0013500528,0.0006577258,1.0,3305
ENSG00000186329,0.0013496601,-0.00013684004,0.33333334,3306
ENSG00000183098,0.0013496373,-0.000104060375,0.33333334,3307
ENSG00000119280,0.001349608,0.0006498112,1.0,3308
ENSG00000096063,0.0013491077,-0.0010596254,1.0,3309
ENSG00000089094,0.0013470975,6.731874e-05,1.0,3310
ENSG00000175928,0.0013456309,-0.0005568335,1.0,3311
ENSG00000196338,0.0013452611,0.00020801189,1.0,3312
ENSG00000169359,0.0013450733,-0.00038971228,1.0,3313
ENSG00000168404,0.0013441179,-0.00071952585,1.0,3314
ENSG00000145642,0.001344008,0.00077975664,0.33333334,3315
ENSG00000138614,0.001343246,8.4762716e-05,1.0,3316
ENSG00000062598,0.0013424737,-0.00013929949,1.0,3317
ENSG00000156959,0.0013408599,0.00020262081,1.0,3318
ENSG00000175573,0.0013393982,-0.0007943418,1.0,3319
ENSG00000109466,0.0013386806,0.0005574775,1.0,3320
ENSG00000187545,0.0013383349,0.0001550886,0.33333334,3321
ENSG00000107223,0.0013378584,5.930253e-05,0.33333334,3322
ENSG00000108950,0.0013376506,0.00072389183,1.0,3323
ENSG00000145832,0.0013373193,0.00014273672,0.33333334,3324
ENSG00000134690,0.0013356368,-0.000997155,1.0,3325
ENSG00000116791,0.0013349593,0.0005925119,1.0,3326
ENSG00000145495,0.0013340818,-0.0006227277,1.0,3327
ENSG00000122218,0.0013339058,0.00059479417,1.0,3328
ENSG00000126062,0.0013337625,0.00046109513,0.33333334,3329
ENSG00000141934,0.0013330191,-0.00086137507,1.0,3330
ENSG00000188385,0.0013326183,-0.00019131838,0.33333334,3331
ENSG00000005448,0.0013302509,0.001038064,1.0,3332
ENSG00000168461,0.0013296799,-0.0006603391,1.0,3333
ENSG00000096395,0.0013292759,2.913196e-05,0.33333334,3334
ENSG00000100167,0.0013268404,-0.00025441305,1.0,3335
ENSG00000158423,0.0013249329,-0.00062946236,1.0,3336
ENSG00000114491,0.0013240041,-0.00074851094,1.0,3337
ENSG00000117322,0.0013232218,0.00014290231,1.0,3338
ENSG00000167523,0.0013217271,-0.0006311878,1.0,3339
ENSG00000148688,0.0013214541,-0.00021910855,0.33333334,3340
ENSG00000141295,0.0013211515,0.0006216571,0.33333334,3341
ENSG00000135924,0.0013209851,-0.0009561388,1.0,3342
ENSG00000100197,0.0013209245,-0.00037973173,0.33333334,3343
ENSG00000177685,0.0013205515,-0.0008770668,1.0,3344
ENSG00000164299,0.0013196939,0.00064718974,1.0,3345
ENSG00000128708,0.0013189833,0.00052435196,1.0,3346
ENSG00000113966,0.0013181331,-0.0007015089,1.0,3347
ENSG00000165716,0.0013171966,-0.00042386272,1.0,3348
ENSG00000172188,0.0013164114,-0.00055878557,1.0,3349
ENSG00000165762,0.0013157023,1.1840408e-06,0.33333334,3350
ENSG00000185880,0.0013152397,1.7884906e-05,0.33333334,3351
ENSG00000099957,0.0013147449,0.0007455524,1.0,3352
ENSG00000158019,0.0013132299,-2.6539486e-05,0.33333334,3353
ENSG00000137573,0.0013127252,0.000777599,1.0,3354
ENSG00000136161,0.0013097314,-0.0010905466,1.0,3355
ENSG00000131650,0.0013065449,-0.0005193003,1.0,3356
ENSG00000180210,0.0013063522,-0.00020108093,1.0,3357
ENSG00000101443,0.0013047011,-0.0011711222,1.0,3358
ENSG00000171840,0.0013044247,-0.0003447995,1.0,3359
ENSG00000173200,0.0013029595,-0.0010071389,1.0,3360
ENSG00000112685,0.0013012639,-0.00066334015,1.0,3361
ENSG00000119801,0.0013000424,-1.04735955e-05,0.33333334,3362
ENSG00000065320,0.0012994508,0.00046009835,1.0,3363
ENSG00000166171,0.0012992296,9.079455e-05,0.33333334,3364
ENSG00000168955,0.0012985995,-5.9688882e-05,1.0,3365
ENSG00000173517,0.0012984368,0.00091893453,1.0,3366
ENSG00000134644,0.0012971831,0.001034754,1.0,3367
ENSG00000183323,0.0012971365,0.0008070876,1.0,3368
ENSG00000196419,0.0012964896,-0.00032153234,1.0,3369
ENSG00000151320,0.0012950423,0.0007141635,1.0,3370
ENSG00000111358,0.0012941151,0.00032896476,1.0,3371
ENSG00000130751,0.0012940652,7.3890296e-05,0.33333334,3372
ENSG00000135297,0.0012938034,2.111448e-05,0.33333334,3373
ENSG00000049089,0.0012931,-0.00029684373,1.0,3374
ENSG00000162989,0.0012929733,0.0009319153,1.0,3375
ENSG00000124507,0.0012902395,-0.00092377566,1.0,3376
ENSG00000089163,0.001288814,7.524464e-05,0.33333334,3377
ENSG00000171729,0.0012875936,0.00064536976,0.33333334,3378
ENSG00000164692,0.0012863366,0.0003057076,1.0,3379
ENSG00000143641,0.0012860518,-7.21172e-05,0.33333334,3380
ENSG00000186141,0.0012834537,-0.00046740906,1.0,3381
ENSG00000170381,0.0012833611,-0.00027437494,1.0,3382
ENSG00000143106,0.001280912,0.0007437139,1.0,3383
ENSG00000105141,0.0012805972,0.00027123347,0.33333334,3384
ENSG00000100985,0.0012796804,1.0832116e-05,0.33333334,3385
ENSG00000134072,0.0012787638,5.9980466e-05,0.33333334,3386
ENSG00000123407,0.0012781116,-0.000520511,1.0,3387
ENSG00000115866,0.0012774036,0.0006050434,1.0,3388
ENSG00000101850,0.0012771748,-9.512622e-05,0.33333334,3389
ENSG00000100968,0.0012764923,-0.0001477347,0.33333334,3390
ENSG00000068615,0.0012756443,-0.0002588438,1.0,3391
ENSG00000065457,0.0012753657,-4.1477044e-05,0.33333334,3392
ENSG00000100288,0.0012751849,-0.00022332517,0.33333334,3393
ENSG00000160218,0.0012751543,-0.0011905641,1.0,3394
ENSG00000160049,0.0012750203,-0.00055618363,1.0,3395
ENSG00000137747,0.0012738651,0.0001262699,1.0,3396
ENSG00000143457,0.0012731606,-0.0006044437,1.0,3397
ENSG00000112175,0.0012722736,0.0001234868,0.33333334,3398
ENSG00000094914,0.0012704382,-0.0009931816,1.0,3399
ENSG00000143921,0.0012700488,0.0008389796,1.0,3400
ENSG00000184838,0.0012690463,0.0004907195,1.0,3401
ENSG00000150551,0.0012663311,0.00025066282,1.0,3402
ENSG00000128917,0.0012662729,0.00031727712,1.0,3403
ENSG00000130052,0.001263868,0.0005793354,1.0,3404
ENSG00000105339,0.0012638122,0.0007871135,0.33333334,3405
ENSG00000121410,0.0012624596,0.00085922243,1.0,3406
ENSG00000173889,0.0012622989,0.00017074293,0.33333334,3407
ENSG00000106038,0.0012612818,-0.00035637242,0.33333334,3408
ENSG00000073921,0.0012603485,0.0009416715,1.0,3409
ENSG00000169032,0.0012584944,0.0006261968,1.0,3410
ENSG00000183034,0.0012565873,-0.00043117977,1.0,3411
ENSG00000144369,0.0012551263,0.00056175725,1.0,3412
ENSG00000008018,0.0012549815,0.00069707585,1.0,3413
ENSG00000153789,0.0012539391,5.64894e-05,0.33333334,3414
ENSG00000117010,0.0012527009,-0.00092648034,1.0,3415
ENSG00000131831,0.0012523407,-0.00048322682,0.33333334,3416
ENSG00000075673,0.0012516757,0.0007264361,1.0,3417
ENSG00000088826,0.0012513088,-0.00026208194,0.33333334,3418
ENSG00000142453,0.001250696,-0.0011724137,1.0,3419
ENSG00000157514,0.001250484,-0.0006300615,1.0,3420
ENSG00000163518,0.0012490343,3.2512256e-05,0.33333334,3421
ENSG00000124233,0.0012489582,-0.00042560385,1.0,3422
ENSG00000128052,0.0012489016,-2.172271e-06,0.33333334,3423
ENSG00000105989,0.0012480855,0.0003562822,1.0,3424
ENSG00000068903,0.00124677,0.00070358283,1.0,3425
ENSG00000055211,0.0012463768,0.00072323513,1.0,3426
ENSG00000172057,0.0012461111,-0.00092666707,1.0,3427
ENSG00000163681,0.0012449967,-0.000984217,1.0,3428
ENSG00000184330,0.0012447642,7.24228e-05,0.33333334,3429
ENSG00000113269,0.0012439294,-9.660653e-06,0.33333334,3430
ENSG00000073803,0.0012433867,0.0003971626,1.0,3431
ENSG00000133789,0.0012431755,0.00082646846,1.0,3432
ENSG00000110851,0.0012403628,-3.9010774e-07,0.33333334,3433
ENSG00000136110,0.0012399174,0.0005015524,1.0,3434
ENSG00000116544,0.0012397693,0.00066084723,1.0,3435
ENSG00000141013,0.0012395732,0.00025673493,1.0,3436
ENSG00000177885,0.0012395019,-0.0010008275,1.0,3437
ENSG00000147010,0.0012390809,0.0003536167,1.0,3438
ENSG00000122477,0.0012350971,-0.0004298679,0.33333334,3439
ENSG00000152779,0.0012332341,0.00050909695,1.0,3440
ENSG00000137992,0.0012326833,-8.239851e-05,0.33333334,3441
ENSG00000054983,0.0012318887,-0.0004566046,1.0,3442
ENSG00000168785,0.0012311462,6.1328006e-05,0.33333334,3443
ENSG00000123096,0.0012309143,-0.0004373381,1.0,3444
ENSG00000137860,0.0012306272,0.00012505817,0.33333334,3445
ENSG00000133321,0.0012298633,0.00049127423,0.33333334,3446
ENSG00000181939,0.0012292342,-0.00017638739,1.0,3447
ENSG00000120868,0.0012289103,0.00037613753,0.33333334,3448
ENSG00000175224,0.0012286754,-0.0003468235,1.0,3449
ENSG00000169509,0.0012276248,-0.00030314806,1.0,3450
ENSG00000120262,0.0012256528,-0.00039150985,0.33333334,3451
ENSG00000102076,0.0012249447,-0.00026952775,1.0,3452
ENSG00000169188,0.0012245515,0.000981154,1.0,3453
ENSG00000161956,0.0012240238,0.0008873471,1.0,3454
ENSG00000141404,0.0012237818,2.6267546e-05,0.33333334,3455
ENSG00000139505,0.0012235463,0.0011153794,1.0,3456
ENSG00000144320,0.0012229118,0.0009512638,1.0,3457
ENSG00000100368,0.0012226612,-0.0009608033,1.0,3458
ENSG00000129538,0.0012203498,0.00022255642,0.33333334,3459
ENSG00000175895,0.0012192703,0.00016981503,1.0,3460
ENSG00000140987,0.0012189768,0.0009324893,1.0,3461
ENSG00000145451,0.0012189166,-5.5551587e-05,0.33333334,3462
ENSG00000162769,0.001217998,-0.0005061407,1.0,3463
ENSG00000100311,0.0012174365,-0.0006751635,0.33333334,3464
ENSG00000138449,0.0012170769,6.724662e-05,1.0,3465
ENSG00000141639,0.0012169756,-8.4910775e-05,1.0,3466
ENSG00000181038,0.001216956,-9.92362e-05,1.0,3467
ENSG00000136758,0.001216904,-0.000610991,1.0,3468
ENSG00000134438,0.0012157807,-0.00038685705,1.0,3469
ENSG00000183508,0.0012140069,0.00034787224,0.33333334,3470
ENSG00000114573,0.0012127875,0.0006754782,0.33333334,3471
ENSG00000010030,0.0012124431,-0.000623319,1.0,3472
ENSG00000182220,0.001210936,0.0007000242,1.0,3473
ENSG00000102870,0.0012093233,-0.0003439735,1.0,3474
ENSG00000157343,0.0012088296,0.00037251564,1.0,3475
ENSG00000164402,0.0012088123,0.00042780233,1.0,3476
ENSG00000176731,0.0012081387,-0.0005513279,1.0,3477
ENSG00000160181,0.0012076249,-0.00018437527,1.0,3478
ENSG00000157782,0.0012075225,0.00049632095,1.0,3479
ENSG00000181374,0.0012025994,0.00031917635,1.0,3480
ENSG00000141448,0.0012022288,0.00077448273,1.0,3481
ENSG00000107897,0.0012016173,0.00018768957,0.33333334,3482
ENSG00000165970,0.0012004137,-0.00032441734,1.0,3483
ENSG00000100246,0.0012001842,-0.0005088024,1.0,3484
ENSG00000159398,0.0011999648,0.00023798802,1.0,3485
ENSG00000171130,0.0011990092,0.00022849668,0.33333334,3486
ENSG00000156671,0.0011966352,0.0004887877,0.33333334,3487
ENSG00000185127,0.0011942191,0.00072121574,1.0,3488
ENSG00000154309,0.0011939821,-0.00053325837,0.33333334,3489
ENSG00000164900,0.0011934874,-9.420378e-06,0.33333334,3490
ENSG00000136147,0.0011934781,-0.00016019146,0.33333334,3491
ENSG00000105619,0.0011915561,-0.00060543156,0.33333334,3492
ENSG00000141540,0.001190964,-6.417378e-05,0.33333334,3493
ENSG00000104059,0.0011908641,0.00035031905,0.33333334,3494
ENSG00000102195,0.0011905502,-0.00033972927,1.0,3495
ENSG00000103343,0.0011900547,-0.0005047608,0.33333334,3496
ENSG00000059573,0.0011898642,0.00066699035,1.0,3497
ENSG00000123983,0.0011893115,0.00029186052,0.33333334,3498
ENSG00000119953,0.0011880904,0.00046955422,1.0,3499
ENSG00000118308,0.0011880613,-0.00080858223,1.0,3500
ENSG00000067955,0.0011867249,0.00031057998,1.0,3501
ENSG00000167881,0.0011866658,0.0006787121,1.0,3502
ENSG00000143442,0.001186591,-0.0008767008,1.0,3503
ENSG00000166159,0.0011864165,0.00012479028,1.0,3504
ENSG00000146833,0.0011858862,-0.00065734045,1.0,3505
ENSG00000105852,0.0011852776,0.00029990126,0.33333334,3506
ENSG00000109971,0.0011837719,-0.00032106534,0.33333334,3507
ENSG00000165120,0.0011819397,-0.00010526489,1.0,3508
ENSG00000113838,0.0011814797,-0.0009768931,1.0,3509
ENSG00000133640,0.0011805204,0.00017665893,0.33333334,3510
ENSG00000121680,0.0011796285,-0.0009931717,1.0,3511
ENSG00000125445,0.0011788924,0.0008848467,1.0,3512
ENSG00000185231,0.0011784694,-0.000449365,1.0,3513
ENSG00000103546,0.0011783872,-8.0006976e-05,0.33333334,3514
ENSG00000172766,0.0011782433,-0.00069555966,0.33333334,3515
ENSG00000076351,0.0011776547,6.683644e-05,0.33333334,3516
ENSG00000173992,0.0011767411,-7.6728444e-05,0.33333334,3517
ENSG00000138622,0.0011762534,0.00020132629,1.0,3518
ENSG00000134463,0.0011740747,0.00017875408,0.33333334,3519
ENSG00000156508,0.0011714547,-4.8583006e-05,0.33333334,3520
ENSG00000160113,0.0011707569,0.0009287307,1.0,3521
ENSG00000099800,0.0011690569,0.0005216237,0.33333334,3522
ENSG00000126254,0.0011675012,0.00015740376,0.33333334,3523
ENSG00000011347,0.0011646374,0.00033509228,0.33333334,3524
ENSG00000170871,0.0011632679,-0.00039335075,0.33333334,3525
ENSG00000150625,0.0011616272,0.0005869717,1.0,3526
ENSG00000135472,0.0011607322,0.000572956,1.0,3527
ENSG00000137392,0.0011598588,0.0007320613,1.0,3528
ENSG00000123500,0.0011598571,0.0009772937,1.0,3529
ENSG00000183783,0.001159592,7.166428e-05,1.0,3530
ENSG00000105085,0.0011595179,0.00021151798,1.0,3531
ENSG00000135406,0.0011591832,-0.00038719748,1.0,3532
ENSG00000156876,0.0011581444,0.00089544855,1.0,3533
ENSG00000166535,0.0011580541,-0.00023374596,1.0,3534
ENSG00000137814,0.00115797,0.00014856271,0.33333334,3535
ENSG00000118600,0.0011574173,-0.00061697525,1.0,3536
ENSG00000165259,0.0011565167,-0.0003195473,0.33333334,3537
ENSG00000175215,0.0011560743,-0.00059078675,1.0,3538
ENSG00000065060,0.0011554133,-0.00061578344,1.0,3539
ENSG00000050426,0.0011529337,-0.00036066593,1.0,3540
ENSG00000113593,0.001151065,-0.0007246625,1.0,3541
ENSG00000196242,0.0011500124,0.00045016673,1.0,3542
ENSG00000132205,0.0011477587,4.4670032e-05,0.33333334,3543
ENSG00000106723,0.0011444354,0.00034398164,0.33333334,3544
ENSG00000163467,0.0011435478,0.0004228748,1.0,3545
ENSG00000023608,0.0011432059,-0.0003679097,1.0,3546
ENSG00000180190,0.0011425101,0.0001935253,0.33333334,3547
ENSG00000099617,0.0011416912,-0.00024570504,0.33333334,3548
ENSG00000182240,0.0011410196,-0.00017293166,1.0,3549
ENSG00000070540,0.0011377562,0.000836753,1.0,3550
ENSG00000108439,0.0011374725,-0.00059753674,1.0,3551
ENSG00000158715,0.0011373367,-0.0001838123,0.33333334,3552
ENSG00000172232,0.0011366741,-0.00021544269,1.0,3553
ENSG00000116273,0.0011359617,-0.0004827839,1.0,3554
ENSG00000171916,0.0011355435,0.000200803,1.0,3555
ENSG00000152443,0.0011341993,0.00057118427,1.0,3556
ENSG00000167332,0.0011327418,0.00056152744,1.0,3557
ENSG00000110446,0.0011323395,-0.0005852461,1.0,3558
ENSG00000117411,0.0011318614,-0.00012778355,0.33333334,3559
ENSG00000185917,0.0011308905,-8.0159145e-05,0.33333334,3560
ENSG00000117385,0.0011300592,0.00015706671,0.33333334,3561
ENSG00000155827,0.0011294865,0.0005377481,1.0,3562
ENSG00000162777,0.0011269669,0.0004377648,1.0,3563
ENSG00000176749,0.0011264406,0.000103821454,1.0,3564
ENSG00000073169,0.0011259652,0.0008154965,1.0,3565
ENSG00000175643,0.0011255097,-0.00092940894,1.0,3566
ENSG00000196531,0.0011252053,-0.0003428457,1.0,3567
ENSG00000142188,0.0011250494,2.1449383e-05,0.33333334,3568
ENSG00000100532,0.0011209309,0.00012643769,1.0,3569
ENSG00000164244,0.0011194075,0.00045187084,1.0,3570
ENSG00000075239,0.0011183956,0.00039341146,1.0,3571
ENSG00000135452,0.0011134847,0.00022933049,0.33333334,3572
ENSG00000150401,0.0011133853,-0.000637143,1.0,3573
ENSG00000148735,0.0011132732,0.00025549298,1.0,3574
ENSG00000171532,0.0011126347,0.00018917909,1.0,3575
ENSG00000186119,0.0011121995,0.000110139175,0.33333334,3576
ENSG00000101017,0.0011121081,1.672144e-05,0.33333334,3577
ENSG00000106025,0.0011117116,-0.00027125937,1.0,3578
ENSG00000137252,0.001111146,0.00018894114,1.0,3579
ENSG00000186599,0.0011095086,-0.0006074326,0.33333334,3580
ENSG00000118160,0.0011087669,-7.081122e-05,0.33333334,3581
ENSG00000143224,0.0011083133,-0.00029311582,1.0,3582
ENSG00000164919,0.0011077769,-0.0009397807,1.0,3583
ENSG00000104824,0.0011052002,-0.0005897418,0.33333334,3584
ENSG00000165480,0.001104975,-0.00020123716,1.0,3585
ENSG00000107745,0.001104812,9.9314064e-05,0.33333334,3586
ENSG00000171314,0.0011016085,0.000279151,1.0,3587
ENSG00000153292,0.0011013118,-0.00012429536,1.0,3588
ENSG00000188305,0.0011002248,-0.0005557609,1.0,3589
ENSG00000165794,0.0011001691,7.062966e-05,0.33333334,3590
ENSG00000187815,0.0011000419,0.00016822736,0.33333334,3591
ENSG00000135414,0.0010917682,-0.00023545744,1.0,3592
ENSG00000173064,0.0010901528,-0.0008382119,1.0,3593
ENSG00000105289,0.0010888433,0.000671219,1.0,3594
ENSG00000128791,0.0010887274,-0.0003081261,1.0,3595
ENSG00000104783,0.0010881539,7.550537e-05,1.0,3596
ENSG00000118705,0.0010876227,-0.00085564126,1.0,3597
ENSG00000120705,0.0010873689,-0.00042344004,1.0,3598
ENSG00000159208,0.0010866426,0.00032315045,0.33333334,3599
ENSG00000136631,0.0010859851,-6.760961e-05,0.33333334,3600
ENSG00000179344,0.0010844053,0.00014903898,1.0,3601
ENSG00000140526,0.0010843765,-0.0008281606,1.0,3602
ENSG00000189339,0.0010826552,0.00044607176,1.0,3603
ENSG00000107789,0.0010825581,1.3530836e-05,0.33333334,3604
ENSG00000067560,0.0010823421,-0.000844558,1.0,3605
ENSG00000143373,0.0010822826,-0.00020531676,1.0,3606
ENSG00000109606,0.0010819262,0.000593807,1.0,3607
ENSG00000164855,0.0010816102,-0.00032796978,0.33333334,3608
ENSG00000129351,0.0010810149,0.00060789747,1.0,3609
ENSG00000162892,0.0010776705,-0.00042212885,1.0,3610
ENSG00000149654,0.001077602,-0.00018115259,0.33333334,3611
ENSG00000187608,0.0010761208,0.0003102671,0.33333334,3612
ENSG00000068985,0.0010737138,-7.117795e-05,0.33333334,3613
ENSG00000164188,0.001073429,-0.00045366815,1.0,3614
ENSG00000178826,0.001071106,-0.00056776154,1.0,3615
ENSG00000181481,0.0010709717,-5.172608e-05,0.33333334,3616
ENSG00000070019,0.0010706765,0.000171204,0.33333334,3617
ENSG00000130717,0.0010697978,-8.824485e-05,0.33333334,3618
ENSG00000049540,0.0010691908,-0.00014261669,0.33333334,3619
ENSG00000182858,0.0010685646,0.00065383984,1.0,3620
ENSG00000115339,0.0010658669,0.0005596669,1.0,3621
ENSG00000180305,0.0010650511,0.00039706563,1.0,3622
ENSG00000171051,0.0010648776,-0.0006868998,1.0,3623
ENSG00000062822,0.0010645977,0.0006052207,1.0,3624
ENSG00000149489,0.0010632809,0.00074038777,1.0,3625
ENSG00000069424,0.0010627098,-0.00017095082,1.0,3626
ENSG00000131773,0.0010614633,9.2544426e-05,0.33333334,3627
ENSG00000142751,0.0010597255,0.00011870204,0.33333334,3628
ENSG00000145901,0.0010581841,0.00060106156,1.0,3629
ENSG00000167986,0.0010573183,0.00030733584,1.0,3630
ENSG00000126264,0.0010557948,-0.00026954,1.0,3631
ENSG00000135372,0.0010556284,-0.00041753965,1.0,3632
ENSG00000171303,0.0010552158,0.00078317523,1.0,3633
ENSG00000080546,0.0010551661,-0.0004209472,1.0,3634
ENSG00000130939,0.0010539545,-0.00042872783,1.0,3635
ENSG00000186834,0.0010520448,-0.00048295627,1.0,3636
ENSG00000169291,0.0010519734,0.00021401174,1.0,3637
ENSG00000160679,0.001050769,-0.00028975098,1.0,3638
ENSG00000188937,0.0010500654,-0.00022881066,0.33333334,3639
ENSG00000075388,0.0010432237,0.00014908997,1.0,3640
ENSG00000125821,0.0010417472,1.4693117e-05,0.33333334,3641
ENSG00000043143,0.0010401312,6.94046e-05,0.33333334,3642
ENSG00000143067,0.0010398435,0.0005459266,1.0,3643
ENSG00000176533,0.0010396502,0.0001307208,0.33333334,3644
ENSG00000132522,0.0010378048,-0.00029343425,1.0,3645
ENSG00000132970,0.0010345433,-5.988916e-05,0.33333334,3646
ENSG00000144119,0.0010342834,8.732259e-05,1.0,3647
ENSG00000101384,0.0010328133,-0.00016083299,0.33333334,3648
ENSG00000176555,0.0010325221,-0.00042071528,1.0,3649
ENSG00000147481,0.0010321438,-2.461893e-06,0.33333334,3650
ENSG00000147862,0.0010319793,0.00069881714,1.0,3651
ENSG00000143167,0.0010297432,-1.1971701e-05,0.33333334,3652
ENSG00000164841,0.001028646,-0.00014748122,1.0,3653
ENSG00000175283,0.0010277617,-0.00031725765,0.33333334,3654
ENSG00000103356,0.0010257832,-0.000652705,1.0,3655
ENSG00000143742,0.0010252853,0.0007120403,1.0,3656
ENSG00000135677,0.0010245872,0.00014585284,0.33333334,3657
ENSG00000006625,0.0010243412,0.0004923547,1.0,3658
ENSG00000162426,0.0010242981,0.0008137369,1.0,3659
ENSG00000117983,0.001024034,0.00030933923,1.0,3660
ENSG00000178397,0.0010231246,0.0001831223,1.0,3661
ENSG00000164576,0.0010216053,-0.00020638913,0.33333334,3662
ENSG00000104731,0.0010215122,0.00036216725,1.0,3663
ENSG00000166272,0.0010184754,0.00030105803,1.0,3664
ENSG00000105705,0.0010180199,-0.0007858872,1.0,3665
ENSG00000168827,0.0010160578,0.0006020918,1.0,3666
ENSG00000177508,0.0010150786,-0.00017776497,0.33333334,3667
ENSG00000132356,0.0010144025,-0.0001916738,0.33333334,3668
ENSG00000140623,0.0010116803,-0.00021665245,0.33333334,3669
ENSG00000115155,0.001011473,-0.00017338448,1.0,3670
ENSG00000132004,0.001010945,0.00081689906,1.0,3671
ENSG00000104866,0.0010084962,0.0007471312,1.0,3672
ENSG00000162714,0.0010077837,-0.00040906205,1.0,3673
ENSG00000163513,0.0010056144,-0.00060771493,1.0,3674
ENSG00000169413,0.0010049869,-0.0003456237,1.0,3675
ENSG00000158246,0.0010049428,0.00024762246,1.0,3676
ENSG00000164114,0.0010048341,-0.00033771433,1.0,3677
ENSG00000147144,0.0010046564,-0.0003034411,0.33333334,3678
ENSG00000008197,0.001004593,-0.0001562108,1.0,3679
ENSG00000175792,0.0010045794,-0.00054962584,1.0,3680
ENSG00000141759,0.0010040826,-0.00032248555,1.0,3681
ENSG00000075035,0.001003962,-5.553045e-06,0.33333334,3682
ENSG00000188817,0.0010023391,0.00030810013,1.0,3683
ENSG00000103035,0.0010008604,-0.0006247785,1.0,3684
ENSG00000125816,0.0009962469,-5.834045e-05,0.33333334,3685
ENSG00000133574,0.000995755,0.00021549322,1.0,3686
ENSG00000121380,0.0009950948,-0.00068071455,1.0,3687
ENSG00000183421,0.000993804,-0.00019920348,0.33333334,3688
ENSG00000142208,0.000993414,0.00028693033,1.0,3689
ENSG00000129158,0.0009928589,-0.00046960553,1.0,3690
ENSG00000114853,0.0009924602,-0.000105290994,1.0,3691
ENSG00000006659,0.0009912201,-0.00033198993,1.0,3692
ENSG00000148057,0.0009910013,-0.0002886843,1.0,3693
ENSG00000132671,0.0009903937,-0.00024307502,1.0,3694
ENSG00000185187,0.0009897387,-0.00055341807,1.0,3695
ENSG00000105254,0.0009894298,0.00061380665,1.0,3696
ENSG00000180398,0.0009893058,5.8709225e-05,1.0,3697
ENSG00000184402,0.0009876696,-0.0006353534,1.0,3698
ENSG00000189067,0.0009874338,0.0007070847,1.0,3699
ENSG00000171951,0.0009874068,0.00026345512,1.0,3700
ENSG00000095002,0.0009869706,-0.0006957248,1.0,3701
ENSG00000179292,0.0009861569,0.0005868792,1.0,3702
ENSG00000075975,0.0009854563,-0.00019228546,0.33333334,3703
ENSG00000070366,0.0009848145,-0.0004792003,1.0,3704
ENSG00000145545,0.0009844666,-0.00015408325,0.33333334,3705
ENSG00000116329,0.0009843991,0.00034298727,1.0,3706
ENSG00000180104,0.0009842515,0.00036011534,1.0,3707
ENSG00000183943,0.0009821013,0.00039999167,1.0,3708
ENSG00000196411,0.000979621,-0.00026835184,0.33333334,3709
ENSG00000177106,0.0009787284,0.0004510309,1.0,3710
ENSG00000007402,0.0009783255,-0.00021335819,1.0,3711
ENSG00000151379,0.0009780797,0.00016172948,1.0,3712
ENSG00000114767,0.0009773228,-0.00080635515,1.0,3713
ENSG00000130254,0.0009772653,-0.00019623475,1.0,3714
ENSG00000177469,0.0009771818,0.00048674154,0.33333334,3715
ENSG00000087510,0.0009771164,0.0005179113,1.0,3716
ENSG00000184207,0.0009751871,0.00035647725,0.33333334,3717
ENSG00000082014,0.00097481365,7.871321e-05,1.0,3718
ENSG00000033100,0.0009715813,-0.00022964839,1.0,3719
ENSG00000165643,0.0009707121,3.162637e-05,0.33333334,3720
ENSG00000139572,0.0009702065,-0.00022123904,1.0,3721
ENSG00000138100,0.00096928846,-0.00045445343,1.0,3722
ENSG00000177191,0.000968205,-0.00014519175,1.0,3723
ENSG00000117400,0.0009667405,0.00052981934,1.0,3724
ENSG00000139517,0.00096545514,0.00062297465,1.0,3725
ENSG00000147130,0.0009623067,0.0003711273,1.0,3726
ENSG00000131981,0.00095858594,-0.00019249716,0.33333334,3727
ENSG00000161010,0.00095784105,-0.0002912905,1.0,3728
ENSG00000058262,0.0009574412,0.00040144674,0.33333334,3729
ENSG00000137494,0.00095529476,0.00023868844,1.0,3730
ENSG00000145817,0.0009532938,7.629513e-05,0.33333334,3731
ENSG00000155008,0.0009527197,0.00021816224,1.0,3732
ENSG00000012048,0.000950675,0.00024268446,1.0,3733
ENSG00000158887,0.0009505632,5.0047558e-05,0.33333334,3734
ENSG00000169609,0.0009492572,-0.0001766015,0.33333334,3735
ENSG00000130638,0.0009486576,0.0006432187,1.0,3736
ENSG00000114805,0.00094711175,0.0003637993,1.0,3737
ENSG00000158402,0.00094653224,7.567844e-05,0.33333334,3738
ENSG00000196169,0.00094651897,0.00034175522,1.0,3739
ENSG00000168925,0.0009459251,0.0005405063,1.0,3740
ENSG00000162368,0.0009451033,0.00031152868,1.0,3741
ENSG00000164893,0.0009450726,0.00058074086,1.0,3742
ENSG00000155249,0.0009448649,0.000107296255,0.33333334,3743
ENSG00000168439,0.00094406214,0.00071701594,1.0,3744
ENSG00000099899,0.0009439776,-0.00025227797,0.33333334,3745
ENSG00000035499,0.00094324426,-0.00032623857,1.0,3746
ENSG00000126882,0.00094321434,-0.0005618501,1.0,3747
ENSG00000171136,0.0009373571,-0.00015150044,1.0,3748
ENSG00000138600,0.0009368451,0.00054420496,1.0,3749
ENSG00000135930,0.0009353065,0.0007389419,1.0,3750
ENSG00000100897,0.00093237666,-0.0005019357,1.0,3751
ENSG00000169727,0.00093162915,-0.00063814217,1.0,3752
ENSG00000156469,0.00093150005,-0.00019857216,1.0,3753
ENSG00000132478,0.0009306006,-0.000374058,1.0,3754
ENSG00000104413,0.0009295904,8.206322e-05,0.33333334,3755
ENSG00000133619,0.0009288777,0.00017309572,1.0,3756
ENSG00000178913,0.0009285181,0.00014906173,1.0,3757
ENSG00000187531,0.0009277674,0.00025350688,1.0,3758
ENSG00000164542,0.00092550344,0.00012704817,0.33333334,3759
ENSG00000065970,0.00092518167,9.162425e-05,0.33333334,3760
ENSG00000156411,0.0009248392,0.00045738826,1.0,3761
ENSG00000172824,0.0009238287,-0.00025317722,1.0,3762
ENSG00000019102,0.000922266,-0.0002540429,1.0,3763
ENSG00000160255,0.0009218378,-7.884417e-05,0.33333334,3764
ENSG00000180901,0.0009215274,-0.00043980565,1.0,3765
ENSG00000185522,0.0009206154,-0.00038983638,1.0,3766
ENSG00000113719,0.00091800553,-0.00045496426,1.0,3767
ENSG00000149403,0.00091788964,-6.932926e-05,0.33333334,3768
ENSG00000125571,0.0009164729,7.4744574e-05,1.0,3769
ENSG00000142675,0.0009164456,0.000621215,1.0,3770
ENSG00000170791,0.00091622164,-7.811104e-05,1.0,3771
ENSG00000142330,0.0009143772,-0.00015207582,1.0,3772
ENSG00000142538,0.00091426773,-0.00059775397,1.0,3773
ENSG00000135775,0.00091313355,0.00051092095,1.0,3774
ENSG00000154143,0.00091245066,0.00024331546,1.0,3775
ENSG00000166111,0.0009113561,-0.0005238009,1.0,3776
ENSG00000100614,0.000911285,5.6187564e-05,0.33333334,3777
ENSG00000145860,0.0009109494,-3.6277987e-05,0.33333334,3778
ENSG00000174099,0.00091038673,0.0004743218,1.0,3779
ENSG00000184281,0.0009103697,-0.0007399788,1.0,3780
ENSG00000106105,0.0009096286,-0.00053131784,1.0,3781
ENSG00000148153,0.00090774824,7.625098e-05,1.0,3782
ENSG00000069869,0.000906226,-0.0004966752,1.0,3783
ENSG00000115902,0.0009062222,-2.6566413e-05,0.33333334,3784
ENSG00000170271,0.0009056311,-0.00038397385,1.0,3785
ENSG00000119396,0.00090553827,0.000454013,1.0,3786
ENSG00000103966,0.0009045992,0.0004189225,1.0,3787
ENSG00000142408,0.00090110145,-0.00017843778,0.33333334,3788
ENSG00000138385,0.0009010464,-0.0005657028,1.0,3789
ENSG00000188342,0.0009005121,8.39936e-05,0.33333334,3790
ENSG00000136002,0.00089921727,0.00024222821,1.0,3791
ENSG00000149179,0.00089886034,-0.0004654252,1.0,3792
ENSG00000020256,0.0008967515,7.7272234e-05,1.0,3793
ENSG00000131473,0.0008966662,9.968288e-05,1.0,3794
ENSG00000185985,0.0008958955,-0.0003056505,1.0,3795
ENSG00000007372,0.0008955254,2.2641107e-06,0.33333334,3796
ENSG00000115170,0.00089509663,-0.00019086701,1.0,3797
ENSG00000170909,0.0008941737,8.6292374e-07,0.33333334,3798
ENSG00000100341,0.0008936,0.00022555068,1.0,3799
ENSG00000126562,0.0008925413,-4.418789e-05,0.33333334,3800
ENSG00000187238,0.00089216256,6.598698e-05,0.33333334,3801
ENSG00000116819,0.00089098,-0.0005564368,1.0,3802
ENSG00000122378,0.0008901839,0.00048185015,1.0,3803
ENSG00000148513,0.00088858913,0.00029827218,1.0,3804
ENSG00000136250,0.0008885434,-0.00054035423,1.0,3805
ENSG00000154864,0.00088840345,-0.00017930579,0.33333334,3806
ENSG00000182718,0.0008875336,0.00037751754,1.0,3807
ENSG00000179059,0.0008873359,5.3176667e-05,0.33333334,3808
ENSG00000156453,0.0008838736,-0.00017233352,1.0,3809
ENSG00000038274,0.0008794291,0.00019156885,1.0,3810
ENSG00000135587,0.0008753578,-0.0005182998,1.0,3811
ENSG00000182898,0.00087520684,0.0004936753,1.0,3812
ENSG00000133704,0.00087489,-0.0006128392,1.0,3813
ENSG00000136877,0.00087458483,0.00060207176,1.0,3814
ENSG00000165195,0.00087367307,4.11725e-05,0.33333334,3815
ENSG00000113430,0.0008736439,0.00025418846,1.0,3816
ENSG00000077380,0.0008735694,3.134202e-05,0.33333334,3817
ENSG00000182698,0.00087270886,0.00019418394,0.33333334,3818
ENSG00000048540,0.00087236846,0.00043930742,1.0,3819
ENSG00000118894,0.00087136525,-5.5764216e-05,0.33333334,3820
ENSG00000162819,0.0008691798,0.00030393634,0.33333334,3821
ENSG00000171612,0.00086891715,4.8616304e-05,0.33333334,3822
ENSG00000137478,0.00086857536,-0.000122047146,1.0,3823
ENSG00000168679,0.00086854567,-0.00030190402,1.0,3824
ENSG00000166840,0.0008682991,0.00053604663,1.0,3825
ENSG00000153395,0.0008656299,-0.00023461955,1.0,3826
ENSG00000109065,0.000865454,-0.0002690271,1.0,3827
ENSG00000177096,0.00086425553,2.4451854e-05,0.33333334,3828
ENSG00000111144,0.00086414657,-0.00011954933,1.0,3829
ENSG00000159455,0.0008635917,-0.00017448193,0.33333334,3830
ENSG00000138834,0.00086135877,0.0004269951,0.33333334,3831
ENSG00000084444,0.000859686,0.0002816732,0.33333334,3832
ENSG00000135241,0.0008592073,0.00057180977,1.0,3833
ENSG00000144744,0.0008590512,0.00036416817,1.0,3834
ENSG00000168872,0.0008566831,8.0750426e-05,0.33333334,3835
ENSG00000127804,0.0008557713,0.00046741552,1.0,3836
ENSG00000108587,0.0008548678,0.00025022967,1.0,3837
ENSG00000105559,0.00085170637,0.0005315874,1.0,3838
ENSG00000105612,0.0008506615,7.224832e-07,0.33333334,3839
ENSG00000140945,0.0008505142,0.00034562135,1.0,3840
ENSG00000153234,0.00084953586,1.5025027e-05,0.33333334,3841
ENSG00000188827,0.00084943,0.0001241318,0.33333334,3842
ENSG00000180035,0.00084924704,5.916775e-05,1.0,3843
ENSG00000172732,0.0008483766,0.00012549113,0.33333334,3844
ENSG00000138650,0.0008479573,-0.00012932949,1.0,3845
ENSG00000121871,0.00084720645,0.00040155344,1.0,3846
ENSG00000196663,0.00084701896,0.00018424494,1.0,3847
ENSG00000185215,0.0008454197,0.0001487026,1.0,3848
ENSG00000111752,0.00084535865,-0.0006006662,1.0,3849
ENSG00000173302,0.0008452505,-0.00038982372,1.0,3850
ENSG00000092421,0.0008447696,-5.6894776e-05,1.0,3851
ENSG00000171487,0.0008447,-0.00022203768,1.0,3852
ENSG00000176153,0.00084372313,-0.00013105296,1.0,3853
ENSG00000124074,0.00084275386,0.00063390814,1.0,3854
ENSG00000165025,0.00084155635,-0.00026524937,1.0,3855
ENSG00000141258,0.0008412009,-5.3432785e-05,1.0,3856
ENSG00000186310,0.0008411763,-0.00026290826,1.0,3857
ENSG00000131931,0.0008408089,0.00033807883,1.0,3858
ENSG00000187957,0.0008388048,-0.0001571947,1.0,3859
ENSG00000120686,0.00083862053,0.00014483409,1.0,3860
ENSG00000166035,0.0008384986,0.00024862462,1.0,3861
ENSG00000074416,0.00083680777,0.00020871592,0.33333334,3862
ENSG00000006062,0.00083589746,2.5816393e-05,0.33333334,3863
ENSG00000124795,0.00083565776,0.00042496956,1.0,3864
ENSG00000070814,0.0008335551,-0.0003132742,1.0,3865
ENSG00000174579,0.0008329516,0.00018866337,0.33333334,3866
ENSG00000133665,0.000829552,-0.00018652016,0.33333334,3867
ENSG00000106346,0.0008292403,-0.0003410932,1.0,3868
ENSG00000163840,0.0008279234,-4.0119136e-05,0.33333334,3869
ENSG00000168032,0.0008234104,-0.00042553616,1.0,3870
ENSG00000139890,0.0008233323,-0.0002608906,1.0,3871
ENSG00000115762,0.00082188257,-0.00030778276,1.0,3872
ENSG00000153317,0.0008216696,0.00036120295,0.33333334,3873
ENSG00000183010,0.00081958185,-0.00036130208,1.0,3874
ENSG00000169953,0.00081830536,0.00022046287,0.33333334,3875
ENSG00000014123,0.0008182879,0.00046445438,0.33333334,3876
ENSG00000099814,0.00081687956,-0.00023184113,0.33333334,3877
ENSG00000153006,0.00081518525,4.752471e-05,0.33333334,3878
ENSG00000171241,0.00081210845,0.00014709908,1.0,3879
ENSG00000144908,0.0008117731,7.312488e-05,1.0,3880
ENSG00000169057,0.00081065344,-0.00045932658,1.0,3881
ENSG00000140398,0.00081045716,0.0001509443,0.33333334,3882
ENSG00000117122,0.00080773357,0.00051818986,1.0,3883
ENSG00000149591,0.00080715836,0.00030805005,1.0,3884
ENSG00000116745,0.0008055858,0.00013748989,1.0,3885
ENSG00000104915,0.0008024666,6.656166e-05,0.33333334,3886
ENSG00000173852,0.00080173725,0.00032278782,1.0,3887
ENSG00000184517,0.0007992766,-0.00037533767,1.0,3888
ENSG00000012822,0.0007978053,-0.00028385318,1.0,3889
ENSG00000162735,0.0007972371,0.00011417494,0.33333334,3890
ENSG00000059122,0.0007971174,-0.00016252458,0.33333334,3891
ENSG00000172465,0.000794509,0.0003928427,1.0,3892
ENSG00000164342,0.0007944343,8.946106e-06,0.33333334,3893
ENSG00000134108,0.00079286,0.00019887758,1.0,3894
ENSG00000136943,0.000792328,0.00013486708,1.0,3895
ENSG00000133195,0.0007912647,1.1825228e-05,0.33333334,3896
ENSG00000118939,0.0007904417,-0.00033054256,1.0,3897
ENSG00000134851,0.0007904037,-0.00013030902,0.33333334,3898
ENSG00000106459,0.0007892509,-0.00026388784,1.0,3899
ENSG00000167088,0.00078915356,-0.00040961464,1.0,3900
ENSG00000176401,0.00078698277,-1.401867e-05,0.33333334,3901
ENSG00000133030,0.0007845526,-0.00045150952,1.0,3902
ENSG00000106591,0.00078364654,-0.00052671856,1.0,3903
ENSG00000196510,0.0007829559,9.096656e-05,1.0,3904
ENSG00000109083,0.0007823037,7.7000725e-05,1.0,3905
ENSG00000153896,0.0007817927,-0.00038741273,1.0,3906
ENSG00000132259,0.0007783279,9.705097e-06,0.33333334,3907
ENSG00000067704,0.00077609095,-0.00011776522,1.0,3908
ENSG00000135443,0.00077403785,0.00025235597,1.0,3909
ENSG00000122025,0.00077389315,-0.00045731093,1.0,3910
ENSG00000105879,0.0007738452,5.0471444e-05,0.33333334,3911
ENSG00000168065,0.0007731456,0.00015905897,1.0,3912
ENSG00000113389,0.0007730835,-0.00031933797,1.0,3913
ENSG00000141564,0.00077241956,-9.503864e-06,0.33333334,3914
ENSG00000141552,0.00077007123,-0.0004118629,1.0,3915
ENSG00000167130,0.0007686049,-0.000109774235,0.33333334,3916
ENSG00000105605,0.00076834444,0.000531302,1.0,3917
ENSG00000149573,0.0007679114,1.38007135e-05,0.33333334,3918
ENSG00000167202,0.0007629672,0.00051124796,1.0,3919
ENSG00000102893,0.0007609343,-0.00023384685,1.0,3920
ENSG00000095574,0.00075837324,-0.00010500666,0.33333334,3921
ENSG00000137075,0.000756312,-0.00048789268,1.0,3922
ENSG00000171408,0.00075553014,0.0001359962,0.33333334,3923
ENSG00000186867,0.00075220456,0.0001497931,1.0,3924
ENSG00000173464,0.00075171323,0.0002615751,1.0,3925
ENSG00000134760,0.0007496108,-0.00037049837,1.0,3926
ENSG00000101280,0.00074941065,-9.468539e-05,0.33333334,3927
ENSG00000179148,0.0007481925,-0.0003657701,1.0,3928
ENSG00000179195,0.00074810704,0.00019283166,1.0,3929
ENSG00000112499,0.00074553,0.0005501882,1.0,3930
ENSG00000100226,0.0007452181,0.0002030362,1.0,3931
ENSG00000173237,0.00074362446,8.963101e-05,1.0,3932
ENSG00000164985,0.0007435971,-0.00036799358,1.0,3933
ENSG00000139624,0.0007429691,-0.00012234897,0.33333334,3934
ENSG00000004948,0.0007408525,0.00023753573,1.0,3935
ENSG00000183647,0.00073903817,-1.2940036e-05,0.33333334,3936
ENSG00000141497,0.0007389726,-0.00016411219,0.33333334,3937
ENSG00000158748,0.00073526223,0.00021945544,1.0,3938
ENSG00000176244,0.00073443254,0.00010238542,0.33333334,3939
ENSG00000130764,0.00073308294,-0.00020690625,0.33333334,3940
ENSG00000106524,0.00073238957,-8.220408e-05,0.33333334,3941
ENSG00000010282,0.0007322557,0.00016713793,0.33333334,3942
ENSG00000119614,0.0007277099,6.410156e-05,1.0,3943
ENSG00000163882,0.00072653615,0.000132863,0.33333334,3944
ENSG00000132153,0.0007225799,0.00027650714,1.0,3945
ENSG00000083838,0.0007193691,-5.948755e-05,1.0,3946
ENSG00000183020,0.0007178255,-0.0002084074,0.33333334,3947
ENSG00000169231,0.00071769493,-0.00018721119,0.33333334,3948
ENSG00000185798,0.00071716215,9.234768e-05,1.0,3949
ENSG00000174032,0.0007163694,0.00032417223,1.0,3950
ENSG00000156110,0.00071601523,-0.0001234615,1.0,3951
ENSG00000179915,0.00071496196,1.6731137e-05,0.33333334,3952
ENSG00000167552,0.00071366056,-0.000111958514,1.0,3953
ENSG00000166598,0.000713024,-2.5869458e-05,0.33333334,3954
ENSG00000165527,0.0007127439,0.00024319503,1.0,3955
ENSG00000180370,0.00071221153,0.00010199918,1.0,3956
ENSG00000099949,0.0007101659,-1.2737272e-05,0.33333334,3957
ENSG00000170248,0.00070754136,1.8780302e-05,0.33333334,3958
ENSG00000102021,0.00069938117,-2.2610645e-06,0.33333334,3959
ENSG00000166851,0.00069828774,-5.3044296e-05,0.33333334,3960
ENSG00000134014,0.0006981886,-4.960013e-05,0.33333334,3961
ENSG00000186471,0.0006959655,8.513034e-05,1.0,3962
ENSG00000087111,0.0006941368,-8.3960964e-05,0.33333334,3963
ENSG00000188878,0.0006924309,0.00016996947,1.0,3964
ENSG00000124194,0.0006890039,-0.00023333037,1.0,3965
ENSG00000171451,0.00068667374,0.00042443944,1.0,3966
ENSG00000085563,0.0006864306,-0.00016215867,0.33333334,3967
ENSG00000175166,0.00068625994,0.00025601292,1.0,3968
ENSG00000174827,0.0006842362,0.00022036124,1.0,3969
ENSG00000082996,0.0006841013,-0.00012714119,1.0,3970
ENSG00000188324,0.0006837345,-4.774095e-05,0.33333334,3971
ENSG00000174442,0.0006834411,0.000403479,1.0,3972
ENSG00000165309,0.00068233395,-0.00012939169,1.0,3973
ENSG00000163586,0.00068004354,9.316541e-06,0.33333334,3974
ENSG00000107185,0.0006790823,-0.00022444707,1.0,3975
ENSG00000177138,0.0006779772,-0.0002040473,1.0,3976
ENSG00000135097,0.00067696447,1.0509411e-05,0.33333334,3977
ENSG00000158865,0.00067653117,0.00028053985,1.0,3978
ENSG00000168619,0.0006757537,0.0003134236,1.0,3979
ENSG00000071994,0.00067403185,3.899838e-05,0.33333334,3980
ENSG00000163898,0.0006666703,0.0002210741,1.0,3981
ENSG00000196581,0.0006663021,-0.0001988281,1.0,3982
ENSG00000167721,0.00066612667,1.9299012e-05,0.33333334,3983
ENSG00000169660,0.0006655815,0.00022622611,0.33333334,3984
ENSG00000099834,0.0006651134,0.00010339103,0.33333334,3985
ENSG00000130309,0.0006632554,0.00015120965,1.0,3986
ENSG00000130529,0.0006616027,0.00018423486,0.33333334,3987
ENSG00000006125,0.0006576027,0.0001909905,1.0,3988
ENSG00000180483,0.0006555794,-8.83557e-05,0.33333334,3989
ENSG00000102901,0.0006531314,-0.00030478777,1.0,3990
ENSG00000143278,0.0006527105,-0.00014648002,0.33333334,3991
ENSG00000128886,0.00064734987,-0.00014715262,0.33333334,3992
ENSG00000160202,0.0006465437,7.957046e-05,1.0,3993
ENSG00000159495,0.0006420621,0.00022556346,1.0,3994
ENSG00000171960,0.00063747104,-0.00034372986,1.0,3995
ENSG00000083896,0.0006360126,0.000170648,0.33333334,3996
ENSG00000151503,0.0006351294,0.00027477837,1.0,3997
ENSG00000143149,0.000633873,-7.5944685e-05,0.33333334,3998
ENSG00000051009,0.0006327532,-9.5798285e-05,1.0,3999
ENSG00000126432,0.0006319861,0.0003762478,1.0,4000
ENSG00000164256,0.00063168537,-2.1001093e-05,0.33333334,4001
ENSG00000163346,0.00063144695,8.7715474e-05,0.33333334,4002
ENSG00000111077,0.0006299159,-0.0002902928,0.33333334,4003
ENSG00000007545,0.0006292346,0.00017284346,0.33333334,4004
ENSG00000186687,0.00062860455,6.8217385e-05,0.33333334,4005
ENSG00000176619,0.00062806293,0.00020412076,0.33333334,4006
ENSG00000086730,0.0006241654,0.00035572122,1.0,4007
ENSG00000134376,0.00062126433,-0.00017582183,1.0,4008
ENSG00000092850,0.0006210608,7.0644455e-06,0.33333334,4009
ENSG00000112115,0.0006203794,-9.938271e-05,1.0,4010
ENSG00000164751,0.0006186728,2.531898e-05,0.33333334,4011
ENSG00000169683,0.00061594567,0.00013013692,0.33333334,4012
ENSG00000105173,0.00061500137,-0.00016439961,1.0,4013
ENSG00000130653,0.00061044516,-0.00011256533,1.0,4014
ENSG00000163719,0.0006093394,0.00010081474,1.0,4015
ENSG00000166257,0.0006066016,-0.00020517514,1.0,4016
ENSG00000176049,0.0006060546,0.00016103887,1.0,4017
ENSG00000153086,0.0006048144,0.00014725646,0.33333334,4018
ENSG00000101310,0.00060184085,0.00010757777,0.33333334,4019
ENSG00000186517,0.00060033746,-0.00039828708,1.0,4020
ENSG00000121058,0.0005877164,0.00018879614,0.33333334,4021
ENSG00000117500,0.00058000296,-4.0836163e-05,1.0,4022
ENSG00000185722,0.000579147,6.7306915e-05,0.33333334,4023
ENSG00000135482,0.00057843205,-0.00020969987,1.0,4024
ENSG00000153936,0.0005783847,4.557692e-05,0.33333334,4025
ENSG00000048392,0.00057746965,0.00023239932,1.0,4026
ENSG00000108106,0.00057743286,-0.00033351406,1.0,4027
ENSG00000139437,0.000568993,-0.00026477562,1.0,4028
ENSG00000137309,0.0005682299,0.0003888132,1.0,4029
ENSG00000135175,0.000564752,9.655982e-05,1.0,4030
ENSG00000100445,0.00055932876,-8.041308e-06,0.33333334,4031
ENSG00000105519,0.0005499337,-0.00014775789,0.33333334,4032
ENSG00000106560,0.0005472848,0.00020810385,1.0,4033
ENSG00000088205,0.00054660166,-0.00026185144,1.0,4034
ENSG00000166888,0.000542346,-0.00025594537,1.0,4035
ENSG00000196224,0.00054139266,0.0001076166,0.33333334,4036
ENSG00000127022,0.0005412963,-6.944624e-05,0.33333334,4037
ENSG00000196990,0.0005401759,0.00018113972,1.0,4038
ENSG00000149554,0.00053656456,-4.7266716e-05,0.33333334,4039
ENSG00000169826,0.00053593353,-0.0003210445,1.0,4040
ENSG00000025800,0.00053465384,-0.00021606928,1.0,4041
ENSG00000108924,0.00053250184,-0.00020321152,1.0,4042
ENSG00000174898,0.00053128996,8.79234e-07,0.33333334,4043
ENSG00000100403,0.0005296797,-3.962704e-05,0.33333334,4044
ENSG00000166136,0.00052650296,-0.00014383065,0.33333334,4045
ENSG00000143793,0.0005222639,0.00022114783,0.33333334,4046
ENSG00000113368,0.00052168145,3.5102665e-05,1.0,4047
ENSG00000138379,0.00052148174,-2.9022127e-05,0.33333334,4048
ENSG00000066405,0.0005197914,0.00017554055,1.0,4049
ENSG00000149100,0.0005191655,6.7646e-05,0.33333334,4050
ENSG00000137710,0.00051382335,-2.4438583e-05,0.33333334,4051
ENSG00000066855,0.00050562114,-0.000118687865,1.0,4052
ENSG00000100461,0.000500055,0.0001124116,1.0,4053
ENSG00000099783,0.000495387,-2.0213673e-05,0.33333334,4054
ENSG00000057663,0.00049441657,-0.00012513716,0.33333334,4055
ENSG00000100522,0.0004937357,5.2017975e-05,0.33333334,4056
ENSG00000161021,0.0004885189,9.2294205e-05,0.33333334,4057
ENSG00000178287,0.00048707673,0.00024080473,1.0,4058
ENSG00000112531,0.0004833029,0.00014970274,0.33333334,4059
ENSG00000099326,0.0004739406,1.5261008e-05,0.33333334,4060
ENSG00000173221,0.000463043,-0.00019005034,1.0,4061
ENSG00000116726,0.00046151204,-1.1409575e-06,0.33333334,4062
ENSG00000196943,0.00045928522,-0.00033017536,1.0,4063
ENSG00000161807,0.00045133973,-0.00029166756,1.0,4064
ENSG00000143032,0.0004478503,-0.000119528784,1.0,4065
ENSG00000149133,0.00044616105,-0.00014667881,1.0,4066
ENSG00000127515,0.00044428222,6.323992e-05,1.0,4067
ENSG00000183434,0.0004207644,-8.2723454e-05,1.0,4068
ENSG00000142025,0.00041925252,0.00013175637,0.33333334,4069
ENSG00000172320,0.00040960233,-2.0550253e-05,0.33333334,4070
ENSG00000147596,0.00039162175,-1.900185e-05,1.0,4071
ENSG00000094796,0.00039098598,0.00012536847,1.0,4072
ENSG00000138071,0.00034656705,-0.00011791332,1.0,4073
ENSG00000172352,0.00033129528,-0.00011592888,0.33333334,4074
ENSG00000173572,0.00032427206,4.0819956e-05,0.33333334,4075
ENSG00000149507,0.00032227125,-2.669076e-05,0.33333334,4076
ENSG00000169800,0.00029067465,-4.3599197e-05,1.0,4077
ENSG00000178691,0.00028082295,-6.697426e-05,1.0,4078
ENSG00000183395,0.0002678695,6.276662e-05,1.0,4079
ENSG00000116030,0.00026201524,-3.081151e-05,0.33333334,4080
ENSG00000125954,0.0,0.0,0.0,4081
ENSG00000185960,0.0,0.0,0.0,4082
ENSG00000167393,0.0,0.0,0.0,4083
ENSG00000164708,0.0,0.0,0.0,4084
ENSG00000178605,0.0,0.0,0.0,4085
ENSG00000136305,0.0,0.0,0.0,4086
ENSG00000182484,0.0,0.0,0.0,4087
ENSG00000183260,0.0,0.0,0.0,4088
ENSG00000178922,0.0,0.0,0.0,4089
ENSG00000100101,0.0,0.0,0.0,4090
ENSG00000177300,0.0,0.0,0.0,4091
ENSG00000150269,0.0,0.0,0.0,4092
ENSG00000148671,0.0,0.0,0.0,4093
ENSG00000145337,0.0,0.0,0.0,4094
ENSG00000103426,0.0,0.0,0.0,4095
ENSG00000196826,0.0,0.0,0.0,4096
