case_id,cohort,label,file_id,tmb_count,log1p_tmb
0075437e-ba1a-46be-86d6-9773209a2b5e,TCGA,LUAD,03680aea-84a2-4775-bb9c-24f8c5907247,82,4.418840607796598
009be09b-f9f6-43b7-8f45-4a648f8123ce,TCGA,LUAD,269a7c8d-f4d6-4f1a-a85b-874934f214b9,86,4.465908118654584
01e9888d-b5b9-48f1-8ba6-8a89af108a04,TCGA,LUAD,3c421a7f-8bde-4b4b-90e5-cf0ea11274ab,23,3.1780538303479458
0232d299-4cdf-4fd7-9a5e-8d13c208b40c,TCGA,LUAD,3d08a99f-46c1-4e06-a042-521a54ebbe1e,461,6.135564891081739
028e99e9-5b9a-4954-bb6e-6d4709a3cea8,TCGA,LUAD,ad6ae9d2-c6f5-4686-9b3c-45ea130493f3,15,2.772588722239781
035c0b2b-c722-443b-8962-db4ee92c7532,TCGA,LUAD,24fa0c9f-c679-486d-846a-66fbc8d30b0a,736,6.602587892189336
03c3409a-9d16-41d0-9e26-f9fc2547a4c8,TCGA,LUAD,efc4983d-f573-4996-bf5c-5aaa1aafd730,212,5.3612921657094255
05534064-8b43-4c82-95da-70fd83bd6560,TCGA,LUAD,477d7181-e081-4577-ac06-e508b1239989,22,3.1354942159291497
055e9a43-3c00-4110-a303-e4407676bec0,TCGA,LUAD,458042ad-bec8-4433-80da-70f517a440f7,301,5.71042701737487
06fe7f3e-4edd-4150-981c-93787ea19b39,TCGA,LUAD,4c2a4d47-67dd-4c12-8f3b-1c55eb6fd00e,86,4.465908118654584
0780eb43-d5b5-4c3d-9825-beacba5cc723,TCGA,LUAD,8b55c916-963b-41d6-b7ce-7e8ccf958c80,33,3.5263605246161616
079ae0b3-b64b-4b8e-ab7d-225b8046568c,TCGA,LUAD,cb59cd67-2756-45e1-80c7-67ad6d6823d4,154,5.043425116919247
07b5663f-9a54-4462-b6c1-6fc8116b8714,TCGA,LUAD,eac5ebd0-d788-4908-8eb7-976d6b611667,161,5.087596335232384
088edf89-d2b5-40c7-b066-df3bd383f7ea,TCGA,LUAD,b91d8293-6331-4f76-98f0-335ebce83539,169,5.135798437050262
09078761-1c14-4d01-8e15-535c19a9b0f9,TCGA,LUAD,0e6fc8f1-34ca-4f3b-9d71-5a867e5efb07,24,3.2188758248682006
096bd95f-9900-4db2-b1c4-103902c3b31f,TCGA,LUAD,911a72ec-dcb3-4454-8f22-7bd4f9d29b21,255,5.545177444479562
09918b81-4696-4cba-a45a-5fe7407c2337,TCGA,LUAD,371fd35f-eb3c-4346-8197-8ecf4c9ce220,241,5.488937726156687
0a1eea76-e19a-4547-9b24-abf7051cc4db,TCGA,LUAD,3604ee2d-3fdc-40fa-95ab-a3f420334ac5,236,5.4680601411351315
0a45f302-5748-48f3-9dc9-66c01843a68e,TCGA,LUAD,a777fb14-4498-4f32-bccb-1e8521567302,45,3.828641396489095
0b15fcb8-1fb7-497e-80b9-d3db66a3c0a2,TCGA,LUAD,75719c78-9935-40e0-bd30-1f8eec34badf,30,3.4339872044851463
0b31dbdf-0623-48e4-a0ec-017650dceda7,TCGA,LUAD,e7ae9253-4c2d-41bd-9d3a-c37e9841f479,368,5.910796644040527
0c0b610e-fe4c-406d-a5ed-5cc3b11dabf5,TCGA,LUAD,074b0792-df3c-4b59-9f50-793bc14bcb81,37,3.6375861597263857
0c59ff96-5e4a-4664-a0b1-d057b4725483,TCGA,LUAD,0869efb9-b167-45af-8b2c-67433e39baad,226,5.424950017481403
0d0d83d9-d558-4d38-977b-6f1b2471beda,TCGA,LUAD,97541ffe-94e7-4130-9bac-65528de8d6f5,256,5.54907608489522
0d66bf6c-eed0-4726-bd5b-3bf6d610b4e0,TCGA,LUAD,f6582ef5-5f6d-41d7-850a-614257c9e3b2,38,3.6635616461296463
0d980584-4484-4063-8243-c3cd67f6f588,TCGA,LUAD,1529d8e6-10d2-4e7c-bfb1-66820434c835,16,2.833213344056216
0df573ee-28f0-4244-b434-09e6ca59fbf0,TCGA,LUAD,29bb005f-53d0-44e6-8626-d6bbe0dba8be,1021,6.92951677076365
0ea4920f-f4c8-4590-84b3-eb419824e144,TCGA,LUAD,242a2880-95da-453f-892d-fafd49a4865e,473,6.161207321695077
0fe909ea-d52c-4b71-816f-57f62d4a5744,TCGA,LUAD,51c0568a-3e54-42a0-b805-0a90905cc865,179,5.19295685089021
100430c8-1446-45c8-af36-b6dbb3ddd0c1,TCGA,LUAD,d3d249ab-0483-4e9c-99f3-07afb5b6dabc,71,4.276666119016055
1070ff27-17c9-43dd-a4f6-daa643eb9123,TCGA,LUAD,8af996d7-2c5e-4d17-b1a5-8751f4784eba,985,6.893656354602635
108a71cf-b9db-47cd-aa74-c03ec989b41b,TCGA,LUAD,7a26df49-5d12-4dc2-b686-07e015a415b0,154,5.043425116919247
114a34c0-983b-4d90-9181-1823c9637a63,TCGA,LUAD,8e510682-b05c-4792-a149-d713db6d082d,703,6.556778356158042
11c2e619-8aeb-4f86-b03b-78f9a8099263,TCGA,LUAD,2e2eb2df-d002-49ac-86e7-5ed33e9eabf3,140,4.948759890378168
127bf818-f7e5-46b5-a9de-39f6d96b8b83,TCGA,LUAD,6855a406-c085-45c7-b789-981786f0c775,225,5.420534999272286
12b79b4f-c28c-418e-a1e7-e622f33fdcc2,TCGA,LUAD,8148f34c-1ddd-454a-8761-8b76e97e8534,59,4.0943445622221
12c07138-e3fa-418a-89e3-628da12bc99e,TCGA,LUAD,8d308359-6f2a-4c2a-a2e7-b1a3b8d79de9,290,5.673323267171493
12c27db5-db2f-48dc-a2ca-9557b951f43e,TCGA,LUAD,f201ba16-5cb7-42d0-9865-e413fffa3532,122,4.812184355372417
12ccd581-a921-41bc-bcee-4e9be54532cc,TCGA,LUAD,69933ac8-e7a7-43b6-8231-2ecb35f88d52,253,5.537334267018537
1427cd18-5ad3-491a-9981-908e31ae49db,TCGA,LUAD,ffec28dd-cc44-4057-bcc3-ccc0cd2331c2,523,6.261491684321042
15340dd3-84ae-49fb-989a-eb212f3e73da,TCGA,LUAD,1876b908-e911-464f-be23-2b4eae0a43b6,166,5.117993812416755
1575148b-0f63-44ee-86fd-93ae1a02be0b,TCGA,LUAD,148c1368-6302-4daf-b389-2c92f5da0529,135,4.912654885736052
15f12d2c-b834-4bfc-b526-f03bf85bfe96,TCGA,LUAD,555bdfe8-80bb-46db-80f1-421038f5c2b4,45,3.828641396489095
16cd58db-d52c-403e-9e9c-6da2e99f6bad,TCGA,LUAD,5edfb99b-ef38-4f97-a59b-efea8738442c,67,4.219507705176107
16d3c1c1-cf3a-44b6-b564-8ae5464b243d,TCGA,LUAD,bae11f13-84a4-4fe3-b9e4-9d48b74896af,42,3.7612001156935624
16e64a1e-08b0-4c27-8c69-fa64551f8ca4,TCGA,LUAD,06a639d9-ade5-4cbb-91b0-a41449ce4f49,927,6.833031732786201
17e09b0d-eab2-40ec-ae3c-be9ab63fcef0,TCGA,LUAD,b6a0d742-e7bc-4d67-8014-675e62f1ddd0,380,5.942799375126701
18478121-f1d1-4bdd-9511-8ab22f4a0660,TCGA,LUAD,169b5555-f64c-4bbd-9c07-af0c42ddb6aa,596,6.391917113392602
193201a3-1447-47b1-bdf1-11ae0eb3b2f3,TCGA,LUAD,d2000aa0-a3c5-4155-8995-80ec5f4436e2,359,5.886104031450156
195a5afb-b79f-44d2-9d12-884487630c2b,TCGA,LUAD,4320b770-69f3-4dd2-afea-8b7f7cdf44c2,76,4.343805421853684
199386c2-bb53-4fad-a1b6-59ab216a4a50,TCGA,LUAD,e6b0ab3e-2b95-4803-91f8-cfa385fe0386,178,5.187385805840755
1ab7ad70-0f80-41d8-8efa-3baebc8223cc,TCGA,LUAD,505bfb1f-dc96-4f7e-ba2c-8e20eb0e1f6c,50,3.9318256327243257
1b110eb4-a01d-4c50-ba18-77da4dedd549,TCGA,LUAD,932ccb56-ad41-40a0-9ab3-21f490c60af5,20,3.044522437723423
1b31cdb3-1837-49d6-a857-1830f8800299,TCGA,LUAD,8a884668-03c2-44bb-8ea0-5b0d0bc68aa4,51,3.9512437185814275
1b354837-4925-4480-ac32-6b44d0957314,TCGA,LUAD,f4288244-7a1c-4a61-98f6-6c1a06ccde2d,297,5.697093486505405
1c339545-c08a-4a77-b8e9-a7e49e53853f,TCGA,LUAD,36e8195f-72b1-4d87-9be5-a487689aba5e,46,3.8501476017100584
1c58d9b8-17a2-4fc6-9898-fe6f47bd2c2a,TCGA,LUAD,b817c1a8-7e62-423e-b7e0-eb9136fe0455,303,5.717027701406222
1d276b62-5e64-48fb-b2ce-5192b511fe37,TCGA,LUAD,62cdda72-a90e-49e7-9423-24540d696049,145,4.983606621708336
1d90c9f3-5025-4867-a2f0-e455b6a254fa,TCGA,LUAD,6bec00ac-81d0-4f29-bb4d-99102992914c,227,5.429345628954441
1f0a5312-0590-4230-9da9-fd0cfe693586,TCGA,LUAD,eeacf4ac-09cf-41a8-8066-c38a173e61b4,187,5.236441962829949
1f1df7ea-00b9-4432-86de-da773d1451e5,TCGA,LUAD,4b2e6f07-59e6-47c0-85ea-1e73f3354a01,446,6.102558594613569
1fc81cd4-fa89-4135-8c3c-027ffae82b05,TCGA,LUAD,23ab7447-ba7a-4947-bacf-2c0b209b38cf,798,6.683360945766275
202e5df9-69f2-432c-a59d-cc5aa176e973,TCGA,LUAD,c7ee3fa6-4a2f-4824-a098-91ce6c1223c3,31,3.4657359027997265
205759a6-6391-491b-9857-0080c3a5871e,TCGA,LUAD,f93cc1fb-b3d9-4b1e-94bf-54e40b505b34,131,4.882801922586371
2079155a-d91d-4246-a038-01934a580f32,TCGA,LUAD,d1a18468-9c02-4d61-8e3e-43a6d23d402e,170,5.14166355650266
21fb46f9-4bbb-441c-af19-a687e9138344,TCGA,LUAD,a03c9de0-7526-4942-8a7a-5fe03ea191f6,210,5.351858133476067
23069f19-eba5-4ea5-ae7d-1ee4399ce7c1,TCGA,LUAD,bb5264e1-0dbf-4b28-9fbe-0a8602c13369,16,2.833213344056216
230dc42d-681c-4e31-9d2e-c724e61829fb,TCGA,LUAD,e585878b-98af-4e3f-b03c-6b5a4e7a202c,524,6.263398262591624
243c6fd6-5516-46e5-bcef-292d93d7b7d3,TCGA,LUAD,09f9f414-db5b-4b54-9e8e-234bf9d7c678,65,4.189654742026425
2483621a-4db3-41ab-aa33-b9427ea8a0af,TCGA,LUAD,cab5b00a-9cf2-4e1f-b2f3-93d27b73631e,597,6.393590753950631
258a3a41-211b-4c66-bd3b-ef03014a6967,TCGA,LUAD,7cb19688-bac4-41bf-b69e-977ac0da0aa1,8,2.1972245773362196
25d4ea9e-f773-4f11-bac9-64efdad73211,TCGA,LUAD,de0b900f-151a-4173-a070-3ec31ec05aed,190,5.25227342804663
26a92e1b-08d8-45cd-af0c-eaf2514808a2,TCGA,LUAD,7bc6d1c2-7d78-4b67-9c0d-8a836047f721,4,1.6094379124341003
27fceec1-3298-4cdd-a4e6-8f5cf34604f0,TCGA,LUAD,db07bd22-cf7a-4504-9491-1bdeb1e14339,105,4.663439094112067
2923e404-38f2-437a-b57e-23401fbe0273,TCGA,LUAD,5dd8168d-fe35-4a32-8520-1deaef953b10,423,6.049733455231958
294cb595-0907-44c7-bbef-985a27c1e6e2,TCGA,LUAD,69e97c5b-4c8a-4710-a0f6-48ebfd917f5a,168,5.1298987149230735
294ff941-aea1-4588-9a0e-e9f5393e2bb6,TCGA,LUAD,38bc7dc7-3a4f-4fd9-ad6d-306dc8a3b7f6,171,5.147494476813453
2a394996-809f-459f-a647-d209921ccbd2,TCGA,LUAD,f7d58012-79f4-440f-add6-8a00728e96ba,790,6.673297967767654
2a43e61e-2151-4c5a-b062-74ce9dfd8d4a,TCGA,LUAD,04778fc1-a821-4029-a383-d88e711f3bee,232,5.4510384535657
2b68b51f-bd4c-4bbb-b4e6-2eead53da2a4,TCGA,LUAD,d88c062b-3c19-46e9-92b8-b80f6c3eef56,123,4.820281565605037
2c03141e-a0bd-4e8d-91e4-9744d139ccce,TCGA,LUAD,0b73f593-b6e8-4897-9b9b-f09e65e436b7,375,5.929589143389895
2cd8ea73-cb3f-4b17-9b97-fa12eb03b85b,TCGA,LUAD,2a7831f2-aa57-4e6f-92b3-0a7a727d5637,147,4.997212273764115
2db08267-d346-4d42-aac0-b76831903253,TCGA,LUAD,667a9066-debb-4f43-94f7-3277e66d8991,309,5.736572297479192
2de1ba51-eae1-4a54-b7cd-d6d739fdc39d,TCGA,LUAD,c2accf79-6461-4082-b201-c6f881dc6ea2,113,4.736198448394496
2efc156c-464a-4c2f-a854-39fefe32081c,TCGA,LUAD,1860869f-ecb5-43ae-9714-328ff5748c2a,143,4.969813299576001
2f0710f4-827b-45b2-9b7e-c27385b481a7,TCGA,LUAD,4b11527c-fb98-4ad4-aaac-6f0c6c1d185c,9,2.302585092994046
2f09479f-87fc-4c34-8e2c-333e970a3681,TCGA,LUAD,8e14dba9-6132-483c-892b-b244704fdc38,55,4.02535169073515
2f1a4b16-104c-40eb-8114-8245847bb716,TCGA,LUAD,71ac888b-0acc-4cfd-a21a-4c9ff8d06bf9,484,6.184148890937483
2fabeb98-05e3-4f55-97f5-fbc675e25a3d,TCGA,LUAD,76cc364e-8214-4a17-8083-9ea80e74c400,67,4.219507705176107
301ca6e8-7981-4264-b4ae-38f56f7f9225,TCGA,LUAD,0344d3bb-8bb2-459e-bc1f-ba31c7470d08,317,5.762051382780177
30f276a8-3a4b-4de8-aea0-7f605d100401,TCGA,LUAD,de82c428-0b33-48e0-a337-42ac0a434a24,101,4.624972813284271
31458638-e19c-43e5-ab13-9c64b3b3681d,TCGA,LUAD,deb2d529-5ea7-4a41-be07-f9239d7ac759,98,4.59511985013459
3199cfe5-3be3-43cd-a36b-5cf2c7a9929f,TCGA,LUAD,cb6a3198-2662-4150-bee9-51b692968209,342,5.83773044716594
31c96e35-5e2f-429c-b12a-7bc5a497a300,TCGA,LUAD,a308da6a-7eec-4a96-8884-d6ea49637744,563,6.335054251498059
31ff69b5-9e58-44da-8326-bdfc7ee495c4,TCGA,LUAD,975121d2-ba5d-4b2c-bd50-278311c7144a,23,3.1780538303479458
32592562-11fa-435a-b40b-2b242bae53aa,TCGA,LUAD,ef2621f5-ec61-42ee-879f-9d7615372a5e,575,6.3561076606958915
32a7b827-c3f9-4607-ae63-dae8caa2bc97,TCGA,LUAD,de26de4a-c738-4a8b-a44a-0eab208c0db2,275,5.62040086571715
32d9935a-f5cd-43b3-88bd-09e6e2b9090d,TCGA,LUAD,b06a3383-3a16-4f91-91c4-71cad60dae4b,303,5.717027701406222
33c71ead-4c2a-476d-85ef-885dbbfc2cbd,TCGA,LUAD,3cd897bd-893e-4497-b9a5-56141816cff4,233,5.455321115357702
33e3f736-7990-4f7a-ac35-863247566541,TCGA,LUAD,b0dc4a18-3099-46fc-a518-9e411c6c15f3,125,4.836281906951478
34040b83-7e8a-4264-a551-b16621843e28,TCGA,LUAD,ef337612-6a73-4c29-a8b0-85557cbeaff4,180,5.198497031265826
3434b91a-c05f-460f-a078-7b1bb6e7085d,TCGA,LUAD,f2d6b758-501e-447a-a3d0-f899e532ac84,1404,7.247792581767846
349e6f38-2c67-4a69-a777-b9173a2a27cf,TCGA,LUAD,5f4fa91b-489e-4ac9-b685-53952f77bd7a,294,5.68697535633982
34d8e84e-c3e1-417d-8b9b-8563d9fa0f8e,TCGA,LUAD,9bdba133-a1e0-4482-add2-af6493ebdbe5,33,3.5263605246161616
35cb7841-9b09-465a-90c5-e3b8a9faad49,TCGA,LUAD,5c32fbb8-55ee-4bc9-a0db-d8ac0b04bdc4,168,5.1298987149230735
362000e4-cf7c-48fc-93cc-8f5994b442ea,TCGA,LUAD,023a34d9-c000-4053-b695-5b984b4a6fc1,624,6.437751649736401
36470b30-a3b3-4d28-851b-918a7ff88011,TCGA,LUAD,18be89fe-3383-45a2-9c0e-b1246e88c82d,118,4.77912349311153
368e23f0-e573-4547-bf5a-14080baf737b,TCGA,LUAD,df504497-a30e-4a11-a62f-dcb46e741dfb,898,6.80128303447162
369f14c4-2191-4962-a309-3e23ddc4e5fc,TCGA,LUAD,19bb0296-340e-4594-9a87-4134b15c7187,57,4.060443010546419
36ad7fc7-0cc1-4f01-aef1-f89b3cb4feac,TCGA,LUAD,d00354a6-0cdd-42c0-8d0c-1f87f4fdc843,92,4.532599493153256
36bf02f8-c1c8-49f9-a417-adf88a205c70,TCGA,LUAD,f1b1d4ff-2556-44c0-80b0-1fd3b659c227,40,3.713572066704308
37884d39-64e8-4242-b6bd-4c0a1daa21cd,TCGA,LUAD,d23c89e5-b295-40b7-a5e8-ee1d4a584dd4,72,4.290459441148391
37c8d73a-45ae-40fc-ba9a-721b755c1160,TCGA,LUAD,8a2d17e2-4ec1-42b6-8825-6d80ffe4b916,40,3.713572066704308
383d1253-349f-43b3-bebd-9f1d1cf14b3d,TCGA,LUAD,df452e00-a7e9-4045-83fb-623885a542d4,58,4.07753744390572
389f78a3-fa0b-406c-9434-aa0298341a8c,TCGA,LUAD,d84121c5-5421-43a4-825a-40f357ecc97b,367,5.908082938168931
397d3f69-1453-4057-b177-8723eec923d1,TCGA,LUAD,de38d138-723c-4256-98f4-2788f7cf1e87,43,3.784189633918261
39ab7174-5707-498d-9959-523680e04198,TCGA,LUAD,0ece8b9b-d1c3-4f03-b70d-6bc06c6f52ce,217,5.384495062789089
3a23cdb5-2327-45ac-b0b5-d4afe038c757,TCGA,LUAD,06d5f913-5f62-4200-8a51-26c8fa2052b4,216,5.37989735354046
3afa5045-a1ee-4a07-8aad-2e252b2f7d7a,TCGA,LUAD,cc640c34-516e-4cd8-a32c-d6f9b856696d,102,4.634728988229636
3b21b982-dba2-45f4-ad8d-21dc86fcaaa7,TCGA,LUAD,aca8bace-37c5-4ec0-958c-13907ae97d1f,36,3.6109179126442243
3b89ac82-63f6-41b9-a03d-34b9ffc1550d,TCGA,LUAD,9796354a-6ac6-466b-a82b-f1e9785bc447,215,5.375278407684165
3bc7026f-73f2-418b-bd62-f4768582b790,TCGA,LUAD,b5b25f89-cd67-44e5-89bd-be2bc1def4d8,744,6.61338421837956
3bd6badb-27ff-4d8d-b206-4d28dc264862,TCGA,LUAD,bbb70a6e-a91c-4c67-9ec0-b33185ab4f8d,153,5.0369526024136295
3c4ff061-d214-4d1c-8d2e-3034f207c252,TCGA,LUAD,b9610938-1f47-4556-ae92-794df8ae6401,81,4.406719247264253
3d2aa654-1b5f-4eb4-a1c2-af31f5760069,TCGA,LUAD,65b91a69-f98e-49b5-8f87-667dd0aeafdf,225,5.420534999272286
3daebe75-c6df-478e-8a4c-11186fd5ead9,TCGA,LUAD,2ab0f01f-2f66-4489-9de7-2a0d61b6ea04,42,3.7612001156935624
3e1df30f-744a-41e9-a169-7dbbff66622e,TCGA,LUAD,87d1edd3-df03-4046-a888-86baa85639b6,421,6.045005314036012
3e34c7d9-90fa-41e2-ba6b-4bbc332adc4e,TCGA,LUAD,3baa9c28-dfb3-4ec3-9e3c-1d2f1421b00f,575,6.3561076606958915
3e635902-5310-4406-8b4d-a238ce382639,TCGA,LUAD,77b2c8e8-d630-4b66-be6e-db594df4e0ec,232,5.4510384535657
3ed05070-6633-4de5-9f72-090f93aa2e4d,TCGA,LUAD,f51ce896-53bf-4f3b-ac5f-a499b84a7add,1458,7.285506548522786
3fe8f8e4-5396-4362-82f5-366e2fb69db2,TCGA,LUAD,e17426a8-cf69-4ed4-b54e-cc33cbadf095,303,5.717027701406222
4036c6fc-c82e-47bb-a384-6f299dc30b52,TCGA,LUAD,475fdbbb-3d3a-4d56-8d0e-34dfb8cb6346,121,4.804021044733257
41c4c704-825e-49f5-9d54-dbd7d30725e0,TCGA,LUAD,dfc3bc40-b667-4f75-a932-4074c0b0c408,904,6.807934943699926
42259aa6-c9f5-4309-a956-dbf930312f44,TCGA,LUAD,e3339500-9481-4a24-a3b8-65b86dabc920,434,6.075346031088684
42432463-8e92-4f25-b72a-f03953527aa5,TCGA,LUAD,7a176670-7636-4329-951b-c118b816cfca,145,4.983606621708336
42ca54fc-c1ae-41cd-bca1-7fe9810db460,TCGA,LUAD,201c0fbc-124c-4ef0-b767-393443a47892,832,6.725033642166843
42d208bd-cd77-4bfb-ad53-9fc072a87393,TCGA,LUAD,9835daf0-92cc-4237-838d-b122a15aa1f1,132,4.890349128221754
433a32d0-93d1-4897-8e36-beb1ec1d998e,TCGA,LUAD,ab24be1b-969c-48f2-bc98-8b89bc719b4c,35,3.58351893845611
44218b35-219c-4ad9-a01e-fde14067c4c0,TCGA,LUAD,0f01f50f-495a-455d-986d-28c65e345a80,84,4.442651256490317
44adf4cb-2829-4153-80fd-a8b7ee0e654a,TCGA,LUAD,58dcd45a-714f-4a22-b367-813dd41829de,254,5.541263545158426
44d8c859-4b7a-4e9d-bffc-0de0e6afdcc4,TCGA,LUAD,15998b11-5041-4e2d-94d9-cf714c796c13,120,4.795790545596741
44dec838-b653-42a7-a58b-a1fd232cd68c,TCGA,LUAD,60477322-5657-495a-8ce3-4f806acd3dcb,34,3.5553480614894135
46592b7b-6968-42a6-83af-0917c9f4a9a5,TCGA,LUAD,ad636e79-be59-4821-8303-7d2e7389b22f,129,4.867534450455582
47062ad2-ba82-45c8-a871-bdea84f0c405,TCGA,LUAD,d54e9279-578f-40cd-8e55-fbd7af5279dd,116,4.762173934797756
472337c2-a2fc-403a-8c17-69511193128b,TCGA,LUAD,990303de-eff3-4418-b305-9bf63236826f,232,5.4510384535657
474b86d9-d897-467d-85d4-51dfa26ea107,TCGA,LUAD,40e350a6-fda3-43ff-9405-bda7a7c534ae,99,4.605170185988092
47b749e6-e060-4aa1-8f29-976e489ba789,TCGA,LUAD,1bcb7da3-a08e-4f9d-a960-fe7bdfe4222c,529,6.272877006546167
482eb2a7-6fed-4e4c-b1b6-14d6d869f855,TCGA,LUAD,64c35a37-5b92-4e2e-831d-9bbe50401dd5,60,4.110873864173311
488646a1-0bdb-45f8-8c30-bef006924511,TCGA,LUAD,b7b898c7-f63f-43d3-864a-406e842db2fe,184,5.220355825078325
497cc506-03fe-4ffa-860b-5a12adb1bc7d,TCGA,LUAD,3d6cb261-d0c4-4e98-8918-d7d678cb97ae,26,3.295836866004329
4a1d30e8-e93a-41ed-8e54-08eaff6556a7,TCGA,LUAD,9bd26335-dd71-4821-b7d1-a4e24430fbb3,449,6.1092475827643655
4ad63dac-76a7-4527-abce-d7a0184e8739,TCGA,LUAD,65f85615-96a2-4b3c-ac05-ab67d0bf9e99,29,3.4011973816621555
4addf05f-3668-4b3f-a17f-c0227329ca52,TCGA,LUAD,320660cd-100a-4f5a-a604-4de3ced7f042,273,5.6131281063880705
4b22ad71-c585-4077-ad3c-c6e026d0c7fa,TCGA,LUAD,9ffe8343-d98f-4c5f-b29a-cbcbdac0c008,386,5.958424693029782
4b7cd595-e7f9-45a8-b736-a8c7c42d9539,TCGA,LUAD,1f911a28-0d7a-4f57-b358-cc6277b2008b,40,3.713572066704308
4b92fce2-3772-40eb-ab34-a27937b58590,TCGA,LUAD,133bfadb-ed2e-4b10-a5bf-46d31ade6dd4,446,6.102558594613569
4c31127e-d095-4978-9dac-35153c27f6ed,TCGA,LUAD,7b3f1e0a-2d0a-40a6-9ccd-deb403fd2f16,301,5.71042701737487
4cd3d483-2283-4c6a-a57a-444216119d34,TCGA,LUAD,5b99d571-43d2-4d26-9a3b-0a299a0ce048,142,4.962844630259907
4d153600-81f9-44fb-b485-6355ec306d6a,TCGA,LUAD,e0d8cd2d-967f-4b04-afa9-3aca54bcaf5d,241,5.488937726156687
4d51ee44-e6f4-4bcb-be28-e9df54b39a8d,TCGA,LUAD,2f6e63bb-17bd-4b53-8666-45c7159aa1f4,74,4.31748811353631
4e7b2af4-b158-41a7-be22-bea227a759e6,TCGA,LUAD,47fc2fd2-84ce-49e2-8481-407d7a639042,131,4.882801922586371
4ef872e1-82c9-4939-9248-41ed9d3085b2,TCGA,LUAD,50966d1a-3934-4fb5-9fc4-71f399cf5105,150,5.017279836814924
4efc2dac-6330-4b7a-a529-a27285f5fc23,TCGA,LUAD,bb69e798-8c83-4c12-b622-3155e1972e6f,162,5.093750200806762
501c987e-d1eb-48a9-89eb-72a5062c90b4,TCGA,LUAD,1d7b2b60-11d7-4803-8c7f-45fc6ce45a25,198,5.293304824724492
50b2c647-aecd-4c81-af22-0d8116593552,TCGA,LUAD,43b8c3f7-2d0b-4020-807d-b7386825ecc0,161,5.087596335232384
5134c56f-8286-4ec8-8348-237cee7dad5e,TCGA,LUAD,deddc259-f962-468a-bfcf-60da1e695833,24,3.2188758248682006
5202458b-c38a-47c0-a0ba-5f1a59a762a0,TCGA,LUAD,3ca2ec6c-4134-4595-9c5e-68c886d3aa1c,482,6.180016653652572
528a0fce-0719-4b19-a69d-3f18681696c5,TCGA,LUAD,15a57d06-841c-473e-b89e-389f1df3504a,216,5.37989735354046
52df074f-a402-4b78-9472-f8eb268efded,TCGA,LUAD,140633c2-a8e9-4a2d-a044-082cd099ff98,890,6.792344427470809
532c1852-76dd-489f-9380-36766d6e3c34,TCGA,LUAD,4f59681b-3811-4569-aa50-ed031f7e370a,65,4.189654742026425
54480f58-7e63-4aed-a116-c2c2252e8364,TCGA,LUAD,249b6388-cdcd-477a-9461-cf0e41146230,268,5.594711379601839
54775a66-08cc-4f38-98f2-e7b2b5cec994,TCGA,LUAD,8be349eb-2407-4f51-809a-ceb5542e0cf1,42,3.7612001156935624
548b0b68-ff45-4d45-adbe-984259e4a68b,TCGA,LUAD,215f38d1-a17c-4189-97f6-ae20361b0f3f,0,0.0
54a0e4d7-c274-4569-9c25-45bbe26d7f21,TCGA,LUAD,26c96b62-02b6-4108-9a2d-bec3d880db2a,92,4.532599493153256
54a9cc9e-3eee-4caa-9f33-4ea64a2999ba,TCGA,LUAD,1120d776-47df-4f72-862e-427d3c44dd43,658,6.490723534502507
54e90433-5218-4d83-848f-f995ecba2a63,TCGA,LUAD,a9e3a464-50ea-49a0-9482-1513ed167bf4,1275,7.151485463904735
5510ad32-62fd-4adc-964a-ae4e997c2f4b,TCGA,LUAD,0c212a58-9a27-4850-bb22-540502e893dc,411,6.021023349349527
552712d3-da16-441e-ba93-11810793d598,TCGA,LUAD,157223aa-aab5-4522-8ff2-8104ea3561d9,240,5.484796933490655
562a562b-ca03-44ac-b282-b51b457d8dae,TCGA,LUAD,b45e937f-da60-4259-8fa2-e64ee4fdbe95,32,3.4965075614664802
575752f8-2788-43cd-afde-f0f600f39d18,TCGA,LUAD,92b4ef29-b45a-4ec4-9251-8d6fb32cde90,178,5.187385805840755
5813997a-d7dc-4f7c-8d4b-e979832168a9,TCGA,LUAD,842cb3d6-6ca5-4924-a7bb-98720352b548,96,4.574710978503383
58babefe-7e81-4594-ba29-50d1de92a5ab,TCGA,LUAD,576ad342-ce70-4c3c-b69d-8f1f5c4cd358,48,3.8918202981106265
591c068f-bbb1-4df2-9abb-d1a2e4a58372,TCGA,LUAD,6d4fc521-df92-4d04-8118-d363ac31bfa8,73,4.304065093204169
595fc3ad-f603-421b-b130-52f1f617050b,TCGA,LUAD,46a5c6c0-f460-4036-b3e6-eea9ec82ea14,504,6.22455842927536
5a2f8140-8f90-4e94-b703-5fa5aa96be7b,TCGA,LUAD,472406b3-cc1a-407e-bf38-a79046cfa952,168,5.1298987149230735
5abd6651-69be-42f8-bdc0-308e68136d31,TCGA,LUAD,669ce970-42a3-4797-bf9c-0de40a021bbf,14,2.70805020110221
5ace9608-d38a-42f2-a877-ec7c9d211808,TCGA,LUAD,ab3c7d7c-7ad0-4f26-9991-ddd288598936,7,2.0794415416798357
5af499be-d2b9-4eaf-9a9f-435dccb51917,TCGA,LUAD,765f26d4-120a-459d-90c7-74a8532b407c,94,4.553876891600541
5c06d97f-2aaa-43de-b085-09d7829356ba,TCGA,LUAD,5695292b-7c39-4ee6-94e8-987f4a456635,139,4.941642422609304
5c266025-e590-457c-af86-4c2dc9797267,TCGA,LUAD,37fe51a0-c056-492e-b0c5-eb0502d73416,61,4.127134385045092
5d2a9a4f-678d-4089-a8c5-81a5cb696629,TCGA,LUAD,0052ae83-7ae5-470a-a125-5cd94a9fa9e9,350,5.860786223465865
5d5cc436-6e57-4d23-a164-7f5153c2e666,TCGA,LUAD,c5a1245e-f3c5-4f42-afd6-9b12f01a6445,309,5.736572297479192
5d7ec32a-049f-4997-9882-1b3ac157e02d,TCGA,LUAD,bbbd3cd5-cfd3-418b-ab3a-243de430a5e1,205,5.327876168789581
5f4934be-eee3-40e1-8838-38103badc898,TCGA,LUAD,48d5fe32-37ca-4717-af64-1343a3561849,57,4.060443010546419
5fd0f07b-8bb9-4378-bd26-28a26057e8fe,TCGA,LUAD,74b6cce1-6a5b-4f86-8f41-d842106bfe8f,211,5.356586274672012
5fe77d4a-a8a5-4c90-8ff2-9c3bbbb309ef,TCGA,LUAD,f90939c7-6e24-4aa5-8c34-c1fc1b79e485,124,4.8283137373023015
6092bd5c-e97c-4a77-a4ad-c87623b17507,TCGA,LUAD,7f70c9bb-a18a-45e8-8177-34145a6c0dc9,128,4.859812404361672
6144d666-8f77-4efe-95f1-f9e5c4e5e056,TCGA,LUAD,895ca581-915e-4057-b66a-dc2d5213d7e4,255,5.545177444479562
61c655ec-52b5-453f-a6cc-b2aba445b027,TCGA,LUAD,313f5ae9-bbea-41d6-82d5-9242b2610d91,105,4.663439094112067
62380447-3b94-4e7c-823a-72dd7b4ccf3a,TCGA,LUAD,cc481383-4ebf-410c-8dd7-ef0b117bd035,429,6.063785208687608
63bd2175-4b7c-44c9-aef3-9efc8f79837b,TCGA,LUAD,2a9f6775-bb04-4262-9eb2-d64a8e027010,27,3.332204510175204
645903b5-ba37-48a1-985b-a019b8db3236,TCGA,LUAD,ac9d6b6d-37e9-44ca-9f70-0e6351c39341,102,4.634728988229636
646910ee-5f5d-40ac-a21a-75790f89430a,TCGA,LUAD,1c5de7db-7e05-4289-ace6-b59b6e2392e7,0,0.0
656a5eb4-e4a5-4d21-a800-3586f4d6588b,TCGA,LUAD,12f5eaa4-9f64-4465-bfa6-3d9307e9f980,22,3.1354942159291497
659668e8-f0d9-4ff2-bbc8-9246f2ef49ab,TCGA,LUAD,7f67633b-3eba-4891-94aa-b3e38f6927ae,373,5.924255797414532
66763a0c-6cda-4832-a0cc-e7b496d78eaa,TCGA,LUAD,07a53d2a-ebf6-4517-880a-064bae5ee972,552,6.315358001522335
66ed89f6-8ba2-49d0-af0f-4b6ebf2381bf,TCGA,LUAD,55bbaa27-e618-48d6-bac3-80e9cfbcdf2c,37,3.6375861597263857
67a2bc21-7c87-4678-997d-a434de672436,TCGA,LUAD,25857230-7253-4929-a790-90815194b213,120,4.795790545596741
67dbe286-edb3-4d07-8f74-9e5254f01945,TCGA,LUAD,69a379e5-c8ba-43ed-b267-bad111c851fb,1279,7.154615356913663
67fa3e41-c7c6-44c5-9e67-6bcb2715aacc,TCGA,LUAD,36432508-6673-489b-aefe-d172b83abac2,380,5.942799375126701
681b1176-9676-44d3-892c-1d5dba1ce25b,TCGA,LUAD,0766019a-c9b7-4224-973e-f1cfa16082ac,22,3.1354942159291497
6845099a-b2c9-48d8-b856-9903d39bb92e,TCGA,LUAD,44964e02-9283-4a48-a9e4-006a75d4120e,237,5.472270673671475
68b86559-38b2-41f2-b66e-c3c2b628b14d,TCGA,LUAD,1e2233cf-4391-433c-9ef0-c215056ad02e,427,6.059123195581797
69584d55-18f7-4786-b3cc-cd528500be44,TCGA,LUAD,51ec5a15-11e8-435a-a3e0-2a99690309b9,367,5.908082938168931
69b23036-add9-42c9-941f-02fb74d9b08c,TCGA,LUAD,e6629c88-a050-41ed-afe7-e74255f4d3b1,33,3.5263605246161616
69dba721-a168-47a4-b7ff-80a448bad654,TCGA,LUAD,2e5071ce-d8cf-46e5-9cc0-91353f0d643c,146,4.990432586778736
6bffe800-ec2b-4638-9333-97fe85dcd91c,TCGA,LUAD,38cc1ced-6874-4aed-ab73-8c6344564cd6,371,5.918893854273146
6c3655ca-8ae7-4ad7-b3e4-0c3ec293fba7,TCGA,LUAD,2f2cc9dc-1d0a-4302-b674-02d56c259ff3,31,3.4657359027997265
6cf49cf0-de4c-4c90-8358-eae19c6206b0,TCGA,LUAD,5a7bd024-3d92-4e64-86bd-b6eea34f6526,222,5.407171771460119
6d72de06-232a-4983-a06c-eba6d82cb3f1,TCGA,LUAD,9ffe0bdc-838e-4715-8fd3-31f032c8f46e,137,4.927253685157205
6d96a298-be5a-4e14-afe8-ca4b6ca298d6,TCGA,LUAD,e6543906-a4e3-447c-8040-310979304204,634,6.453624998892692
6dfd47d2-831a-4386-9051-f78199a16bb5,TCGA,LUAD,ba3e1d1e-3193-4770-9c57-b4ff1502af38,703,6.556778356158042
6e3b6b72-142d-4b8d-a462-28a205796e41,TCGA,LUAD,ac98f8d2-fdc4-4925-8fce-7e86d7b89dec,915,6.82001636467413
6ee9caec-65ac-46db-9426-ffaa31967ae2,TCGA,LUAD,b7006975-82c2-4fcc-855d-5ef024ef3d4f,76,4.343805421853684
70081320-540f-41d2-8687-ee6d011f8eb0,TCGA,LUAD,8ddad1cb-d2ab-4fbf-865e-f134fcce0194,24,3.2188758248682006
706420c4-8820-4b41-80d9-f3efd1d2a4f0,TCGA,LUAD,968c4aa2-2bcd-4823-b7fa-fbedc41ddb25,263,5.575949103146316
7093024b-cf56-4783-b973-b72573ed7f2b,TCGA,LUAD,44d8e988-1a2b-4588-a64a-cf5a6c164e03,100,4.61512051684126
7099597a-b208-45b5-b9e0-11ab40d5e497,TCGA,LUAD,88885dc7-5edd-4fac-95f8-9586880078a8,190,5.25227342804663
722d6818-f1cb-49f4-b68a-fd0a31304681,TCGA,LUAD,2e0c7cfb-2794-4c86-b43e-8215c39186d8,99,4.605170185988092
742e0e32-25b5-4d41-8bf5-364b571cfd93,TCGA,LUAD,7f827e47-e374-4c0e-8fec-b53018bfad03,98,4.59511985013459
75589307-f141-4d0d-b35d-adbbc77b3dec,TCGA,LUAD,76ac1fee-bf40-463f-a4d8-cb9affe0e7c5,174,5.1647859739235145
75a0bb0b-6528-4fb8-a9e6-254905d21df4,TCGA,LUAD,5ef157e9-bb3d-4214-a946-f5bc2bbf74b6,368,5.910796644040527
75dd635e-8e0c-4c0b-b21c-20f77770218d,TCGA,LUAD,361e4878-4535-499d-9987-7295a078bbee,45,3.828641396489095
762dea8a-5b41-4058-979a-b7876ed13d7e,TCGA,LUAD,84f2b69e-86e5-4bf6-a11c-289b1971775f,203,5.318119993844216
765ad5a5-134b-4680-a6d4-1dd113dc47cc,TCGA,LUAD,3ceb828a-3612-46e8-89c5-397cb20e5356,453,6.118097198041348
772324a5-5513-454d-ad6b-605798f69b73,TCGA,LUAD,b5c6258a-8591-4f96-81d5-8ecc931b57a8,15,2.772588722239781
77828a90-8e2a-4664-b674-d837e6e34fe4,TCGA,LUAD,36101746-9c10-478e-96fb-8b47d057a6d4,27,3.332204510175204
7782ceaa-da49-4232-8b3f-534971adaad8,TCGA,LUAD,cba15984-128b-4bd9-8202-14afbf1f74b2,54,4.007333185232471
77c4dbb2-eceb-4e0d-bcde-63dc817d5f35,TCGA,LUAD,ae037177-0902-4c94-8e3c-632e240d3945,129,4.867534450455582
77f8c850-b4e6-46a1-ab12-a50e0044a0c8,TCGA,LUAD,87b32d0a-6e9c-466d-a563-688142d3df95,254,5.541263545158426
781f40c9-c099-4c96-8269-ebe2a449c93d,TCGA,LUAD,c97d6c2a-9866-4893-8cff-ee747c4a4550,198,5.293304824724492
78a24c56-576c-4245-bb42-6603b3d19897,TCGA,LUAD,4297f902-2495-48fb-af36-31e61f727215,844,6.739336627357174
78ae716b-0ca5-4c01-a053-d41288385fcd,TCGA,LUAD,13f74ba9-96c5-4074-9589-3ce0e183c0e9,97,4.584967478670572
793649e5-f479-4d64-8723-2ef488fe0fd9,TCGA,LUAD,fb60fc57-836c-42e1-bc96-042b82d1a878,33,3.5263605246161616
7a0ea814-f0de-4bc4-a81a-daa000559369,TCGA,LUAD,a412b415-0692-4adf-8447-067ad69913d7,399,5.991464547107982
7a111b4f-46e9-4e34-8024-0b9fdc5cbcd8,TCGA,LUAD,9ee64463-e09f-4983-b83d-a6a5481cab9a,96,4.574710978503383
7b0622ab-63ea-483f-ae40-d3ea587bdbba,TCGA,LUAD,129f7ee5-6342-4a24-9317-d52462ce6a70,262,5.572154032177765
7b89166e-c5b8-481b-aa70-495141499b91,TCGA,LUAD,508c6166-6095-4133-a42a-79d75b0c0e31,111,4.718498871295094
7b9479ff-23d6-4689-91f0-02efc94300f9,TCGA,LUAD,2bbe47a1-f055-43e7-94d3-06aafb5af6e8,182,5.209486152841421
7be86a90-6da8-4c01-8a7a-bc5cfef9894f,TCGA,LUAD,27884724-a2c0-4b3e-921a-54e5f8bf1faa,392,5.973809611869261
7c4ed533-ee66-48be-a84b-ff8607742818,TCGA,LUAD,c343f781-c1df-4349-aab3-f159329a11da,97,4.584967478670572
7c7d777b-bf00-4c24-97fc-922580d5605f,TCGA,LUAD,db5e9553-ca85-4dcd-9229-2ac1ba208d52,218,5.389071729816501
7ca711ec-9ac0-4fa7-8a60-32ae84b8789a,TCGA,LUAD,360ebab8-859c-4286-b613-befa0fa306f0,409,6.016157159698354
7cce924f-12a1-4895-9866-5d4b1869dde6,TCGA,LUAD,9bf51961-c60a-43df-87eb-a64dae9e4e10,147,4.997212273764115
7e7f089c-25f7-4e14-aed5-d741047b9e42,TCGA,LUAD,bae501f3-c0ba-4646-8027-0623869176f4,133,4.897839799950911
7e83f9dd-b038-497b-a113-a55605398b7b,TCGA,LUAD,e98c7df6-1a65-41a0-9182-c752c89eafc7,321,5.7745515455444085
7eb540b4-8dd3-4382-a488-e48b1c7213b3,TCGA,LUAD,e173308d-ac80-4c15-9b0e-e5cb09321a56,198,5.293304824724492
7f6455e8-fa3d-4452-acb2-8c9995073072,TCGA,LUAD,89bf9c33-c1b4-4786-821f-802cf36eed43,374,5.926926025970411
7fd03220-531e-4ef8-beca-e9703e8c0ae1,TCGA,LUAD,3973bbdc-bc07-4deb-955b-3c40e88a68be,127,4.852030263919617
807cc7d2-6e3b-4f2d-9531-0da994eeeada,TCGA,LUAD,b5df8e57-5822-4192-a4a4-398d11e9d968,555,6.320768294250582
81a0b2ff-a3d3-41bb-9ce6-765e6ae894af,TCGA,LUAD,503df94c-0048-4f7b-b957-3f8304be73f0,421,6.045005314036012
8214a0d1-5e2d-4a7a-acb1-e5580755db83,TCGA,LUAD,81d92351-c619-4585-9281-de33eaaabba4,44,3.8066624897703196
82476d2d-e403-4f6b-8dd6-cc84e3329478,TCGA,LUAD,0e9c2659-4131-4274-b0b4-3e191239f5f3,64,4.174387269895637
83a6ed20-b3cf-48b9-8ed3-a080cd4951fa,TCGA,LUAD,883bbed6-0216-48c2-9694-5dba83ce65c7,394,5.978885764901122
83e38dbd-edab-47f2-b19f-6ea38fc6bece,TCGA,LUAD,78d70b30-8812-4802-bca7-f1b8135b9cbd,494,6.20455776256869
84c3ba70-afa7-4b69-be69-7ec8d6022c56,TCGA,LUAD,515aa64c-316b-497e-b877-7ab0c89a58bd,395,5.981414211254481
8504fd86-a70a-4cba-9ec8-25c9e60ca549,TCGA,LUAD,f7c8bdd7-48f6-4ecd-a4ae-78ffcb2fb28d,451,6.113682179832232
851867cb-9ad0-4fdf-ac75-9bb0427ad440,TCGA,LUAD,850bb68e-cea7-4d66-b044-24dbef74e255,242,5.493061443340548
8609edfc-119d-4d63-9188-c86aabd5ca52,TCGA,LUAD,dd6ec250-8d4d-4129-9664-7451c1760f4b,50,3.9318256327243257
86dac334-f30e-438e-810a-8e45f69dbb7e,TCGA,LUAD,ed3bcbbc-0f04-415f-a083-e34cefa9e310,338,5.82600010738045
86faf16c-56fd-4b7b-a6b2-b4c83bec93e1,TCGA,LUAD,a35c257e-f8b8-4d58-8ecb-92b1b0bc59f3,145,4.983606621708336
875333ab-9048-462d-aaa2-693ad127e3cc,TCGA,LUAD,665a7af8-9c2d-4a31-9a22-da89fc7107b2,428,6.061456918928017
87f1b3df-4bc7-4336-b658-f30ac1c5c796,TCGA,LUAD,030d778f-ecb4-44eb-8baa-4286e18c9fdd,75,4.330733340286331
8869000d-09d7-465a-ac32-54d1935c43e7,TCGA,LUAD,51054c11-8e2f-4f52-bdaf-ebb515508a28,37,3.6375861597263857
889aec8e-14ba-48d9-8fe1-f2416e82b333,TCGA,LUAD,3c9960fd-92f3-4bab-9771-933c95edc37f,205,5.327876168789581
8981f0c9-7155-4c96-bf77-7d40fe404323,TCGA,LUAD,d21e7461-c76d-4ae7-be02-313c3c34118d,54,4.007333185232471
8994c8c4-9ea0-46cb-b4a5-0055d7da5bfa,TCGA,LUAD,4a5c811e-d5d9-48d7-9bcc-4c9dc72df8f4,5,1.791759469228055
8a16ddb3-4861-4128-bed9-0b1f94fe8cf7,TCGA,LUAD,49453e81-56b8-43b7-b56f-6195038a1142,162,5.093750200806762
8ab8c4ba-311e-41d0-85ea-a0245aca1bdd,TCGA,LUAD,b0a1b626-c44b-4a95-b4a4-383fc63f8649,117,4.770684624465665
8b119d1c-6d21-4bbd-8a00-12da7b97d6c4,TCGA,LUAD,b0eade9b-2ce4-4ffd-9db3-56958b452af6,62,4.143134726391533
8c695c24-e7f9-449a-9258-a1bc8a33bf9a,TCGA,LUAD,16dc015e-0f5b-4278-a0cb-9ae30a280161,137,4.927253685157205
8cc6bcec-65df-46a9-a88c-09762a132857,TCGA,LUAD,6b6751a5-2dad-4bb4-bfae-b2239770fad8,126,4.844187086458591
8d0736fe-261c-445c-bfd2-a3ea3ceaf367,TCGA,LUAD,d72c21fe-ff33-4f1e-a138-420968f1daf4,70,4.2626798770413155
8d535aa6-6d59-4965-b5ed-17217d8f5930,TCGA,LUAD,8b26e78c-f162-48fc-8c1b-9628baa3ca62,39,3.6888794541139363
8e2aca86-7cba-4631-9f25-4d14219dbc6d,TCGA,LUAD,52d91ece-345c-4c5d-800a-121955b93c66,282,5.645446897643238
8e41153b-9faf-45c3-8397-8a428ef5c0d5,TCGA,LUAD,4f00f94a-f0db-4840-a230-3bc9866bc184,42,3.7612001156935624
8f04660a-2efb-4947-9eab-375066b9eb33,TCGA,LUAD,648b0d02-f264-4d88-9997-baed8f000a60,49,3.912023005428146
8f52cccd-5709-4753-9670-31a573ee27ab,TCGA,LUAD,fc757476-1d31-470b-b648-79608b201bdc,76,4.343805421853684
8fdbd88f-19ae-4ab8-bcd7-6bfa1bbde742,TCGA,LUAD,cb061496-b611-48bb-9484-c6ca07f9951e,393,5.976350909297934
923b37e4-fcf7-46a0-8cb2-9139711fec7b,TCGA,LUAD,9711a58c-08fc-428f-93a1-3d3db7df213e,90,4.51085950651685
9240d5fc-de23-4436-8099-da9bd3054860,TCGA,LUAD,bca264e4-3883-409f-ad4e-f56f81c7c93e,23,3.1780538303479458
927fc5e0-2c14-4c20-a49b-f10d8a1175c3,TCGA,LUAD,8be16a1a-383f-4365-b1e5-139b1625e3ce,634,6.453624998892692
93766482-2f20-4c8f-bbd8-bdd203c37d5a,TCGA,LUAD,e1638627-67cc-44f9-9a79-6748968a06af,472,6.159095388491933
9536e32d-2707-48d2-a36d-08c521665bb9,TCGA,LUAD,afdf58d1-5814-4e78-a92e-26fbcc97da32,233,5.455321115357702
953a908d-0993-42f6-853b-512611d19a2c,TCGA,LUAD,ad8bf3fe-2831-4c1c-81f9-c65e09b2d45e,93,4.543294782270004
9582b436-145b-4f84-8f7f-8b39b8254cc1,TCGA,LUAD,22cae278-eb88-4685-9ff7-667e53b50a34,142,4.962844630259907
95fa64b0-91e1-4427-b81a-53c47a053563,TCGA,LUAD,c79162f6-be6e-46b1-aca7-438423fed6c3,436,6.07993319509559
962fd4e7-9199-43d9-abce-e3dfa46da62c,TCGA,LUAD,da428df4-37ee-43d6-9090-7b94d67968e9,249,5.521460917862246
967d6548-5a84-4b7e-bc3f-2e522859fce6,TCGA,LUAD,ca34be5f-799c-4df4-af91-ec8a9e958d6c,39,3.6888794541139363
96d93e23-bb0d-46a8-9685-5ed0d6b83059,TCGA,LUAD,9f0a9ce9-6258-4a82-84c1-dc017a7eb760,400,5.993961427306569
96dfa373-4597-49a5-942e-d9b4dc5d28fc,TCGA,LUAD,d05a80fc-d08a-47df-b7cd-0172b9977d46,54,4.007333185232471
9759bf3a-74ff-433f-99bb-f9406f222ed2,TCGA,LUAD,490ee22a-f171-4f7f-9d49-835afe7388c1,308,5.733341276897746
97831d28-ab41-4c18-bfc2-c4c6bc757d13,TCGA,LUAD,32046abb-8476-4e4f-8090-1ce003107490,51,3.9512437185814275
98ee294a-46ed-4572-bdd4-a932c3498a25,TCGA,LUAD,692a5c89-8f1a-4e23-a490-b092c6bb37c5,280,5.638354669333745
98ef41fa-3015-445a-bbdc-984361c911f7,TCGA,LUAD,119e7a6c-7fd1-4a2d-bfdc-35cb13d39414,632,6.450470422144176
9944f46f-9fa8-4e2c-a806-776bec7f8803,TCGA,LUAD,3361d7bc-344b-44b2-97bd-ac0dc79b221f,625,6.439350371100098
996a0070-e9bf-4601-8ef7-60212108258d,TCGA,LUAD,7a3f27a9-476d-43e2-abb8-db402f80dfcf,359,5.886104031450156
99c35245-e1c8-4805-b7a5-f703bb506030,TCGA,LUAD,2fa40914-d149-4f67-aa78-64723258314f,208,5.342334251964811
9a2a226e-9605-4214-9320-469305e664e6,TCGA,LUAD,82a68e91-48cc-400b-8520-4abcbff1a163,590,6.3818160174060985
9a50e7e4-831d-489f-87d2-979e987561cc,TCGA,LUAD,b4de06a8-883b-4d02-afc6-d926c588c4ee,103,4.6443908991413725
9a63f744-4ed4-4b4d-aac6-f9bda66aa563,TCGA,LUAD,cde8569f-d0a0-4f05-a86e-0f9d84361faf,38,3.6635616461296463
9a9bd705-1ef1-4a6c-bb1e-bdd346dc01c0,TCGA,LUAD,c96036a1-2f21-47fc-a5ea-54389bf26502,353,5.869296913133774
9b132e4f-7e35-4cc5-8711-43ad62b906d0,TCGA,LUAD,41e96482-bc24-4a1a-8ef2-8ef4d525ad40,42,3.7612001156935624
9b38eded-3f46-4aaa-9991-68008d97bdbe,TCGA,LUAD,c69e8ef1-57a7-439a-9b05-66f14b019322,904,6.807934943699926
9b4eeecb-6aff-435b-a244-ec362af92b7f,TCGA,LUAD,26ea6a31-ea33-4bb9-814f-c0840dafe69e,451,6.113682179832232
9b93a7c5-f9b4-4461-8078-0201a725c9cf,TCGA,LUAD,05fa4573-6ca5-40dc-a48b-ec847b7c58ad,1,0.6931471805599453
9c7875ad-ab71-4d48-b2e3-e4c7a46393e9,TCGA,LUAD,9db8b103-5f3a-439b-993c-14879744c30a,99,4.605170185988092
9c894668-88f5-4308-a1c0-6b8acc6aaaec,TCGA,LUAD,8b071bf3-0d85-4aba-aa46-d0800dcc8640,178,5.187385805840755
9ca1a26c-82e0-48b3-b3bb-2ed57086eeb1,TCGA,LUAD,63f5b69e-2307-4be6-98e4-b0f57b6394d0,21,3.091042453358316
9cfc1519-33e7-4145-a4ad-78b5c449853a,TCGA,LUAD,cfac28bf-001d-4db8-942a-d244f93139a7,62,4.143134726391533
9dda72ec-1698-44e2-b35c-11e9a2704380,TCGA,LUAD,1aff8a31-97b2-4bde-ac5a-f3a958bf74dc,58,4.07753744390572
9e22a3af-7f28-4757-8684-ed64a2a27ad1,TCGA,LUAD,a5e1a78c-7e7a-41e8-8c45-872028f6b5a0,94,4.553876891600541
9e640ff7-996e-427b-b56c-519a1e23baab,TCGA,LUAD,0c09a94d-8885-49fb-91c1-aa0ebf52386a,52,3.970291913552122
9ee20c0d-a1c3-47f3-abda-131b3f190f52,TCGA,LUAD,e4bb1f41-bf42-43f3-aba5-98f3a02a7e03,236,5.4680601411351315
9f81c602-8afa-4588-b0b6-6e5a1a128d5a,TCGA,LUAD,5ddf8f4a-edd8-4b97-8d4d-76655d9018c5,205,5.327876168789581
9fcdccae-676e-4071-93c3-23d2d3ab0c00,TCGA,LUAD,6ac6539b-76a3-4b1c-8da3-6d621308454a,112,4.727387818712341
a046888c-f153-4f35-a1b6-23dd1691a91a,TCGA,LUAD,385d903b-bab4-4c2e-8334-3a304d1a56fa,60,4.110873864173311
a0e57b39-960e-4e46-8aa0-d0ee2fd9a7cc,TCGA,LUAD,8a518a19-2c85-42ec-b027-47139aa442d4,330,5.802118375377063
a1e65587-24c1-4b41-92a7-4e1f15fffd78,TCGA,LUAD,e20ecad8-f22d-4e2d-99af-bc1be98c5128,32,3.4965075614664802
a214a959-3b21-4f25-a615-383cda7afdff,TCGA,LUAD,901c6ff1-19bf-48d8-894d-766f1995a916,21,3.091042453358316
a244a99a-d7cc-4fb1-bc76-b66886481621,TCGA,LUAD,62560d5c-0cae-4fc7-820a-9c1236eb2c80,251,5.529429087511423
a250a369-e536-4a18-b7af-2911133d7bdc,TCGA,LUAD,987832ae-aab4-430f-abc1-8783736fbe69,305,5.723585101952381
a391d49f-a822-460b-981c-6fbe1868ee38,TCGA,LUAD,e9d3cac1-3a16-4e21-8fe8-a4944ce82cb8,590,6.3818160174060985
a3de401d-91fe-49a2-bb07-81c1a06506e6,TCGA,LUAD,7d27e93b-f225-4b30-91b7-5b968d04d783,177,5.181783550292085
a3f6bc1c-19ab-4eeb-a9ac-3d2fac850bde,TCGA,LUAD,66e79734-9053-4f61-9a32-bee376f5dab0,163,5.099866427824199
a3fd20b2-e001-44ab-9716-754e5ae70808,TCGA,LUAD,593e91b8-cbcd-4dbf-95ed-9dce881a430b,1,0.6931471805599453
a41c46da-7ed4-4192-bd16-b3cbb94a5133,TCGA,LUAD,b9ac77d6-9a1b-443d-8ef5-e8ef2e3008dd,461,6.135564891081739
a52e99d6-a61a-439d-b0b1-ca7a0eabcb04,TCGA,LUAD,218eb2f2-24b1-4e41-9071-26ed97a2edc1,118,4.77912349311153
a534b96b-1665-444a-9308-e610f2f0e510,TCGA,LUAD,d52fa71c-9f59-407e-8481-d0ac47ba88b2,274,5.616771097666572
a5bd7d50-9c14-49e6-89cf-6bf440c42309,TCGA,LUAD,668d7295-629a-496a-b525-b5b8157baf11,1222,7.109062135687172
a5f2576a-d628-47de-a5df-76a4f3105dcc,TCGA,LUAD,51847dea-489f-4df9-84f8-26a6f2579620,90,4.51085950651685
a65700c2-e58c-4fd4-aeb1-5686b8f4d212,TCGA,LUAD,21285d92-3596-4a82-91ae-a99e22479a3c,140,4.948759890378168
a7911bdc-13f1-434a-bfa3-f8ba55d15846,TCGA,LUAD,d3986831-ba2a-4a25-8eb0-b074cbd7edac,186,5.231108616854587
a815619f-dbba-469f-a1f7-dfbd51cd86c5,TCGA,LUAD,0765d9e8-0fec-46bc-832a-89945435d5b1,28,3.367295829986474
a816e355-be6f-4d16-b051-b6d86ed8cded,TCGA,LUAD,4b98f37e-33fc-4bf0-b6cd-4c900bcc9d2a,78,4.3694478524670215
a8d6694c-a213-4544-ac0b-63bce16d8f4e,TCGA,LUAD,64101504-305f-4c62-bc27-40493e3c9575,10,2.3978952727983707
a8de1beb-6296-44eb-bd63-c603f70faaf3,TCGA,LUAD,d2436cea-20c9-4c32-98d3-61eb445865be,183,5.214935757608986
a905d275-9283-4fa6-bbbf-46019bd1bcb7,TCGA,LUAD,9940e2a8-6a68-4482-a1bc-2a6edb7d52cd,90,4.51085950651685
a9644274-13bb-4228-9b4f-14260ccc26eb,TCGA,LUAD,f19a1a66-ddc9-4567-80db-d009bb455b25,350,5.860786223465865
ab8d7f84-dd71-42c7-9471-4db967a9c89c,TCGA,LUAD,404b3699-4707-49aa-b0d2-a0999bbd48e6,46,3.8501476017100584
ab9e6815-4d13-44db-93e5-553eb4f5bc95,TCGA,LUAD,ea47f0f6-aad1-4149-afb6-2026f64935f5,469,6.152732694704104
abab925c-bef3-4072-b9c4-40f808744593,TCGA,LUAD,a14f02d4-6d07-409d-af7a-5d5f23640ad6,185,5.225746673713202
abd6647b-d2eb-404d-8283-443e92addf55,TCGA,LUAD,754343b4-f9f5-478a-a076-2791b8857c3e,547,6.306275286948016
ac0d7a82-82cb-4aec-b859-e37375f3de8b,TCGA,LUAD,bb47dbbf-75f5-4bbf-bd1a-ca81383f211b,45,3.828641396489095
ad74c0e8-8878-4efc-997d-981cd547bc5b,TCGA,LUAD,7181e057-0ec7-410b-b0fe-ff8de3d14d98,88,4.48863636973214
adbaba9c-5efc-4130-82f6-8055eab13795,TCGA,LUAD,4c37a5fe-812f-42ac-aa56-259b31df6894,193,5.267858159063328
ae39e358-08d7-4367-ae68-82b469e791e4,TCGA,LUAD,a60f0ff5-6f4c-43a1-8dda-10b882880bfc,57,4.060443010546419
ae702159-5b6a-41dd-868c-7540f9e1131c,TCGA,LUAD,8fadb6d4-de92-4301-9b6e-7dd857fec978,1023,6.931471805599453
aea68827-dc0f-484d-a00d-06deeaa4b3ce,TCGA,LUAD,3aa81439-d4cc-41ef-9568-e6a11c8b1b52,30,3.4339872044851463
aee86a89-0377-4080-b16c-408bfbe78687,TCGA,LUAD,6feef177-114c-4285-b242-481fe0aea551,671,6.51025834052315
afb91740-2668-46d7-ba01-bb26153ad1c7,TCGA,LUAD,c568fdc8-6942-44ff-a9d9-3f7a03fdc62a,260,5.564520407322694
afe83af5-af22-49c0-88b4-f1d0dfcbe238,TCGA,LUAD,87b1a89f-591c-4d6b-929d-2eae2951740e,87,4.477336814478207
b2285924-9813-4f46-bb8f-91a0efd8a9b6,TCGA,LUAD,239d18cb-2886-48a0-9a3d-76558819dabd,374,5.926926025970411
b256e065-c681-4f82-8b68-a8ef7c413791,TCGA,LUAD,7c802f6c-03bd-4612-835f-c82f6b8f2137,257,5.552959584921617
b266cbf5-80de-4473-b16f-08c502d365ca,TCGA,LUAD,d4eb86d5-1952-449c-a5d7-20ccc04f0d07,71,4.276666119016055
b2bc53d6-ef78-4ae9-a6b5-1c7cad9a43eb,TCGA,LUAD,b5b3c685-304f-4279-904a-c86c18f61576,259,5.560681631015528
b36b7567-30d3-4d0c-84c4-b203986e0fdb,TCGA,LUAD,5fa5664e-daf5-4082-8d39-703a5d650e43,224,5.41610040220442
b40d0849-f4ef-4a14-9732-9beb708cb46b,TCGA,LUAD,41f852c7-01e8-46b3-8082-da2e00a4ef9d,178,5.187385805840755
b56dad1e-2fd5-47d8-9cc7-a54be9a1bae2,TCGA,LUAD,bec02792-06e1-4789-871d-b5b4a5989786,160,5.081404364984463
b61abdfd-b7a0-4e1a-b570-d1eaecad3a9e,TCGA,LUAD,614afd6a-05ff-4914-896c-3ac4280e510d,91,4.5217885770490405
b8475929-2d9d-4909-bd62-59684a140bd7,TCGA,LUAD,780617e8-6a28-4774-b1e6-3135e1932327,450,6.111467339502679
b86b1616-20a2-4300-8daa-03dcc9938215,TCGA,LUAD,0737eb23-c066-4522-8f5c-dbb4b3b516b0,121,4.804021044733257
b87a5d92-4c09-48fe-bb08-b3c89a7c892e,TCGA,LUAD,85c794c1-3fd0-4a10-a613-9db7eff3c78f,251,5.529429087511423
b89de053-d253-447f-952e-9a2edcf6bca5,TCGA,LUAD,864c2830-c699-433c-bcba-20f0c692854a,1081,6.9865664594064265
b8b5ed35-b299-4c1e-9226-5ca055dc7a43,TCGA,LUAD,5eefc0d2-90b4-495f-803b-cfe9f158b980,78,4.3694478524670215
ba49117e-dab6-4e7d-bc44-f11dcafa1318,TCGA,LUAD,3563bce2-6547-4081-883e-1e7e498c83be,198,5.293304824724492
bab335f9-b241-41a7-b107-79b9676b37b8,TCGA,LUAD,9f1c581d-42a9-4067-8b91-5d309457b5e8,151,5.0238805208462765
bab43415-d413-40be-a4c0-2c40a52afe6a,TCGA,LUAD,3e6105ba-3a23-4ac6-bf0d-1193fb2e679e,352,5.8664680569332965
bbe88801-34f3-46d2-bbfd-b46c3901ed71,TCGA,LUAD,d86a1079-2f10-4c42-9b6a-14498715c4ad,414,6.028278520230698
bc4c4079-b449-485d-84e4-a40496e563e8,TCGA,LUAD,ece9f585-2710-4e10-b292-c5fbf588eda9,386,5.958424693029782
bcf2e591-9dae-440f-bd03-5f27c57db741,TCGA,LUAD,0905662e-ae14-4807-94ef-69db108fa2ee,481,6.1779441140506
bd4e9a9f-17f3-4d33-92fc-fcc45dd0e7b4,TCGA,LUAD,42be8d70-f8a0-49ea-94a9-58e320337843,276,5.6240175061873385
bebd0025-74e2-451b-93b3-86f82df43573,TCGA,LUAD,d8334fd5-d042-48b4-95f5-4d5e3c5166e9,111,4.718498871295094
bf34664d-423d-4257-99d4-797f7d366455,TCGA,LUAD,5caf3127-967f-4d07-b49d-7126728e2048,113,4.736198448394496
bf755bc2-b7aa-4c3c-8b3c-58b089b5cab6,TCGA,LUAD,94d8b11e-0198-4f40-987a-44691b3b03fa,967,6.875232087276577
c0c879f7-c332-4d31-9f7e-a3bf361b36ee,TCGA,LUAD,b53ceb0c-a338-46e2-a0e6-224dec5ea807,35,3.58351893845611
c0e263eb-1a83-4dc8-8abe-3dd2a59bae1b,TCGA,LUAD,3362c701-3af3-4947-983a-6039b67d1526,239,5.480638923341991
c0fdb152-25d2-404b-bec7-a43ece381f5b,TCGA,LUAD,a4ed7fd8-e220-46e6-90f7-3b208dbf4e05,151,5.0238805208462765
c1a01e8c-1f7e-4e24-bfad-90b73f88e992,TCGA,LUAD,aaa72a07-5214-4145-9fb5-99c22b7c248a,29,3.4011973816621555
c2a1de2e-6451-4c95-8ce6-263f2b7e6eff,TCGA,LUAD,736227d9-3cee-40ed-bdec-0e88968ef179,161,5.087596335232384
c353f949-5f66-4a2c-b8f0-17be8bf19e0a,TCGA,LUAD,c2371da5-868b-4788-91ec-c9d4bd8d8085,88,4.48863636973214
c497f8c7-2fb5-44d9-bc7c-69cfd0b51b54,TCGA,LUAD,12272d02-341e-43a2-aa23-7232a8dde730,149,5.0106352940962555
c4c1469d-752f-42b6-8686-714ad4a8ac97,TCGA,LUAD,9123a775-d686-49ab-90e7-0dc572c2fcaf,75,4.330733340286331
c4cfa3cc-e305-42dd-be57-97efbb891659,TCGA,LUAD,58390e08-43b2-4517-b57c-ff899594e55a,24,3.2188758248682006
c4d1e105-28b7-48df-abef-fbe09782fdb2,TCGA,LUAD,68b00cb6-4335-4c64-a3e0-0c29ed574480,215,5.375278407684165
c583fdd1-8cd2-4c15-a23e-0644261f65da,TCGA,LUAD,306febc7-f9b2-493a-9520-b9700d0f3e47,56,4.04305126783455
c650b1ff-8a4c-4ee9-b7c1-268c28c83827,TCGA,LUAD,d3f1b81f-37ce-47b6-b98d-8530076007c7,916,6.821107472256465
c6b680e3-d96e-4fc7-8053-77454b7a14fa,TCGA,LUAD,656fd74d-49d8-40a5-8eb9-dac0fbe4ea2d,246,5.5093883366279774
c6d78e27-e510-4f57-abae-19efa6105a8d,TCGA,LUAD,3c0ce8a7-a730-4f1a-9e03-335b3e36849b,149,5.0106352940962555
c8544fb3-b26e-4672-bb81-a271db724b04,TCGA,LUAD,c140ee8e-c45f-47fb-b214-c3c8cdde972e,403,6.0014148779611505
c95957a7-1a1a-4c8d-bb61-7c99b500f224,TCGA,LUAD,caa4bc15-6e54-4d5e-9d91-c25e800b71b9,620,6.431331081933479
c9c533ee-e154-4a56-bce9-b5af37574b2f,TCGA,LUAD,a0fce6cc-a525-4970-82b7-8512bb0708b3,270,5.602118820879701
cbbea9f1-396a-4bf3-b67c-2cac3394dceb,TCGA,LUAD,254bed99-398d-4c34-a804-67516d257e70,78,4.3694478524670215
cbf1f718-6bb7-4daf-b9d6-fb294281decb,TCGA,LUAD,942673a7-5072-466f-985c-42d38aeb5c2c,220,5.3981627015177525
cbfef004-b437-4d51-9d88-a2db50aa6481,TCGA,LUAD,906a6a3f-91ce-4433-9a0d-e010a61782f0,207,5.337538079701318
cc3d9750-7ce0-489f-86d4-8017b7ebed29,TCGA,LUAD,fdcad604-c1b4-40ff-a652-3c1e5fe5f9a1,10,2.3978952727983707
cc4bd56a-25c5-4c48-b583-ac3aeb778ca6,TCGA,LUAD,8cdb3ed5-5922-4833-b255-30d9322f8fe9,103,4.6443908991413725
cc68632c-b1e3-491b-b562-9468e2d1c101,TCGA,LUAD,db0caa6a-e863-4dad-a911-0c69127be9df,131,4.882801922586371
ccda26c1-a6d6-4317-8cf8-8a87e15ce12e,TCGA,LUAD,1ab1279d-7ccd-4450-8de8-9987bf6627dd,196,5.2832037287379885
ccecce70-dd54-4c5b-bf9f-ca87d290cb00,TCGA,LUAD,a5407526-9c45-427b-abcc-65d6e1f87158,25,3.258096538021482
ccfdad76-cc45-447f-bed8-ede8f6a8844d,TCGA,LUAD,cce2b6af-bff9-4ad0-805d-b32aa6fae985,178,5.187385805840755
cd0dc947-b708-464e-beb7-954c9d4583e7,TCGA,LUAD,6d0c282d-43d7-44fb-94e6-25771385e326,175,5.170483995038151
cd902d08-215e-4bd0-88e4-4fd01ab43cbf,TCGA,LUAD,08d83462-5fcb-40c6-9d44-dbc42faa4df6,1186,7.079184394609668
cd9e70e4-8622-4a07-8646-63f8275c1737,TCGA,LUAD,4089d037-ab25-47a6-be68-19742473cbc6,1006,6.914730892718563
ce15f31f-2bad-4485-96fa-495bfa262e66,TCGA,LUAD,4981d1f3-2824-4cd0-81b8-e12a9727a248,111,4.718498871295094
ceead734-1ce0-4385-b65a-a9c853b7308e,TCGA,LUAD,7abd9747-a947-4b15-b51c-c82cda9f065c,1195,7.086737934510577
d12b6930-9ae4-4fe7-ad69-d183135c91ab,TCGA,LUAD,3e752bb7-c91d-46f8-ba39-a40e26357b4d,20,3.044522437723423
d15b7b29-c5c5-41d8-b83b-7cc12fe92820,TCGA,LUAD,892294a6-6b94-4284-bae3-9eb0bdc853f6,162,5.093750200806762
d2824e6d-3784-45c2-9b0f-52b17356b5da,TCGA,LUAD,a912206f-60e9-4564-9d84-db9c3ee75343,34,3.5553480614894135
d288b69f-1e79-4429-8646-9994b7c54f8f,TCGA,LUAD,6c66987a-38f6-4125-8ac1-aa55921fcc26,172,5.153291594497779
d28e465c-e553-4c53-8bb7-3d8199b9a8a5,TCGA,LUAD,38259364-ebcb-4f5f-8471-8ffe7e3267a7,869,6.76849321164863
d2c1e896-6886-4122-bb48-5fbcd3f641f4,TCGA,LUAD,7429ab01-a223-4be3-9b41-99100ea06d99,225,5.420534999272286
d31aeefc-b59b-42e9-9919-750b17a70a3d,TCGA,LUAD,aabb1f03-8a4e-4d38-b09e-d9b56b5b921c,252,5.53338948872752
d344dae0-adf4-4697-b703-7690c13d8331,TCGA,LUAD,b6c69243-9731-4578-b037-ac997cbdc7dc,212,5.3612921657094255
d3e23815-7f9d-48aa-9aef-3a1dd9d464d7,TCGA,LUAD,30e51b69-6778-4125-bb18-86694d42a6e9,33,3.5263605246161616
d3ff328c-2488-47bd-8663-366b6812c7b5,TCGA,LUAD,f8670621-43a9-491c-81b7-8999ca9975a7,290,5.673323267171493
d45aee46-838e-44af-8422-46710b3240a8,TCGA,LUAD,12c95903-cae1-4f9f-97c7-05ab05f4fd7f,47,3.8712010109078907
d5326429-9805-47f9-97b0-fbda658e3f01,TCGA,LUAD,94861d8a-3b40-4334-9fb5-c9df71a1e1da,99,4.605170185988092
d63c028b-b6d3-49ce-b63e-261eed3b86df,TCGA,LUAD,3976128b-36ba-4bf0-8121-867e89aba2c9,810,6.698268054115413
d6e274a0-6425-437b-bc07-1225be7808d5,TCGA,LUAD,45d4b468-9089-46fd-8b5e-ad80a5148abd,326,5.7899601708972535
d717fa33-3c91-4ced-89c6-79ff5542f04c,TCGA,LUAD,08971a88-cb64-4030-93e5-08d77d2ed654,25,3.258096538021482
d721bfe0-90e3-415e-b9f3-1a270efa5fbb,TCGA,LUAD,e824e07e-86cd-43eb-8f36-c60f36194f3c,237,5.472270673671475
d7ae8efb-aa4d-4807-9772-55b0a28ccd5c,TCGA,LUAD,63a884f4-0d20-4cb5-b485-72e066b6490f,738,6.6052979209482015
d8faa3a7-6b3f-4e69-8c88-184e41055bd7,TCGA,LUAD,afa5c7c4-02f8-4417-873c-378937f5fbbb,39,3.6888794541139363
d94fe32f-bedd-4f4c-9feb-fcb60d40f4bb,TCGA,LUAD,25f44be3-2e4f-4121-ac23-21bd3866dbce,36,3.6109179126442243
da345947-498b-4272-a231-a987ed4fe151,TCGA,LUAD,38ec487d-0a4a-4287-9c14-4bfdb959b402,57,4.060443010546419
daf0e08e-1738-43f8-874a-b37d79cbe3a7,TCGA,LUAD,7cf36ebf-b16e-49ac-bcc4-b127b1f2a3da,508,6.2324480165505225
db0b9e63-4272-4f29-bf0e-1ec0fe79a9d7,TCGA,LUAD,14d76abd-84f2-4875-8d03-5a27b4505715,228,5.43372200355424
db769d5c-a794-448d-9130-38a82d051c95,TCGA,LUAD,a43e0f24-382c-431f-9bdb-94b3fa5c52a1,73,4.304065093204169
dbd5b0de-94c9-45dd-afb3-6820a7ecaca2,TCGA,LUAD,edfdd711-4764-43a7-9948-4320dc17b2b1,87,4.477336814478207
dc9eaaa0-0bfd-46d0-994f-310826879da4,TCGA,LUAD,577f10d0-c9a2-47c3-aa2f-b1bd5bd86d90,211,5.356586274672012
dcd066ba-5894-453e-b1da-82092858c3db,TCGA,LUAD,a135a2b4-bc6a-4dd6-baa9-f08ab2d4971a,40,3.713572066704308
dd46c83e-6551-485b-b935-f3beed891244,TCGA,LUAD,5ecf82a3-8658-4a64-a14c-fc5d1d6f56f8,116,4.762173934797756
dd63d0fd-e24b-40a5-88c5-7d3d4106631e,TCGA,LUAD,4e27513c-172b-4d19-a397-ade6df353e6c,311,5.7430031878094825
ddeacccf-0953-4952-8a4e-c2617f2e7bcc,TCGA,LUAD,091d2c9e-a8cb-4212-a434-7c7d4fd75f7b,36,3.6109179126442243
df576520-a6b6-4c9b-8d06-3f59cc5342fd,TCGA,LUAD,89785c02-2345-4fa3-b73b-4d9da706c972,7,2.0794415416798357
e00a60d7-4253-443d-a187-680ad0931349,TCGA,LUAD,85feefbe-6aad-430b-a882-c71e4a5d1e07,97,4.584967478670572
e01e4fb3-236a-4d16-9073-555876b688e9,TCGA,LUAD,2c81c69f-e08a-4586-b3f9-33d4af417d1f,1088,6.9930151229329605
e0a19099-5d25-40df-ad73-6260df3a1b32,TCGA,LUAD,20daa4af-7d88-42c8-9279-34372e687e5d,92,4.532599493153256
e0acafdd-06d0-48a6-bd68-577ef666a419,TCGA,LUAD,8a898b7d-6f1b-4d2a-9f5d-0751ced1d7bf,442,6.093569770045136
e10568fe-0436-43f2-9f0f-48f9903868c4,TCGA,LUAD,ce886e9b-2167-486f-8d8a-d4fec39d86c9,245,5.5053315359323625
e16ca88f-488b-40f0-9169-e5a62482a2ff,TCGA,LUAD,36c7d3a4-193f-49fd-b367-e7aacc4eebe2,46,3.8501476017100584
e1c55bac-bb41-4964-add5-ecd6ba04b58d,TCGA,LUAD,929473bf-434c-438e-b16c-c34bfb0b98ea,88,4.48863636973214
e21e2af3-dc71-41fa-94ba-7a7929f47d90,TCGA,LUAD,bd820f5e-c8fd-4af5-b81c-2c51715cd759,61,4.127134385045092
e254aaeb-012c-4d92-8a03-cce1f6a2bcd6,TCGA,LUAD,a4c14abb-5b10-41df-9da5-39f1ee194b7c,23,3.1780538303479458
e2b0d873-4942-4483-9a88-d5c6338d0382,TCGA,LUAD,0f37f5ba-3582-4c61-8c70-bf9b0ede6e71,139,4.941642422609304
e43a2b72-35c6-4466-9007-ce96caf77ea8,TCGA,LUAD,af2c7fc6-003d-4c41-bba5-95a005699a57,195,5.278114659230518
e499069b-a16a-49e9-941a-e3e9ea62af25,TCGA,LUAD,7666bfbe-6803-4b5d-b3b4-e9069fc4bea5,47,3.8712010109078907
e51f717f-72e8-400e-9f35-fc5dc32fdf71,TCGA,LUAD,1d8df3eb-b059-47f7-b3fa-f4eb3f568423,162,5.093750200806762
e5cb0c86-8fe2-4cfc-b32b-e8ec3839ffc4,TCGA,LUAD,40dba5d9-ce2e-483b-b4a7-19fbca8158e5,357,5.8805329864007
e5f956dd-f49f-435c-83c3-5b1b0a2050ed,TCGA,LUAD,f2dbb2df-c98b-42d1-9fad-9708bc42fa03,38,3.6635616461296463
e60a8f8a-0fe6-40e5-9f30-bcff48ac73f4,TCGA,LUAD,51f545d2-3da2-46c1-9ed4-204133701dad,99,4.605170185988092
e64f76e4-f748-4d9e-ba71-53e2818a7920,TCGA,LUAD,72d9c332-92e3-4f9c-899d-1de9969b1bd6,293,5.683579767338681
e68219b0-a9c2-49df-8f0d-db5ea97fd2dc,TCGA,LUAD,cb93a89c-f291-4042-a988-0fb1b392e4d7,19,2.995732273553991
e6e75590-9520-4b1c-8a28-4a1d2b2218fc,TCGA,LUAD,86757083-5e47-423f-91e3-5f2ad6779b27,318,5.765191102784844
e737f650-b72d-44e7-b750-558a56716803,TCGA,LUAD,2281a9d6-bd48-418a-9ad1-04b06a251e47,459,6.131226489483141
e739b4f7-ae46-45c6-9013-9571cbadaf99,TCGA,LUAD,bfecde55-3ed3-4977-899b-d7c22b6df15b,89,4.499809670330265
e7d30bc2-42e8-49c5-a5b3-9f58411b007a,TCGA,LUAD,4dbd91d6-8d7b-4e6d-9dc1-3347c3f3996d,272,5.60947179518496
e8060c45-451d-4779-9584-f284db47e63e,TCGA,LUAD,443ccb95-79d0-47ea-9915-18d5bc10eac4,180,5.198497031265826
ea0b9461-0d4d-4ade-a255-1b03dd85e30e,TCGA,LUAD,32876f27-f304-4be0-8881-f9842a9fbb67,346,5.849324779946859
ebb33753-9d38-4368-9033-3e55f129d00d,TCGA,LUAD,1a4c524e-8e75-436e-8ccf-cce6ae3d6eb3,189,5.247024072160486
ebcba7f2-ce13-4bae-97cd-91a6b1dcd465,TCGA,LUAD,b080156e-0711-42f5-83c7-a34de25cbba9,68,4.23410650459726
edf80622-aea2-4b50-bb69-691d6708aa83,TCGA,LUAD,ace52699-f049-4a11-ab3d-ce3719c62e41,43,3.784189633918261
eeab558b-8d1e-4843-861d-dbfb06061758,TCGA,LUAD,67543f50-3821-4723-842d-3924b9a32142,191,5.2574953720277815
ef03654a-dcf1-41ff-a67e-4f3fbf9ba807,TCGA,LUAD,45fe5e83-1e4a-4e0a-ac03-62ef32a90e77,94,4.553876891600541
ef42ae4c-a108-468e-beed-437cf3cf2962,TCGA,LUAD,055fcce9-7448-4a16-ad18-d235dac7ce97,96,4.574710978503383
f063ddbb-1668-40df-9ec2-b0a23ca2c389,TCGA,LUAD,09296d1f-9877-438d-96d8-7b4cc52940dd,17,2.8903717578961645
f0c94f68-bfd9-45cb-b4fd-8bb1ae4e9a2b,TCGA,LUAD,e0ff7e04-078a-46a4-ac8c-8a287c1d608e,66,4.204692619390966
f17d3463-af6c-42c2-a8e9-fae45f69286f,TCGA,LUAD,dba9c344-546c-49db-91df-abd25ae4b0cc,100,4.61512051684126
f1985735-a188-4567-a88a-530f9b80291b,TCGA,LUAD,739b3fc4-0924-4d13-aecc-acc93cb9f486,94,4.553876891600541
f1f80dd2-891d-46dd-a3e0-f007628cb515,TCGA,LUAD,dcff773b-20f4-4c90-9a3f-78ef2e0f484e,117,4.770684624465665
f2d8b332-2f03-46e5-a9d5-f163972e5fa7,TCGA,LUAD,7f9624e7-0e7b-4a2b-8413-1737f0f7c1d0,26,3.295836866004329
f3501466-cf32-4866-b5fb-e94dd32341bc,TCGA,LUAD,c3e2e99a-537a-4263-a835-fef5ed2c3588,28,3.367295829986474
f3f024c2-52f1-400e-946c-398f5b72e6dc,TCGA,LUAD,27450388-ffc7-4812-b5b4-9819b0a74a0b,304,5.720311776607412
f40301ba-831e-4afd-9ce8-5f3c1a05ff7e,TCGA,LUAD,93db566e-8ff9-45b0-afa2-0fbe82b8f580,328,5.796057750765372
f4350d9c-3f40-4829-bbc4-8acb2f3ff512,TCGA,LUAD,6525f4e0-ba79-4576-89b3-df0ab6e45309,26,3.295836866004329
f462cfef-f60a-4d3e-b92d-b8d8f50b6bb3,TCGA,LUAD,466db517-921b-47e8-b249-b4c9bd714bfd,452,6.115892125483034
f587c9ab-2949-4410-80d6-a050865d48aa,TCGA,LUAD,9dffc7c0-da78-48a9-b438-a4886a45048e,297,5.697093486505405
f77b6930-a1ce-446e-a15d-c018cbbecfee,TCGA,LUAD,951f2356-17f4-4f4f-a8ec-855c7e93dce1,40,3.713572066704308
f77cf4d3-9829-4fd3-95a1-b29aed9e94b8,TCGA,LUAD,82e982fc-138a-48f8-8127-fb20caa019a2,352,5.8664680569332965
f7f9f522-de88-4f9c-8ba4-7be3726faaf8,TCGA,LUAD,7a59e84b-2d4a-4148-966d-7eadeb61ef38,286,5.659482215759621
f809e21d-5f2e-4f3b-a1aa-d6b8d463552a,TCGA,LUAD,fd52d8a9-e044-4f17-861a-9780752b20ee,47,3.8712010109078907
f809e7d9-a75e-41c9-ac2c-5bec6ffcb4a2,TCGA,LUAD,e37ffff5-f795-4ca9-b46b-f59344db48af,329,5.799092654460526
f934ed41-090e-4313-bbc5-d1a4a9ed9ad7,TCGA,LUAD,de18a680-86a5-4319-a332-42227d490aa5,387,5.961005339623274
f98ecd8a-b878-4f53-b911-20cd8e17281c,TCGA,LUAD,72db648d-0ff7-418b-b7bd-590eda282f74,296,5.6937321388027
fa0c7392-d485-41ac-bf7e-244a528209ae,TCGA,LUAD,db61f20e-e44a-4992-a9f6-b54fc2dedfb6,88,4.48863636973214
fb6b289c-aaf9-4d8e-b6e0-5d35bce1b6e1,TCGA,LUAD,a62db40f-4e4f-496c-84ed-ab9500b89757,512,6.240275845170769
fb79c491-7b01-42ae-8369-8364e442e31b,TCGA,LUAD,ba8aebd8-07de-46c0-a28f-b2408c36f07f,48,3.8918202981106265
fc79086c-af9a-4c27-b074-f7050b6f3381,TCGA,LUAD,d7439e19-2ab4-4209-9628-16e6ae6bc11e,1285,7.1592919047975645
fcfe0b53-dfc1-42fa-9efc-2b2ff259297e,TCGA,LUAD,6508912f-5f91-43e6-8e63-9233bf3e81eb,386,5.958424693029782
fd3fc273-c035-40ea-a459-ff4806f5d592,TCGA,LUAD,db9bab18-a465-445f-a4fd-dc90faa1da6d,113,4.736198448394496
fd5c44ef-ea50-4fba-9e8d-e371cf34ebdb,TCGA,LUAD,1098101e-1770-4055-ae41-d6c15e1c7b90,682,6.52649485957079
fe3eeeb6-0db4-46d7-a020-55604d474c12,TCGA,LUAD,4bd86df0-6768-4741-8d01-51fe34dd57fd,72,4.290459441148391
fe714ac0-f874-426a-924b-a2980232b5f7,TCGA,LUAD,927beddd-e0e7-4695-b744-79f27519389e,402,5.998936561946683
ff07ea4b-4e50-410d-99d6-96a351dad7b1,TCGA,LUAD,334cc9fa-3e9b-4462-b84d-dc595e89d537,316,5.75890177387728
ff9def3d-17e5-4ef6-b74e-933f11ed6f00,TCGA,LUAD,df03bdab-42a9-4467-a767-b584bb60e926,291,5.676753802268282
ffb0c0b7-165e-4439-b3e6-62431f40b7fe,TCGA,LUAD,f73807f5-edf8-4a4d-8550-048d9c5413e5,142,4.962844630259907
0022478c-4dfd-4cbe-a05e-fb20310844e3,TCGA,KIRC,52258ebc-d3ba-4795-83c9-6457386fea2b,52,3.970291913552122
01277e9d-a35f-45d9-9e60-2e8cd79630a0,TCGA,KIRC,07b09d0e-fac2-42a7-9cac-ac1e38a92298,79,4.382026634673881
0242658f-a698-4e68-b6e3-2f4aa076763e,TCGA,KIRC,7ef1199e-aedb-4470-81a1-70d93655154b,31,3.4657359027997265
028d32fc-1b9f-49c6-9cb2-2d69671943cd,TCGA,KIRC,8225b9d3-d25a-4f08-b369-d0ac81a8748c,33,3.5263605246161616
03ae8fdb-8a9c-401d-b8e3-b5ea57bad182,TCGA,KIRC,421291fd-adda-42ab-8574-209da13d33a6,53,3.9889840465642745
03b2ac94-05a3-49a7-b68f-51d045395b07,TCGA,KIRC,a1f29e81-e426-4cc5-813b-fcf83a595303,42,3.7612001156935624
0487fc41-386c-4d76-9084-daf959bf5e98,TCGA,KIRC,d7b28bbe-cf7d-4634-8a48-f42d58be4a55,40,3.713572066704308
04beccb3-f513-4d60-b57f-a4382e4eeda3,TCGA,KIRC,8cd89112-70a7-4f63-9b41-e3379589cb5e,20,3.044522437723423
060b2104-a015-400e-86c6-6febfb02bbd3,TCGA,KIRC,d2e585d1-2b92-44f3-b2f4-1351e7c529ac,86,4.465908118654584
06197e26-3cb0-4bd0-a6e8-dd9af5047c6a,TCGA,KIRC,f44064f2-9839-4e4f-9510-8a5dd0ee1e56,56,4.04305126783455
0631dc8c-5950-4419-adf2-ec3b1e259fc8,TCGA,KIRC,12eadc69-863d-46fe-bb19-f8b38b05471b,49,3.912023005428146
06d86d68-0fd5-4c6e-8783-ed732a3291e8,TCGA,KIRC,2e5ca57e-8530-43b5-806f-8915d421552f,63,4.1588830833596715
07aa333c-8bfb-4bdd-ad86-912c099ca0a9,TCGA,KIRC,71b8a9c9-4822-4b40-be0b-0c06b485975a,36,3.6109179126442243
07f596f7-8227-47d3-8e95-2e0b86f44f2b,TCGA,KIRC,626f256f-7057-47c3-8775-cda761910b1f,22,3.1354942159291497
08a8eec3-c97a-4493-a7de-b2a686b4df67,TCGA,KIRC,2b393323-81e3-49e2-9acd-18eb8ab0c563,31,3.4657359027997265
09d7ce7a-774e-4784-9c9a-32b766fdb173,TCGA,KIRC,fd3d7a82-a316-4df0-9d84-409cb12eb9b1,49,3.912023005428146
0a6a375b-3b61-453f-a64a-db3d49352949,TCGA,KIRC,b3ec1f99-73cb-4414-b6b2-c075dc3b5589,24,3.2188758248682006
0a93c52e-7e96-406b-b40d-b2925ba4ebd1,TCGA,KIRC,6a408551-3028-49cd-b896-6bfcb1abde4b,32,3.4965075614664802
0b970feb-914f-4159-912f-6efec02b617f,TCGA,KIRC,d499f1d6-3d58-406e-9ed5-98141e774ddc,127,4.852030263919617
0bbfeec1-fbae-4c92-ae90-60ba39303bd8,TCGA,KIRC,3fcab96a-b477-48f8-8acd-5c8b76e0c952,32,3.4965075614664802
0c139772-e303-45d1-b0c7-438fa1db105e,TCGA,KIRC,4845a010-e208-4c1b-85b1-99fbd155edf2,47,3.8712010109078907
0d88e6ab-cf1d-4888-878b-0ac7d687c4cc,TCGA,KIRC,eeb522fe-ab63-4e1f-b2cf-de74af6b64f2,55,4.02535169073515
0df9ec46-d600-4845-9d00-2dc2732c68d1,TCGA,KIRC,cac6d56b-22df-46a8-b98f-f59fa9257f5e,81,4.406719247264253
0ff579a1-e295-408d-b194-febbca798e34,TCGA,KIRC,a5dd6162-2bca-4bbb-a068-94d122a52cc5,21,3.091042453358316
10c03d66-a290-4e46-9018-2932a236eb09,TCGA,KIRC,41cc637e-36ce-4e10-8175-f24909ff0472,104,4.653960350157523
11ab53c8-6366-4bc9-b60d-23e6ed2d1cae,TCGA,KIRC,fc9e3356-b4e0-46e8-9842-46a2366352de,64,4.174387269895637
12c4c4f1-5880-4bf9-9945-80bf45415de6,TCGA,KIRC,51a84b87-eddd-40a9-ad8a-46f3682b9318,34,3.5553480614894135
136c95cd-febd-43f0-af35-125d3321a145,TCGA,KIRC,fb449c0c-d752-4110-a41a-c46aa29617ea,55,4.02535169073515
1380d4cc-8f56-4206-bfe6-8e99462fe180,TCGA,KIRC,b8a61143-0c20-4db9-a4fd-9c8b375ba841,95,4.564348191467836
13e25128-9be1-4f67-a43f-a8744a619203,TCGA,KIRC,afe6bf7f-c463-4077-9c5c-3d00ce6ee8a8,35,3.58351893845611
16559faa-8103-4973-a47d-3435443e8ec1,TCGA,KIRC,89bb336a-c128-4492-9109-e657f8f2011b,15,2.772588722239781
171044a9-9e8e-419b-af3a-4849d92c3b1e,TCGA,KIRC,53a4f1ae-7669-4580-b054-0a5b58e76520,34,3.5553480614894135
18325fdc-594b-4545-a77d-adb07a32ec73,TCGA,KIRC,6d1cfff6-d608-4ae2-ab75-9dd095323a40,31,3.4657359027997265
18524601-30d9-4dc6-a345-cbdb33349521,TCGA,KIRC,6ebb7461-432b-4ca5-b709-54ea97a634cc,67,4.219507705176107
19cd6d5b-0de3-4afd-9ecf-6f80c9977dc0,TCGA,KIRC,c2bbfd1c-59bb-42a8-8987-1d36865ec762,51,3.9512437185814275
1adb05d4-e1ca-4ede-81c7-ff24a243abae,TCGA,KIRC,900aa358-a422-4edc-a65e-4b99f4b7625a,63,4.1588830833596715
1b0ad45e-b917-4e91-83c4-e5386cdf0eee,TCGA,KIRC,b2a87553-0fb8-4e1f-9e6e-cc0510b07c8a,48,3.8918202981106265
1bc2ad71-fb9d-4012-bfe7-c39e215a51eb,TCGA,KIRC,d9735236-6587-4453-8c8d-2d39ca495cce,64,4.174387269895637
1d176c53-6cbb-4a39-9a6f-669b4f1cb575,TCGA,KIRC,1e1f9cde-c6e0-4925-944f-12d354ef858e,44,3.8066624897703196
1d37becb-7a1f-4d04-a0d1-bb14192b56f6,TCGA,KIRC,b0b5583a-d348-4a65-bea4-d4046eac0f76,56,4.04305126783455
1e417b93-837d-4110-9090-239eb82c3e20,TCGA,KIRC,60ae8b09-673e-418f-abda-7e3ce228c808,33,3.5263605246161616
22b6724c-a59f-4796-8166-992253e8caf1,TCGA,KIRC,afe81650-e131-41ab-81e9-0ecb888b1420,77,4.356708826689592
2375ef64-8212-4ad4-97e8-bfa6d1db430f,TCGA,KIRC,ba97a1ce-36b3-4212-960b-b64a7cc2ea82,75,4.330733340286331
23c7555b-7a37-415d-bda8-3588078a0c2e,TCGA,KIRC,36513c94-fb14-4008-838a-13d23d609382,41,3.7376696182833684
2429c7d4-ae27-432d-9adf-1c6d192bf13c,TCGA,KIRC,2b0106c5-7e32-423b-957f-06c9f2e7751b,86,4.465908118654584
25131445-d3cf-46af-b3c5-ca1d1e3561bb,TCGA,KIRC,bb9e4d64-ffbc-40b6-a3e5-d05aa7a51717,50,3.9318256327243257
265f1d03-fa56-4f9a-a1d2-33f123558729,TCGA,KIRC,6d481b79-8322-4ac0-93ba-aaa34fd41ed9,33,3.5263605246161616
267ff78b-bceb-466e-8582-c560fe227ff0,TCGA,KIRC,8d116906-c391-48f2-9eb4-94945197d90b,62,4.143134726391533
26cc2c84-aaec-4cd1-9c45-dd08d372128d,TCGA,KIRC,0461aca8-2256-4954-9c65-1b2a92c2b2a1,35,3.58351893845611
2711b4a4-9e6f-4a12-add6-c10f72e97d3c,TCGA,KIRC,e0ab8fc2-a369-4e2b-a07a-67794bf6955b,117,4.770684624465665
28011111-4a01-4cdc-8d6b-7223fb2c501b,TCGA,KIRC,8bbda4a1-af04-496f-b047-1d74c29ec19a,53,3.9889840465642745
2890b330-8ba5-4031-bed5-13e9d1d75af9,TCGA,KIRC,cdcfd140-d0a5-4c55-ba0c-64af335a1ff6,43,3.784189633918261
28c8c2c6-c7bd-4a35-baaf-54133c2ba3ee,TCGA,KIRC,304948c1-e699-44b0-814d-defc3a1119f3,40,3.713572066704308
2939c03a-6f3f-4f7b-b246-34361baadeb9,TCGA,KIRC,6f2cbdf8-24b9-4b9c-9a73-4e872852e6ac,22,3.1354942159291497
2953131e-9c34-4fa2-8af4-2c8d66ea2821,TCGA,KIRC,4cc1c81c-7e39-4d3a-a142-3f64698d6c24,62,4.143134726391533
2a2f168c-f93a-4e83-8df2-93a3e7bc06a0,TCGA,KIRC,62482815-63b6-4df9-8698-44a2d5cdafaf,32,3.4965075614664802
2a9c4ce5-f5b3-4d3e-b6f5-07a9369096b8,TCGA,KIRC,e6a09aba-4d6e-4079-9b34-0e9caf705885,29,3.4011973816621555
2b1dea0a-6d55-4fdd-9c1c-0d9fbe03bd78,TCGA,KIRC,21702617-18af-41b6-98fa-54395bfd0d9a,71,4.276666119016055
2bc5b2ec-aa8f-4889-9d92-d27f96c9fda1,TCGA,KIRC,fba70eac-57d4-468f-bbfc-859628c54dec,47,3.8712010109078907
2d0f6d4f-acb9-4b45-a69d-c9a3f68c3732,TCGA,KIRC,7560bd39-ffd0-45ae-95c9-451bccc8ccc4,48,3.8918202981106265
2d7e2ae4-09ba-40af-82ce-66ac7dbd4831,TCGA,KIRC,1d4c5088-5f7a-4ac9-8a04-46288af80215,40,3.713572066704308
2d8da564-e69f-4bfa-a1d3-227a294f3886,TCGA,KIRC,617f7aad-7b59-4e20-8e1c-fa324cc1bef4,48,3.8918202981106265
2de427e2-b1f3-4915-9750-ab6414edc92e,TCGA,KIRC,1eb01cfb-4b8b-472b-a20b-61239ad14ab6,36,3.6109179126442243
2e81cfda-5080-49b8-95ca-ba3963dae30c,TCGA,KIRC,5e794eb4-35eb-4932-9cae-8130fd8b5804,40,3.713572066704308
2ed3296a-5b10-40d8-8af4-90dc031657cd,TCGA,KIRC,9fcf3bdd-e137-4f93-83f4-24b883ca62c3,50,3.9318256327243257
2f38a984-c359-4d20-b23d-dca2d82f0270,TCGA,KIRC,02f13d48-a03a-42e8-917d-e5d9025e2898,27,3.332204510175204
30208a4c-ecb0-4b3c-a349-87e1c1f43e85,TCGA,KIRC,c116495e-d80b-4f43-90ed-7103a83a284c,32,3.4965075614664802
305eaef4-4644-46e3-a696-d2e4a972f691,TCGA,KIRC,1a9ee264-40bf-4a12-bcee-bd0f989e0798,71,4.276666119016055
310c31bf-91ce-40b4-99e4-a10242296de9,TCGA,KIRC,9bb09a78-1bcb-43af-8cd9-d0adee31d5d4,52,3.970291913552122
3128d9bf-71fd-4edb-8d07-98f53ef0432e,TCGA,KIRC,6838acd3-3b0b-4ba4-b9da-1d0ffe9c5640,21,3.091042453358316
315b6dea-02c6-44dc-9788-a72f78fae815,TCGA,KIRC,09c297be-f824-4a0b-ae20-57ecf089a7d5,59,4.0943445622221
31a0dd95-8199-4d25-b40d-4b353644af46,TCGA,KIRC,b43e8a88-6ed9-4a7a-ade7-91f340ad5465,45,3.828641396489095
326745d8-98ca-4f4d-b217-96aea9faa1ad,TCGA,KIRC,adfade14-1572-4e3a-b4eb-64de445b9678,35,3.58351893845611
3280a078-8841-4c5c-a361-b58bc37b965c,TCGA,KIRC,83eb5df9-30fa-4c4f-a062-5ffe6d7f2c3d,63,4.1588830833596715
3372a7d2-79cb-4cf0-9a7e-fe1a6b205daa,TCGA,KIRC,e35730b8-672e-4fdc-945f-84edaf143298,21,3.091042453358316
33cd8b05-2b9b-40dd-97a2-40d02e27ee90,TCGA,KIRC,9845de96-d57a-4613-89db-6a6c4e2eca4b,36,3.6109179126442243
36ed3269-0a57-4c50-bbfa-cfd2a7b56d4f,TCGA,KIRC,af5c089d-33a6-49a3-bc6e-bd5e2db921d8,57,4.060443010546419
38469030-8539-4c76-b53b-57073569501c,TCGA,KIRC,58585ab6-9163-4bfb-ae55-9529ad1bc3aa,13,2.639057329615259
393abcf7-1155-4b32-85ca-cd44d259e4b4,TCGA,KIRC,040bcb51-b1dd-4666-819f-3ffed0b5ebb0,53,3.9889840465642745
3972ae59-114d-4e5d-89fa-f7675da417ab,TCGA,KIRC,460999dc-ccec-4f00-bdf5-cf285375fade,48,3.8918202981106265
3b2b492b-94af-4540-b283-3b9ef98d5b2f,TCGA,KIRC,7a16bbe0-eed5-45f2-8400-8874924a6eda,44,3.8066624897703196
3be0bc1d-d81f-4769-b650-8cc8858e45db,TCGA,KIRC,b59e21e2-af42-41ff-9423-0b3b0af05ccd,554,6.318968113746434
3c5f27e9-db2f-4963-9240-94815808d32f,TCGA,KIRC,3b473c49-9140-4d1d-b9f9-0c9056e93d8a,29,3.4011973816621555
3cbca837-f5a7-4a87-8f02-c59eac232d5a,TCGA,KIRC,7b34b9d4-8526-4738-87b4-f9435a1c7ae1,71,4.276666119016055
3cfe743c-f02e-42bf-a170-9d8b8a514d10,TCGA,KIRC,70060c00-5e4c-41f0-abff-f573881194aa,40,3.713572066704308
3dd36758-04ad-4ba4-bf17-707649d6f1a0,TCGA,KIRC,59f744da-4e53-4cca-a7f1-48a27f91aba1,48,3.8918202981106265
3e976301-4042-4ac0-8f01-ef2f1a8161a6,TCGA,KIRC,000d81dd-9ba4-4852-9090-2bf22f6483f0,44,3.8066624897703196
3ea341e3-868a-44f5-937f-e6a93b031544,TCGA,KIRC,a936147d-36de-4749-9f38-c80e955c7186,62,4.143134726391533
3f0a2571-c088-4735-8152-61f6fd60ac63,TCGA,KIRC,a57d26d5-0255-4bd1-bcd6-ebfb9d35055d,53,3.9889840465642745
3f72d63f-ad48-4500-baf6-897b1d6dda7d,TCGA,KIRC,7f16d20f-07e2-4901-ae00-4da70125e8a3,75,4.330733340286331
3f93d1cf-a307-4e29-9e6f-239e9ffaa179,TCGA,KIRC,80156b04-f280-4915-8bc0-1667c178aa37,88,4.48863636973214
3fa6c93e-e7fe-402c-9526-c81411aa0920,TCGA,KIRC,c909d244-ad90-42b8-8cb9-b12a878bdbfa,76,4.343805421853684
424e5c99-3693-4b10-bbf0-fc43e851610c,TCGA,KIRC,056c67e7-03b3-40cc-8c19-d6938ad634aa,74,4.31748811353631
4298ccdb-2e6d-4267-822d-75b021364084,TCGA,KIRC,6d0df9bf-69d6-447f-b2d9-76391e95d61d,67,4.219507705176107
439794a8-51bd-4c70-968c-34cf26b90148,TCGA,KIRC,ff07dd5a-7b2d-47ed-8a6b-400b3c5c8db4,30,3.4339872044851463
44130745-0b09-4201-829f-cc634f462d3b,TCGA,KIRC,2c1dfe31-3404-4bd8-b003-f3f649e21ecb,52,3.970291913552122
4467ae73-499a-4af0-8431-e059d6ed21a5,TCGA,KIRC,46b3a547-c7a4-4499-9a77-29eb56f0a570,66,4.204692619390966
4481ca64-d37c-462d-9403-6b3339728e0c,TCGA,KIRC,d9da2793-4334-4b17-b234-172705dca082,52,3.970291913552122
4519a839-11ea-4628-b5a7-071833ad16de,TCGA,KIRC,6faba44d-0367-4d54-a41e-1f2969760558,36,3.6109179126442243
46194f7f-af16-42b7-bef6-9c0d1e8f9b0d,TCGA,KIRC,fae1f158-5990-4e7c-90a9-f33fe8be8753,78,4.3694478524670215
46240f32-116b-470c-9846-3616a6db4f2e,TCGA,KIRC,f1aa53c8-fb44-431d-9bb9-ba7647cd9ead,37,3.6375861597263857
467bf226-a646-4217-bce6-8d0f11c756eb,TCGA,KIRC,040e6555-b1a3-43ca-ae2b-a972fc01fa19,51,3.9512437185814275
46bc69a9-0090-4809-92b8-8cb741d9007d,TCGA,KIRC,8d2de4ab-6e9a-40e6-b9ec-8c3c78e7f19c,52,3.970291913552122
46c87ae0-c123-4bdc-8a79-d375d8a7e7a3,TCGA,KIRC,0558db50-149d-4b8f-9994-4e0c3451ae8e,52,3.970291913552122
479035f0-649e-4396-b023-1649a23a01f1,TCGA,KIRC,164a6eaa-7f88-4687-a7e1-b907c468766e,36,3.6109179126442243
4b2ec8aa-8460-440e-b75b-6b92ae7a3ffc,TCGA,KIRC,adb0fc04-0e35-4637-b3e2-6d9299b97069,37,3.6375861597263857
4c325ee1-9b8e-45d4-a0a7-e47ec1eac402,TCGA,KIRC,c6bede90-50d8-4bf5-97e3-6fffe14e723d,61,4.127134385045092
4c3e4727-77f5-4374-9d83-ec86d61b02b2,TCGA,KIRC,9b794c4e-3176-4cdf-b59b-2b1a13bd603a,39,3.6888794541139363
4c44f4a4-1529-4897-9f69-c8e6c705f905,TCGA,KIRC,375080ea-cbbe-4dfb-8da3-cbef10418a2d,50,3.9318256327243257
4c474c70-1d72-49e8-a8cc-a4145c5ab607,TCGA,KIRC,69c0795b-d68f-4262-9e00-39eff5b66814,43,3.784189633918261
4cfe4f31-f62c-423a-8b9f-17f455b15313,TCGA,KIRC,9651c36d-8d1e-411a-9d5a-42550b73b426,9,2.302585092994046
4d856b5d-a59b-45f2-a9b2-4d43ec8a20e4,TCGA,KIRC,5544a704-6f67-4c0d-b4ad-9becaab27512,76,4.343805421853684
4dd51edf-05d1-445a-b43c-6fce29eb21d4,TCGA,KIRC,485e84af-cd91-4096-a2e4-d2594481e5bf,79,4.382026634673881
4e3334e2-918f-4005-bb5a-12a67c7c0380,TCGA,KIRC,378d47c4-4eda-40d5-ae71-6601a9e63191,55,4.02535169073515
4edff57f-4b0e-4770-beac-590da7d7232c,TCGA,KIRC,d81180fa-51d8-4499-aed4-bbad365f67e1,61,4.127134385045092
50f29fc7-c111-4101-b970-b1e1dd3388cf,TCGA,KIRC,99ad8f7e-a32c-4fbc-af00-8765d524cd73,80,4.394449154672439
514af471-31d2-43fa-88dc-8639a5e97181,TCGA,KIRC,9ea5c78a-10b6-4e76-a588-4a169817d01c,84,4.442651256490317
52d73201-9333-422f-a530-5958e866a298,TCGA,KIRC,432ac91a-657b-4630-a5c8-0499aed1b13c,55,4.02535169073515
52db2d93-fcc6-4f80-9668-a0a6ea450738,TCGA,KIRC,5cbfa01a-86a9-467e-9efa-7ae47bce3587,27,3.332204510175204
52e9daf0-288b-4220-bd44-0b6147fd951c,TCGA,KIRC,4a2da9f0-b75d-466c-b9f0-2e910ee24365,23,3.1780538303479458
5358b8c7-d69c-4485-9420-03416564187b,TCGA,KIRC,a78e44f3-6e93-47f4-9653-2ce1b1d7d25d,44,3.8066624897703196
540cbfa7-d17d-44f5-b67e-f2b9b03827cd,TCGA,KIRC,7e479a5b-d557-4838-b415-3ceb31d1a139,23,3.1780538303479458
54c9850c-9b67-42ea-a04b-16a88f786dfa,TCGA,KIRC,902fddff-c332-4871-bf4e-c9fa0445f2a2,35,3.58351893845611
57070e5b-0eb5-44b7-abb3-3007fa34543a,TCGA,KIRC,813cb150-7ef6-4fa7-9a64-c70f9401513c,42,3.7612001156935624
5722df9f-5631-476d-a11b-b3c1e9a40fbf,TCGA,KIRC,edc7b71d-a551-463e-a76a-dc135373cb43,48,3.8918202981106265
57578a0d-b719-46e7-83ab-872a4e984dbb,TCGA,KIRC,6df1efd7-bd1b-4c00-8cbb-eb1b6b7c78b6,75,4.330733340286331
576ea0ef-3abb-479d-adb7-ba646cee344e,TCGA,KIRC,cc8c7c7e-a682-43ca-af76-08b49bf3512a,61,4.127134385045092
577847b9-f9b6-4954-868f-3d5ab2b4f694,TCGA,KIRC,1b70671f-61a5-4a23-ab6b-2120e80d1698,60,4.110873864173311
58ef1a13-a549-4043-b66c-5327bfcbd2e6,TCGA,KIRC,aa2b77af-1803-4f20-8a29-5fa8c40c319a,50,3.9318256327243257
59278f79-4f42-4d1c-9007-3958486042fc,TCGA,KIRC,0897b313-4bb5-4b3c-8146-6b90b58b904c,81,4.406719247264253
597c81a3-5820-48b0-9a9c-c45257c7ad70,TCGA,KIRC,2afa2c24-7bbf-4855-acb8-feaa22dc4c33,59,4.0943445622221
59d18f0c-946f-4850-892f-70e2bf380232,TCGA,KIRC,81cbdf35-12a2-435d-bec9-0f52c47f7a0f,36,3.6109179126442243
59f49821-412c-4945-b9e2-be0dcc8bf8bf,TCGA,KIRC,b766e689-e3ff-4d0c-8eb0-d81c1df638d4,50,3.9318256327243257
5b66c4ae-3aed-4212-baa1-dac33bab8ebe,TCGA,KIRC,ab718baf-6521-4738-a8cc-44b7fabf4be1,349,5.857933154483459
5c73b91a-2bee-4388-854c-1c3a6ae732db,TCGA,KIRC,5d956a24-693e-47ad-b315-180c86a0528e,29,3.4011973816621555
5daf4808-0393-4791-9927-742c30a20831,TCGA,KIRC,dcead401-3e21-4718-9ce1-863177be3f10,19,2.995732273553991
5db69ebe-38db-4ef3-b825-674b4a6ddaee,TCGA,KIRC,3dff6d1d-98ca-49b9-a6e4-5a4da59fb2f8,35,3.58351893845611
5dc807f2-f4f0-434b-b099-43cf41d99cbd,TCGA,KIRC,451091ae-1364-4e63-b2c6-82e72aae9458,43,3.784189633918261
5e248b21-e69d-4dee-a1e8-029ade80d0eb,TCGA,KIRC,ceaf66d6-7fcf-47d6-ae3f-99323057c910,90,4.51085950651685
5ec1ec7b-9ef3-45fc-98a6-0202d15050fe,TCGA,KIRC,80472422-c0f4-4814-be44-fb1c9e821409,55,4.02535169073515
5f53ace3-14ca-412a-af6c-98d8996f8177,TCGA,KIRC,0cb86c23-556d-4c56-b6cd-96dbbaff1441,17,2.8903717578961645
616bc43c-34b9-48e8-8219-4ef4d052f91b,TCGA,KIRC,77cfb44f-6e99-4c0b-bd54-6ab249fd54ef,67,4.219507705176107
61c75ffb-9d5d-478e-af48-1808e700aceb,TCGA,KIRC,f43cfd22-5e58-4369-9ea0-a0b6cc63a7db,42,3.7612001156935624
6205c2d8-d431-4c4c-8ac6-ee407170e833,TCGA,KIRC,6ae1ed76-5b6f-41a6-917b-cc713f874a03,33,3.5263605246161616
620baefa-db8f-4af9-9101-4b9b252fa73e,TCGA,KIRC,f13427f3-3d78-4fc1-9523-64b4ae583494,69,4.248495242049359
62613d1d-978f-4b9d-a9c6-ae28ab384e57,TCGA,KIRC,017de1fe-6f36-4324-a20a-9d9ee3439d8f,56,4.04305126783455
62c6edc7-170d-4825-ab81-f88b14013cc5,TCGA,KIRC,915bec49-700e-44fc-af01-e96ab507aab3,56,4.04305126783455
62cf9546-b932-4a5e-bc9b-4103506d296d,TCGA,KIRC,3f5f2871-02ed-48d4-9d26-e4fe823c7df0,59,4.0943445622221
62f5ceb7-bb0b-4248-850b-cc1cf012f570,TCGA,KIRC,d6a8b3be-0ea5-4d4f-bf62-27ec684d4705,25,3.258096538021482
64aa0dd1-a80e-401e-96df-60d121d2cbec,TCGA,KIRC,b437c402-fc0d-4268-811e-d9a5a8280aca,40,3.713572066704308
659294b9-ded9-498a-bc00-c1d4d456aa4a,TCGA,KIRC,3c5c707d-2046-4dcd-a566-bea1eaf24f74,70,4.2626798770413155
65d56c51-1d58-419e-8c77-a037fc588f5b,TCGA,KIRC,843f5279-d6a2-4616-a3e7-985f26247cc7,75,4.330733340286331
68a1a23a-e762-440b-859e-2bebb42d0d59,TCGA,KIRC,2a8ed8a3-37a6-4492-823c-a86f392d0c44,54,4.007333185232471
692f9978-ada8-43aa-81a1-108464c81609,TCGA,KIRC,5741a507-2543-4c6e-a927-2441813632b6,41,3.7376696182833684
69fb3eff-a32c-48e1-aab8-645ef31d163a,TCGA,KIRC,efde0fd9-7f08-4c33-9e2b-8d9b8cfccf50,57,4.060443010546419
6ab00314-5228-43ba-9880-9d5177b64c61,TCGA,KIRC,3a9cb52e-6bc0-475c-9eee-230527a3e305,94,4.553876891600541
6b033bf5-4ad9-419f-9d2c-63e2e8c80066,TCGA,KIRC,8e4480b4-e56b-4937-94c7-617b4125615c,64,4.174387269895637
6b0c1e54-b643-4490-927e-d5c91957d5d2,TCGA,KIRC,6b9f9688-4bd2-4e54-9744-ac31665650b2,72,4.290459441148391
6b1ff32f-75a4-44aa-9da4-b6872e179c9f,TCGA,KIRC,d07320f0-36a4-4dab-83bb-faaaf21a2bcb,46,3.8501476017100584
6ccd4657-ffa3-4e82-929f-9a7366a89578,TCGA,KIRC,49ddcd56-df4a-4136-a743-c21bb6bfd8a6,53,3.9889840465642745
6e9e5e05-2bf8-4724-8e31-241f517289de,TCGA,KIRC,c0a56cd2-b888-4ced-9f5c-0e450d539045,44,3.8066624897703196
7080bc0a-709e-4871-9539-4616f194e310,TCGA,KIRC,499d7906-265e-4836-b2b5-55203bf08e2d,22,3.1354942159291497
70820391-13b4-438f-ba4a-c0804d4c2d76,TCGA,KIRC,5013520a-e7b1-4171-865c-f5a624741432,58,4.07753744390572
73512f9d-c6e4-446f-8e31-666c6af44da5,TCGA,KIRC,cbe040e0-9ed9-4af4-a177-392a0b63a40b,37,3.6375861597263857
73c712fe-54d6-4743-90bb-03313eb9fa77,TCGA,KIRC,c85688fc-f98a-4672-b66d-8a28ea94d40b,124,4.8283137373023015
73cb1350-7590-4f79-bb86-3f395466652e,TCGA,KIRC,0b4cbedf-b064-4d5a-aa85-8726640d9c63,42,3.7612001156935624
73fc6ae6-7c5e-44de-a9a0-17292cbb01cc,TCGA,KIRC,85746e9c-d9b1-419f-8f17-3b7927cc3c2b,61,4.127134385045092
740e8238-8633-422a-a94a-83bbd37c6d77,TCGA,KIRC,cfcc7db1-9369-4151-9f31-2d7ef06f8ea3,50,3.9318256327243257
74749fe8-f5d0-4d0d-8c7a-e56eba6503b3,TCGA,KIRC,ab53ebb6-2f7e-42ed-a46a-b2a541472fe7,29,3.4011973816621555
74844571-c5a3-4a14-ac19-c7c1ce40259b,TCGA,KIRC,134f1661-5f67-4184-bab4-bc9c6f80c789,56,4.04305126783455
74fc9f65-b5f1-4b56-93a5-f90eaab52e31,TCGA,KIRC,d5c03bc2-fb49-457d-8445-f8177008554b,13,2.639057329615259
759238f2-0d37-404e-96f1-c26cae0ba2ea,TCGA,KIRC,3e2569b7-b145-4bda-9bdf-24105aefe42c,71,4.276666119016055
75e02a42-6937-4761-868b-c369c7bd3c72,TCGA,KIRC,d91f4d1a-4628-446c-a696-8839c8f62d90,59,4.0943445622221
766999d7-fa28-415b-8783-be62b1b2fd70,TCGA,KIRC,d70aa630-d9c6-49e0-858b-a5a8e268a92b,72,4.290459441148391
772e3aed-f211-42a1-9ab2-1c543f581541,TCGA,KIRC,f8a0a7cf-0444-4039-a255-6d31bcf748ac,26,3.295836866004329
781acafa-a58b-4180-bbca-c5b675d51b17,TCGA,KIRC,8eb67e14-ab2d-4d8c-a945-fbdc6ad6a7be,94,4.553876891600541
78ec8bc9-e502-4f5b-b0f6-893718650352,TCGA,KIRC,5d1a0224-01c6-4843-baab-12f1a56b767a,13,2.639057329615259
794aeb92-205f-4c75-bb1a-0b2c6db99fea,TCGA,KIRC,e44dbaa1-6ef0-48ba-bf0f-3cfa502cbd14,49,3.912023005428146
798d51ff-182e-406c-8885-8a198d9959d1,TCGA,KIRC,363d5bdc-23e6-40b0-929c-0805d86471eb,51,3.9512437185814275
7aece0e0-e57b-40b9-8ef3-8b98624b0e91,TCGA,KIRC,5f006edb-0f66-45eb-9a36-e31bbcdf8147,7,2.0794415416798357
7b4e529f-5ed9-4a81-94e6-7a62d604d46d,TCGA,KIRC,17a7a252-7530-4f12-8cd8-50a049a1e653,47,3.8712010109078907
7d35b1e4-8dcf-4caa-adce-e4b72a2a10ca,TCGA,KIRC,307fc027-0530-452b-8fa9-d46f7fc73d0e,43,3.784189633918261
7e620e32-54c5-4f5b-9e18-211516a3eb41,TCGA,KIRC,eb921878-4c02-4b11-9c4d-84df7926ef70,52,3.970291913552122
7fc6b44d-ae66-409c-98e1-c1a518c33e95,TCGA,KIRC,3c7b458e-ecca-4d6a-b1c7-48152e184c0b,57,4.060443010546419
822cf6c1-dd65-4814-94b1-0c335208ad9b,TCGA,KIRC,0af91fa3-3ad9-4ba3-9e29-8bd565871d69,37,3.6375861597263857
828ad452-3daf-4467-bcbc-6dac2c93a7db,TCGA,KIRC,e0999ea7-e0c9-487f-b8a7-3eda87ab8601,42,3.7612001156935624
82f069c4-7928-4b7b-8a42-114db7de0501,TCGA,KIRC,ce71f29f-134d-4749-bf42-c9620e5c8651,11,2.4849066497880004
830b8de5-fd22-49d6-ad1d-c7cf619bf0ac,TCGA,KIRC,9c146666-fd40-4251-9b57-ee537addac17,41,3.7376696182833684
852effcd-8146-46e1-96fa-e5a9f09a88e2,TCGA,KIRC,80a63e36-0f14-4d11-880b-c9c425034d5b,65,4.189654742026425
8593764c-e468-4229-94de-6ba614b4f068,TCGA,KIRC,dbe1371f-dbf9-46b1-b603-a9e560fb75df,78,4.3694478524670215
86f68b7d-30f9-4f01-a9ea-5db1fcd00453,TCGA,KIRC,b81e79c9-7f6d-498c-9591-2b7e8b3bc466,84,4.442651256490317
878d1caa-c4d8-4864-888c-310a0c1ee898,TCGA,KIRC,4d9d7601-1c03-422d-8dc1-1857593c49a5,99,4.605170185988092
883c37e2-c723-45d7-9e25-082d1bec34e2,TCGA,KIRC,ff6cd0e8-98a0-4a96-9650-c348bcfe8901,47,3.8712010109078907
88c91a7b-5c41-4361-85d0-da759ab94204,TCGA,KIRC,114e63e4-03a5-409e-835f-afa8af005d03,28,3.367295829986474
88e7ce26-5b3f-4e4e-89b7-f706063fc467,TCGA,KIRC,4a63eb90-d580-40d0-9136-a7baf34d3627,31,3.4657359027997265
88fc4bc4-32cf-4d92-8c29-20d920b8f719,TCGA,KIRC,6e837fc7-1583-4fde-af30-fe955e7651bf,74,4.31748811353631
89500416-1a5e-4f52-a1b9-6394f3943e4d,TCGA,KIRC,54813ceb-f5c7-4c62-8b0a-047145bb6bae,31,3.4657359027997265
897f85ec-7e14-426a-a532-eed01ccc90f1,TCGA,KIRC,d5f6a32f-e1b7-4e45-ad6b-c97ade3b1294,134,4.90527477843843
89ea18fc-45ec-4e5c-969a-db2112dceefd,TCGA,KIRC,8c4bd061-8371-4313-bfdc-1b2213daea12,15,2.772588722239781
8a575e00-5dc5-416d-a8f5-2cdfb8e62c31,TCGA,KIRC,7af3ee8b-cb9e-47b9-9ddb-16006b20cb17,51,3.9512437185814275
8aaa4e25-5c12-4ace-96dc-91aaa0c4457c,TCGA,KIRC,c830413d-ad40-4e2a-b2a5-56407eed5ca3,68,4.23410650459726
8d769b38-862f-46e3-a426-d09f79f28de6,TCGA,KIRC,ba209e1e-87f1-47a9-a858-d60953ef4528,55,4.02535169073515
8e9e684c-20e5-48b1-9e40-970037fe959f,TCGA,KIRC,424b672b-e409-4b9c-821f-b9d16cc3f454,37,3.6375861597263857
8ed08632-b5b3-4be3-bd71-999456fa2d23,TCGA,KIRC,9848e118-7372-41e5-8c64-71ec86c9c563,52,3.970291913552122
8ee720b5-6f3a-4921-85ab-70e75c0835b0,TCGA,KIRC,2b5b6593-4fe2-4c8a-92c6-5bd5a6c26320,57,4.060443010546419
8f54d854-22ea-4bd0-8cb1-1ab708544095,TCGA,KIRC,7fc459c0-68f0-414f-ad41-737b4de021be,34,3.5553480614894135
8f8a632d-7fbd-4c86-b909-afb7edb9ad28,TCGA,KIRC,f478aca9-1fb9-4ef3-9c03-1bd592b2b1f7,81,4.406719247264253
8f936d84-3b81-4d1c-aca1-93f5c86ed1bc,TCGA,KIRC,9315dffd-edea-4710-92a8-810998e08cb1,64,4.174387269895637
8fd493c5-1375-4f76-b337-c9a75e3abdbe,TCGA,KIRC,39b522e7-162a-42e6-bdcc-a156016b9a81,46,3.8501476017100584
900b5f21-e8fb-4a3f-b8e3-ef098716e508,TCGA,KIRC,cd18a3e0-c431-478a-b5fa-4b75a17a33a7,23,3.1780538303479458
9245a557-01ea-4446-b9e9-313f6ab18834,TCGA,KIRC,7c7bfa90-8754-4170-b009-ba858bddcb38,33,3.5263605246161616
9256867c-dc82-4e1a-85d6-e4c9bde8ab8c,TCGA,KIRC,3f22ab0f-057b-4d34-8722-63ec8c8d1d33,50,3.9318256327243257
936c217f-f10b-43cf-bb6d-0a74ebec9b13,TCGA,KIRC,96ae86b9-6d2a-4b13-9765-a0a5b71519c4,13,2.639057329615259
9490cd1e-be30-45d3-b1ea-42c157d5f49d,TCGA,KIRC,c876a9c8-43b4-47ed-ba9d-727439ab8ef5,97,4.584967478670572
960d1eaf-0b96-488b-b62c-829c024fd4b8,TCGA,KIRC,86f25e09-9bdb-478d-b929-6f570418af6c,47,3.8712010109078907
96c38b74-c22b-4001-bfd0-a37eda1fbaed,TCGA,KIRC,36e0d06c-4153-4bc3-b415-3f18306218e3,44,3.8066624897703196
97fee782-9aa3-41c7-8b7b-53c9c69bdabc,TCGA,KIRC,d1e1f6c5-e3af-418c-89ed-8b68f8157f36,17,2.8903717578961645
98dea82b-46f9-4b77-be8a-06669bcf731b,TCGA,KIRC,bddf0976-c04a-4391-b302-732051d506c5,43,3.784189633918261
99f59583-2728-4c1d-b98c-8fbc3bb0a819,TCGA,KIRC,fd493a63-08fb-4076-8b3c-f443dc4bcb0b,43,3.784189633918261
9a404208-c3d3-4e6b-b511-1a4ccf595c18,TCGA,KIRC,2670a02b-5a81-45b7-8b6c-f94b21bd2aa1,74,4.31748811353631
9aa63985-16ba-4d43-a6ec-4a35f2ff6513,TCGA,KIRC,862e5c87-bed8-4310-b9ed-1018568bdc78,37,3.6375861597263857
9c377f9b-79dd-4412-80ac-cea9a3529888,TCGA,KIRC,a379934c-2794-4a0f-b9f2-f029aa938f35,48,3.8918202981106265
9c8169e7-9193-41f5-878e-ed1af3b95422,TCGA,KIRC,e59a58f3-d886-45a8-a296-263297839a63,39,3.6888794541139363
9cdda9fa-d492-4902-afc1-eb2244e70c1b,TCGA,KIRC,5cd2f5f2-1325-454e-94a3-253d475205ef,69,4.248495242049359
9ceefc7e-fba9-47eb-a0ca-2bc1fccb5490,TCGA,KIRC,996511b1-d236-4060-a307-81557721cfe5,24,3.2188758248682006
9dc7812b-c7a2-4de4-bf6d-4c7261384a62,TCGA,KIRC,c8c7259b-9f5e-4dfc-b915-d98b02eba28b,65,4.189654742026425
9f4cd3b9-50ef-4f85-84b8-acb0b77887d1,TCGA,KIRC,d1d341bd-1a8e-4162-a63c-92ecc78e9c82,27,3.332204510175204
9f5c0a43-d222-484a-9249-d288387dd7a1,TCGA,KIRC,c59faf4c-0b9f-4c20-acd2-0804a8c9d96c,56,4.04305126783455
9f632fc3-2241-469a-a14a-cd537350155f,TCGA,KIRC,ad0887f1-524a-4351-9ec3-8cbd380bbf9c,32,3.4965075614664802
9fd9104b-a26d-44c7-bb45-f1edd76d0aa0,TCGA,KIRC,6f5c8394-3144-428a-a38d-eb39be4379b5,59,4.0943445622221
9fe336a8-08a7-4fe7-bf45-afd6a8eb9c75,TCGA,KIRC,bc8cef4d-5c5c-4d5b-bbbc-553e8940ced1,56,4.04305126783455
a1ad1a96-2b6e-4c86-9d71-e176b902e9d4,TCGA,KIRC,f41b182b-f528-49bf-9d7e-912614796b77,20,3.044522437723423
a22d5ba2-5f11-49e9-911a-ec03b785fae5,TCGA,KIRC,acf622b2-9d9f-45c4-992d-28165321a955,51,3.9512437185814275
a2663a86-a006-4867-9e88-2b523df48303,TCGA,KIRC,d1cd1a00-c44a-4581-ad07-e234303a65b9,14,2.70805020110221
a42103aa-0f25-4939-9f9d-9ec11a5c8cca,TCGA,KIRC,00ddbdd1-f29d-438b-820b-aacb111a3ec4,26,3.295836866004329
a43401ae-14cd-4f57-946b-9a9c073f2a47,TCGA,KIRC,ff21a21b-35fb-423c-896c-c6943dbce540,35,3.58351893845611
a55e63a9-5046-4f0f-a1e1-197b783d5387,TCGA,KIRC,4b758e7e-870c-4b60-8cb6-dac730bd9faf,62,4.143134726391533
a5790b81-5001-4d1a-97ad-0ec9fc658f44,TCGA,KIRC,c0ab320a-1952-4875-af3e-9f30dcc2406b,32,3.4965075614664802
a682a2a3-dc53-4b7e-8929-07215737ec5e,TCGA,KIRC,e20633e3-526f-4ac5-9cb0-202a028462b0,59,4.0943445622221
a68bd706-58e7-4d36-bffa-6c94986a8d4e,TCGA,KIRC,929af903-a778-4a8c-9d04-de3c9d9df5eb,51,3.9512437185814275
a7ddd737-714d-423f-8fb5-5a932d014487,TCGA,KIRC,3545f947-1a52-4e14-a98d-e400a6cb5e60,31,3.4657359027997265
a8db1341-a7fc-4306-91ad-5caaca5c8a6e,TCGA,KIRC,4caac446-75ef-4e21-ab99-216a5962f956,69,4.248495242049359
aa2b6825-3352-4d47-a637-48452f4a958b,TCGA,KIRC,8fc7b6c7-aa50-4a13-a898-35a6bce2d32f,64,4.174387269895637
aa82fb26-96c3-4b3d-a2e9-7123c0a07321,TCGA,KIRC,c2c34b18-7f7a-47ac-9f42-b7700562d006,33,3.5263605246161616
ab5266f6-8015-4347-b0bd-131ab1fbad51,TCGA,KIRC,eeb25b36-1272-4092-848e-9807eaed9d4e,59,4.0943445622221
ab954d5e-a19b-457a-b5b9-172afd6f9abe,TCGA,KIRC,577d7013-8d37-427c-82b0-24e46b891a34,45,3.828641396489095
aba26e6b-f11c-4ae6-a0d6-85bdd2060e8f,TCGA,KIRC,d1280122-4cf1-4e12-9783-4a7038a28ac0,13,2.639057329615259
ae55b2d3-62a1-419e-9f9a-5ddfac356db4,TCGA,KIRC,cdc162f6-6ee3-45bb-a764-88458b87bf7b,9,2.302585092994046
aebe37c4-5b37-41f3-ade3-46e41bad8eab,TCGA,KIRC,72595e5d-dab6-4d89-8332-6b0a599e218b,21,3.091042453358316
afd60992-f279-46ee-8fb9-53f6be850f6c,TCGA,KIRC,f13ca22a-ad44-45c0-806b-678bacee6135,24,3.2188758248682006
b123e7c1-2472-4427-bfeb-79666f971e66,TCGA,KIRC,4488f655-ed4d-44d1-acad-20d9c530f84d,33,3.5263605246161616
b125ff14-4fb4-4f90-8622-fed49bdfe954,TCGA,KIRC,34fd315d-cfd8-4d85-8114-22311d55a1fc,52,3.970291913552122
b2feca3f-8602-4a30-92bf-958ab2a2bd5d,TCGA,KIRC,c51b2e7b-b9e7-44a5-b09f-ba3377f1fc5e,34,3.5553480614894135
b39d6675-9378-4652-8a28-9b52b8ca88ce,TCGA,KIRC,9b962201-6959-487b-a125-730322128939,25,3.258096538021482
b3a6acab-00ad-48b7-94c2-bd56b461b48f,TCGA,KIRC,06632416-4901-4939-b250-35cd1b8b8323,17,2.8903717578961645
b3a9b0be-2ccb-4e55-b72c-3f218ca46a3e,TCGA,KIRC,9e969cab-9be7-4aa5-957f-5868071cd1c7,39,3.6888794541139363
b428463a-75d5-4663-a53b-ec2993795cc0,TCGA,KIRC,ccb3a294-e4b3-439a-b168-18c3ae05d3b8,43,3.784189633918261
b472c982-f024-4e09-8326-071ee35ea55c,TCGA,KIRC,40b17492-39d1-4ce2-8f91-9e1cba32f42a,34,3.5553480614894135
b5f51cf6-1013-4d4b-aff1-4b7e8f6afd9c,TCGA,KIRC,ba3ab6f6-109b-485c-b600-d6cf3edb4b28,34,3.5553480614894135
b6abbdcc-f826-499d-b6f1-f6e2c83f9d8b,TCGA,KIRC,83300c43-0958-4165-99cf-e956cb47d38b,53,3.9889840465642745
b6d4e2d5-5739-4be3-8a4c-6e7a17d1d40f,TCGA,KIRC,cd6333d6-6973-4278-8c7d-ad89e71bd508,32,3.4965075614664802
b7143068-4afd-47ed-9e08-1894f886c503,TCGA,KIRC,5474fa69-b83c-44b9-8e1b-1b16406a42ed,40,3.713572066704308
b9fc9eff-1228-482d-87a2-ebbb5c92733a,TCGA,KIRC,822bf4fe-8d43-47c8-9906-5d38c4a21f27,44,3.8066624897703196
ba96288c-60d3-4e56-8940-90c5b22d4ddc,TCGA,KIRC,5acfa9e0-c339-40aa-ab9f-0492fbc6db91,34,3.5553480614894135
bb4a6123-5851-4e49-b859-606ffd2a4d11,TCGA,KIRC,1a351079-31b5-4080-a03d-62ea7065d7a8,31,3.4657359027997265
bbbce1ba-c739-43ba-b9cf-a4f746491ae3,TCGA,KIRC,a33333fb-31f7-4874-aefd-a004be0d943e,41,3.7376696182833684
bbdaa931-e922-49be-bfbf-fa0c2ae27d7a,TCGA,KIRC,8e95a2b4-3110-4dd6-b3c9-b3e83c563282,46,3.8501476017100584
bcf26561-6e11-441c-955e-181ef2e68b41,TCGA,KIRC,ace1e7fa-7e2f-4bcc-a2cb-afb7f321ec1d,64,4.174387269895637
beef6a78-a57c-46f1-8f4e-6899f0ba2c6d,TCGA,KIRC,37faaa8d-fcc6-4feb-beae-cfe8155b03c2,37,3.6375861597263857
bf768635-b809-4df4-a4e6-7495e66aa227,TCGA,KIRC,4f836d31-425e-43d4-8052-5e4a1d770efd,57,4.060443010546419
c01afa58-af3f-40f1-b4fe-36909ae3871e,TCGA,KIRC,ab55b80d-abac-431c-bd6e-e5e1ed46210f,26,3.295836866004329
c129b63f-90cb-40dc-beed-757634004821,TCGA,KIRC,a89b3ab8-977d-4c4d-8323-ca8d6df792e4,69,4.248495242049359
c15d5920-4f59-4e31-9ba6-1f2de8ab5d5d,TCGA,KIRC,7947afe8-e62c-4d32-81d6-5eb44fd1cea6,7,2.0794415416798357
c285ada3-fd49-46a5-882f-b6c352572e2a,TCGA,KIRC,8e4576b0-ae52-47fa-b4a0-eaaed1fefcd2,69,4.248495242049359
c33d0d12-a744-4a9a-b3f7-e28da6a109ab,TCGA,KIRC,b9a7cd9a-ff3d-4862-a03b-71f60e42ddea,28,3.367295829986474
c3cc716b-1b9c-4e73-9a40-f1f891a17c2d,TCGA,KIRC,e8a098f6-ed3e-46a8-ae16-2f130a5fb715,44,3.8066624897703196
c4247ccb-8201-428e-a2e7-b5104f095588,TCGA,KIRC,206a4211-c6c8-4f43-be95-1f36289d7bd6,21,3.091042453358316
c499b3be-9db0-4809-b7c0-f5d81208d7ec,TCGA,KIRC,be6fa48c-95e0-4a7f-aa05-362d1b7a5a4a,62,4.143134726391533
c5265ca6-2cb5-406d-a635-c4c783561107,TCGA,KIRC,0c25f495-ae84-45a3-8c7a-5521ddcccf70,19,2.995732273553991
c558dffe-5aea-467e-ae4c-fdc2a43ab2fe,TCGA,KIRC,b10d2838-f728-467e-8582-369ad21a98a2,35,3.58351893845611
c5bf474c-6919-47b4-ba59-34ab20c087d5,TCGA,KIRC,a7ce93ac-964a-4d4e-980a-7fb987bf58b7,44,3.8066624897703196
c6454371-1f84-4e8e-8c3a-2eac8380819e,TCGA,KIRC,1bd902eb-9e76-406a-bfe9-b0b5861bcdfb,29,3.4011973816621555
c7e9ba09-0826-466c-8555-6595de31ed31,TCGA,KIRC,61ffeb1c-0382-40bb-bd32-a071b2b4c39d,40,3.713572066704308
c814c26c-ee8e-4fd8-a3d3-441b302ead3b,TCGA,KIRC,d99b2ce2-38a1-4d13-b8dd-7db33bfd360a,33,3.5263605246161616
c91a4cc3-aaa9-4bc9-b157-e46551d334c8,TCGA,KIRC,6304f098-1ae4-4c6c-93c7-ac5b15b307a7,90,4.51085950651685
cba5705a-80dd-4496-9283-c5d3a92c7dba,TCGA,KIRC,44c858ac-1ce0-491a-aef5-979224aa09f5,27,3.332204510175204
cc353686-e2b6-46a1-8095-48e2bc44b11f,TCGA,KIRC,3bca5269-8bb3-4826-bc22-e7b068853f45,35,3.58351893845611
ccd44d97-f0d5-47cd-9c12-af458c750d23,TCGA,KIRC,dd7f3972-e7c6-422b-84ed-a8038645a52b,33,3.5263605246161616
cdd8eb5c-bda8-4961-9db4-72e0c4907e95,TCGA,KIRC,6d560c49-6d99-467b-b2a9-5d236eff9f87,27,3.332204510175204
cdfa3c5d-2fe8-4dfd-92c2-a54f39f55f18,TCGA,KIRC,12e9affd-cc06-49d9-b485-47e7034be973,40,3.713572066704308
ce0ab696-4e50-4b05-a7e5-5191c257bfbe,TCGA,KIRC,b65b4ebc-e8b9-4926-8761-56b99fbd9e9a,39,3.6888794541139363
ceb7cd9a-9cb1-42f2-a4ab-0b4381e2b85b,TCGA,KIRC,2faa29c8-49e9-4fda-baea-f73583f3a27f,52,3.970291913552122
cf67eaf8-f5e6-41be-8992-cdb97091e1b0,TCGA,KIRC,d4afe781-4959-40a7-8556-b60a150ea6b0,72,4.290459441148391
cfc999aa-802e-4a0d-8b14-be2b19fa2a17,TCGA,KIRC,27023402-b661-4cda-98ef-f9b68b3f8c59,42,3.7612001156935624
d0f908c5-aafd-4b76-a2fb-39b7cc19bcf7,TCGA,KIRC,c0dc2255-258a-463b-bd10-f6ee1771860d,43,3.784189633918261
d23d354d-04b0-4ff4-bd83-6a2d1ecf3b47,TCGA,KIRC,563b7a76-4875-41e3-a39f-c36f4476c159,29,3.4011973816621555
d2664fde-ce3b-45e6-9a23-4a07980f7bac,TCGA,KIRC,e47ee1c9-13c8-4c78-b1d6-8a6795bebee8,62,4.143134726391533
d26f3a6b-72f4-4e48-815e-57b8b211112d,TCGA,KIRC,02669516-0c84-46b4-9ff1-ab147ff1ddcc,61,4.127134385045092
d30f460b-8e85-4eb4-83b8-0a5d8bf4d10d,TCGA,KIRC,d014104d-47ca-441c-9756-66672008cb14,67,4.219507705176107
d3638a1f-da14-4c78-bb53-a5cc30850cbe,TCGA,KIRC,5eb4cdf7-10ee-4e24-801c-7297b5b3ebd7,70,4.2626798770413155
d3b47e53-6f40-4fc8-b5a4-cbe548a770a9,TCGA,KIRC,44dade70-3ecc-4be0-88a8-772cb763d5bb,19,2.995732273553991
d4098753-2e83-42c1-a06b-c03f7700e70c,TCGA,KIRC,cbabaf06-c15c-4655-a6c2-89a523ec7a9e,63,4.1588830833596715
d4159990-85dd-4557-be1a-bd03818ea3ea,TCGA,KIRC,39c94a70-a68c-405c-bfbf-9675fbb1411a,57,4.060443010546419
d51fa004-23e6-41a7-9237-ce9916e2e394,TCGA,KIRC,db99b502-b286-4b36-a0a5-28b6b413b81a,61,4.127134385045092
d62d39f9-c896-4758-a785-e236f0154f14,TCGA,KIRC,dd32c44d-eaf7-4739-94aa-430be880964d,52,3.970291913552122
d6625c4d-cd1c-4c62-8100-e8b2a49ce3ad,TCGA,KIRC,4ab781c9-0569-4b74-b233-a8d898392f66,30,3.4339872044851463
d6ea5cec-97bf-4c0f-85bf-293d463b0586,TCGA,KIRC,03c6d5d2-1a33-4ae7-9421-f43b14fc97bd,28,3.367295829986474
d7155ce6-e6b2-4c1f-8233-85f0d63e8e11,TCGA,KIRC,539f5a17-442a-4c07-9606-b8f88c731504,11,2.4849066497880004
d7ab7ec0-3de7-4ffd-a5ac-f75579355b2a,TCGA,KIRC,7b3da303-63a6-4bd7-ab94-cf6e38dfe1e0,47,3.8712010109078907
d7abeadd-ca92-4e18-ae06-70baf9ce42e0,TCGA,KIRC,f6b85b88-29c7-4722-86f1-0c4c5fa0b819,32,3.4965075614664802
d7cf4fc0-6357-4973-af4c-b456f430478a,TCGA,KIRC,4bc67f13-2c7c-4be8-8bfe-1c2fffecf694,27,3.332204510175204
d9f1bb02-4cb0-4f7c-8f34-ff5f301c6b2c,TCGA,KIRC,e1beebe9-dc24-4f9d-a89f-87001fcf25c7,47,3.8712010109078907
db058eb4-9c5e-4226-92d1-de24aea83630,TCGA,KIRC,192e08f8-1c39-462a-8762-7e2c7f4d5eb0,33,3.5263605246161616
db601d82-e2e7-469c-91da-3dbfcb477326,TCGA,KIRC,00174492-1adc-4310-8147-a622befbb466,70,4.2626798770413155
dc2208d9-dcb3-47ff-826b-676f199b8ccd,TCGA,KIRC,c4143095-ebf5-4ce2-91fe-6aea9cc62cc7,52,3.970291913552122
dc43cfe0-8880-419f-946c-c0ad586e57ca,TCGA,KIRC,5576ae8b-e6e9-496d-854a-8c696bd965c9,93,4.543294782270004
df1e2e79-0126-4f3a-85e3-36f59be04622,TCGA,KIRC,1263f317-119b-428c-96b1-c187e54bb275,29,3.4011973816621555
dfa9513d-4e09-405b-a80f-2987ec5c5263,TCGA,KIRC,fa927427-fa20-44d0-b574-81d99277be8a,50,3.9318256327243257
dfd2c288-5054-4fc1-9cae-f437779dc2de,TCGA,KIRC,98ca487a-a503-459a-8665-11a3caf8bce5,42,3.7612001156935624
e0127e51-43ba-4536-bc9d-004591f9c627,TCGA,KIRC,24ec3d48-d4c2-4f0c-b188-87ebc1f3123e,55,4.02535169073515
e1663694-17dd-4b01-b613-2516e022dfb7,TCGA,KIRC,16349fe9-a2c9-4577-8b34-6761dd22ee61,111,4.718498871295094
e173c4ba-9c08-4ce6-b46c-1673b5af9e2d,TCGA,KIRC,6b95e135-1a51-4d0c-bd2c-ab55273a3eb7,33,3.5263605246161616
e33dff22-5bf1-4dd8-bed7-063cb555677c,TCGA,KIRC,f34985d8-172b-4fae-8d06-989e7dc4dc06,28,3.367295829986474
e3aa5595-223b-42e9-aec0-e49f631e37d5,TCGA,KIRC,d9979174-ee0c-42bb-b928-a4f642845db7,44,3.8066624897703196
e45166cb-5150-4961-9e13-6891f02c1606,TCGA,KIRC,baec403c-9fb4-4b2e-898b-ef8399d0157e,48,3.8918202981106265
e4da964a-31da-4b81-b6ee-2c6dcee703ea,TCGA,KIRC,8ebdb262-631c-4ac0-af24-16dca92d8c45,41,3.7376696182833684
e548aeb2-04ca-48f8-af8d-8acb745748fc,TCGA,KIRC,a3bdc783-f9de-42d6-b0ad-eadec504b7d8,23,3.1780538303479458
e58f2c7b-d1cc-48f3-a0c9-dcd2b27c37f6,TCGA,KIRC,f18443d3-f207-4c05-9738-d70e10d60cfc,24,3.2188758248682006
e7afc830-fa22-4562-a1f3-0f4f5a34eacd,TCGA,KIRC,88aade97-0051-480d-be54-bce61b4e5b91,49,3.912023005428146
e7bbc8a9-b63b-4967-812b-f9280a5e181e,TCGA,KIRC,d19fa0dd-5832-46a8-a7a0-142075684a55,52,3.970291913552122
e7c159b7-e7c3-4482-8e80-72402dc3fdb4,TCGA,KIRC,99b8979a-d55a-4c42-9df1-58c9a3f70a92,33,3.5263605246161616
e7c8a4d3-d51e-482a-9045-4de9c9f29945,TCGA,KIRC,f4fbf55a-1a2a-458e-9223-921e2dc9352e,64,4.174387269895637
e865d40a-9989-436c-8426-88cc84c863e8,TCGA,KIRC,3ce8971c-7d06-4da7-af07-efaf4c9f6a75,65,4.189654742026425
e9f855b3-291b-449d-9758-caa0f99fa76d,TCGA,KIRC,8398a735-962c-4b4c-87b6-cf1e0a07ce91,38,3.6635616461296463
e9faa588-d45a-450a-81a2-949eb2834bc0,TCGA,KIRC,b2c3a163-384f-4246-880f-ae2caebf0d17,24,3.2188758248682006
ea26d89f-2843-489b-8627-3d5ed0cabc2a,TCGA,KIRC,a136ae8b-1e0d-4843-a461-ce554ad77458,33,3.5263605246161616
ea456a1f-6e2c-4b34-ad24-ccd614bd57c9,TCGA,KIRC,c1873d0a-2c67-44c7-97ba-9a10cd7ed962,34,3.5553480614894135
ea854858-1dad-4b01-8e58-f19e6a7c41a3,TCGA,KIRC,79b49079-070b-4b97-80b9-838bbd32f33c,18,2.9444389791664403
ec3b2a30-fcf6-45ef-bd9d-e6089a237c0f,TCGA,KIRC,fa157012-d4c8-43c3-b4fe-a02f13fcec40,41,3.7376696182833684
ec6aa756-c875-49f5-89e4-365b3f18b589,TCGA,KIRC,4a29721a-1de3-4e14-b905-f39aacb1bd53,42,3.7612001156935624
ed2e9354-5ee1-4fcf-92ec-a1b507818b91,TCGA,KIRC,27918218-c6a5-4f1d-b25c-bdf08d4146bd,14,2.70805020110221
eda2b871-8a18-4854-92d8-d8d66fb127d8,TCGA,KIRC,a3c824d5-5d92-453e-820b-bf879fa38e59,48,3.8918202981106265
eee108d6-bb11-4369-b776-0f524afef6f3,TCGA,KIRC,0666c919-fe81-415e-84ea-c782234e3aa0,81,4.406719247264253
ef2d7ef5-cdfc-48c9-b3fe-6eaf3be1106d,TCGA,KIRC,7f6b6886-84b6-4cb9-8b01-b2d10f55b8c9,74,4.31748811353631
f00b7956-73a9-4e4b-85d2-60b3ba13f4a4,TCGA,KIRC,e79eb779-6742-452b-87d4-35e67d30de92,65,4.189654742026425
f11f68ac-5ad2-416b-a0c2-697ac3e9718a,TCGA,KIRC,2693e892-e285-4d51-b84a-7498437b6956,43,3.784189633918261
f184de71-65d0-4e52-aec2-25c5414588c5,TCGA,KIRC,f4e99961-1168-46bd-86cb-4c6662f5b8da,35,3.58351893845611
f1ae0181-74f8-47fd-83be-83a7d01101cc,TCGA,KIRC,19062abb-b733-43e2-a9f2-81bca6d65a1e,30,3.4339872044851463
f1ed9155-ea54-4435-8920-0df8ed7febda,TCGA,KIRC,c35af344-001b-434d-8756-e410748e8df1,32,3.4965075614664802
f217a4f9-d8d8-440e-b73a-5f0448b58c4f,TCGA,KIRC,07857799-d6eb-4a80-83b5-aad368e6cd3c,44,3.8066624897703196
f2801b21-5444-4cc3-a642-c60c6d82cd3d,TCGA,KIRC,7bb02e2f-67db-4527-959a-4f38da4edd7a,19,2.995732273553991
f2806652-1d7b-4c46-bb4e-ac7a2c96c68d,TCGA,KIRC,a810deed-122b-4c57-9d6f-8146c5064712,31,3.4657359027997265
f2b90375-6806-4833-a927-565674cbf355,TCGA,KIRC,7a3b5b7d-67cc-4048-9bd9-9db08bad1601,54,4.007333185232471
f2b93fbd-5848-46e2-978e-ba84e810e0dc,TCGA,KIRC,52433ea4-d6cc-4d21-a1af-d62c3e9c5d77,56,4.04305126783455
f38a6799-11e0-471c-834e-0d97e00aec07,TCGA,KIRC,56c82934-f740-406c-afad-f9d8bd17aff3,63,4.1588830833596715
f3a921d5-7a6d-4a6e-893b-a5e1d3f4750b,TCGA,KIRC,a34f90d2-32b4-44e7-a820-07f3d48823ce,52,3.970291913552122
f5759059-c0e3-4f1a-af96-5c7197d3c33c,TCGA,KIRC,e3fc3546-680c-44fa-ac79-918668443800,43,3.784189633918261
f57690ba-a120-4ea2-83e0-0559d1eb62c4,TCGA,KIRC,d98b9775-6abc-48fa-a229-39442a7291d7,51,3.9512437185814275
f6d28a1d-6691-4ac1-8afb-ab0e7dcef867,TCGA,KIRC,ac6da4db-868b-4b98-9c12-4c1930d08a5e,50,3.9318256327243257
fa543627-9e3c-4af9-bb33-f0cdd9fbc9cc,TCGA,KIRC,e71c8e45-ab52-4796-ab72-e8add8868291,70,4.2626798770413155
fae200ed-78e7-4d2d-82b5-aee63fc54d25,TCGA,KIRC,5d803708-5262-42a8-a390-71a3d800347d,28,3.367295829986474
fb3a387f-ebc6-4422-a782-5c19056f77f2,TCGA,KIRC,f98a1953-c008-4ab9-a17e-be80b5fd43fe,46,3.8501476017100584
fb9bafa5-7133-4955-8156-4eb6763dc8e1,TCGA,KIRC,a3cac4bf-4b70-4fc8-b0a5-8bda5b6d405c,49,3.912023005428146
fc052a9d-0134-46ce-af98-4703b61d63c4,TCGA,KIRC,34a71e25-c1fa-4f7a-9407-600964534fc5,11,2.4849066497880004
fc7065fc-d834-4e7d-98bd-ca6666beb6cb,TCGA,KIRC,fa994287-faa4-483c-8225-1d45a1d0d522,29,3.4011973816621555
fcecafa8-8b8b-4ae6-81bc-73acf05b211a,TCGA,KIRC,89cf5c7f-c4af-4eb6-97a5-cc086fe76bbb,54,4.007333185232471
fd5728e0-e495-45f5-aac8-c0856510c8aa,TCGA,KIRC,fb47d9fc-c3a4-4f1c-b707-4996b5520351,17,2.8903717578961645
fe1f95a3-a6c2-4a39-8586-f8a70e975dd4,TCGA,KIRC,2f9b9698-edc6-4049-809c-9733f05f5c2b,39,3.6888794541139363
fedcaa7b-ec9d-4bae-a8ac-af10fbf3e568,TCGA,KIRC,512aef07-f542-4aa6-b3e6-8f74ae1ce224,75,4.330733340286331
fef57c51-0858-42fb-b9eb-3727d274a4e1,TCGA,KIRC,db9d1bc8-9c20-4fbd-bfac-cf1faf1cad11,7,2.0794415416798357
ff127be4-631a-4e0e-a971-842f9eb6760e,TCGA,KIRC,466888ef-7b80-471e-822c-bf355ef474b8,56,4.04305126783455
ffb88267-1a97-41c9-ae25-6c6cefaf9dd9,TCGA,KIRC,58cdb5fa-ab1d-4b7c-a790-4c81cd86efc4,32,3.4965075614664802
001e0309-9c50-42b0-9e38-347883ee2cd3,TCGA,UCEC,7476fbef-f6b9-439c-9589-a123a0ed9db2,26,3.295836866004329
002724fa-7051-49fa-9c58-4bcb7eba4ac6,TCGA,UCEC,becf2da9-cf85-4cfb-9f75-8b7dfad48016,37,3.6375861597263857
0119eab6-00e7-4346-aa52-cbbeeba3621d,TCGA,UCEC,c2029f61-30a0-49ce-addb-6eadeb16ca68,41,3.7376696182833684
016e515e-7f78-4997-9b97-3628464d9222,TCGA,UCEC,556db728-baa1-47d3-b345-aae5960bf4f7,179,5.19295685089021
01ed791e-3187-4e24-a5ff-afff0778c152,TCGA,UCEC,8afb1b53-481b-4757-a866-3e065e60f3cf,252,5.53338948872752
0264c9c2-6b6a-485c-98f5-aed4f52ed0ca,TCGA,UCEC,c0112434-f76d-47db-a086-a38bd87975dd,25,3.258096538021482
027b2a29-2fad-4ca8-a7cd-eb913d0205f8,TCGA,UCEC,7e902b1a-895d-4302-bb83-fb8795b5769f,413,6.025865973825314
029f0f1d-dd22-44d2-a623-cb9a33cb9438,TCGA,UCEC,87a3f50b-efb9-421b-97e7-8fb9f612aac0,44,3.8066624897703196
02af18ee-ab8e-4ac3-b22e-dec80c201058,TCGA,UCEC,2e79072c-4d9a-442f-94a3-e9b917285def,4448,8.400434630806041
02b25675-094d-4098-96da-51d121380fec,TCGA,UCEC,f49b11cf-fd57-4d76-8ac2-52d2d33cb298,51,3.9512437185814275
02b2cd50-221f-437c-a1ce-6da1467ec809,TCGA,UCEC,bb8c769e-3931-4677-b295-323d7de6fedf,387,5.961005339623274
0305db4a-62ee-4ecb-bede-032981298732,TCGA,UCEC,903d6043-027d-40aa-9cbd-55d0e23ee4b4,70,4.2626798770413155
03381d49-e25f-4376-8e36-f47063a7d3fb,TCGA,UCEC,200ca6b1-fc35-44f8-a342-5f343f75d2fb,846,6.741700694652055
0547cdfa-c488-4da0-9bb5-4cc63a637179,TCGA,UCEC,e374cf24-7c35-42ea-a205-afd1ebe74707,1355,7.212294468500341
0648f046-2206-4b97-9b6e-419c2e325b6d,TCGA,UCEC,ff1f1185-ecb7-434a-befa-6e64b5e24611,54,4.007333185232471
06728b1b-6b69-4467-8e10-a8a4e6328ac8,TCGA,UCEC,12e4cbcd-6f6c-4c01-a877-388a04117962,43,3.784189633918261
068016e2-7829-493c-b8be-d3b85beaab13,TCGA,UCEC,2ae0f9d3-3940-4d09-a6a1-b6fb8670d4af,53,3.9889840465642745
06d16b6b-9ca6-4cec-a785-f27aa4323cec,TCGA,UCEC,f22f2434-5a12-4e21-a5b7-5ad14c5e9eab,63,4.1588830833596715
077bdc90-1bbd-49ec-93a5-729b1ac1ba8d,TCGA,UCEC,db272671-3c5e-400a-8494-912587721bab,808,6.695798917058491
07b24a23-3d9f-4591-800f-8738cc232f9a,TCGA,UCEC,a65f8457-e08a-4c07-be62-a7fb86725159,90,4.51085950651685
07d1aef3-31c7-4c44-a078-16a9eb096d58,TCGA,UCEC,b1707c94-e9d4-4b9f-b612-3bd358459f14,562,6.333279628139691
082e32c5-7f82-466a-b52d-a3293a8f8e57,TCGA,UCEC,f67e80e2-c3fa-4ddb-9ceb-fdcfdc26fd89,30,3.4339872044851463
0878e44d-bdc8-4d5f-9bf4-31101f14f797,TCGA,UCEC,950dd8e4-2fde-44f5-883f-a8cbd48b6de3,3079,8.03268487596762
08b11e0e-5b8e-45ea-9b6b-30e3185b03d7,TCGA,UCEC,f679fb26-4531-4344-baff-b7bc505c2083,247,5.5134287461649825
09066fbf-6a1d-46c9-a4c5-c53340c3d1ba,TCGA,UCEC,6778c80e-bfa3-44e5-9fbe-633c189541de,266,5.58724865840025
0a9faff7-ec4d-4b5a-aa83-6fa358f72074,TCGA,UCEC,1df09830-865c-425f-86a3-23fcca99c443,540,6.293419278846481
0b2eb188-dd23-4dbf-91bb-02e3c81a69bc,TCGA,UCEC,f25bdb2c-c79c-49c5-a479-9967e0b08e6f,19,2.995732273553991
0b670df6-c487-4ed6-9b48-ef4b01a1aec3,TCGA,UCEC,838c9d7c-2deb-4df9-bd86-ee37f853a048,47,3.8712010109078907
0b672aa4-fc13-476f-b61e-5f2c3a615c23,TCGA,UCEC,0fa184de-42ca-4f6c-9952-641676adbeac,341,5.834810737062605
0c01c673-e396-47b2-9562-4144d7705ebf,TCGA,UCEC,80bd080d-39cc-4281-b563-3c6713d16786,35,3.58351893845611
0c1946a8-ee54-4b9b-8054-9a7bece74d33,TCGA,UCEC,1803a5d7-176a-44c9-8af6-4ee469b95782,36,3.6109179126442243
0cc9a11f-1ac4-431d-8f94-52a3bc02b572,TCGA,UCEC,23b7f71b-f70e-4203-82a9-492a4b1e527f,35,3.58351893845611
0ce940f2-9eb1-4757-8f8f-147a4f3a1e67,TCGA,UCEC,96b7a094-a45c-4fe4-981e-c419555e044e,49,3.912023005428146
0da7bbd4-ed8d-474b-b494-cb93c5fa811e,TCGA,UCEC,9b2eda58-2d5e-45b5-adb4-d351fa802d71,28,3.367295829986474
0e9c36fd-2d5d-48da-8364-f8c5edc3d873,TCGA,UCEC,1a906848-dccf-455e-b5e0-d03e07a55c56,970,6.878326468291325
0f064588-2d7e-439a-90a6-dfa17bb8af15,TCGA,UCEC,e9be90bf-6e1f-477c-9bae-9c679b410cd6,660,6.493753839851687
0f361166-2b7d-4ef5-9f8f-ee2488548a0b,TCGA,UCEC,27e219fc-50eb-4fdd-92ec-a8b8bb3c9596,40,3.713572066704308
0f36c3a2-0ba5-4c43-a3f0-78d125e5d0ac,TCGA,UCEC,7f3e9939-4a26-4d95-b38b-78f25f8d6a7a,55,4.02535169073515
0f59bb0a-135c-4793-b1a7-5ad5172ed82d,TCGA,UCEC,64e20e97-078e-4a7f-b625-5cc354af5059,68,4.23410650459726
10eb7dfa-d43d-479f-8c46-c0424207f958,TCGA,UCEC,7697ee62-da17-4aba-9869-31c26e0ed213,8465,9.04381342108087
119b1761-a5b4-42b6-9971-ece11fb0e0f6,TCGA,UCEC,9480d958-6cdc-4ff6-8d3b-f2c71cabb1a5,3368,8.122371243406553
1200c8b7-a058-4c01-bbe2-04ec09a65245,TCGA,UCEC,b31dc043-91ce-495d-ab98-6a1a2fbae086,455,6.1224928095143865
129a49d4-edb8-4a1d-aabb-51b9ad5a8dd1,TCGA,UCEC,43582afe-4c03-4569-bad5-822588d069a4,182,5.209486152841421
12d36a1d-9922-4311-bbda-71f32ac2c03b,TCGA,UCEC,60868046-5b03-475b-bfa9-bb7d059e86fe,577,6.359573868672378
12df24c6-1229-4777-ad90-7dd66259b65f,TCGA,UCEC,af8938a9-a456-48eb-bbfa-bb0ebf363912,562,6.333279628139691
139e2c5a-cc0c-43a2-b30e-b8ac17c0b5f2,TCGA,UCEC,7f578339-231a-4899-bf96-0f61bc0f8dcd,28,3.367295829986474
13f31bcb-befd-4ed2-adc0-dc9e9ce52b75,TCGA,UCEC,8b33876d-6de5-48bc-ad5e-8ee52bb3225f,31,3.4657359027997265
1486a031-b74d-4976-8b0b-4569e6978f49,TCGA,UCEC,bcd0db26-e01c-4926-a6d5-aab1dea7ba2c,0,0.0
14c03068-8930-472a-9fd1-49c9fd4db47d,TCGA,UCEC,75f9046b-ef2b-498e-ab47-89a5102a79d5,1371,7.22402480828583
14db56ef-ec5e-4775-a229-5d83e58e027c,TCGA,UCEC,885380e3-3640-4fad-a726-0110faa5a4a7,4899,8.496990484098719
16745dfb-8b28-4f5d-9ef1-2aa31ccb7293,TCGA,UCEC,58cd7547-0c28-483f-a010-1b096fd0f146,110,4.709530201312334
16ac4341-cf8f-45e2-b90b-2d12d5f74a59,TCGA,UCEC,e300abc0-0429-4a74-a2ad-5c2f180fda51,43,3.784189633918261
16bde24f-61b8-458d-aca3-df4806abbd1b,TCGA,UCEC,008b9e19-c1d3-4c9c-af36-791ec4cc27e8,4062,8.309676895987726
16e69011-c295-479f-b521-86e66fba498d,TCGA,UCEC,cd35fa3b-9783-4730-988d-14867f2cc6ba,31,3.4657359027997265
170bbbac-940f-4e1b-b0b8-60fa36d0fa23,TCGA,UCEC,dc3547dd-1987-4cf6-aaf2-83205c074cb1,477,6.169610732491456
1944e155-b765-48c3-9602-6787c105e551,TCGA,UCEC,6bcf8288-ed11-4999-adb3-6e5409c6cd50,732,6.597145701886651
19511f9e-7b0e-4a06-998d-c1837d37c6ec,TCGA,UCEC,6b2eea9b-8ac5-4201-8807-754f1f64f117,28,3.367295829986474
1a094c2b-9fba-4bb1-929d-bb2cdf874bee,TCGA,UCEC,5cce4005-527f-45b6-96e1-169fe447163a,25,3.258096538021482
1addcd66-79ab-4976-9679-37f0f31ba1df,TCGA,UCEC,133dccbc-f70a-46ab-b238-d340a3450b58,63,4.1588830833596715
1b35d083-f7c9-47d2-9a9e-718788f9e39a,TCGA,UCEC,5cd483fb-f853-4b9e-91c2-386046901544,5727,8.653121708640482
1b685c46-57b3-4052-b5b9-1f704809bf04,TCGA,UCEC,ca876e21-880f-4458-9381-e3621b05afea,10518,9.260938424739274
1c4d225e-e065-4e26-9413-78f54a7e0cf5,TCGA,UCEC,02a884a2-9aac-40ea-a953-4d4b6a367431,57,4.060443010546419
1c7b41fc-daa7-4a6e-b553-aff73e8ebac6,TCGA,UCEC,67a89025-3e6c-41d2-8b8f-611934c8a06d,6982,8.851233902846035
1d9c2113-ddcb-4440-89c3-cd21cee6d401,TCGA,UCEC,3e82a1ee-7097-4ec5-98b2-bdda15833106,50,3.9318256327243257
1dcf33e9-4c9b-4b2b-914e-15e6be5dcd07,TCGA,UCEC,0ea1e237-f917-4159-969b-68277ee71faa,717,6.576469569048224
1f9b1b71-8753-4cd5-a585-708bea8ff1fa,TCGA,UCEC,790e57ef-2776-4940-9078-76cd5ddd0d57,49,3.912023005428146
20dcf91a-0529-4e96-99a2-362a41fbe4a4,TCGA,UCEC,00fdfb77-4072-4b79-8b7c-8ed8c8fdc01e,93,4.543294782270004
214a09bb-ce52-4055-b036-065e8cb7ac7d,TCGA,UCEC,9067b981-71be-4bc7-a61a-f97ebaeb7e4c,560,6.329720905522696
21941181-8ed5-4211-867d-516ad09fbe06,TCGA,UCEC,3950ddd8-6154-4147-8165-5a8a0faa9214,41,3.7376696182833684
21faf1a4-f6d3-4cc6-a49a-04b8541ef598,TCGA,UCEC,4ebf234c-555e-42aa-8517-32dc6325e8b3,50,3.9318256327243257
22618073-4ef0-4c3a-97b9-90ba1caa1d72,TCGA,UCEC,e44623a3-7d8d-44a1-ac6b-a9e510b543b2,2332,7.75491027202143
22669a01-21d3-404c-ac19-cf0a6c03bb1d,TCGA,UCEC,736247bd-94fc-4af4-879b-a4aacb9bdafa,37,3.6375861597263857
233e947a-d5e2-48e5-a8ce-5da1abb20681,TCGA,UCEC,6e39b83b-c96e-4ae4-be17-04aac83cc698,313,5.749392985908253
23489245-48d7-4f19-8a42-e23b1181412b,TCGA,UCEC,4c56ed33-d885-4b03-9b1b-d6657cbbe006,348,5.855071922202427
24118b8f-59fe-482a-aed3-7b1bde1571b7,TCGA,UCEC,93388f5d-be9e-4c77-a70e-dd8d4049c773,35,3.58351893845611
24434832-46fc-485a-9ff4-2aa95c3d3936,TCGA,UCEC,a12e517a-4c18-47b3-b89e-9664fb636254,41,3.7376696182833684
25e7d9d6-7381-40e1-b7ed-1d8c936b7c5c,TCGA,UCEC,56d63fe7-b6b3-47aa-8a0f-583612fc11d3,40,3.713572066704308
2714af93-e200-4b4a-9df8-7d837b37489f,TCGA,UCEC,0a5a5910-9029-4a8d-b982-8977437544f1,813,6.70196036600254
282ddc43-922d-4f1f-80c7-6ba2de23b7bc,TCGA,UCEC,f64b76cc-53ab-456f-b74d-2829b3c96f7f,163,5.099866427824199
284174fd-1320-4617-9e99-75bd75df9bf3,TCGA,UCEC,63561d8d-7040-469f-9523-423119660a2b,42,3.7612001156935624
286c112d-7b73-40a1-b23c-99911388fdef,TCGA,UCEC,55622a43-ca12-4c0e-902d-ccb694247571,9210,9.128153700988236
29c8f468-5ac1-4d6c-8376-e36e6d246926,TCGA,UCEC,9f8dcc80-6387-4284-b036-8a5d185adfd6,19,2.995732273553991
2a19051e-3ad1-444a-9d02-f895c26ac02c,TCGA,UCEC,470fa1b7-24d0-404d-9f6f-7b393fc53dd2,690,6.53813982376767
2b60ef45-336c-42e0-aa3f-577069310d1f,TCGA,UCEC,278dc0d6-ad7c-4d5b-9910-0ce8829ee51d,561,6.331501849893691
2b76cc9c-c379-43e4-9c3f-56197a3353be,TCGA,UCEC,dfbb98da-16ce-4b60-8cee-5dc61d316ef1,71,4.276666119016055
2b85b84f-e680-4b5c-93ea-3c71567227e8,TCGA,UCEC,6522b7b8-3329-4fc4-8295-17918ca83c47,493,6.202535517187923
2b865f8c-539f-4cb2-8f08-41709e9511e5,TCGA,UCEC,63d0b3c6-f57d-4bbb-be7a-162afa1fc7a2,39,3.6888794541139363
2c3e95b5-2c63-43c7-baa2-47ef914b25a8,TCGA,UCEC,6e8bb8ab-9e64-46d8-b0e2-06c7690a17ac,139,4.941642422609304
2cf8de9f-b305-4d98-bfd4-33377bf6138f,TCGA,UCEC,36cce5e5-9547-4663-98cb-252f944ad430,34,3.5553480614894135
2d166dc0-8890-4b00-ab73-9e2dbb6c530d,TCGA,UCEC,ffc3ffb6-a61c-41bc-9cbe-bf05f8ae23eb,48,3.8918202981106265
2d750c67-24a2-4b12-b4f2-dbd65f2f27f0,TCGA,UCEC,84b90c6c-0e22-4a33-b468-09a0150b14d0,57,4.060443010546419
2db0fb62-64ce-457c-9e22-dd05ef59f684,TCGA,UCEC,839aa9f2-032f-4c6d-b615-bb4e5c15270f,1270,7.147559271189454
2e5cf721-90b1-4470-b430-f055a1297c7f,TCGA,UCEC,818c3df4-cee4-4aab-a58f-a41c5f0a778d,46,3.8501476017100584
2f0640bc-598c-4714-9e9b-7e0f2ca4567f,TCGA,UCEC,f6baa3ba-8c81-406f-bc1e-db56041ab8ac,39,3.6888794541139363
2f4458b6-3caf-4e33-890e-a04722badd1b,TCGA,UCEC,0b981f00-49dd-414e-abfc-85c2e781c798,632,6.450470422144176
2fe46394-cfc5-44bb-81a9-e438a0126f5b,TCGA,UCEC,9693a2ec-0690-4640-a721-c634234f080c,60,4.110873864173311
3052065a-b8b1-48d3-971d-9d605292249c,TCGA,UCEC,51e22ac3-2d1e-403d-84aa-fb1e731c7d22,40,3.713572066704308
30b62630-fc6d-4620-874a-1e15fd4f40ea,TCGA,UCEC,a6edc8d4-d997-4041-b60b-d38364016dea,83,4.430816798843313
30bc72d5-07b5-48d2-b025-bba9bcf2f09f,TCGA,UCEC,32db3df9-bdf5-4239-b249-d8ce5cf407c9,12066,9.3982297330736
32398808-c46a-41bf-a0a8-e08723b40ea2,TCGA,UCEC,6d869f87-054e-4201-9f00-f208fe4aac73,1432,7.267525427828172
32b5d0e4-a242-44d1-ac20-6e5ca2f35b71,TCGA,UCEC,b0da77b5-4462-4cae-8ddd-caf9c49ac5a6,33,3.5263605246161616
32e33897-29c8-48f2-b833-98f37204e0e7,TCGA,UCEC,1ebec9d2-5476-43a8-a50a-c937fb2d059d,430,6.066108090103747
3348a7aa-f5c3-4fba-9968-68da5cedfd7e,TCGA,UCEC,f285cf9d-48ba-464c-97c6-5f151871badd,509,6.234410725718371
33efe6c6-9159-48e8-b759-fba9ddbde761,TCGA,UCEC,85746b08-c66f-4cf0-843e-37c1fac5af68,955,6.862757913051401
3405c549-7da5-48ee-ba48-177a67bbcc5d,TCGA,UCEC,f86ac0c7-7472-4049-8de3-b370c140cc99,263,5.575949103146316
3424120f-248f-451a-948c-e320c19d1b19,TCGA,UCEC,0c87fddb-51d4-41af-a1fe-21ff44ea7850,137,4.927253685157205
37981e2c-4761-4f82-aaf2-4e6963a71603,TCGA,UCEC,17f377af-e2b8-4be8-97bf-697cbd183e71,53,3.9889840465642745
37bac6ba-be93-42cc-892b-efd0bdb850bd,TCGA,UCEC,51a407d3-94d0-45d1-978f-c44a6807c811,5140,8.545002892055505
38243a33-073a-479b-8cf6-c8847aeb5a48,TCGA,UCEC,2c6e578e-42ed-44bd-b3a6-5331af458c8d,65,4.189654742026425
3878f58e-76ba-4480-a784-88505bd464d0,TCGA,UCEC,e8dd8ea6-bc2e-4c86-949d-d333ca869501,47,3.8712010109078907
38a3ea92-8965-4bda-9dbd-144832975cdd,TCGA,UCEC,eb31841c-05d7-482f-9343-4eadd4d35e34,8194,9.01127949117793
38bf8476-fde7-423b-bbaa-15483207de39,TCGA,UCEC,c042fc6d-d98d-4fb5-9505-046e5c1a8537,868,6.767343125265392
38f9fe64-de79-498c-b3ca-1c83af0ed72a,TCGA,UCEC,56bd9b9c-fdcf-4dff-ac43-31e96a8166cb,41,3.7376696182833684
39609d3c-f5d3-4bc4-b356-1403c6dd1cb5,TCGA,UCEC,03ab2cbd-b97f-4d87-85bd-bb04895f7d10,42,3.7612001156935624
397b2672-d014-4b57-88dd-17e66ff8be4d,TCGA,UCEC,1a629b46-3e82-43dc-9f3b-6b3a5e85a314,3893,8.267192185932146
3a4a6aff-4720-41fc-a114-85f38610ebb1,TCGA,UCEC,9115e33c-381a-4c47-85c6-027fb7cc8e38,483,6.182084906716632
3abaa1b6-7513-40e0-b79c-b968e788e932,TCGA,UCEC,0f5ba673-02e5-45fd-99c8-6d84044e0e6d,40,3.713572066704308
3b218ab7-5c2e-4458-a0ac-5152ec3d2b94,TCGA,UCEC,36f5d83a-fbac-4023-b2b5-5120da1ae712,567,6.342121418721152
3b21b47e-a15c-4b10-9702-62a14afdfb8c,TCGA,UCEC,51c56282-5a22-40dd-b9af-716ead40a6e4,304,5.720311776607412
3bce9803-e74c-462e-bd40-8ec337a66f3a,TCGA,UCEC,6f7a12bd-2f4f-4db1-bc97-47fcbfbb04c1,37,3.6375861597263857
3c2a6e30-a507-49f6-8b1f-36eb3aa41e60,TCGA,UCEC,2ef3b0e3-6915-43ab-9ecb-00b5c35559d9,1147,7.045776576879511
3cb83517-78a4-47b8-8b1e-57e765dbdd2e,TCGA,UCEC,7ec91c0f-f31a-46c8-8abd-c2c0f94bf15a,40,3.713572066704308
3d215e20-9eea-47e0-849e-cff1fee5634d,TCGA,UCEC,b1562e38-2b12-4c15-adde-932e49a99a44,1375,7.226936018493289
3d9828ae-eb65-4d0a-8d7a-cc09e98b5e99,TCGA,UCEC,58689996-5ed5-4a1e-bc14-a377e06c9b14,1155,7.052721049232323
3dab68d3-232c-4b4f-81a4-ca8f72d69a43,TCGA,UCEC,2af89d20-384c-4ffa-ad04-8482698f9bf0,513,6.2422232654551655
3e240dc0-80b7-41ea-81b3-33ece2753c2b,TCGA,UCEC,8cf14814-2583-4932-9db2-24b8efa5ac25,43,3.784189633918261
3e41cf2f-3de9-44c1-a819-bce693baf67d,TCGA,UCEC,2b116c81-7db4-4f8e-83e3-082bc9cae487,35,3.58351893845611
3ea53b15-37f0-446e-a130-6bb2dee56865,TCGA,UCEC,cf36c586-d126-4cc3-8448-535887763d75,36,3.6109179126442243
3ede5dff-8cf5-43e8-bf4b-e8ad75bf68ee,TCGA,UCEC,7554f720-0fac-4c8c-999d-fc4887f0aa3a,88,4.48863636973214
3f305a1f-1020-4ebb-82ab-fd132bcaea02,TCGA,UCEC,80cadd85-b664-4033-a38f-d720a69af64f,35,3.58351893845611
40287cdc-19dd-4370-a6a0-f324960e1148,TCGA,UCEC,6110f928-4c13-4f8e-8103-099d9c1cc0c3,25,3.258096538021482
40a3ed98-3892-449c-b07e-7b7612bd997e,TCGA,UCEC,012adb3a-6b22-4476-96fd-b5470d062e4e,42,3.7612001156935624
40ce24c6-b331-4be2-baf9-2fa7dc855f9b,TCGA,UCEC,b02bf602-818e-438e-8e17-7a5ea56979a5,782,6.663132695990803
40f43483-b504-4ea7-ad24-40682b10caac,TCGA,UCEC,930b631f-62fd-475c-8d17-a68b54ce0ed5,37,3.6375861597263857
4125e3e5-51c0-4577-9935-10cd086fc415,TCGA,UCEC,a42bbbb1-c0f1-42d6-a83e-cc6824931d15,44,3.8066624897703196
41893e97-7e90-4b03-b738-260f288ade4c,TCGA,UCEC,543ada07-9298-4236-a478-4a4e3ae16248,47,3.8712010109078907
41dcafa0-b196-46dd-ab07-58cb747c9ebc,TCGA,UCEC,f7ee9897-2eb2-471b-b3d6-164db68c5bc2,702,6.555356891810665
41e14a71-95df-46d3-a357-a227a00029cf,TCGA,UCEC,f9a2c374-c405-46f3-a06c-45c64979f46e,32,3.4965075614664802
423da953-30aa-4f7e-96b5-1f6fd24f8874,TCGA,UCEC,dff92d1f-6738-413e-8741-b5b4d24ce869,70,4.2626798770413155
4284a85d-d9b6-40ee-aac4-c2c03554528e,TCGA,UCEC,b95e65b2-fe4c-4b29-80c0-2b9ff73f561d,48,3.8918202981106265
43476c88-86bc-4a65-9327-f0d24a41c971,TCGA,UCEC,36cd1c9b-ab47-4a09-96d6-848cd59c08dd,1775,7.4821189235521155
435b57e7-5cd4-486a-b3d4-ccb1ef160d52,TCGA,UCEC,2dcf1389-7965-4dca-90ce-106ad98815c0,10745,9.282288871288767
43714e9a-e9c4-4206-af92-1d00d2a8ae35,TCGA,UCEC,f4403f48-9b2e-426a-bb73-01b1b82dd039,624,6.437751649736401
43e08773-767e-4b81-94e4-8848565c23e9,TCGA,UCEC,51a4018a-28ce-4c6b-b090-c063f5cfcaca,618,6.428105272684596
43e228ae-c890-444f-afbd-49385562e33a,TCGA,UCEC,ae0682b4-0e4e-465c-affe-e8c5d8578c22,10932,9.299541017434485
4485cc98-5d58-4eb4-8325-7d1a617b6461,TCGA,UCEC,41750ef2-b91c-4360-9084-2f1657fd001b,712,6.569481420414296
44ac7093-a733-4c55-a964-0ba9ec141d2d,TCGA,UCEC,a5aeeec8-6763-47e8-af4d-24bde0c41b9f,35,3.58351893845611
4549bff6-6886-4102-a1de-02691b664c52,TCGA,UCEC,a4048829-815e-486b-abf1-89bd5a4ade4c,9717,9.181735114965848
4557d1fb-9786-4780-bd33-02e9da04b7e3,TCGA,UCEC,1f6ff88a-5562-4ff4-8546-af24ecaa21c4,205,5.327876168789581
45d58088-d3f4-4eb0-b75c-bcb98c0981dc,TCGA,UCEC,43d450e5-d2e2-49f8-9c19-52be8265571e,387,5.961005339623274
45effb44-0b5f-4081-a202-d85969c72f2b,TCGA,UCEC,6a1c451e-15ea-4815-9243-e821350c1204,43,3.784189633918261
46a1fdb9-548d-44d1-ab77-d51d44ac8198,TCGA,UCEC,584dea86-9739-4ea7-b4bc-316165ca7e17,35,3.58351893845611
46cd8ded-f8a1-4f8c-a4c2-2d5b51c04f18,TCGA,UCEC,d3b79200-e87b-4daf-b6b8-8f9ff5054501,59,4.0943445622221
46e064cc-933b-444b-9e15-80fadbc53487,TCGA,UCEC,c0b3d3d9-d4aa-44b4-9446-0bcde08a3592,98,4.59511985013459
4806d9a6-e65d-4a82-b422-1b287980a0c6,TCGA,UCEC,776eb2f6-e40b-4be5-8aba-645368199373,112,4.727387818712341
4846cb23-d7e7-47f4-972f-3abe229f7bdb,TCGA,UCEC,e10861af-fb4b-4b28-bca7-6269b5aa89b6,34,3.5553480614894135
48ab48a5-30e7-4f2e-8d0f-9bad7b8dc7db,TCGA,UCEC,288b1bc7-934f-4d34-a50c-6f3169d2ebf2,4209,8.345217926676428
490ae247-ee67-48d4-94ed-93df5b9bbefe,TCGA,UCEC,3c01bb65-f676-4252-a26d-c0de08a4be15,297,5.697093486505405
4abbd258-0f0c-4428-901d-625d47ad363a,TCGA,UCEC,f8238b74-a717-457f-8dde-31a9b98d2449,22911,10.039416069760373
4adc20d7-5af1-4126-9073-c7d7ae465d92,TCGA,UCEC,716aa458-bcf2-42c3-81b5-6f754f3c9152,27,3.332204510175204
4af65655-a3bd-4252-9b2f-2b2c4394f95c,TCGA,UCEC,015f5809-39a1-4937-8d2c-e47f1b1ab33f,25,3.258096538021482
4c2e6abf-02e1-4ef7-a0be-6a6d4069581d,TCGA,UCEC,b17237d9-5411-41d9-b99a-c16ba750bb87,9333,9.141418926509761
4cb4dd07-0ce5-4de7-a0bd-546183949efe,TCGA,UCEC,04def380-8826-462f-beb8-7462364f8d47,61,4.127134385045092
4d3af3af-24f4-415a-9677-20b0f366a102,TCGA,UCEC,e9cdf1d1-974f-4303-80aa-ae9d82724603,57,4.060443010546419
4db38349-28d2-4af5-a12f-3d861937b0e0,TCGA,UCEC,44f1cc7f-3674-41e5-ab57-27cecab9923b,10041,9.21453157659465
4db4d048-016a-4186-a519-bfbad237762f,TCGA,UCEC,edf99ef7-3f41-4ee0-9f03-584b103f6c53,186,5.231108616854587
4eb95566-0e73-4260-853e-f7df650667a0,TCGA,UCEC,bd180fa9-b163-46d3-b820-137fcc41f33d,54,4.007333185232471
4fd1cb59-6c50-4355-9d37-a341e1f4fad9,TCGA,UCEC,24092efb-85a1-4ddb-82e3-2f07c3229557,53,3.9889840465642745
503e6c30-1b62-4f85-bcb4-e34c009894ab,TCGA,UCEC,6a14529a-e2f4-41fd-a078-c958a1d41de2,48,3.8918202981106265
508bf716-46f9-44dc-8e39-09261dfb073e,TCGA,UCEC,0c60c631-4f13-4992-bfd1-893d6d17e9d6,11305,9.333088837235236
51bd85e2-2c60-4654-bfcb-83dccef8964b,TCGA,UCEC,220a61db-a613-42ef-8c4b-7c68bd310d36,214,5.3706380281276624
51de7e94-e2fa-420b-9aa2-3637d17fc6ea,TCGA,UCEC,ea33bd27-5c46-447b-9712-1d158f33689d,9068,9.112617283447568
525fb4fc-2167-4506-b4fa-fb896bf64cd0,TCGA,UCEC,1216b10b-c540-4812-b795-97e9fcdc9da0,32,3.4965075614664802
5262d82d-fc43-41f4-9b23-c9ac6f237ff0,TCGA,UCEC,94c9f176-bb31-484b-9640-9ef3f69830ff,33,3.5263605246161616
52fef8a9-6860-48bd-b992-a56ccad1243c,TCGA,UCEC,b74c1e20-bd50-4d6d-bca6-fd57b55c401e,32,3.4965075614664802
53245616-e095-4616-89bb-6062669122da,TCGA,UCEC,1e7ee089-e1b0-4ad2-85f0-12bce013fb07,6891,8.83811659764782
53707bb3-426a-43cb-830f-3eeed930295f,TCGA,UCEC,e83f0e0b-c68c-40d8-b345-d8c0b103f8db,8153,9.006263883379198
53e8e07e-18f9-4c9b-9783-a5b67ceddcf7,TCGA,UCEC,6fe5574a-ac35-4540-85ba-b84a01ea2b32,11569,9.356170820187723
5428c4b2-37c2-4f8c-a474-39fe1aacb26b,TCGA,UCEC,9057b36b-fcdc-49b4-a35d-2a1a7bc20d32,350,5.860786223465865
548ec160-4183-459f-8393-f4b4672a3251,TCGA,UCEC,c22ff76d-6e7b-4b87-b027-a187009ed573,30,3.4339872044851463
54ac877a-52ff-450c-9df9-b7cd3fc8e2e2,TCGA,UCEC,3827ece9-5c33-4dd8-8259-0ffad123547b,53,3.9889840465642745
553f0ccd-4e6f-4ae2-9b39-97529eb3d826,TCGA,UCEC,c20c99d3-9cda-4540-89e9-5504e688b406,28,3.367295829986474
5693302a-4548-4c0b-8725-0cb7c67bc4f8,TCGA,UCEC,4fee57c6-418d-41d5-8e64-65fb7db99ee3,36,3.6109179126442243
56bdb68c-a647-4aba-94ac-9cd52bb5344a,TCGA,UCEC,a9d63244-1b2a-4919-abce-5c5565f44e3a,543,6.298949246855942
585a1f31-3804-43ca-81e9-4e571fe03642,TCGA,UCEC,3ce2cc4f-eefa-4510-b7e5-95a173953755,7554,8.92996487470684
586d7b3f-67a8-4a22-862f-cf50de3c1598,TCGA,UCEC,c0720f55-e27a-48a7-b5ae-1cec7d572bf3,50,3.9318256327243257
59cebae6-632d-4632-b695-c48ae46b2e67,TCGA,UCEC,0c64c7c5-a5a5-42dc-982d-d950300456f0,1179,7.07326971745971
59e9029a-8ddd-4447-b35a-72bc39f82a30,TCGA,UCEC,aee8265a-2c6f-4aa0-a3c5-8d47b9c1c1cd,41,3.7376696182833684
5b6b9d0f-787c-4ae9-afd4-de7ce6c57a42,TCGA,UCEC,976807d4-b453-4ab2-b949-49953576c081,320,5.771441123130016
5c22c8d6-5805-455c-8e1c-e6b8006738e4,TCGA,UCEC,b352b255-08e9-4554-a26c-2854bb33f4fa,51,3.9512437185814275
5c3f826c-b447-457d-a90e-715bad3c7118,TCGA,UCEC,ccc9f22c-c239-414d-b380-37af1ebe3af2,31,3.4657359027997265
5cba9441-6812-49c0-a0f6-7928ed4e5b81,TCGA,UCEC,a8e5f8e4-804f-4c6f-8304-039be85dc5bb,333,5.8111409929767
5d2f1a0f-a01b-48c2-b749-1ca710aa2bb4,TCGA,UCEC,d6f4db56-36ba-43bb-bbe7-ffe7c00e9061,43,3.784189633918261
5dd28537-d24f-4a6d-a454-6f64cf37e16a,TCGA,UCEC,5faef308-1d59-4030-ac13-0c9624bdf588,1076,6.981934677156389
5dfdfcfc-72cc-4e33-aa3f-0d744eb94330,TCGA,UCEC,e43123cb-ed5e-4c97-b2f1-5334d7179365,17,2.8903717578961645
5e3b981e-73fe-4cc9-8c89-b420e8e2f426,TCGA,UCEC,8dbd433f-897e-46bb-9c9c-c51e958419d1,39,3.6888794541139363
5edaed6d-9914-4df2-a843-d6009c36cbcc,TCGA,UCEC,8d907ae2-745b-468f-930d-6edb528d5bc4,38,3.6635616461296463
5f2f2e7a-8aec-4011-b261-0c5bc68da840,TCGA,UCEC,971a6dfe-77ff-432a-a49c-afd6b2e54035,56,4.04305126783455
60c65e5e-57a4-4f15-8b95-30bd2dbd9010,TCGA,UCEC,5b00073b-7418-4a0a-b2bc-b722a93d7276,467,6.148468295917647
60e307dd-e11e-40ba-93c1-7e8a1f669f60,TCGA,UCEC,4405d6f1-41a2-4c39-aa97-dee5e635b666,53,3.9889840465642745
60fcf50a-8598-475d-8dd0-6b3044661233,TCGA,UCEC,c26da8f6-7d49-4212-af23-311e8459018e,52,3.970291913552122
615ea37d-6302-4d68-b253-d24efd947c3e,TCGA,UCEC,a4ba7324-7d1a-4ea1-bf50-176a7c31c4d8,307,5.730099782973575
6164588a-d03a-46fc-82fb-a32cbaa54cac,TCGA,UCEC,8719f8bc-d196-4f4e-b2c2-ed86ad5d8c46,36,3.6109179126442243
61935424-44d0-4211-81c1-c925e436eac5,TCGA,UCEC,89c87bca-9709-4aba-a287-2679cdd1aa80,8754,9.077380244719953
62ae3bb1-8102-4693-aee6-4d8d0d2bc515,TCGA,UCEC,7efbc3f3-81b4-4a1b-8965-ae4b613be353,362,5.8944028342648505
62d71839-4fba-42e9-9929-8d937f0fe287,TCGA,UCEC,0e7f304d-cf24-464f-abd9-f66bed371a54,373,5.924255797414532
62df1bd8-23a8-4e52-a483-6895b2f02494,TCGA,UCEC,c1b22d7c-1264-4716-97c5-414986f32d5e,44,3.8066624897703196
63170b0e-78cf-45d9-af9d-ce986ac66991,TCGA,UCEC,b9b8535e-c49d-4c98-b1b1-a324fd6d1c29,908,6.812345094177479
633e6994-3e8b-4c0b-9b79-06cf4ab6f9bc,TCGA,UCEC,87bad525-a805-4b25-86b8-960992a31ac6,258,5.556828061699537
6397c4a1-0a29-4c2c-b8cb-ce73af93dd0b,TCGA,UCEC,b5264033-883e-4078-9f13-61a2d2b4be82,377,5.934894195619588
6524a6d3-a9f0-4a46-ac0b-7beb0cd1b915,TCGA,UCEC,eae9e91c-b2a5-446f-864b-5b2809bfe20d,82,4.418840607796598
65ef7168-69c6-4910-a141-d7558d0027c9,TCGA,UCEC,db6fe56e-90c0-4b34-84c5-9f9080462037,372,5.921578419643816
6696cf88-3c43-482c-aabb-f1ea5cf565aa,TCGA,UCEC,b0f724c9-77ab-4dab-83a0-ba4b31a77165,232,5.4510384535657
66e305ca-8a16-44f0-b837-85e529b7ad55,TCGA,UCEC,74a75f43-f479-4be4-adb8-cc191647918d,43,3.784189633918261
672de064-3378-4004-a3ea-f79885e10d78,TCGA,UCEC,b1f6a72b-d0a5-43fe-aa27-fe6433ae0440,48,3.8918202981106265
67ccb182-3021-4621-bffb-6565574dbc58,TCGA,UCEC,3adbf413-ef11-4739-8c88-0ee60bf95488,63,4.1588830833596715
68181bc9-aa8b-44ec-8601-564b30ea0561,TCGA,UCEC,96ec3db9-ef14-4a19-86fa-87e09d8edaa1,26,3.295836866004329
69fc74bc-e961-40e2-9169-d7b51658eb10,TCGA,UCEC,482db1cf-72af-4f19-9418-2b93803064ba,214,5.3706380281276624
6b2e93b9-8271-4205-842e-0b7292b8115a,TCGA,UCEC,055993f0-ce43-4bfb-98f6-9e7780f74af6,74,4.31748811353631
6b35a816-f9c4-44d4-9824-5dee4804b80d,TCGA,UCEC,a40ceb60-272d-4352-aeee-35f60195e056,69,4.248495242049359
6c2232b2-80ce-4156-a0b4-ffa411b0963e,TCGA,UCEC,0768134c-c56a-4a9a-8cb8-053cdf23cf78,565,6.338594078203183
6c2a0f37-49cd-4fd0-b126-58b35f9121df,TCGA,UCEC,8cc6180f-0c8d-4431-880e-30f6e153bdc9,157,5.062595033026967
6c526c42-2fb2-4dfa-8a3d-5651dd600ac7,TCGA,UCEC,b0b603ca-c086-42b7-9f68-b4d4aedf201b,619,6.429719478039138
6d061ca9-ba7e-4b82-ab3c-34e33f244a54,TCGA,UCEC,71f57c82-6d52-4fea-8b60-83c5de746061,380,5.942799375126701
6d3fdb58-fdc0-4937-ad38-3a455225ea51,TCGA,UCEC,7c98e78d-8caa-40a2-868a-91edd62b005c,726,6.588926477533519
6f45a2e9-1ca5-438c-b06f-1cd8eb845465,TCGA,UCEC,85f772d7-a456-4b25-8fc6-1f8d41fa6ddc,44,3.8066624897703196
6f4f0cdd-8387-45d0-a9e8-efce6260159d,TCGA,UCEC,ba3ce71e-8daf-4e35-8f2c-8f42fc68e000,47,3.8712010109078907
6f661f0d-f08b-486e-8bd7-4306e1593eb9,TCGA,UCEC,0700c686-4a51-499f-9f0e-7fa21c402af4,760,6.634633357861686
6fa99ae9-1d72-455e-938e-0ec0d240f5a3,TCGA,UCEC,c4d76824-15ec-4251-9651-fb410a3bae8d,54,4.007333185232471
70b4b353-10d4-49d0-bcc1-855616d8c8cc,TCGA,UCEC,da768884-1481-4e4a-8f7b-9959caa48dac,764,6.639875833826536
70cdb758-26c9-4c11-a495-0c31cbc84949,TCGA,UCEC,e629f47a-d2d6-461c-a3f2-3e0ebea8e5c5,38,3.6635616461296463
7186180a-688a-4fcc-9a67-166eff032e4b,TCGA,UCEC,93b1eb60-c626-4e45-8038-bd0318636c92,52,3.970291913552122
71ed2681-79bb-4ffb-985c-6d3cf18e9168,TCGA,UCEC,0213ca2b-32dc-48db-97b7-9752de0973d0,41,3.7376696182833684
71ed7d6d-8c44-4d37-a04a-7a78df21e514,TCGA,UCEC,16fd2bcd-9255-4a6d-9f80-fb008e8f6bd3,20,3.044522437723423
71fed998-8fac-4e6b-b38a-22c83e05e958,TCGA,UCEC,488de90e-0b4f-45ba-bbd8-dd4cdc85fcc0,291,5.676753802268282
734ef97f-807c-480e-8df9-feaf041032d2,TCGA,UCEC,829d6d6f-2b91-42e8-812b-c8449ff88442,35,3.58351893845611
73a0dd38-115d-48fb-b683-04aa5d612f2a,TCGA,UCEC,7967dbc0-e448-410f-a081-bab066e7ea85,220,5.3981627015177525
73e5310d-ba8c-4cbc-aa4f-e06206f898f4,TCGA,UCEC,f52f58a1-4238-492d-8665-b768a75c3f11,518,6.251903883165888
7427f9e8-1140-45fd-9613-78b72b13a7ba,TCGA,UCEC,a2a7a6ef-485e-4162-bb85-2d228634d01d,6139,8.722580021141187
748e38b1-2ead-4a0a-8881-d640617b856b,TCGA,UCEC,546eed47-4512-4587-bc73-8aa38c57c45b,202,5.313205979041787
755d7ab7-4563-408a-9135-f852048af975,TCGA,UCEC,a8be11a5-313c-4813-89a2-0d43ee6c0491,39,3.6888794541139363
75783dbe-e18c-4535-b9eb-2affd320e098,TCGA,UCEC,4ba764f2-86e1-4e95-a1e3-d551571dbef7,88,4.48863636973214
75fb484d-cd12-4cf0-a99d-faf27aead118,TCGA,UCEC,bc7dbc6e-9025-4613-8426-46a5d30eb2c8,25,3.258096538021482
76f98002-e8df-4dfa-926e-8bb2d5114966,TCGA,UCEC,2c3be5c4-dd63-4ef3-954d-51a96adca251,806,6.693323668269949
77ed36ad-222f-4693-8668-0ecf9073d6e8,TCGA,UCEC,cfa728c6-53ca-48d5-ad78-8c382098e5f6,1168,7.063903961472068
787c3e2f-a708-4985-a5b1-b2383c7bfc52,TCGA,UCEC,df16dbe9-c4d3-43da-8fdf-72d337de987f,81,4.406719247264253
787d313f-9255-4b93-8ac2-0aa8febb7909,TCGA,UCEC,410a67f5-bd42-43c2-9fca-c97e445a73a1,598,6.395261598115449
7890628d-7120-4dbc-85ae-1f895b6660c2,TCGA,UCEC,c9af7aaf-3047-46cf-bef6-3cf29fd16b18,84,4.442651256490317
79ecc142-8f6e-4260-a7ce-c8e2a6212c35,TCGA,UCEC,75a67bf9-fe25-44d1-ac97-0aec7add88c6,46,3.8501476017100584
7a077812-f6ee-4820-a084-1a52c7ef062c,TCGA,UCEC,a6c06952-e5f2-4941-8fd2-aed3eb4e064f,25,3.258096538021482
7a2cf5ce-8317-4fff-946e-b9937afab815,TCGA,UCEC,d1c983f3-6af5-4757-83d2-646597816af6,755,6.628041376179533
7adaf608-19a5-4184-8b79-bbc6f9cf24ae,TCGA,UCEC,99dccec3-e188-496b-b520-fe67318f3325,40,3.713572066704308
7b7d2d2b-abe6-4f32-add0-3715096995d1,TCGA,UCEC,8afd5907-94d0-4472-abee-347d523aefcf,1187,7.080026499922591
7b9947d5-e86b-4006-8890-ea5209584a88,TCGA,UCEC,79c57b9f-3f2e-4af7-98dc-8d80863c2829,59,4.0943445622221
7d22ff96-9249-46b3-9cfa-e40dc4ecebd6,TCGA,UCEC,3f3d26f0-82ea-44dc-9863-0bc72a602901,78,4.3694478524670215
7dce4215-01f6-43e9-9378-9e22c26c23a2,TCGA,UCEC,4bacba95-0b9b-4ea5-a309-89abbb24070f,39,3.6888794541139363
7ddeddd1-b2ad-425f-94a2-9c476b959f2a,TCGA,UCEC,99d38aa0-a04f-4f83-a964-97ba4cd96edd,442,6.093569770045136
7e64ea6c-a3db-48eb-91be-131361510a92,TCGA,UCEC,db05f511-fde0-457c-8926-712b16af16b0,41,3.7376696182833684
7f4f3aed-69af-421e-817b-b258dcc0bac5,TCGA,UCEC,911e3f47-e196-4d78-9906-953a15ab8b9d,26,3.295836866004329
7f91a0c5-d639-48ea-b3f7-b6f385e047ed,TCGA,UCEC,efa4a790-a3b4-441d-a707-166832f149bc,280,5.638354669333745
80105773-372e-4552-a10b-5df188b15b16,TCGA,UCEC,51fadfb4-2449-47e8-8549-88daba140330,385,5.955837369464831
838fcc2b-48b4-49dd-b8fc-ff27bbd16b17,TCGA,UCEC,7b035b3c-a04d-444d-ac22-a7d92914696f,45,3.828641396489095
83f2cd11-0dd7-47a6-b4b3-8212faac94bb,TCGA,UCEC,da94ba2b-abc6-4331-93f5-3873c5360415,34,3.5553480614894135
840ff11f-f991-4e1b-861b-98d236d573d3,TCGA,UCEC,c007220b-f94e-4343-8981-097558841d62,106,4.672828834461906
8432401d-799f-4f2f-b536-e79e1e8be064,TCGA,UCEC,0202bf33-aacd-4898-9e5c-0b64662c11ac,29,3.4011973816621555
84b96f93-6273-4101-a259-9602000ae491,TCGA,UCEC,e6e0afa7-15e7-4770-9b4e-3cb98f0669f1,4327,8.372860820526318
8636db4d-a67b-4d8a-b02f-15fce553cf17,TCGA,UCEC,9731a12f-41c5-47a8-8f58-06211369d60a,417,6.035481432524756
8751429b-4a11-451e-b978-dc9e9db0eb36,TCGA,UCEC,24b87860-c7dd-4210-83df-8d7aa455f225,47,3.8712010109078907
87e44856-eb9a-475f-96b1-047b7f77b0da,TCGA,UCEC,05cf74ac-d1d7-4d24-bb0a-aefc10f1c828,60,4.110873864173311
884fd57d-bd8e-40e7-82f6-0ba1c71101a9,TCGA,UCEC,6d90e03d-1fa6-43fb-991a-957554e881c7,49,3.912023005428146
8a235d4d-5ee1-4d6b-839e-e71cadcd8c39,TCGA,UCEC,aa865cf8-d200-4a6f-a9d3-a4d212690207,309,5.736572297479192
8a67ed86-156f-4b45-b460-000fe33da26b,TCGA,UCEC,b673f262-9af9-494a-a1e9-1f18c8f96067,36,3.6109179126442243
8b19c8ac-68e6-4dc8-aec9-1556e62ca20f,TCGA,UCEC,fba7c9f1-32b8-4ff7-afe2-d6f398525104,38,3.6635616461296463
8b4cf993-1e16-4009-a37f-a629528b7d7e,TCGA,UCEC,6c5b31f5-7897-4198-a30b-c6486904c631,1157,7.05444965813294
8bb89c0f-0f04-485e-8e08-801042dfcba9,TCGA,UCEC,cdf8773f-962e-4622-8aad-d21ac9525c6a,46,3.8501476017100584
8bdd4e0e-5bec-43f2-b9fa-d6e94a72fe05,TCGA,UCEC,9f45fa50-bcac-4b3f-9bff-4cedb3f2403c,55,4.02535169073515
8bf0b156-6eb4-45e8-9cbb-0979efbea898,TCGA,UCEC,5144455a-370a-4859-b91d-cd52bfe21e55,132,4.890349128221754
8d9e4917-334b-4c76-aee1-1e22be772db0,TCGA,UCEC,2939a6f7-4961-49b9-8be4-0fc29737de19,190,5.25227342804663
8e225f5f-49c1-4a39-a8b5-41fea6a79819,TCGA,UCEC,ac404f6b-5332-4008-b1a8-08aeed6dc0f4,621,6.432940092739179
8e7792b3-2b6c-47ac-acbe-3da7462a8321,TCGA,UCEC,41260fdd-cbc7-4861-9340-daa35401b639,16,2.833213344056216
8e8f19bd-dbaa-4738-bad2-207f634cd63d,TCGA,UCEC,512bc3e0-c2de-4e0c-8f13-19705a0b845e,52,3.970291913552122
8f2d3495-8ce7-4f6e-a41d-8cfae5750937,TCGA,UCEC,ce98ff2c-4d45-4f54-8687-82fab98c7d88,597,6.393590753950631
8f508b78-cdc6-4a3d-b86e-520746d78653,TCGA,UCEC,c2473b6c-8c2e-42a0-8ba2-6920dc59963a,27,3.332204510175204
9002fc6c-26de-4b8f-8985-a4814cd3daf7,TCGA,UCEC,ffccb362-31b9-44a3-a1e7-250f9b296443,36,3.6109179126442243
916ccf0d-02ef-4ccb-824b-6b4294095a08,TCGA,UCEC,2bf36ab4-23ae-473d-bca3-af8b836e4fb8,34,3.5553480614894135
9205c164-7975-421a-90c3-edfe8def595c,TCGA,UCEC,2e52344d-43d7-419c-8973-aad2becddf79,200,5.303304908059076
92a2cae3-b8ee-4ebb-ac5c-01e58749448f,TCGA,UCEC,ec6420ca-6a1f-47c0-a9a3-8cf2328ee601,550,6.311734809152915
9370e189-8fb7-4bfa-8ef9-2220f3557188,TCGA,UCEC,cc782ff3-4d1c-4ba4-aee5-b2e8a3a8c004,251,5.529429087511423
93d6df4a-aea2-48c2-8b6a-4b3eca0bf26f,TCGA,UCEC,25d9526c-3838-40d3-80be-8c9af1b90190,79,4.382026634673881
944a102f-3475-45aa-9e30-4b92d1449f00,TCGA,UCEC,3797774e-655a-4cd4-b515-554225ef6a41,43,3.784189633918261
94817e78-78f5-4556-9394-610df65605e2,TCGA,UCEC,3d45aeec-4ee9-48f1-975d-eadcc70527d3,64,4.174387269895637
957ac10a-7365-47b1-bbed-47e5d42fbfdf,TCGA,UCEC,460396ea-c987-4d42-a371-ce35f61ac51f,18,2.9444389791664403
9583c10b-b21a-4863-98fa-61e735e64ea5,TCGA,UCEC,85d0e557-4b55-4259-b86a-a2bc97714e28,53,3.9889840465642745
95e6d327-9ab7-45de-9527-f5634b3995c3,TCGA,UCEC,d95765e2-ee4f-4c55-8d50-b5d47f7993f2,37,3.6375861597263857
95eefb47-3f96-4a6d-8773-4d22843f0a6a,TCGA,UCEC,36f15a0a-d691-403f-b283-f99c5610edd1,8921,9.09627541568821
972db411-9744-46f0-89c7-efe14135f1b4,TCGA,UCEC,17617bec-4a4e-4cfd-bb60-18ce8cbfe933,777,6.656726524178391
9731e0b3-c62d-43cb-8ae7-8f973d69ab19,TCGA,UCEC,a51fda0d-9b13-42b7-af05-f700d6fdca00,23,3.1780538303479458
976bb47a-d999-4e24-ad08-452fea73c846,TCGA,UCEC,b9ecbfab-5236-4e26-b1d8-034d01a99329,36,3.6109179126442243
9a599f57-0e8d-4e1f-a181-791f5fdeadb7,TCGA,UCEC,892c9108-50fa-4452-ba7d-79b68f6b3795,47,3.8712010109078907
9aa8c2b4-db32-4899-bf0c-d578cb175e90,TCGA,UCEC,6d61e67e-f195-4dbe-a7b8-718d3412e7e4,51,3.9512437185814275
9bc2f33f-3067-4000-bc8a-1c5bb671d101,TCGA,UCEC,f27fbe48-71ce-4e3a-8cb8-63bafb777c0e,53,3.9889840465642745
9becf65d-01f2-4e84-a256-106002e22526,TCGA,UCEC,a0590611-a974-49d5-9632-6027bfe30cc6,44,3.8066624897703196
9cde90c8-2be0-4328-a032-ff1dc19e66fd,TCGA,UCEC,4d3471b8-81ed-405f-a3f9-db0f07e68a76,92,4.532599493153256
9d84dff8-6c19-4881-93c6-56c98a3049b5,TCGA,UCEC,65d3ee9e-ec88-4335-bced-bf4d540729a3,1391,7.238496840894365
9da5ecd0-a287-4e67-84b6-af9077a98009,TCGA,UCEC,dd3d83d7-0c33-42ec-a5ba-d336befb3b09,358,5.883322388488279
9ee944ef-4293-4228-b750-cc34ab388eb3,TCGA,UCEC,dc071e22-94f6-4995-b7a0-763de3080856,96,4.574710978503383
a033fbea-7cd0-4e65-94c4-b54f2f80b895,TCGA,UCEC,e59541ad-47dd-4bb3-b909-7425f9bb6b50,73,4.304065093204169
a081da6f-51f3-4555-a6b8-736f8c6cda39,TCGA,UCEC,194e1801-f50a-4495-8838-fd72cf55bccb,25,3.258096538021482
a12df3d7-c560-4e7d-a482-1025a6e5b465,TCGA,UCEC,853ffff3-0940-46df-b800-991e81e01dcf,41,3.7376696182833684
a1780432-860e-4bff-9b66-a1e25c0076fe,TCGA,UCEC,27eba50c-00c6-4032-a0dd-703074cd6790,71,4.276666119016055
a1a0177d-e670-4f2f-a99d-6f668a2f9e8a,TCGA,UCEC,43f45ec9-5a89-4879-acfc-267cbece1094,301,5.71042701737487
a28beb70-d309-45b8-a2ba-40558f3c8f4f,TCGA,UCEC,029502e5-45b3-443e-afcb-c6d82100d258,37,3.6375861597263857
a2a2dbda-d10c-49c4-86a8-61baf6160cda,TCGA,UCEC,f76551b0-78fb-4ad6-8af0-54fab7dc3ae1,50,3.9318256327243257
a31554af-d77a-4862-8aed-4581fb2bd877,TCGA,UCEC,1c8b826f-508b-4da7-83ce-1c270064ae56,389,5.966146739123692
a3e728ce-0874-4f4b-a83d-8c679f4bd938,TCGA,UCEC,2467f137-263e-4656-94c3-5288acb4c3f4,647,6.473890696352274
a438dce7-6592-4ea6-a401-57f5a8fe8ba6,TCGA,UCEC,18406316-2354-4137-9ecb-c06fde9a26ae,549,6.309918278226516
a45a2343-f425-4e62-9049-7782733b6234,TCGA,UCEC,bd4caa14-bcfa-4522-b7ca-f60108c39729,47,3.8712010109078907
a587e62e-430e-4f1b-82b7-6fbe856fdaf1,TCGA,UCEC,6f001954-be85-4590-a3cb-51dd7f8ec664,34,3.5553480614894135
a59a79fd-433d-44dc-9601-4c63d599ab28,TCGA,UCEC,e8cb163d-4b97-467b-b4ce-49fb97bd7ad7,73,4.304065093204169
a633d316-59a4-45ae-8bf8-135cfbd27656,TCGA,UCEC,de9f26f0-0f2c-4f81-b801-034e5e657084,32,3.4965075614664802
a7329910-b1c7-4a18-b28e-8fad79121339,TCGA,UCEC,72667f45-58c1-446b-997e-0862d2cfe335,52,3.970291913552122
a766d113-bc3f-4448-a4e5-f391fb0c0e22,TCGA,UCEC,dd399f23-31d7-4a09-a67c-00d9bd37537d,555,6.320768294250582
a798a8cc-4e72-4a8c-9e20-74a14deafd12,TCGA,UCEC,166c481f-c460-4e5b-89fd-5478567d2e04,38,3.6635616461296463
a79a4e56-09bf-4691-b7e0-81a9c2620d0f,TCGA,UCEC,59590825-3598-4a23-9c01-02744ab2f7d9,253,5.537334267018537
a7c565fc-c711-4b63-9549-4cd74d1f57c2,TCGA,UCEC,c7e7304f-489e-4ed7-9654-0184807ced90,428,6.061456918928017
a7d07151-5fc8-4c2a-a1cd-e7c7a2a9a7a7,TCGA,UCEC,5ecae907-c96b-4df3-8b81-6bd3d2dde9c1,2388,7.77863014732581
a7fd6522-8953-461f-9e5f-fdeb7d180d46,TCGA,UCEC,80532326-212d-400f-9983-8eddb1270adb,63,4.1588830833596715
a8079ea5-c37b-4f77-aca0-b043bf420675,TCGA,UCEC,a120a218-1e35-4e69-8d6e-873fcd832a71,285,5.655991810819852
a8def1a0-a136-47f4-9ad9-60ebcf9b726b,TCGA,UCEC,f4377af6-fc83-4679-9fdd-fc0d51f00ecc,6948,8.846353043314327
a8f38e37-978b-4435-b676-e8d4c34da909,TCGA,UCEC,e89ee5b9-da98-4c5b-bfc2-6ea4d7af3499,48,3.8918202981106265
a93c47a9-65b5-4785-af4f-a2078db4514e,TCGA,UCEC,6a262f35-59f9-4048-8585-ed6d2e3902cf,408,6.013715156042802
a98bbe29-8817-4380-a738-3c1bf9f8e0cc,TCGA,UCEC,9cb859f0-c095-4351-b42d-d6afebbc85fe,44,3.8066624897703196
a9b6cd65-f042-4073-9000-4143a2c55373,TCGA,UCEC,d088d4f4-27e2-4877-ac73-64ace2c09b8c,47,3.8712010109078907
aa3ad7c0-37cf-4337-945e-cefeee801bbb,TCGA,UCEC,116d4443-5d96-49b7-9472-11228fe7aa8e,64,4.174387269895637
ab68cd1b-5075-4b30-a829-d6d0f95871cb,TCGA,UCEC,d0d06c1f-507a-4aeb-8610-22f95a7d9012,57,4.060443010546419
ab7adf74-6e87-4117-9742-54e323348e06,TCGA,UCEC,378ab0b2-25ac-4cf9-8bc5-d7e12f4cee11,59,4.0943445622221
abaf757b-f79f-40bd-96e3-e2c0f63061f0,TCGA,UCEC,480d9abd-bdb1-4d31-b89c-77df22106469,45,3.828641396489095
ac1d3946-fe6c-4bd8-b02c-638799cb0f67,TCGA,UCEC,f07e52e7-6369-4c20-be68-e1730df6ffd2,437,6.082218910376446
ac216bb5-15e4-4462-955e-8a522380690e,TCGA,UCEC,ac8e946f-0774-4798-876d-50300410a9c4,23,3.1780538303479458
ac9ec63a-c3b6-4d0c-b1a9-7c72dbad456c,TCGA,UCEC,308306fa-302f-4841-b45c-d37f718fd14a,8397,9.035748861244139
ad0806a5-df9e-48ea-bc8b-d4a3c9ea7ea0,TCGA,UCEC,e9447448-fa6c-45d8-94ad-88bc10c4f4d1,20,3.044522437723423
ad3d8420-f562-4cbe-ac82-c968bd4f782d,TCGA,UCEC,535cfaa1-bdb7-4a91-8c1a-9d2c6b775163,452,6.115892125483034
adc22472-e31d-419f-aeae-cb01b9423343,TCGA,UCEC,dc9fe26c-3247-4e22-9f73-f613c8c08dc3,40,3.713572066704308
ae8a4958-5407-4c01-93c3-8090862533ae,TCGA,UCEC,aca579b2-cee1-44ed-bc27-1c4bf76b2b7c,934,6.840546529288687
af363cec-bec9-4de3-8cc2-e98b0eed2858,TCGA,UCEC,018a1b3f-5d84-4860-a9e4-5a8cc51f148f,31,3.4657359027997265
af37d8f0-fea0-47f6-be0a-2fb55a5da5c4,TCGA,UCEC,5d2bab59-6d8a-4a3e-a1c6-8ee4ebd05a0b,42,3.7612001156935624
af852215-5a4b-44b4-8e8e-b887dcb3cf8c,TCGA,UCEC,25219945-1db1-4149-81b0-1721b0933f8c,38,3.6635616461296463
afa79b18-2ac6-4179-9c8c-5fa4d1d09a7e,TCGA,UCEC,99bd0dbe-2b02-4a98-8a6d-318099485006,152,5.030437921392435
afd710b8-d172-4ac4-9973-e969db1ed231,TCGA,UCEC,e57baab4-7363-4f92-bdc9-69f8aa3b6b68,70,4.2626798770413155
b045f24b-f822-4df9-9ffa-47308edcec8c,TCGA,UCEC,1a0a408c-097d-4c5d-a670-de4f103d0e97,7519,8.925321416943886
b19425ab-a82f-4c2a-bf58-d1bd30511d74,TCGA,UCEC,e396d595-7b64-4b0b-8a78-7d2effa0c20f,8028,8.990815266184685
b1b9173c-b370-4fe5-a263-c807e8a9709c,TCGA,UCEC,aceb1f0d-f9d8-4f61-9632-5f08c4d54c17,674,6.51471269087253
b2aa0220-6387-4eea-b6d4-a4fa0f15b2d9,TCGA,UCEC,2ef41b23-2b5f-48b3-be81-228db72e36e6,40,3.713572066704308
b3aa16d6-1677-445d-a8d3-46657d4f8b43,TCGA,UCEC,16c65722-8c8d-4db2-a8dc-c095b100b791,228,5.43372200355424
b3d635b3-d7ac-4cf8-a318-0a9dd0073e89,TCGA,UCEC,a280ca1d-5f06-4cb1-ba49-0401448c8691,559,6.327936783729195
b43de98d-4bb1-41a1-91f2-ce4e7ea4d0ca,TCGA,UCEC,c6afb021-07d7-4c24-b5ff-66dac67c4cfa,127,4.852030263919617
b4a520ae-f259-48c8-823e-c10b9b8a133a,TCGA,UCEC,93b1a0cd-7a39-4957-8689-9178af034d0c,35,3.58351893845611
b5c1e511-baf2-45b3-9919-110e8941e3c2,TCGA,UCEC,67c9b543-0617-4ad5-927a-8dd9ac9cce89,917,6.822197390620491
b60f22ac-a659-4f33-b01d-820e86a9a5c9,TCGA,UCEC,f22e6984-cb7b-4a43-9d6d-22e7f39ac938,114,4.74493212836325
b6819b52-6f01-4011-9bd3-a1a00397e0c9,TCGA,UCEC,e5f421c7-7497-463a-9313-5713ff357a46,49,3.912023005428146
b8588e0f-aad6-4ded-845e-3cff67a48d8f,TCGA,UCEC,489b4b55-f546-40a2-8fb8-c82a8830c1be,48,3.8918202981106265
b9ab4ab9-ba9c-4a01-9f61-55c82b924936,TCGA,UCEC,ed0b3556-ac32-4626-9c38-e9cbd1a24448,27,3.332204510175204
bad34c92-1e64-4187-a0b4-061105fd13ba,TCGA,UCEC,0f1fdad4-aebb-49e1-879e-9563124aaf5c,64,4.174387269895637
bc02493a-0296-4329-939a-bf91a4d0c16a,TCGA,UCEC,36a35fb9-b026-4f99-bdf6-dafb2db356af,15,2.772588722239781
bca1057a-1e96-404d-8a37-5a8dc1944ee7,TCGA,UCEC,fd45c913-8d5d-4466-a016-f6a358c480fa,46,3.8501476017100584
bd4284a7-260d-48b3-9b48-a1c578c30d27,TCGA,UCEC,4846aa7f-cde3-4f8b-a49b-8e55f50c479e,30,3.4339872044851463
bee58be0-c2b0-4cdc-adf6-b99243da586a,TCGA,UCEC,b8076a78-0865-4f0a-9dbc-f399d05e88cc,59,4.0943445622221
bf632368-8ce7-4b4b-8842-d1b1801e62ef,TCGA,UCEC,7eb76689-c181-48e9-b808-9ee1bbc287d4,6576,8.79133399330135
c0b684d1-b96c-4420-9285-172402b7b123,TCGA,UCEC,39fd0bf4-f024-4b55-b082-1aa4d410f33d,2884,7.9672801789422
c0db966b-1024-4ee3-899a-f12e3c71a42c,TCGA,UCEC,da5129bf-f38e-4f42-b65a-c04f44ee470c,822,6.71295620067707
c10b2885-70ea-4d32-bc48-8b85530df702,TCGA,UCEC,a473b400-8b5f-418d-94ca-f512f6ecac98,298,5.700443573390686
c1f1dc90-2c67-4862-9e5f-078b861ffc6e,TCGA,UCEC,369ce362-b208-44b3-814b-d400a0e79e7f,39,3.6888794541139363
c306d7e8-5486-41d3-84dd-9311ce3e2069,TCGA,UCEC,61a21867-3007-4b76-abcd-b76b0ce064d8,46,3.8501476017100584
c3096984-bd11-44a0-8ee0-47f07ad04d81,TCGA,UCEC,cb873a96-9fd9-4789-a3c8-3bae42b1f11c,1012,6.920671504248683
c350b53b-3c27-4b9e-8b57-d7b6a1205a1f,TCGA,UCEC,2f6d1ad9-3803-49d6-81c2-85936b439172,61,4.127134385045092
c4f8f33f-a07c-4dfb-be24-c52d577bd640,TCGA,UCEC,8425b435-be98-4be2-b17a-fe6ffc0bf690,20,3.044522437723423
c5a797d3-82ae-49dc-b2fe-0da64da271a2,TCGA,UCEC,90b8b75d-3d92-402a-b988-91d15987a5b9,388,5.963579343618446
c5df9142-27f6-4d97-933e-c79ea9199362,TCGA,UCEC,a324ddaf-cb0c-4740-a1c8-1e9be7aa8f95,60,4.110873864173311
c68dd983-b199-4f53-ac0c-b2d8dd6a7931,TCGA,UCEC,87c2fe83-9af7-44ac-a741-6fe21252f67b,207,5.337538079701318
c71e0986-56c0-45f4-be8d-2236e4418604,TCGA,UCEC,ede743e7-9204-4009-b7ed-39bf65e7d6a7,317,5.762051382780177
c7b3ac87-5260-4042-895a-279cd8cda620,TCGA,UCEC,46de382a-e356-4779-b4f4-8cdbfcdb5921,75,4.330733340286331
c856e031-bbd0-431f-b44f-b3ad9b39af7b,TCGA,UCEC,731abcbc-ff91-4373-bd98-c50d2463dc00,39,3.6888794541139363
c88e3901-f3ee-436a-ba80-143c8eab7d69,TCGA,UCEC,c28447fa-0597-44fb-ad65-98d18b4e9752,39,3.6888794541139363
c8d672ed-9910-4f80-b222-38c833f55850,TCGA,UCEC,07b216fc-5bda-477d-b87a-480e6696c1a4,52,3.970291913552122
c9ebaeff-6a27-4a6c-a34c-5337a3508a52,TCGA,UCEC,7bd8f114-2a23-4172-9fd2-cbc6eb2100b4,38,3.6635616461296463
ca594f56-9c68-4b7e-84b2-669f1004e3a4,TCGA,UCEC,28bc1cc1-a7a8-4319-976f-1fe1f11c200d,1682,7.428333194190806
ca7f9d8b-2abc-4606-bf95-4c42791b38bd,TCGA,UCEC,376177a5-378a-4493-9333-a7f0501e92ff,326,5.7899601708972535
ca858743-1f06-40e3-accf-395d08375b63,TCGA,UCEC,08d03b7e-9228-4d72-919f-bafceb272dcc,51,3.9512437185814275
ca8dbbfd-8928-4e25-94c6-b875de631bbd,TCGA,UCEC,95b1d498-e9ef-4761-9ab0-1ffd1cb0e4a5,5366,8.588024372176829
caebdce0-f954-471a-ac63-5daaa2e76d97,TCGA,UCEC,7a3c0990-5edb-4d94-8c80-aa73fab72146,716,6.57507584059962
cbe0bd4a-02b7-43e7-b08e-2b0f13560eaf,TCGA,UCEC,18197a3b-1fd6-46e9-8a6f-d7f20f32a211,171,5.147494476813453
cc058b8c-df40-4f9e-88e3-3d1131b22b41,TCGA,UCEC,04da4c80-b9eb-4b0a-af1a-73cf66adfe53,28,3.367295829986474
cc141997-edab-4aae-a056-0c079eaa7362,TCGA,UCEC,5b59e5ea-3419-4a2e-97e7-9b2938290aa9,50,3.9318256327243257
cca5717d-226d-4390-a99b-c7aed6d9d70e,TCGA,UCEC,c970cda2-09e2-4873-9a98-7c8251dfa43f,390,5.968707559985366
ce73d0aa-bb3d-4aa3-8ed3-e9912cf25d38,TCGA,UCEC,cf566333-ed76-49ad-a6f9-541e5142b4cb,40,3.713572066704308
cf77afe9-3785-45d4-ba2a-61c9cb706225,TCGA,UCEC,432921ad-7886-41bb-8c00-903586d6ed3e,7188,8.880307358983872
cfd096ac-4d0f-4b89-8822-00656bc7f516,TCGA,UCEC,a2701df8-1271-4931-ad39-52e709097c66,43,3.784189633918261
d129ebb4-db21-4342-8d9b-318a67aefa56,TCGA,UCEC,f6a98dff-c854-488f-9240-ed1201d6954f,519,6.253828811575473
d17668c4-5d66-4e16-8b70-b54616581aae,TCGA,UCEC,ee5fdd58-35f5-46df-8de2-a677755b701a,42,3.7612001156935624
d1c65e6a-098e-4c10-9183-c303ba66015a,TCGA,UCEC,4918a50a-2116-4a81-a8c1-1beccd4c32f0,38,3.6635616461296463
d213da3a-ff1c-4fbd-8d4e-7f9e6a2318d0,TCGA,UCEC,492b6852-4a9f-41e5-a9e8-6b65ff698125,524,6.263398262591624
d2aa7d70-a25f-4a9e-9d52-37e372461824,TCGA,UCEC,91a25d12-51b4-44a3-85f6-2a1f8884f7a9,500,6.2166061010848646
d383008a-a1bf-4689-b243-3c464c79b818,TCGA,UCEC,ccee4409-a1fd-40f1-a391-bb15cfd3d1a3,3649,8.202482446576537
d39df936-4bc6-404d-9e1d-f6416cc5a34c,TCGA,UCEC,b7a31f2e-93f5-48c8-ab4d-9314063b6320,82,4.418840607796598
d3c83c5e-acb1-4cb0-8f56-96341822582f,TCGA,UCEC,495b92a6-28e7-4be1-a811-2ce06eec41ac,50,3.9318256327243257
d3e93d76-6565-454a-a085-4492024350e9,TCGA,UCEC,fec6468a-7810-4381-a1ff-e79898f9d9a1,209,5.3471075307174685
d438c58e-f038-47a3-8e62-485a5aca9695,TCGA,UCEC,a83a3048-3078-4015-a0c2-75bbe3c92b73,3928,8.27614021955846
d46d5af5-62ae-43eb-a885-4c078e0c956e,TCGA,UCEC,0ef4e1cb-49ba-4630-944c-9df014851d0b,37,3.6375861597263857
d5ee39e8-a1d2-4244-9c38-07d7c5c1baba,TCGA,UCEC,1b14874c-3b1c-46a0-b1e0-ebb89edbea4c,55,4.02535169073515
d5f2bae1-7cd1-49bf-ae41-12d2aa44408e,TCGA,UCEC,d7191100-1f7b-4e14-876e-d5ff5faef28d,56,4.04305126783455
d6562acf-6d82-4f08-a779-82cdc5df16f9,TCGA,UCEC,7474b490-369b-42e5-8a14-d56e58737328,59,4.0943445622221
d70b3c6e-04da-4abc-a832-a461e4cfcc94,TCGA,UCEC,bc0e646c-8a1f-4ec1-b862-a4938ae028fe,25,3.258096538021482
d7258a64-3ea0-40fc-b3f4-b581a1725fff,TCGA,UCEC,49fcb815-8474-4131-b69d-de7e3b649347,42,3.7612001156935624
d74bc72e-8103-4aed-8958-5f40953d48eb,TCGA,UCEC,870cbbf0-99c0-45f6-bc3c-21f7bbef2750,26,3.295836866004329
d77e4dbc-b239-4742-8cb7-efd427010d13,TCGA,UCEC,58b8f8e3-0723-4791-83ea-2a3ce176392a,1059,6.966024187106113
d79e692c-5053-4484-a180-01a094c5ff45,TCGA,UCEC,202172c7-6d00-44b4-b79d-26a11ec999d7,119,4.787491742782046
d8e57746-37a1-482a-a3d3-a11bd00cdc11,TCGA,UCEC,20775639-ad42-4dbb-a3db-df0d7e957a9a,65,4.189654742026425
d9f4a2c1-ac6d-48c6-95fe-ffbc2fa08268,TCGA,UCEC,8fe816e4-57fc-4aac-a726-f0172f72d206,146,4.990432586778736
da0474b3-48ab-4398-ae4b-f15e27e99b2d,TCGA,UCEC,1c06b6f2-b896-4d21-a472-af5d49af13e5,45,3.828641396489095
db21fccf-40cb-4235-a34d-336a03b8c8f4,TCGA,UCEC,722532a3-2bd5-41ef-8aef-eb6a50417202,44,3.8066624897703196
db3a4986-55d5-4ecc-be73-59725dce3c33,TCGA,UCEC,de139e60-071e-446e-9c91-b261de80753a,2261,7.724004656676065
dbbbddae-d711-40f5-bd10-863735885b1f,TCGA,UCEC,0ff3ee0b-9f8f-44eb-8154-7de07b173752,114,4.74493212836325
dcf1beb9-bce4-4f4c-98dd-1226d8e0c125,TCGA,UCEC,3695b672-88b1-4d1c-8444-4cd8b7110d3c,1017,6.925595197110468
dcfbe781-a92a-45b5-b80a-e3bb3bdc0d9a,TCGA,UCEC,425f1dad-7cdb-48a7-967c-60a6e16cb49e,11851,9.380251908693456
dcff8659-ecca-4798-80a3-dd6e7642ba2b,TCGA,UCEC,0e083e46-b0ea-431e-aaff-bee4aabf2e28,507,6.230481447578482
de4e13c8-5ad0-46d2-ae54-b9ca22b939d8,TCGA,UCEC,7fd3b303-e5f9-4c3a-a433-e56d96d30340,37,3.6375861597263857
de5abe44-6d9d-4797-a57a-5adfd71383f0,TCGA,UCEC,b6d676df-c302-4b33-bb9f-dbb84cd1ea71,53,3.9889840465642745
ded408ee-053a-43ed-9bcf-1d15cd203051,TCGA,UCEC,9a90d014-a5f9-4b32-89f2-0cff8955b5c2,54,4.007333185232471
dee43082-4aa7-4650-981c-a779e9fe7b55,TCGA,UCEC,5efc4deb-5c88-41fa-b891-8ef90686eeb0,956,6.863803391452954
df01a5ee-e8b5-40b0-8a6a-b6b3faed9df9,TCGA,UCEC,38d7b412-8f4e-4704-968b-73ef703a3820,39,3.6888794541139363
df15901c-2508-42c9-bf06-026efd89e51f,TCGA,UCEC,dbd982da-1cca-4e4f-a93e-bfa70599c174,1393,7.2399325913204695
df27b584-fa45-4a8f-bd12-a018cc63dca1,TCGA,UCEC,933d6313-4ee6-4b4a-b2cc-fa7bc09a5e8a,61,4.127134385045092
df857bc6-fd6a-4713-bef9-6ee1301e5fb1,TCGA,UCEC,748d09fe-78d1-41d9-9ce5-4008eafe071f,79,4.382026634673881
dffc7091-bc27-452c-ad94-1ee214107593,TCGA,UCEC,9b47a2b1-12d7-4586-8af9-05a4b66f4c3a,13,2.639057329615259
e00f6dc5-bc8b-472d-bac3-c7823364f01e,TCGA,UCEC,c9f19443-ec65-4da0-9354-043edf411345,46,3.8501476017100584
e055db71-f3da-43d3-a9b2-2f65dfb23d3e,TCGA,UCEC,4d8be2c5-34f6-44df-b88c-48482429e63e,56,4.04305126783455
e095a927-d985-4fbd-8093-46c1c6ace4de,TCGA,UCEC,ee630eaa-fb0b-4106-b4e8-b958a3fb488e,43,3.784189633918261
e0d13e2d-cf48-4b66-bfc2-88f872f67d79,TCGA,UCEC,71d47836-afbd-48b4-b8aa-04e6e5f7e64b,64,4.174387269895637
e1e8dc66-467c-48a5-be56-3db4f665b9f1,TCGA,UCEC,05245c53-770e-423f-a634-22dc11d83647,92,4.532599493153256
e297551c-a662-4677-b00d-0d9be232adca,TCGA,UCEC,4c144f6f-6ed6-4ab7-96f8-08b64d457393,23,3.1780538303479458
e2b1d0de-5221-44a1-8fad-9708a3cada14,TCGA,UCEC,7d2248cf-c091-47a2-bbd9-6f998d68643c,34,3.5553480614894135
e2b48d0d-57ca-400b-8598-55ef132e350e,TCGA,UCEC,7f34f8e8-d51c-4f96-87bf-4f4175f92ccc,480,6.175867270105761
e31db89c-15ac-45a4-9788-afb339b0f3bc,TCGA,UCEC,e9df50e8-0d12-4f00-8756-cb7b7c872371,50,3.9318256327243257
e3dcde4e-5def-4b89-97b4-047b8288919b,TCGA,UCEC,b9dde015-6abc-49fc-a0d4-1a74e474dce6,1584,7.368339686311381
e3e39474-c2b0-45af-bbe1-4c24f17cc284,TCGA,UCEC,3a273dc4-0ecc-44e2-abc1-092434553703,27,3.332204510175204
e3f515f8-a940-40d1-86b0-baed0f410f2c,TCGA,UCEC,d5a7de40-84b2-4e9f-b2bd-aad844166042,285,5.655991810819852
e4510c66-a60b-4b09-a4e8-74ec5b26a3a5,TCGA,UCEC,cc475d0d-71c4-49b0-997c-996b3b5d6336,156,5.056245805348308
e46b6434-ee88-4630-9fc3-441afc431745,TCGA,UCEC,3a9558dc-27cf-4175-8d1b-9602cedec494,53,3.9889840465642745
e4787c7b-40e7-483c-98c0-38da03e26b56,TCGA,UCEC,2c4103ff-0d38-482c-89a9-5672597b8f7e,38,3.6635616461296463
e49f545f-3268-4d25-b7a3-4da8e6ab2578,TCGA,UCEC,795498d5-e997-4108-bff8-3ca5a7e292e8,676,6.517671272912275
e4bccea0-0104-40c4-9e3c-2ad7262d918e,TCGA,UCEC,db12b38b-058c-4db9-8cf8-9f0c542d83ec,4,1.6094379124341003
e55dd65a-c75e-4a3c-bb24-8b3af4d65321,TCGA,UCEC,320ccf7c-fc94-4743-b0da-fa7a55b3fc17,266,5.58724865840025
e56491af-718f-4ca1-b3cd-0e5b3154697b,TCGA,UCEC,4f516ea7-273c-4801-a762-746b782ed8d5,75,4.330733340286331
e56c6abc-b36c-4667-a347-0a541ce4791d,TCGA,UCEC,f1702a78-0005-4321-baea-722b636d4e3a,26,3.295836866004329
e5d64754-15e8-494e-b7f7-25cf2819fe4c,TCGA,UCEC,a99ca04d-76a4-4a8b-b81d-ca6e094a7c4d,23,3.1780538303479458
e5d74e47-b63f-410a-8b7a-c9aacc9aa337,TCGA,UCEC,768d4c9f-4a64-4d7c-8915-44f91c0fc136,388,5.963579343618446
e604f5d4-f2c0-4404-9073-b8dbc8396778,TCGA,UCEC,66f227f9-1d1f-4fcf-9b86-65a23d2fff82,31,3.4657359027997265
e6183a43-24b9-4fe1-95c3-4cff67e6c1ed,TCGA,UCEC,fecc959f-be01-42d0-8df6-6e3c37a0f1da,42,3.7612001156935624
e70465f6-1922-4eb7-b646-8b01ad3ce77b,TCGA,UCEC,253fd4e3-fd0b-495c-9d24-2739a01f9437,51,3.9512437185814275
e71b3ce1-41e0-4cfc-9570-367b8c2124c1,TCGA,UCEC,46dbaeef-84ed-4d47-be23-955ced06ddff,570,6.3473892096560105
e7e667be-9b31-4870-9c38-740098f37213,TCGA,UCEC,55b76058-0ffc-46b8-8509-1bbcb856dce2,1013,6.921658184151129
e8909bdf-460c-4291-8e9b-7be12f343eae,TCGA,UCEC,0a8e9ed2-46f3-4927-a7e6-f27b89ddce02,966,6.874198495453294
e8c7195b-a26b-4d98-b1c5-0aa18385e9c8,TCGA,UCEC,bc68297e-d0fa-4d5f-8ad9-c1a376c4db64,400,5.993961427306569
e9fa66f5-282c-416a-9dcf-46714ea12fcf,TCGA,UCEC,70b65122-39f3-495f-8a25-a838cf4f5022,53,3.9889840465642745
ea1c693d-490d-4816-b6e3-d12946ad7cc1,TCGA,UCEC,559b57a6-900a-4fe5-a4f4-6da7d458f774,28,3.367295829986474
ea95897e-3fe0-4c79-b170-88b0f229794c,TCGA,UCEC,d6fb11f9-3353-4a58-97d6-bf1f6bfd0a5c,58,4.07753744390572
eb642568-30d4-4805-a295-bda314ccaaaf,TCGA,UCEC,8d1d03a3-7623-422b-99c0-2fba5370a676,41,3.7376696182833684
ebc25a41-becb-4395-ae33-483a304b07d8,TCGA,UCEC,53a028f2-d844-4150-b19c-7a8d91e1eaef,29,3.4011973816621555
ec2040a3-788b-4f2c-a093-c5c4b3dc4b6c,TCGA,UCEC,05c20e87-bd95-425e-a951-45356817270b,10774,9.28498391497195
ec7a9d74-8b3f-4747-8926-1739a016ab2b,TCGA,UCEC,5a241c31-bc4f-45ca-b30a-a6215d65ef20,4603,8.434680769841773
edee2bf5-284c-4d77-823a-d037fe4c4b9e,TCGA,UCEC,008d6fe7-2139-4fe2-b508-eb4217d77ba5,302,5.713732805509369
ee932b34-0114-41dc-b119-210c0ed84bcb,TCGA,UCEC,c2ababe2-09d7-4ded-98d3-875314ad3937,22,3.1354942159291497
eeb327b4-b705-4161-ba94-647f0e14f5b4,TCGA,UCEC,574b9b6d-2ad6-407f-82f1-d5c651a8ceb9,38,3.6635616461296463
efa4c675-e35e-4f48-8d12-a40f30b63ddb,TCGA,UCEC,baa9f0ed-615b-44db-ae94-7b4ea046bbf5,55,4.02535169073515
efae3940-d3cc-4988-bdb4-fa05d977aff5,TCGA,UCEC,3e2e6f5a-e6ad-48fa-9e89-13c799919227,276,5.6240175061873385
f04befed-6c81-4676-8715-b8c6a33cb9d1,TCGA,UCEC,78bcac75-2f81-4b41-8e01-f0e1ae99fcc2,534,6.282266746896006
f054a123-322f-444a-9971-53d3df371753,TCGA,UCEC,faab8d8a-72c9-406f-a278-227885d7089a,46,3.8501476017100584
f17bb238-2651-48a5-9a47-5077218efe08,TCGA,UCEC,f0b0e146-8ddb-43cc-9e42-8ddf8cfa3a11,581,6.366470447731438
f17e446a-c145-45be-8335-a856acb0b9b8,TCGA,UCEC,ba365878-b516-452b-ac90-954dae44e95e,6782,8.82217476094608
f299ad43-bb16-46ce-9617-48cc6c6f29e7,TCGA,UCEC,cd2cc523-9555-41f0-a58b-cf1da103cf93,44,3.8066624897703196
f384eb3f-92ab-4327-87eb-45b5f72a1580,TCGA,UCEC,92ad811e-80b4-40bb-8358-4262aacd357c,46,3.8501476017100584
f42868c0-ff59-438b-90a7-489aea678de9,TCGA,UCEC,167b32bb-4c1e-4363-ad2a-1881ba149c85,534,6.282266746896006
f47df5f9-7c60-4b1a-b574-7036245af341,TCGA,UCEC,c2673d73-b29f-490c-bb6c-05aa203dc5f7,26,3.295836866004329
f4a7f2ff-be76-48d3-9f59-9223db33680e,TCGA,UCEC,a1f34662-4552-4f15-a007-ccdce75e0a2d,33,3.5263605246161616
f5261330-596e-4632-a5a3-8d3a2aa5de38,TCGA,UCEC,8dd45cca-8c2d-4246-a93e-758efda32df2,25,3.258096538021482
f5bd3902-ff7f-4233-8f74-beef3676af9a,TCGA,UCEC,1f9b024f-a5ee-43a1-8b6f-05006998f410,61,4.127134385045092
f6d136c7-c250-4361-9fed-50f513959a40,TCGA,UCEC,7bcbc9de-efa3-46f9-a593-90f48e41ab1a,44,3.8066624897703196
f7010b87-a559-4501-99f9-0fcca1e986e1,TCGA,UCEC,53f894dc-239b-47f9-9211-055d867791c8,29,3.4011973816621555
f70a64a8-3faa-468a-a6f3-4815eb01e5a3,TCGA,UCEC,728a77b2-526a-44b1-a6e7-c53e0da7f966,53,3.9889840465642745
f7165dea-c528-44f3-954f-e111a3d77b4e,TCGA,UCEC,8864f0ac-503c-4c40-a61d-afa7f8ef5885,423,6.049733455231958
f74da4c6-4291-46d2-abd4-7d7f6ef03b00,TCGA,UCEC,4cd23b13-2ee6-4624-bdfc-faf4a11b1b4a,645,6.470799503782602
f7527b5e-5330-49ea-82ce-f6f2cdccbadc,TCGA,UCEC,ebd2a9dc-6d77-4adf-b29b-0286f1e2d0b4,594,6.38856140554563
f77d7256-2ccf-42a7-9b30-332ac24ca812,TCGA,UCEC,18824f6b-9912-47a2-a5d5-56f4a311085e,7587,8.934323331054905
f7e06a10-74ca-4f52-a944-b3f22c016998,TCGA,UCEC,65d3f520-7946-4894-a27b-dda3bebd9993,31,3.4657359027997265
f85bc60b-ab07-4b24-820b-6860b198e910,TCGA,UCEC,e5b47d0e-67f3-4545-b61c-b3ecd5745ab5,38,3.6635616461296463
f8ac5fd2-11f2-4b3a-a3a6-ff1a6d8e1cae,TCGA,UCEC,2ae31b56-ac30-4089-8ac8-07b7edb6a9d3,46,3.8501476017100584
f9cf4125-0db3-4b66-b51b-bc2f0240c9ef,TCGA,UCEC,caefe24a-e5af-4871-9b3b-345eb450c629,39,3.6888794541139363
fb7475df-30cc-4316-b9ac-37cbeeb6ba2b,TCGA,UCEC,75e9bab2-744d-4f35-b2b5-9d6671e7d072,400,5.993961427306569
fba80122-d8b2-4d8d-a032-9767e8160f9f,TCGA,UCEC,51fb01d2-6045-4979-ba55-45382e5055b3,30,3.4339872044851463
fbfed398-2a44-44a9-83cf-657c29cb7d28,TCGA,UCEC,a803ec34-fc49-48de-9026-1472c587c3d6,52,3.970291913552122
fc7315b0-9f48-4206-b197-2268c0518eb4,TCGA,UCEC,cb61f086-02bc-43ba-b827-a7bf6657cbfb,736,6.602587892189336
fd370e9d-2719-45e0-b8f1-048ed1ee602f,TCGA,UCEC,07e1c727-6efd-4557-874c-9ba0477b5011,25,3.258096538021482
fdb395e7-ff30-400d-861e-0cf2462ee390,TCGA,UCEC,1e0fdc07-e679-4826-a2bf-d7a59bb8ec24,34,3.5553480614894135
fe4db898-3a9f-4dff-adcb-7b8c30137350,TCGA,UCEC,c3fd326d-796e-4229-aec4-60a8edceabac,24,3.2188758248682006
fe5f4822-37a3-4f9e-8d33-8b9f36bf6895,TCGA,UCEC,96bad9a6-d746-4528-b093-3f49bf7087d8,62,4.143134726391533
fe79ebe1-cd0a-4ce2-a86d-637c28354ed9,TCGA,UCEC,1d593b34-eba1-4e6e-b9b4-8222a7c9841e,467,6.148468295917647
feb3e930-3638-44b4-ac0f-a5dcb01fed76,TCGA,UCEC,2a1a7041-b86b-42f7-92cb-b1a602b8e4dd,46,3.8501476017100584
ff6b5fc8-0572-4b58-b3a5-bcda41badbc8,TCGA,UCEC,612e462d-1259-4c06-a2f5-27f4477c7a17,107,4.68213122712422
ff82548a-f1bb-4daa-a8f7-b3831b5843ad,TCGA,UCEC,e0fbdf8f-cca4-45bf-b4bd-85d728668580,1453,7.282073658093465
ffaa98a0-2b69-46dc-aee5-c5c3f2abbc38,TCGA,UCEC,113835b6-f02c-4ee6-ae1e-ca7f4b47f3b1,29,3.4011973816621555
0078b0c4-68a9-483b-9aab-61156d263213,TCGA,GBM,7f21d9fd-fd8a-44ec-b01f-93ded2b6babf,80,4.394449154672439
0164acd3-34db-4d35-b96c-936daad0ff22,TCGA,GBM,0e274ebf-c78b-4a23-b85f-835674f62a0a,33,3.5263605246161616
01a92062-967a-4900-8dc7-a5ecd3b3f8e2,TCGA,GBM,2bdfdcec-cb7d-4e83-9257-f2c851a6a469,42,3.7612001156935624
025a7401-a65d-4ea0-8b4e-0ba775b0322a,TCGA,GBM,92f7ddd7-b0ae-4788-93c1-c2d7f093c92c,38,3.6635616461296463
0389b35b-651b-4776-b12a-d315a100f47c,TCGA,GBM,651cc270-e577-40ba-9c8d-e4c36e5118ca,46,3.8501476017100584
0456a66b-c9b3-4eb1-9872-424a7ea712a2,TCGA,GBM,4b88ba3b-6b4b-42b4-a64d-d45358cef26d,34,3.5553480614894135
04b4ebb4-6780-42d8-a980-711cd10cfe14,TCGA,GBM,2c4ef6db-ff34-4258-a531-32345845832c,49,3.912023005428146
0628cb4a-c480-4b2f-bd2e-bb33e6994302,TCGA,GBM,60913ab3-15e5-4978-8ca8-e1a74f82f9e4,43,3.784189633918261
06c427a1-8c2d-4003-b744-139114a04440,TCGA,GBM,4649293d-11cc-4da4-b083-c7647e44fd60,23,3.1780538303479458
0ca72ebd-ff33-45b8-a97c-3f1435603d71,TCGA,GBM,a7dce4a1-a72c-471e-bce0-92da1948e7d3,21,3.091042453358316
1030a6b9-0df8-4d60-b69f-2a36e630a6ad,TCGA,GBM,dfbc7136-f7f7-4c2f-93a1-c46b2247cce5,40,3.713572066704308
10efeb3c-ef55-4227-91b9-8c2bb4ff43d5,TCGA,GBM,e9e8d1d1-1c59-4cd5-9059-740733d094e1,45,3.828641396489095
12824b2b-9c0a-4dcf-8941-34593a4e93da,TCGA,GBM,c9b30fe5-f8f1-43a9-9c9d-5ec4fd26040d,25,3.258096538021482
12b67dc2-5e4c-48eb-92ba-8d91d2eadfe2,TCGA,GBM,fb0dbfdf-9d25-47ea-9fb6-bc9da9a56931,50,3.9318256327243257
13b4d676-ee9b-499b-94bb-2365830fb37e,TCGA,GBM,bbd69e9d-cc49-4476-83ff-43ed928c7414,20,3.044522437723423
141a1ef1-9be6-46d1-b445-305b222727d2,TCGA,GBM,d2b53768-5501-4b6d-a005-aaaa65131c62,49,3.912023005428146
149be735-d5db-43b6-80b7-d40e3a84500b,TCGA,GBM,22f5836e-3ed4-45e7-94a2-dfafd689ac05,33,3.5263605246161616
153c2442-ea61-4b5e-8c5c-c71d287c6055,TCGA,GBM,9c73dcae-262a-4473-a999-3ec148b733ed,65,4.189654742026425
159e0318-6173-440f-be07-8d956086e99d,TCGA,GBM,5c6c31d5-326b-44ea-9c7a-519ac446da3b,52,3.970291913552122
165b8f99-f7ba-4553-96ed-235e3f77e19c,TCGA,GBM,23bf357b-285b-4ccc-956c-cb502503e556,26,3.295836866004329
1b25795e-69ad-47fd-bb2f-94ff0910fae1,TCGA,GBM,e1f33468-f9c4-4b1a-8cd5-b2c77cc80dc9,44,3.8066624897703196
1b6c184a-5868-4a51-8a82-aa16a7e65126,TCGA,GBM,4350b4e7-6a37-43d8-8eaa-b5f4846e943d,93,4.543294782270004
1e80ccf6-ef81-4662-bf5e-392f092c1e67,TCGA,GBM,f9fd3da8-5a2d-4f4d-a91c-4ab3f8666a97,38,3.6635616461296463
1f48f010-98fe-4b5a-b96a-14fb25eff23f,TCGA,GBM,60da8783-0760-4366-8647-f3284195592f,43,3.784189633918261
20bad0d5-3135-49a4-a119-fa7a1e56fd1b,TCGA,GBM,f93cd112-520d-408d-a15d-3451f2bacdfd,43,3.784189633918261
2188c194-dfe4-4471-9b8b-050db1a1062c,TCGA,GBM,6a0df69c-6211-4db9-a278-fc7b2a2bb92c,65,4.189654742026425
224235c1-5b6e-48d5-a5d1-777dfede0f1e,TCGA,GBM,a04f2c22-87db-420d-b673-33fd9e48c89e,30,3.4339872044851463
22e0c3ea-9f6d-4d73-9282-17ee4553f436,TCGA,GBM,7b5011b5-5816-4c25-ad72-31152b70b9a0,36,3.6109179126442243
24164e89-16ae-48c1-a464-9be94141deef,TCGA,GBM,79fe87a6-d02d-445d-ac00-9817974f8189,84,4.442651256490317
24ae6f30-eec8-49a7-abde-246b3873679e,TCGA,GBM,a29643d9-e0e5-4fb3-b7db-090e0a4948a0,44,3.8066624897703196
25f41de3-9d70-45df-913f-4fb3e5f0f7d6,TCGA,GBM,4268518f-c025-4f8f-8d28-a23372797625,36,3.6109179126442243
28da11ec-f46a-4abc-b4c8-bbb784419c71,TCGA,GBM,5a2427b9-3e21-4ae3-bde7-06efcdf2bea3,33,3.5263605246161616
2b82e941-1b16-444e-af41-24dbc0a7e8b5,TCGA,GBM,7b8c7e1e-6df9-4b64-9d94-5f16c3dda92a,54,4.007333185232471
2b90648c-c99e-4d4d-8d9b-67ff2c4e6115,TCGA,GBM,edf6d70c-dced-441c-8098-d53ae856143e,51,3.9512437185814275
2f4a127f-101a-4192-b3e8-f9be2c8648bc,TCGA,GBM,a0bbc7d1-79dd-4f74-b0fb-c56fb6c06db0,39,3.6888794541139363
2f61ea6b-a3f2-477f-ab98-47ed07b3b2cd,TCGA,GBM,179e130e-fe52-473e-8a5f-35d230458e69,31,3.4657359027997265
2f8b698a-cbd0-4cab-a814-dc683e0e9305,TCGA,GBM,82ff78cf-87af-475f-9eae-0d6137734028,61,4.127134385045092
30011f30-2926-47f2-a8f3-4f1b58ffa227,TCGA,GBM,31050be4-da9b-4691-9a70-93d1dda4695a,25,3.258096538021482
30256f61-7be9-4d47-8afd-afafa7a079c0,TCGA,GBM,2b542440-46c8-49b4-8657-a01e864b3f80,75,4.330733340286331
309005a2-93a8-4566-b8d3-6b9310144266,TCGA,GBM,2c956eb1-35be-4653-b43b-04df722e82f2,20,3.044522437723423
314d9188-c8fd-43fc-905d-b6889de542c8,TCGA,GBM,72f34773-218d-41e0-93dc-7aae1ed50cee,9,2.302585092994046
3258cb3b-f63b-463c-b2e4-d638149157c5,TCGA,GBM,a4e993e8-cfc0-431e-8f7b-4d58b364061e,108,4.6913478822291435
32afdc6c-e899-4795-9e90-c9a192bbc4c1,TCGA,GBM,b7155621-2b01-4524-857a-a1f1ca0a527a,101,4.624972813284271
34f216fb-09dc-48af-9e09-7d12cc07c1f7,TCGA,GBM,1b8cc228-a020-4418-be03-ad409d781728,36,3.6109179126442243
350232cb-b9ba-465b-be9a-81afbc6a92e9,TCGA,GBM,7a7637d0-110f-4809-a79f-9eead03c762b,51,3.9512437185814275
352768f9-3ce1-419c-beef-6515c78f5d7a,TCGA,GBM,f2eb8d3a-ee6e-4180-921d-0ef8f7d1ead5,88,4.48863636973214
35a7e49e-747b-45ce-9a07-3a5faba0ca94,TCGA,GBM,20445437-9781-49d6-b55a-afafcc33c459,43,3.784189633918261
386b629e-fab1-4033-b088-45d6eeb4a13e,TCGA,GBM,51eb0c58-e29a-4e05-8b1e-93cbe016c05f,64,4.174387269895637
389d5472-9e4a-47b3-bd6c-994eb0fafea2,TCGA,GBM,0d82cb5e-2e4e-4879-9b7e-b929fb590c0a,43,3.784189633918261
38acdfc8-8abc-4d89-a68b-58c493650b48,TCGA,GBM,2bac85df-4900-41cd-a2ae-e33db7abd9d1,28,3.367295829986474
38dd826d-06dc-4a73-b852-c3d78c9c3ff4,TCGA,GBM,1c98c99d-80ae-4fcc-9197-d1a2b7d8ac96,17,2.8903717578961645
3a3fc890-1985-4353-861b-dc3abfb364b1,TCGA,GBM,072f2d4e-db08-40c2-891a-9199e47fcac3,11191,9.322954516345318
3caf009f-d9e0-4c57-b1d9-8eb59fc833bd,TCGA,GBM,6835ae68-2f18-4239-ac8c-6a8291101e45,53,3.9889840465642745
3dddfc44-7bb1-4974-8a65-a84fd4bac484,TCGA,GBM,c91fff43-9a50-4a7c-afb4-3484de935a7e,36,3.6109179126442243
3ed101b5-0007-4957-a25d-4cf43bde08b6,TCGA,GBM,d4649bc7-09d2-4d90-bafd-0bec72429b00,31,3.4657359027997265
3f960d3b-a58c-43d0-a8a4-f3555b399c9d,TCGA,GBM,77c261f0-384c-4906-a57e-7c3b35c17041,25,3.258096538021482
407849a8-8447-4ede-a9d1-c1dfb535222e,TCGA,GBM,afbd1975-263b-404b-a738-886bf25c0223,36,3.6109179126442243
41685c5a-a548-483a-8a20-305ad8d61771,TCGA,GBM,444a2332-9e52-4cf8-94d9-07a8b829633e,44,3.8066624897703196
42e92d73-29eb-4508-a653-9b77f36021c0,TCGA,GBM,07c46064-9fb9-4aad-9289-187d156c9d27,62,4.143134726391533
43d98306-8b1f-4840-a1a0-146ba0c36400,TCGA,GBM,617be06c-8001-41ab-be2c-2a4050fe6ccc,25,3.258096538021482
44ef426e-b67d-4b49-80a3-86681b9abf1a,TCGA,GBM,3fef7878-8d16-44c6-8d24-a6de90b66747,75,4.330733340286331
456bcab3-165d-456f-94e3-f34f81a61d2e,TCGA,GBM,1a23f004-dde1-4a0e-8991-0686182e92a5,527,6.269096283706261
4644a15f-3115-4f27-86b2-b092419431e1,TCGA,GBM,9813657d-da8b-4b27-9815-4b7d7b4bbac4,37,3.6375861597263857
46bfebf4-0ef6-4348-81dc-d7d3cb52c08f,TCGA,GBM,21b8a64f-800c-45bc-b7a4-a2e666330549,46,3.8501476017100584
4776b959-d5f5-41ad-ab39-dba6031f6884,TCGA,GBM,69531d59-6508-4074-a63a-27b047121681,56,4.04305126783455
47a4161c-9c61-48f5-b9bc-a6d1acad4e5a,TCGA,GBM,f3c448ec-974c-433f-a552-f57f64453628,62,4.143134726391533
4a85a43b-4dbc-4081-b552-df06eef1ad80,TCGA,GBM,b7a15790-9999-4fd2-b327-9584e1445c1f,38,3.6635616461296463
4b43da9d-60ee-4269-b44d-d92c034b844c,TCGA,GBM,9fe6ce79-5cf5-47b8-8379-5e67ab35892e,12,2.5649493574615367
4c070166-025e-49b7-b4d0-fe25c8a355b1,TCGA,GBM,b5b955dc-8bcc-4465-aee2-f302783d9ac8,45,3.828641396489095
4f50397e-c4bd-4408-b6e9-776b8a14c8a9,TCGA,GBM,f2d80fcc-cc6e-4335-9fec-36abcd3fc67a,56,4.04305126783455
50603cc6-42e6-412f-ab07-4805f728e6b6,TCGA,GBM,744c9d5a-ea71-4888-b36b-c1a286715d7b,75,4.330733340286331
51c3409d-5df7-4720-83db-0e6de065f82c,TCGA,GBM,290757b3-5525-445a-a675-00de0bc54e86,28,3.367295829986474
521ea765-1bd1-423d-a75d-091243df37a9,TCGA,GBM,67d9092b-ae85-4687-b092-3012dbfab47a,49,3.912023005428146
52408d9f-2637-4952-9b90-cb607a860f23,TCGA,GBM,5ab9f2d4-e7da-4337-a0e0-24c3a79800c4,843,6.738152494595957
5252c0b7-be05-4c0c-a8ac-afe9ad459489,TCGA,GBM,e676c661-cae3-4755-a90f-e632a3d82850,141,4.955827057601261
5327e899-a20d-4571-8236-98454bad574e,TCGA,GBM,0a67ab18-ab07-4307-9606-1f2e2f089230,23,3.1780538303479458
53abce1d-7e33-4ebd-832f-f3789f67377f,TCGA,GBM,614ea667-8b70-4b0b-bb7c-a5c5b30490fc,0,0.0
543c0a7d-ccd7-4b8d-98fb-eabec806231d,TCGA,GBM,5839c040-bff3-4c8d-82ee-45d0bc793963,82,4.418840607796598
55a063b0-98ad-4700-b3ce-61bfe364fec8,TCGA,GBM,068454cb-7789-4814-80a0-1935c6a08798,64,4.174387269895637
5613f5f6-086d-470b-8f77-6dcb7f8625b7,TCGA,GBM,6f71bc72-6878-478a-98af-da45cfbb4bd1,79,4.382026634673881
5a86d9f1-d38d-4b78-9a23-c7855a20ca2d,TCGA,GBM,b7196540-a319-41a0-befd-c363e511ac1d,53,3.9889840465642745
5bbeb8a7-3ac2-4ef1-bd48-6f83bc994a75,TCGA,GBM,77b98b70-9bef-4e81-9eac-91467c322d4b,2,1.0986122886681096
5c984433-33cf-42fc-b3ba-511efcdcab19,TCGA,GBM,54bde4b3-b158-4836-a593-68b414076832,48,3.8918202981106265
5ef9486a-aeff-421d-b620-03ef119d85a5,TCGA,GBM,53d676ac-d7aa-48b1-8d7b-494ee3dfce2a,38,3.6635616461296463
603d2b61-b636-4054-ac95-ab66dabb3b48,TCGA,GBM,09445310-8c2b-4bf1-b619-bfe8b3f9a5e8,28,3.367295829986474
61ed8fbd-b753-451e-9683-edd4b266b0f3,TCGA,GBM,1fbcfcc7-43b6-4335-aeee-90329bddab6e,31,3.4657359027997265
620282f9-f932-4335-9c7d-ece53dcaf7a1,TCGA,GBM,0dfece20-8425-42b1-a50a-fcf81f997351,33,3.5263605246161616
652a39f0-c539-4303-bedc-f0d7f4669d9f,TCGA,GBM,03fc636b-9e3d-42ea-88cf-8081539a9859,42,3.7612001156935624
6633f338-34a9-44f6-8039-0b9408d6213d,TCGA,GBM,876d7b5c-5f1b-46a2-86a0-d9ce88af6b65,43,3.784189633918261
66afd908-0c76-469e-abc3-89563de338c6,TCGA,GBM,3449e073-b0f2-4498-b9db-18e8593ef580,24,3.2188758248682006
66f3c936-272e-4a1e-8567-f609af411329,TCGA,GBM,c2cd78e5-babb-4f6f-9988-6bab8c2bd217,89,4.499809670330265
67e2af1c-3478-4652-8759-b9d5c5b6a3e0,TCGA,GBM,319a6f57-afe8-40b8-aa8c-194b68adbcaa,57,4.060443010546419
69d0a566-5fbf-45f6-a240-649b06868e27,TCGA,GBM,d6a91466-993b-48f3-bbbf-aadd628e8e99,40,3.713572066704308
69d56f2d-6924-409b-9d1e-c8d69b400270,TCGA,GBM,bec610b2-9082-429d-8aef-6cbf3bb7a020,43,3.784189633918261
6a9d719d-249a-4756-adc8-e92fa60da229,TCGA,GBM,eea85d25-8866-479a-9fc5-6d8fd529e847,42,3.7612001156935624
6c28f086-6a25-40b6-93eb-bba0014acda6,TCGA,GBM,278eb29c-4e2d-4ed0-b938-43335a274b9e,35,3.58351893845611
6c5154d2-af36-492f-b520-d925528824e4,TCGA,GBM,69f7dc91-32d1-4359-850f-860aab36e433,67,4.219507705176107
6ccd57e5-9215-46fa-b3be-e408a0f424dc,TCGA,GBM,c5edc8d9-bae8-4841-802c-919dc0d4c055,19,2.995732273553991
6e72d2e2-96fe-4fbb-9fe6-39ec28753eb6,TCGA,GBM,56c0c169-5480-4d14-b0d7-bd4214d0e7cf,36,3.6109179126442243
6ff96a7e-1b96-4530-b8a8-7f2e9e541955,TCGA,GBM,3071ca0c-c031-4fe2-a534-e7de322bc4ae,43,3.784189633918261
713190ed-c6c1-4695-814b-85ca9b95e6a0,TCGA,GBM,14e6f46e-a34a-41c6-bd22-1f46fd76836b,35,3.58351893845611
722f462d-f939-4bc1-aae4-8f78b1335a87,TCGA,GBM,f982722f-ae1d-4b7a-b445-0646517acb0f,44,3.8066624897703196
72f88d18-03be-4b51-9f4a-1151521b7292,TCGA,GBM,0d0543f2-195a-4ab8-8331-a1b57fc673dc,140,4.948759890378168
7338e476-10ff-444a-a16f-429d28355f65,TCGA,GBM,155e74da-ebd4-4f87-ac74-7bf9fd74644f,40,3.713572066704308
7340f325-579f-4b90-96aa-3a7b362129ca,TCGA,GBM,9ac00a37-7f08-4c9f-ab77-4019a05c5083,85,4.454347296253507
737b35e1-d668-4fce-9b6e-76946c7952b6,TCGA,GBM,5d90192a-0271-4169-ba9d-e52cf081a5c3,47,3.8712010109078907
74139255-a635-4c87-814d-3dd04ed630a8,TCGA,GBM,27ee0eba-2f11-447b-a153-c8dc679d5fc6,94,4.553876891600541
74ce7e7f-e214-4b6e-8551-114a153ab7fb,TCGA,GBM,b9f22a3d-f54f-40d3-a2d2-7b2788eb4d64,45,3.828641396489095
752a6e21-9a91-417f-beba-bfdf331d5cac,TCGA,GBM,81ddd54e-ce35-4a15-ba5c-a58b5cac12ff,33,3.5263605246161616
7751fc13-ec33-4057-965d-3b2ac6183344,TCGA,GBM,54bbc769-1001-4bdc-991a-e1ef0b969aef,78,4.3694478524670215
77d4d3ef-3fe0-4f93-a863-b5840926576c,TCGA,GBM,cf2e2654-325d-433b-9a56-731a32e16dba,52,3.970291913552122
79a68b32-29a3-47bf-9b2b-643ec7323d73,TCGA,GBM,f241eee0-28ea-4700-ba91-d3d50c2f7e48,62,4.143134726391533
7a4c0a14-ac97-4c2b-a9cc-68cb561b2494,TCGA,GBM,41ec562e-7d07-4953-9a63-f6dc68696f77,54,4.007333185232471
7a650a2c-bc3f-4e0c-820e-4f492977107b,TCGA,GBM,0237d4e6-241d-4fb5-a59b-078bd4bd4b2d,24,3.2188758248682006
7cada85b-00b1-41e5-9924-e09eb077ad56,TCGA,GBM,b2bfc3b2-5c31-47aa-b008-5b959d0f8b0a,21,3.091042453358316
7cbabf1d-ec38-4048-ae1c-7d0f3001691b,TCGA,GBM,0c6f8fe2-455f-4fa5-8a0f-92ad75c938f5,97,4.584967478670572
7d5c3699-ce28-4129-8391-736f670e8beb,TCGA,GBM,717e77de-9276-4ad9-bb49-e333b7bf2df3,42,3.7612001156935624
7db115ea-082b-45bb-97d2-4254270b8bb6,TCGA,GBM,eb7892cc-7f41-4797-a794-84c4f79df3ed,140,4.948759890378168
7e70a318-3acc-42f3-8287-158a2199f0bc,TCGA,GBM,057eaa35-f130-4b26-bbde-9d52edfdb212,6086,8.713910628493924
7eb1d526-923d-4b31-b8be-27d83b3dd025,TCGA,GBM,d6278bca-8b01-4761-8457-6a67c63c78b1,35,3.58351893845611
7fe37feb-e205-4524-8c98-1f9ac5fe0700,TCGA,GBM,689956e8-e5b8-4d66-a83d-9fc0c82fc2c6,47,3.8712010109078907
81622677-9742-40ea-ad60-5f9b2a624ea7,TCGA,GBM,1eb6f6ba-c24e-45ba-aa85-e6ad04484c7a,32,3.4965075614664802
81648978-a543-4eae-8848-98ddf1cb832b,TCGA,GBM,75c3d182-f026-4cfe-be32-a6bf4420ee13,47,3.8712010109078907
820aea32-8f1c-478b-ab56-8171425cd76b,TCGA,GBM,952293c8-b957-43ce-bc2e-c975fb57afa1,40,3.713572066704308
827453a9-7388-4336-9ac5-4defcb904607,TCGA,GBM,cefe943b-5892-4254-a884-bb5414b0194c,47,3.8712010109078907
863d58e7-91c2-4602-98ed-c6c6e0859566,TCGA,GBM,90bb68a5-2311-4e19-80d4-35bf447456cd,62,4.143134726391533
872abc8a-6c1f-4114-b993-7d0327fb38bd,TCGA,GBM,bc8a7421-4529-42de-a66c-f815138fe015,52,3.970291913552122
878584ad-e6b6-493a-9f7f-3e284f5d9f68,TCGA,GBM,3524be8c-d600-492a-b912-f712ad158a8e,42,3.7612001156935624
884f867b-4a8b-4b67-8fe4-ab3f068be84e,TCGA,GBM,90cae234-f47d-4d36-b623-f602c8933228,14,2.70805020110221
8d2e88d9-d8d0-4c42-8aa2-205a788dea58,TCGA,GBM,0aa2e992-c3ad-4509-8d82-399b0d760565,38,3.6635616461296463
8da3103e-3e6c-4176-a583-d5fe5e60601e,TCGA,GBM,354c79ce-261d-4543-8868-3eee6d7455b7,75,4.330733340286331
8df94420-c736-4a36-b001-5dbe3dff17f0,TCGA,GBM,b4abde15-98d3-4e78-9170-6c372de5c0f3,48,3.8918202981106265
8e6b9705-e9d2-4fbc-ac03-35c1a5115eef,TCGA,GBM,d44fbbb6-168a-4454-aa47-7da08a8949b6,30,3.4339872044851463
8f3acbbd-b2ca-4e66-8fe5-dbb49277f35b,TCGA,GBM,43fd871e-74dc-4b9a-9101-e836c3f67b9a,50,3.9318256327243257
8ff9f921-f9e9-41c1-a5d4-891fd4cfe979,TCGA,GBM,283abca3-1ff3-4fa8-bf62-fa1b1cc2067b,47,3.8712010109078907
9348e446-0e43-4210-b07e-c534980cbf62,TCGA,GBM,1e659c79-eb29-4be8-b279-9a825f2cd157,57,4.060443010546419
93ed7a2b-b0cb-4a84-871f-5c34a0b6a640,TCGA,GBM,4bc70225-3511-4571-8029-7ac499e60742,33,3.5263605246161616
97094aed-69f7-4f4e-a87e-533979e11514,TCGA,GBM,d1961e33-d23b-45eb-a022-1943dbf5c298,119,4.787491742782046
9848f14b-8eab-4ac9-89b0-99a5ebf14696,TCGA,GBM,5a30c998-2b04-4f65-9427-777b2c609c49,51,3.9512437185814275
9853c6bb-a42c-4698-abe5-f3c897ebc8f6,TCGA,GBM,e6ee7bbd-f3c8-46da-a7b2-f5d801408888,46,3.8501476017100584
987cb702-057b-4198-8ef3-9cf6a9c51989,TCGA,GBM,3e599f68-2ba6-4fef-99aa-4b0bdf31e9bb,57,4.060443010546419
98dd5ea6-8d40-4963-bbae-2d37001d71c8,TCGA,GBM,9af0ac1c-2106-413b-bd64-c1d13db34c27,48,3.8918202981106265
98e0344d-71c6-477c-a990-0bd0277606af,TCGA,GBM,29326853-4718-4666-a8aa-de5326e25802,85,4.454347296253507
98e2f2ec-bdcd-490a-bf45-600e3b6c7491,TCGA,GBM,38a55896-f00e-418d-bc18-4ca30da378ef,61,4.127134385045092
9ad6c241-ccc5-4532-a6ac-098271b13b5f,TCGA,GBM,50131614-6680-40a9-a26f-b69741146c8c,17,2.8903717578961645
9b9654c9-5a64-4a8e-b1f0-987437e6012e,TCGA,GBM,685a7e87-51f7-4da9-9ae1-659b1ff3c249,23,3.1780538303479458
9d1d9ae5-4640-4060-a207-c9c5b0e905e1,TCGA,GBM,00426c02-8fec-4862-92e6-876a81533b9e,36,3.6109179126442243
a0339182-2fd6-459d-9703-422474222e76,TCGA,GBM,80ca584a-28f6-4bd8-b1ec-7c169e9a2817,15,2.772588722239781
a210407e-b7de-4e27-84b2-9dcc5f9e6e63,TCGA,GBM,9278a510-405e-4dd0-a083-a368234581ad,38,3.6635616461296463
a2338b30-f511-4163-af3b-1e4a40ff00e1,TCGA,GBM,5deef317-126d-4435-ba6a-f36ba2c17018,27,3.332204510175204
a262928c-e20a-4c02-8114-1227e05c43e1,TCGA,GBM,61e83633-f517-4616-aae0-71b17b1ea32e,97,4.584967478670572
a28b256e-e085-467d-bdba-5c39718012d7,TCGA,GBM,22085d53-b816-4c33-b1ef-6f199775f39c,30,3.4339872044851463
a2ac9937-f351-4d78-9261-264bf6c21e0c,TCGA,GBM,170ed38a-fdce-4c28-a8ed-982d6a21add0,38,3.6635616461296463
a3cc2845-8a44-4b50-8a3e-17a3c2c3e077,TCGA,GBM,ec8b5d60-3513-4a7b-9f91-440ec0516150,27,3.332204510175204
a515cf2d-e918-4958-9bf6-e611b425a97e,TCGA,GBM,70e189c6-3dc5-47ce-8d74-4aa4d90a2437,55,4.02535169073515
a597bfa8-8c4d-4f8e-9d85-8a9fdc2c56ff,TCGA,GBM,6f1de6d4-722d-46de-a586-593224079064,36,3.6109179126442243
a79b97df-d7f7-4df4-861b-936f94a1ab30,TCGA,GBM,6410bbd2-aeb4-4c5e-aa6b-38acac7333ed,45,3.828641396489095
a8033f85-ac9b-41f3-b775-a1aee3f21b8f,TCGA,GBM,e588111a-5276-4b7c-b3f6-86d1e84ff3d5,46,3.8501476017100584
a9597785-a1d3-4788-a431-d25d69025690,TCGA,GBM,e8863676-0fff-4787-8545-f783e4b1f21f,45,3.828641396489095
a9a0bad8-6074-4a7c-9f9e-7dbc1de01def,TCGA,GBM,a866e948-e290-43d5-935b-dac2abbd04e6,49,3.912023005428146
aa7ad106-eadc-489e-83b2-5698652434ea,TCGA,GBM,16b32013-0291-458e-b637-f73ccbaee84f,44,3.8066624897703196
aad2c954-39a4-4ef3-9940-e754619007a4,TCGA,GBM,9df853fe-f193-4dd7-a6dc-095262f2e03a,131,4.882801922586371
ab327397-a510-4b39-a12e-185c726650ff,TCGA,GBM,1f3b0d72-84cb-44ba-801b-a8d58baf2849,67,4.219507705176107
ac3582a9-46b1-4322-95fa-9e8b149b8044,TCGA,GBM,fc338856-23c2-4988-b4a4-ab387055274d,66,4.204692619390966
ad7a6a27-c517-49ef-a9f9-518dccda23b4,TCGA,GBM,a429b161-cfac-461b-ac19-08dbb3a9468f,46,3.8501476017100584
af055b98-be6a-4012-ac64-f1b6539b23d0,TCGA,GBM,09326c4e-9905-444f-aa11-f2944045e455,33,3.5263605246161616
afd3a4dc-a2e5-4545-92b8-a18e72fc9e94,TCGA,GBM,4006124f-a213-4d56-843f-0764b5f4a89b,0,0.0
b1c4579c-72fa-4974-830c-b6a81ace45f4,TCGA,GBM,60d81796-e5cb-4166-ad2e-32ce787268f2,58,4.07753744390572
b1ce95bf-7441-4aac-8131-19a177d2b8ac,TCGA,GBM,db471ff3-aa48-4e3d-946b-8dfc8c379ad5,53,3.9889840465642745
b28b3575-8097-4a97-b32a-5f0eeff64863,TCGA,GBM,450dbf45-d1f1-4a0f-acc4-1210c1f21d10,55,4.02535169073515
b37d944c-c65c-46d6-bb8b-3eb37cb85b68,TCGA,GBM,be4d40d0-2df8-49c9-8e19-88aa97861776,24,3.2188758248682006
b75845ed-a19a-4caa-b362-e62b1e538152,TCGA,GBM,a5973818-0553-403f-b1d6-4d3e75b20e94,27,3.332204510175204
b98184b9-6190-4e95-a1cf-8cffb44b9963,TCGA,GBM,41e3970d-06d0-442a-b41e-128b6e0e743c,38,3.6635616461296463
ba383ea6-c885-49f0-bddc-e00be0230a6b,TCGA,GBM,232c3577-fe73-4c74-99c8-51c82a6aca1c,72,4.290459441148391
bb0aca6b-55ab-4b24-8e64-29e0c96a9862,TCGA,GBM,145dabfe-a6df-4c9d-a7ac-937e0f9af003,47,3.8712010109078907
bc316a17-9d73-4ef3-97e9-c4ac5516b75a,TCGA,GBM,06e61218-fbda-4a4f-a9ec-16ccf5255ded,39,3.6888794541139363
bc7a0c8f-c1c1-447c-8019-389e52525081,TCGA,GBM,3a3c6a53-219d-4048-a012-9e9a2594c72d,54,4.007333185232471
bcc72cf4-90ce-466e-a683-bb0ebfb3cf82,TCGA,GBM,9e81bb0c-30cc-4bb5-960a-80fa862a6822,38,3.6635616461296463
bde84ea9-55c9-4d6d-be86-58fd9222c1d6,TCGA,GBM,819b706a-5f79-47b3-963c-72e445b7c9b5,36,3.6109179126442243
be3a7ef3-34ed-40e1-9d9c-187940596b26,TCGA,GBM,5416b72f-7e75-4fab-a0e0-5396b5bf6cbe,54,4.007333185232471
c04657d2-b71b-4402-82fa-02747cce331d,TCGA,GBM,b4881576-f6a5-4ed0-a4a4-227f4bb73d7c,42,3.7612001156935624
c129c34a-8d40-4d98-b9ad-a10d3f7b3ee0,TCGA,GBM,947e7903-a7f6-44c0-a40d-310fdfa5cc76,29,3.4011973816621555
c184c3ca-7ad3-4202-b108-cb9fd5f5d947,TCGA,GBM,570657de-da5c-4b5a-9b85-7753729722b6,61,4.127134385045092
c29d73c0-c885-4105-bf74-38e9178e71c9,TCGA,GBM,a1ec31bd-715d-4589-b7fc-951c79023c33,30,3.4339872044851463
c2f7f72f-13ae-4efc-9cda-69ca037b4498,TCGA,GBM,a586c240-b39c-4674-9276-1fa0a67503c5,37,3.6375861597263857
c34760a2-f70e-48c4-a7c2-eb359f8aeb71,TCGA,GBM,6a94fd13-1867-4fc2-aa6d-c0ad48ac4390,91,4.5217885770490405
c4171de5-8dac-44bd-a6eb-174f9451dbb7,TCGA,GBM,0f5edda3-5b39-48be-a2c7-6c495b49c249,67,4.219507705176107
c5e08764-822b-4214-9ce6-f3ec2756190e,TCGA,GBM,1261fa8c-a831-4f06-aca6-9cb96625a32b,82,4.418840607796598
c7b4fd72-b45d-4524-8424-983120abfec0,TCGA,GBM,8936f86b-336c-4f7e-b5f5-7006c4ac19b7,45,3.828641396489095
c931f3bd-74c5-4ebd-bc0f-c7c6becd25ab,TCGA,GBM,088a7d23-5acc-4db8-8ccb-ca8221b765ac,81,4.406719247264253
c970240f-03e2-4395-85be-5eb81a69b710,TCGA,GBM,0d880932-47ab-4b88-b00e-6921d2be5936,55,4.02535169073515
c9e4f0bf-48fc-4600-9e03-314bc575273f,TCGA,GBM,006aabaf-a659-436d-baed-f59795f934cf,24,3.2188758248682006
ca261ec9-888b-47c8-8e71-5a22545d7161,TCGA,GBM,b3bcadad-8758-4cd4-a1cc-6c0db24d24ba,54,4.007333185232471
ca893d12-3d6c-4e6f-b0e7-7f4eb8bb724b,TCGA,GBM,00cce172-4b2b-4cb5-b6dd-47c9627972af,48,3.8918202981106265
cb58b5fe-ee0d-46f1-8502-1c8bcf729f3b,TCGA,GBM,fc09d3be-0201-4838-abec-c08e3a568b9d,73,4.304065093204169
cb9f842c-9bf5-48c3-8d3e-b344b1b6c190,TCGA,GBM,e8a86041-dd34-405e-96d5-b413631a0808,46,3.8501476017100584
cd73f38a-f6ff-4e7b-bd43-ec7b82dbe7df,TCGA,GBM,2f3ed4ce-16b8-447d-9b18-d1e95d21de76,74,4.31748811353631
cf286533-5c8a-40f3-9c69-f46264c7893b,TCGA,GBM,554056ed-3d15-43df-baca-38683f381695,86,4.465908118654584
d1547b99-3c96-4c62-8261-5111bcf860a9,TCGA,GBM,2ada884e-1839-4bb0-ba03-7f04085f0a07,132,4.890349128221754
d27a7f17-fdc9-4325-b98b-ad6839cc88f5,TCGA,GBM,cd6e4f25-3b32-4fd3-9454-f06b0cf25d32,40,3.713572066704308
d540d6d2-266c-48f9-8e73-304389b2060b,TCGA,GBM,ad9b1842-b8ce-456f-a739-956f1f02bd96,80,4.394449154672439
d558203d-3f70-42d4-accb-008ace280f48,TCGA,GBM,39f91c2c-9527-4185-aa04-eb42e7fab7c1,16,2.833213344056216
d59ffef5-f39b-4627-a7c7-6920b99c2408,TCGA,GBM,6fa64d4a-8a11-4b3e-852c-bf916c82259f,10,2.3978952727983707
d6a48eb1-7c20-4ae3-ae35-b6b641238ef1,TCGA,GBM,55d27295-1e5e-45bf-a4b5-d731f3e538ff,53,3.9889840465642745
d6de8d1c-e5ff-45cd-b53e-f943d2578713,TCGA,GBM,2a4e4787-3070-40e4-955e-32d61402a33d,43,3.784189633918261
d73ca945-b60b-4b5c-ac53-7ef2602a4951,TCGA,GBM,fb2874e9-62d9-4a8c-9d67-d36b0be0737d,32,3.4965075614664802
d8628d35-c4c6-443f-9da2-8517a157f137,TCGA,GBM,f2a896dc-4074-454f-9fac-8f23ac850b16,20,3.044522437723423
d88b35a3-a291-457a-b15b-a314859b25c5,TCGA,GBM,e88a253a-4d6b-483c-9e85-692241ff1d19,26,3.295836866004329
d9cae674-1100-44a4-8c61-2f15ea1b6214,TCGA,GBM,7fcacc2d-12f1-438b-b70d-615f627f431f,27,3.332204510175204
da5f6940-e8ee-4fd1-a8da-4cd68e02e59c,TCGA,GBM,cadd9094-eb64-401c-9fd1-43db4cc9360a,38,3.6635616461296463
dd76930a-1678-4b70-9864-730534174d41,TCGA,GBM,9790bcec-796f-4ca9-ab62-b40b69d3a222,40,3.713572066704308
de7b7cac-f094-4d59-8651-e991e34ea093,TCGA,GBM,4b4d9eb1-5ceb-49e5-8ff2-d24ab8d60356,58,4.07753744390572
df3c1d61-79c1-43e9-971a-8029497ffeab,TCGA,GBM,75d67809-394d-4146-8c4a-fd4f558b1df2,39,3.6888794541139363
df4168bd-9f94-4323-9c33-a446a9fae999,TCGA,GBM,79b13451-ebba-405d-9557-4dfe88d1b5af,30,3.4339872044851463
dfa3ef71-7006-4c6d-81c4-e0c0c7b75c26,TCGA,GBM,3bd5dd10-0de9-495a-a94a-c57ecd63c097,61,4.127134385045092
e0e1b5b3-6e3c-4b79-aa2a-32b320c3e45a,TCGA,GBM,a9671acb-4933-4825-8757-233e9ecf7b4f,85,4.454347296253507
e17a6048-7a72-42c0-ad3f-97cbff02bc9f,TCGA,GBM,2f837f98-b8e4-4b61-a6a9-547e6055fa23,81,4.406719247264253
e2e83064-7d1c-4dd5-993f-cc7a5ee228ed,TCGA,GBM,cae1f29a-9b4e-4dcb-a3c1-b4b662a32907,70,4.2626798770413155
e3251837-f6f3-4dad-856f-108e20d03dad,TCGA,GBM,896c4e8b-9cb3-4b39-8ced-9da68d56757e,78,4.3694478524670215
e3953994-0299-4e04-9423-6153b142fb8e,TCGA,GBM,29669cdf-d335-41ee-8bfa-7fdb854a1fe0,38,3.6635616461296463
e57b296a-80e9-4446-a3d1-3dbfeaf04f5e,TCGA,GBM,d863d32c-ed50-4644-9ee1-7464bd79e1e0,56,4.04305126783455
e6e2d4c3-d37c-4de3-ac68-b301800770f0,TCGA,GBM,b4a5675d-b5c7-4b94-a8ca-b97b24cecca3,40,3.713572066704308
e876dd29-68b0-4bf1-83d1-488c40068a35,TCGA,GBM,20db3a49-ca35-4562-bc96-7e98c381830f,48,3.8918202981106265
e8e43a65-4ec8-4e07-a884-a6989eec28cc,TCGA,GBM,d6e60bb5-179c-4fbe-97b9-5cf849727ad1,63,4.1588830833596715
e921772f-f81a-49bc-b35e-3354c94447c0,TCGA,GBM,4af1f2b3-5b91-4fea-9268-70435ee322f2,77,4.356708826689592
e948d951-9299-4dec-9772-60b4ac3569cb,TCGA,GBM,8a3b0191-d125-40ad-9811-c412b6329ab8,71,4.276666119016055
ea3b5da2-6a12-400c-bf0f-e442f5ec1132,TCGA,GBM,cd358773-9979-40c8-b34f-57afcc820dea,42,3.7612001156935624
ea82c1da-eada-4108-80ec-77ce891d82a7,TCGA,GBM,39dc32b6-8c47-4ae9-8c03-8be648d5cbc9,25,3.258096538021482
eae44c1c-1628-4b58-8b90-d3372e3577d5,TCGA,GBM,37657888-bb13-429b-800c-deb8a6bdf27c,85,4.454347296253507
edcfac32-adb4-4fe7-86a0-309d3c6430e5,TCGA,GBM,44eeae34-4bf4-47d8-aae4-b8916f80bb42,27,3.332204510175204
eddbca7a-d668-4c5d-9843-340d7f18e30e,TCGA,GBM,090d3905-3ea0-43a6-b802-192255146583,37,3.6375861597263857
ee3fc631-1e88-4f70-ab31-335851b38640,TCGA,GBM,abd6fd67-0b35-4405-a835-da1d56fa64a5,54,4.007333185232471
ef646014-78a9-43af-b6fa-85fa288cd51b,TCGA,GBM,92c89e9a-6b2f-4861-8aa6-1556d449e024,39,3.6888794541139363
ef6f6553-2575-457e-bc07-401215e54759,TCGA,GBM,f7ee2427-a1bf-4f0f-b4b1-274b693ed41e,57,4.060443010546419
eff7f13b-ed32-4e85-a8d0-831b655d773f,TCGA,GBM,a057f848-fecb-4705-b512-54bea68fc9cb,45,3.828641396489095
f08280d6-2c80-4dd7-93d3-a0c55f7da5b3,TCGA,GBM,2d10fd52-8ff4-4f78-a674-6388d34f3e12,49,3.912023005428146
f19850cb-50c4-4f3a-ba80-b1464958ffa8,TCGA,GBM,91f35b8f-8c60-4716-8c90-b52b40ef56b3,78,4.3694478524670215
f45f4a30-6b4c-4f15-9140-959d6a25a45f,TCGA,GBM,72183176-d844-452e-8736-303686bac768,96,4.574710978503383
f4fe7c02-be19-4929-8638-960e5776494c,TCGA,GBM,7189b5ed-8bd7-4cb8-97d1-0b66f829f97c,44,3.8066624897703196
f5bc5d97-e054-4e53-992d-71b896bd97d5,TCGA,GBM,2e1570c4-b1b2-4e1d-9df8-c3ca40e1dee1,110,4.709530201312334
f6b2f52b-284d-4bde-9a3d-a0f458d07f08,TCGA,GBM,9537cbb7-6018-4894-a091-ab11d50dd9c9,70,4.2626798770413155
f6c6e2c9-a3d6-4b81-a421-04ffef6b8744,TCGA,GBM,203ca3d5-b954-4938-8653-c4fdbb60e4f6,72,4.290459441148391
f7ba48c8-46cf-40a9-8826-7e1f67d57171,TCGA,GBM,960d4a78-b91d-46d6-b90f-a1a134ffd751,33,3.5263605246161616
f7dd387f-eca9-4028-b296-2ca6d56d3bde,TCGA,GBM,1032db62-edd9-4532-ab62-af652f39f0dd,42,3.7612001156935624
f9ce2045-2821-4843-b5e9-cf7cc7e783d4,TCGA,GBM,88e8d6b4-b638-4c5f-8286-ab5c193f5339,65,4.189654742026425
fa1f1cfc-9da0-488b-93fe-60aaff99c171,TCGA,GBM,456a121c-a767-43a4-8d7a-30e4d8107a62,53,3.9889840465642745
fb86044c-161e-41d7-a49e-3d5ec18294ef,TCGA,GBM,931f8492-0d56-4250-aefb-7b2bca8259da,39,3.6888794541139363
fc5ad666-d67a-4a5c-8e4e-1c8d099e9f85,TCGA,GBM,6b7ab5c5-620a-4cc3-a6dc-69e4aa8ac3f0,25,3.258096538021482
fef02e2e-d4e6-4b56-b8ef-c367b0c920cd,TCGA,GBM,459bf195-8e11-4b92-835c-95b98886580a,41,3.7376696182833684
05f4058d-3066-4d16-8320-cf92f122945f,TCGA,SKCM,27c45a4f-c722-4e5e-b5a1-ca4f915c756b,38,3.6635616461296463
08d2b181-2b6e-4754-bfa9-5a94a1f18526,TCGA,SKCM,c3183b2f-9803-4d4e-8425-9bc1df199005,345,5.846438775057724
1412ed30-82b3-4a89-9d19-f04196dc3a9c,TCGA,SKCM,be14c489-c096-41fc-a3e3-be5a2cac97e9,63,4.1588830833596715
187376e0-b4f3-44ed-ab43-88b6eff3e552,TCGA,SKCM,52902940-1f79-4432-bdde-f20f286e0d9b,407,6.0112671744041615
197ac33e-d5df-40de-92f2-6ef7fe2ad6dd,TCGA,SKCM,2716fe1d-01ab-43b1-9f3b-cbc1ce9c7cbc,233,5.455321115357702
1c052cde-7a70-410b-a273-dbe39dd968f4,TCGA,SKCM,616a1703-702d-4dde-a103-9bfa2a7eee96,1555,7.349873704738337
1ca2eb9f-9496-450f-83fe-c7a6cb1a075b,TCGA,SKCM,5768d960-0e79-4927-a7a2-860a7cc1bcf1,340,5.831882477283517
1cad4b22-ec8b-4e34-bfef-5464d185923a,TCGA,SKCM,22e9fbd3-2724-448e-ba19-41a3dca233f2,643,6.467698726104354
236ef9ca-9362-44f3-a36b-2a19509bab9d,TCGA,SKCM,f5cb8623-1932-48a9-b2d3-e769b76a6f9a,8,2.1972245773362196
27c9e7aa-1760-4cfc-95b0-a091d35d317b,TCGA,SKCM,9be77f99-e6d0-4a90-8a04-167e4dff5cb1,107,4.68213122712422
285d8e2c-f183-49d5-bc1c-fd47c6670acc,TCGA,SKCM,9d620b36-099d-4844-a62d-2ac97a41f481,59,4.0943445622221
2bbf00f4-7798-4dad-9894-96202c9132be,TCGA,SKCM,7042afe8-04ac-42d2-87ee-1ba95cf67b8a,1059,6.966024187106113
2c8d436c-4edb-4083-b23f-9a33307d5bb2,TCGA,SKCM,ee61c0af-a3c7-440d-998d-1e895853aa70,47,3.8712010109078907
2e0f7da5-9078-4c7f-b074-565246529a83,TCGA,SKCM,2ddc83c1-35f0-4060-95d5-dbfe479642f3,971,6.879355804460439
2e6f9985-6d13-4b08-8a40-5ea44e9553f0,TCGA,SKCM,6c68991a-819b-4d2f-ab04-eed0fd6e7aa9,309,5.736572297479192
2f1bbe96-49d9-417b-bc9c-a09992489340,TCGA,SKCM,0aaec814-e30d-489b-928d-62776b8028cd,23,3.1780538303479458
32e40e0b-e74b-428c-acd3-84ec6a80c024,TCGA,SKCM,ffcf6ae1-5491-43cb-9b66-54addaa56362,22,3.1354942159291497
3dd5a206-d7f3-42f1-b9cc-4b31c76d495d,TCGA,SKCM,4baea7f2-ebc6-41bf-9d87-ee39b6114c03,64,4.174387269895637
3e39c93e-ccae-48d5-9b27-62dae0e75c07,TCGA,SKCM,d8dc459f-7d09-4e84-8756-dc990dded9a4,362,5.8944028342648505
455f982c-a067-46ac-bf89-3e535d0ffca0,TCGA,SKCM,aeada084-449f-4752-8794-61b0e89d213d,188,5.241747015059643
49f961af-1126-431d-93cd-18941c1738f3,TCGA,SKCM,f1c96d98-c614-4a8e-8035-bb3bd0f665f6,5377,8.59007183682881
4a2135bd-31ff-4564-9e87-1164b3422f61,TCGA,SKCM,397d35c9-da0a-4967-a30d-cc02fb35b127,12,2.5649493574615367
4e9d1a69-1f10-4500-9dda-f8eb1ccc6576,TCGA,SKCM,1b354090-3362-4233-bb8a-c50bca73497c,9,2.302585092994046
50dc9c63-c491-4afc-ab12-74b40eba58b6,TCGA,SKCM,48797c31-ab2a-48b0-add1-25954dc8c901,155,5.049856007249537
51f3321b-ed78-4bdd-aa75-7d632ef53df1,TCGA,SKCM,a8046813-e06d-4044-99f5-794335d7dede,231,5.44673737166631
5226b25f-e326-4884-af79-916e4bbb701f,TCGA,SKCM,6d0cb26f-66c1-4a12-a378-57176b74fd94,310,5.739792912179234
536e1779-550b-47f1-a204-50a16870a8e1,TCGA,SKCM,cfce8a54-88f6-4bc1-8d1d-840d548568bb,24,3.2188758248682006
53de8f81-a226-4ab9-bddc-856ffd111817,TCGA,SKCM,2b41f892-17f8-4657-8212-c1c15d960e3f,463,6.139884552226255
554270fb-1fb3-4aeb-81a1-f78c30b143b4,TCGA,SKCM,69e26c15-85d1-42c6-a278-5bc8746a34ef,314,5.752572638825633
555bbd13-8ad7-43b3-9087-001db30089f1,TCGA,SKCM,b4409e3c-d7ca-4d5b-ad02-a710268c2647,299,5.703782474656201
5bf40b29-d722-430a-91bc-cad941ee3694,TCGA,SKCM,b2326886-2b2a-4fef-b540-6aede1219c10,296,5.6937321388027
62393dab-ab41-4785-9a57-aa4c25d223e9,TCGA,SKCM,1f8cef65-ab1f-44cf-b706-7f1f25926dc0,110,4.709530201312334
6250b800-f72e-4c8e-a0e0-206049398ba7,TCGA,SKCM,758998a9-f7d9-4e18-87de-d264754211b3,23,3.1780538303479458
633ddc04-c424-42c8-8e54-673968b130a7,TCGA,SKCM,9d8077b2-bae2-478d-bacc-fd1e5c6e61e7,488,6.192362489474872
63db0da6-f451-436f-9b1c-211b55947770,TCGA,SKCM,c20877dc-eb5e-41b9-a395-5bb629344e38,264,5.579729825986222
64690c6f-80cf-4a87-932c-7d7b3d0fbf6f,TCGA,SKCM,3f52dc4b-32ee-4422-a492-71286ea0baa1,68,4.23410650459726
667d5c5e-abc0-4fb8-b6c4-739f7cb3f0fe,TCGA,SKCM,322086e7-d452-48ed-8ee6-3dfc62dcfecd,443,6.095824562432225
6783fb7d-f509-47c6-b39f-535a9026f6bc,TCGA,SKCM,40c7d7fb-f6e0-4891-a941-88724b31666d,647,6.473890696352274
68567581-0be3-48f1-8dcd-487bc0c1e6f6,TCGA,SKCM,80f012fc-3440-45f3-bf1e-9656e21d96c5,316,5.75890177387728
6b02def4-04ca-4ba0-bc48-262c4d8a294c,TCGA,SKCM,264c2801-550b-4087-bd92-8157753a226b,249,5.521460917862246
6e2d8818-b377-45f5-97f4-f905de22c487,TCGA,SKCM,77e14e11-91e8-4201-b837-a2fe46623b00,45,3.828641396489095
6fe664cc-e66b-4abf-a7d2-08bb4ce8eba3,TCGA,SKCM,20b7751f-9977-409e-a59e-1db15810eb04,247,5.5134287461649825
727a7579-bd82-4141-973f-794424f4d111,TCGA,SKCM,1e47e2ed-59c1-4f38-898c-3f29b851247f,613,6.419994928147142
7436a28f-01a3-4148-b38e-63c57b5d86c4,TCGA,SKCM,3031ed04-095b-41cb-a717-1360d04a898b,118,4.77912349311153
78f3d4db-a1ff-4ea2-aaa0-cbf0278b915e,TCGA,SKCM,c73fd616-bad9-42d1-8848-8ca51ddbedfe,34,3.5553480614894135
7c6e2fe9-d1ff-4bf4-bda1-cc3615eb3584,TCGA,SKCM,2348b25a-1aaa-4554-b181-a431fcb7f5a0,1028,6.9363427358340495
7f7bc51f-7f75-4796-9ce5-a4735c3c0807,TCGA,SKCM,04705af1-2ee5-4aea-9273-5f7372f4aad9,211,5.356586274672012
800f3039-97e0-441e-8292-4ccf1bb4797a,TCGA,SKCM,eb5e89cf-e731-4e82-acab-bc11f4ae7855,215,5.375278407684165
82e85ac9-8e3e-4c2e-ae0b-a32ceeb8115d,TCGA,SKCM,3fe22d67-6af5-4778-945b-3ce2607277f7,483,6.182084906716632
8352cbb0-10e7-40bd-96f0-1e982ab4c07b,TCGA,SKCM,02213727-89b2-4d33-84cb-2cb1af63206e,487,6.1903154058531475
888ef0fc-fc84-4afb-a369-695fee5ae4f6,TCGA,SKCM,1e1397c5-ba22-4d9b-b39d-36158650fe9c,133,4.897839799950911
889ae822-add8-4a10-abe0-50176c858f80,TCGA,SKCM,79938db5-9981-4a06-b4b7-5ee3555165d9,149,5.0106352940962555
8b6b1cbf-dedb-4c99-8f75-eafbe5c43592,TCGA,SKCM,4f81c82d-c1a4-441f-ac6b-535c828e6c94,31,3.4657359027997265
8b93bdb4-b64b-4940-a814-f5b3f5ae56cc,TCGA,SKCM,a5019d98-9b20-464f-b702-6109f86d8ece,470,6.154858094016418
90402c32-9548-432e-85b8-a4f80e14401e,TCGA,SKCM,0e423b71-ba0b-4ae1-bf78-293a8f287570,112,4.727387818712341
92116b0b-e614-4a27-a3c2-207e561c788b,TCGA,SKCM,e840cd4c-03c4-4f8a-934d-96b655973f71,79,4.382026634673881
931e39cd-b0c4-437f-b6c5-9358d74ea533,TCGA,SKCM,dd41a5ee-d4d1-4997-9c41-3998556ae1c8,660,6.493753839851687
960899ed-b61b-4b20-b16d-e37dffb01aa3,TCGA,SKCM,7cfb8928-da64-4476-a214-d77b27f2f8b2,267,5.5909869805108565
96fc529a-6ad3-456f-a41a-63238ecbb9c4,TCGA,SKCM,3fdc53df-b3b6-4ec0-a62c-f3d4bd333bcf,1316,7.183111701743281
97991c80-c4aa-4ede-9fd9-bbaff9c4a472,TCGA,SKCM,924bc59b-0400-400a-bdfc-e163ffc4750b,8,2.1972245773362196
9c47ab1d-e3bd-4191-bd60-4a2123de534e,TCGA,SKCM,904305b9-ddab-4f58-8cba-5fa064ebb87c,360,5.8888779583328805
9d86940d-50fb-4d2f-8b1e-539196885f46,TCGA,SKCM,ff327399-14e8-4926-a7f9-27318dc5dd76,77,4.356708826689592
9e5a0b7e-9682-4f29-8e4a-7af968ca93fc,TCGA,SKCM,0c94b1ef-6f1b-4701-b524-e0aefc49bb31,116,4.762173934797756
a4e5a8ba-dbb2-4ee9-8ab3-cc5bab152cc2,TCGA,SKCM,50bbbefe-3eba-4562-be2f-870b7deab4db,57,4.060443010546419
a5930bc2-d0e4-454f-b60d-5dd1148d4669,TCGA,SKCM,9f3b4749-5931-40c9-8ad6-fd83cf810fc4,1179,7.07326971745971
a5ab4498-8721-40ea-8ee4-fc1a6d05721d,TCGA,SKCM,df2a1203-891b-4b47-99c5-01a2fe3cfe66,53,3.9889840465642745
a9255dcb-b236-4777-ac43-555e3a5386c3,TCGA,SKCM,2d189755-b948-46d2-92bc-51788453202c,404,6.003887067106539
a9eb1022-ffd3-42de-a39d-2126fc7ec0ce,TCGA,SKCM,5a9e2b1d-ba94-4aa6-aea8-97a29efea791,16,2.833213344056216
af852862-f01e-4ddd-82c6-9781c93ef20b,TCGA,SKCM,469bc8df-9a94-484e-9844-ffe6b89ee2c0,109,4.700480365792417
b2fbea07-eede-4ab1-994a-da26583a5106,TCGA,SKCM,fb3fc884-12f8-4634-8439-6d306fb59aff,131,4.882801922586371
b44cced8-88db-4769-a1b0-b09d28558277,TCGA,SKCM,0d4fceab-190d-4e98-93b5-6c86c6988e2e,150,5.017279836814924
b53cf25c-929c-4f1a-870e-13f260c5cf7d,TCGA,SKCM,a0bbd6e3-9296-452c-9012-86aeccf66e32,36,3.6109179126442243
b6ee9305-c935-4692-81f3-956956d5b4c4,TCGA,SKCM,0e1a1325-890d-4170-91fa-c53d4b8065e6,33,3.5263605246161616
b85b14d7-3b5a-4800-af12-622ec03b9fe5,TCGA,SKCM,023a3ce5-f2e6-46cc-a6a9-011145a1e808,76,4.343805421853684
bda2f09a-82c4-40ec-90e8-0bf63916a5c7,TCGA,SKCM,32c1be5e-e833-43f5-a515-75b6e54dbefb,53,3.9889840465642745
c35d97f8-1b70-4fbd-a603-9230b3ba7952,TCGA,SKCM,481fa807-fe38-42ee-bd7b-617066f616d6,255,5.545177444479562
c4ed9e22-b5d7-4469-89a8-861a86791c8b,TCGA,SKCM,a3b94365-2a03-4dff-a776-c97c74273d54,117,4.770684624465665
c757c326-6803-4451-a2d3-4368812855a7,TCGA,SKCM,6e9538f8-598a-489e-b26b-637ec5efb830,128,4.859812404361672
c787c4da-c564-44f1-89eb-dd9da107acb1,TCGA,SKCM,a20d9e3d-4b44-4843-8387-b75b20ba47a5,389,5.966146739123692
caaf50a4-13b5-4003-b52f-e5f9780f9f94,TCGA,SKCM,6af765aa-3805-416d-9688-ba5d24d1b03a,17,2.8903717578961645
cf97d5ff-1cb7-434e-9ca8-c396cf960e5a,TCGA,SKCM,d0571992-9837-4f26-ba4c-346e59dff792,866,6.7650389767805414
d0c3a83d-a1bf-4e9a-a610-2fb4370f2891,TCGA,SKCM,a1274594-3ca8-424f-b1a6-26d4a6a353dd,326,5.7899601708972535
d32a4219-4cca-470f-b6b3-11447d9f5e0b,TCGA,SKCM,25091999-a496-480b-a60c-e43703ecb9d4,32,3.4965075614664802
d56a707b-dbf5-481d-9d93-1e23a854a684,TCGA,SKCM,79a169b1-5739-440d-8ade-2b6f7268c192,306,5.726847747587197
d7e86c99-a716-48b8-b067-e73d68b14dee,TCGA,SKCM,0c8bffdc-844f-44b4-bdcc-77f2f3438f97,65,4.189654742026425
d7ee2693-39a8-4e3a-b6f6-e4729800e34e,TCGA,SKCM,fac8149c-e53b-40c5-bf87-2324156a18f7,437,6.082218910376446
debd7156-8b97-4bdf-9dd9-7e469277d252,TCGA,SKCM,60b9da6a-d9d4-42c2-b2dc-6d8242cf1567,141,4.955827057601261
dfe9d2bd-2317-4103-b493-41c5469e08a0,TCGA,SKCM,78bc8a71-9cde-4a7b-bb58-233985dea6fa,250,5.5254529391317835
e865b9be-ca10-4805-9634-2f35ad18b63e,TCGA,SKCM,4a836377-512e-4b2c-96c3-ac3906985de0,642,6.466144724237619
e9f0f030-d9aa-47c8-9f4d-a9ce58888c41,TCGA,SKCM,697cf437-ef38-4203-af4f-b36ec2c81493,361,5.891644211825771
ea3c0988-17c7-4eb0-a1a6-cef1e0865384,TCGA,SKCM,36fb8a2b-4671-4df9-8c06-263ee7dc8e15,48,3.8918202981106265
ea6337b3-3b5e-489e-ae2f-2908447f6300,TCGA,SKCM,c2bce9e5-73ee-43fd-bd95-ac606ac71183,298,5.700443573390686
ee08eda6-033e-403b-a26a-747b118ae897,TCGA,SKCM,c7ba090c-98e4-4f0d-bf9a-e7ec40bd7487,306,5.726847747587197
ee143e06-0334-45dd-a2b0-1169527d6b4e,TCGA,SKCM,3a9207af-6a95-4ee4-91d5-79510f10e6e2,1457,7.284820912568604
eea5ea8b-6579-44c2-a205-47befe82ee9f,TCGA,SKCM,f0bf8174-6862-4ef6-963e-b06a8df88c1d,81,4.406719247264253
ef40fa3d-807b-47c1-9f77-58e9778ce391,TCGA,SKCM,8ffd5617-149a-479e-a7d3-81c49c067fee,398,5.988961416889864
ef7bc188-6aec-467e-801a-ab2109a28104,TCGA,SKCM,8f2c4b4e-db26-4c8d-b226-2062bcb7f6a5,55,4.02535169073515
eff78af6-0f68-49b9-866b-0d511606f2b1,TCGA,SKCM,09d5efc7-ba65-495d-a9fa-e38e49500be3,227,5.429345628954441
f1a69042-8347-45c1-b925-8526a8443b86,TCGA,SKCM,9eea238f-8581-462a-bbba-18d5fbe2ad29,12,2.5649493574615367
f9e36bc2-484f-48e8-82ba-99026957277a,TCGA,SKCM,85ab5d1a-630e-4984-a657-c56a34356aa2,285,5.655991810819852
fa099993-ef30-4eff-a8fb-aa41b5ea671a,TCGA,SKCM,5a02f129-6918-4628-a87b-31a0d4d7e40a,1294,7.166265974133638
fda160c9-efdc-4263-98f1-e38b00571b4d,TCGA,SKCM,0c5744ec-f8ca-42a9-a493-4d66f9740669,219,5.393627546352361
fdbbdbf8-cf2e-4550-9727-b023aed9b8d9,TCGA,SKCM,3d0de176-c9db-474a-baf2-bc6405236fed,19,2.995732273553991
01775b06-5836-469c-8537-120cb8cc94e9,TCGA,PAAD,d192cdd3-1eef-4579-ab22-e11dd9b8030c,1,0.6931471805599453
02dbd5fa-e31f-4486-8df8-5b851f2e92bd,TCGA,PAAD,9a48d83c-2674-48e6-a023-84170bf31145,47,3.8712010109078907
02ef2e1a-5afe-4c00-a3ea-7f4a153f1da4,TCGA,PAAD,215525e7-fa5f-4495-a84d-17cd952dfcd3,38,3.6635616461296463
05d2adb3-5c6d-4edc-ba4c-bdbf628f4eee,TCGA,PAAD,a4d0115d-3bb1-41df-b2a8-823cebc7104a,20,3.044522437723423
0944ce65-a89a-4916-b90a-f674b334281e,TCGA,PAAD,d73129d0-ec0b-46eb-817a-320040bc305d,29,3.4011973816621555
09fd6d9e-c715-4d57-88f9-238dd74c79a7,TCGA,PAAD,3d055cb9-0bad-46bf-8579-259aac4607a2,14,2.70805020110221
0a3c8161-4186-4c95-8288-9928d6db0355,TCGA,PAAD,f54820a6-a987-4c81-a888-ac9ca590d4a7,22,3.1354942159291497
0b4443a0-087d-47e7-9e67-795eac6750c3,TCGA,PAAD,3f463d35-ef25-4e5f-9cea-81576d0fde07,25,3.258096538021482
0fa89fbc-307a-48d5-adce-192556755c22,TCGA,PAAD,9ee5108b-9bce-407d-ae5a-075322882c00,25,3.258096538021482
10f0d40b-c4c4-441b-9cfb-bef5e44aa91e,TCGA,PAAD,1500117c-5da7-43ba-8453-64d20170eb86,44,3.8066624897703196
13cf4e4c-8d5f-4854-a350-428fdf1ff340,TCGA,PAAD,913f4a45-995e-4fc3-b093-b5d80c060898,6,1.9459101490553132
1422bc35-4597-4e76-aa75-8e79613e67d5,TCGA,PAAD,2b89b4e4-a150-44cb-b533-4d55272841d6,86,4.465908118654584
1521ac6d-31f7-4240-9d54-4f7600e78e16,TCGA,PAAD,9f65c99a-47f1-4f33-8a66-bd1fb638d953,62,4.143134726391533
16b38977-aea1-4c75-89ec-4fb551f652dd,TCGA,PAAD,44f31ab7-9518-4b29-99fd-9b1247d9d189,40,3.713572066704308
17142718-742e-464a-8e0f-a6b9ac8fad75,TCGA,PAAD,9e839f31-9cfb-42b7-a279-32ea4445903b,9,2.302585092994046
1756244e-13bc-4ed7-8b91-005608803d91,TCGA,PAAD,b8802db6-a0c5-4d4e-842e-22a91f36974b,2,1.0986122886681096
1782bf45-7350-4053-8dd1-45faf4ed8dd9,TCGA,PAAD,b1df6411-4c72-4e3f-bcdb-9b446386f4ed,25,3.258096538021482
178e68c0-4cb8-4042-a942-5a159ec1e12b,TCGA,PAAD,c4b1a406-6c19-4199-8cfc-076f6d785d3f,77,4.356708826689592
18960eb6-2d79-4d12-886a-4cd1e8fc1e21,TCGA,PAAD,ad163cf4-adf6-4b06-8350-0eaa2d670b39,0,0.0
1b31d2e9-5b05-4fff-88d6-3a95bf8f8d43,TCGA,PAAD,9acf5e5d-4397-49bd-9a24-bdda7d6b944e,12,2.5649493574615367
1c2341f3-558b-4555-90ff-c7a23ef85c0b,TCGA,PAAD,fc97efd2-4c4e-42c1-ad65-256d40b6d3c7,40,3.713572066704308
1db061c0-9b28-4bf9-8ad2-0383c69b6800,TCGA,PAAD,e377175c-5a94-4600-860f-e2e31fc960f5,48,3.8918202981106265
1f5494c4-e26c-4512-96d9-30412b5b32ce,TCGA,PAAD,715a5638-c83d-4beb-9caf-f01047ec7a81,37,3.6375861597263857
1fe937f7-b4e5-4cf6-be9b-215a012533c6,TCGA,PAAD,6230d096-38d0-4945-ac66-3811160f11f6,1,0.6931471805599453
20094e3e-cee3-41dd-8553-1fc393117786,TCGA,PAAD,580badbf-e323-43fc-b783-e89b52302d3b,36,3.6109179126442243
2048d0f9-ed9f-46df-bcd4-3dfd9137670f,TCGA,PAAD,1bccd28f-ef99-486b-b191-e07c17185d57,24,3.2188758248682006
21814c02-6aa5-4b98-8fd8-41ca0b04ccd2,TCGA,PAAD,9043ee18-45f4-483e-91c2-b8dd175ac703,45,3.828641396489095
232073a1-2bf3-4539-a396-bde7836f9aeb,TCGA,PAAD,483e03f9-4112-4a4f-9b1b-c6330c4d7527,5,1.791759469228055
23908554-b98e-4ff8-98e7-dee3e2c5feaf,TCGA,PAAD,b26890fb-cbd6-4dc0-8f3f-cca025a61225,17,2.8903717578961645
24a40289-96fd-4c1a-a953-45a46a0a0e9d,TCGA,PAAD,1b055aea-842c-4e66-8c0b-0fdbf707809b,4,1.6094379124341003
27286a38-1035-4a22-9ebc-874df8c49026,TCGA,PAAD,3946d6e3-4460-43f8-9c1b-defceee3fe4f,39,3.6888794541139363
2aaf212f-000a-4a9d-8a4a-198fa94f491e,TCGA,PAAD,fbd81952-f83a-4a24-86f8-5a415a722499,30,3.4339872044851463
2ad10199-1381-42b7-b54f-da34c1b1d3c0,TCGA,PAAD,f253cd32-9c55-4541-8c6c-5e4a1db99ee1,36,3.6109179126442243
2be42cc2-9b97-4821-afc2-d1e42eb3932d,TCGA,PAAD,8044f5b4-6b45-408c-b0fe-059e773e401e,28,3.367295829986474
2c636fb4-c341-4c55-b920-27bc2d40c815,TCGA,PAAD,439c7ab0-445d-42e7-8be5-144db4245626,49,3.912023005428146
2e0701e1-e16f-457f-b939-7b1128f4a58b,TCGA,PAAD,c1613f9f-e93a-426c-a750-54895e588067,43,3.784189633918261
2e8f90f4-aed3-43b0-985c-dfdc2581f24f,TCGA,PAAD,3af1813a-c75f-45d8-8289-d19e6979f919,39,3.6888794541139363
2faea98a-edf7-4e92-bfb7-f91a36259872,TCGA,PAAD,f624a728-7487-4621-8453-ee758398b506,45,3.828641396489095
31aca8a3-7107-4b9d-8b6a-c07caa2a9339,TCGA,PAAD,cdb957f0-34d9-4db5-81a4-fb8c07eebb6f,31,3.4657359027997265
31c23e65-1f18-4f59-8a54-31febedef8a2,TCGA,PAAD,50db8a7b-1d89-4c9a-a285-5de3c2bae5cf,14,2.70805020110221
31e66b80-c684-4ee8-82ae-36d00f36bc88,TCGA,PAAD,284c58ee-b128-4d55-911c-1207d003ce52,28,3.367295829986474
3264459c-adeb-486e-ab8f-274574441593,TCGA,PAAD,e8bf1350-c26c-45ee-8026-ead112e146b7,32,3.4965075614664802
33833131-1482-42d5-9cf5-01cade540234,TCGA,PAAD,127d29e6-393d-40c7-8c55-1ef072e3a525,26,3.295836866004329
3559f697-8fec-4f36-962c-632272fe9c9c,TCGA,PAAD,40f2771e-e140-46ed-b472-91c0233e6528,12766,9.45461899582035
382b279f-87e1-4dbc-a2ca-c1dfde1cf254,TCGA,PAAD,0e94fd0c-0f14-412a-80c3-7cb8b9d01c75,8,2.1972245773362196
396ff766-a383-4f42-bce3-f2f32b7f1151,TCGA,PAAD,f8ed2164-dbe4-4eb7-a7c6-c123e911e50a,86,4.465908118654584
3a3a8fe1-e35c-45d0-aa0b-4fefa9ee9183,TCGA,PAAD,241606d3-f359-4df7-ba9e-1c2a86c17d10,0,0.0
3cbf56e6-dccc-40fe-b06e-2621a2121e9d,TCGA,PAAD,1244d7e1-7a90-4a47-b92b-fd93edd8561f,32,3.4965075614664802
3e09fd70-6464-42f6-96a6-b51d7c298fc5,TCGA,PAAD,7ed77068-1209-4a88-8896-201a5fca9cfa,23,3.1780538303479458
3f9cc59e-9f7d-40d1-9365-28b40dff3c59,TCGA,PAAD,688a1e70-9164-4ec3-abd6-6cb366d87f72,20,3.044522437723423
40d9b9f7-42b7-4cfd-af95-660777ad0529,TCGA,PAAD,3e88a838-0909-4b94-8747-9003414d422d,39,3.6888794541139363
40fc7973-91c4-4fa8-a105-7fc3d6f3817c,TCGA,PAAD,b9632740-926c-44ce-afc3-a312375440f2,36,3.6109179126442243
4387a2c2-8007-4735-a48c-34a2b476018e,TCGA,PAAD,1e3a2f00-8824-47ca-94ac-cff42deb90f3,5,1.791759469228055
459028fd-0cd8-4e6d-a668-71fd60bd0a37,TCGA,PAAD,e14ea4c0-3fe4-486c-8f9f-bad12964dbb6,21,3.091042453358316
45e48080-0b27-45f4-8149-1ae7e36c6933,TCGA,PAAD,d8ee313b-643a-42fc-998f-95a7e27ee107,51,3.9512437185814275
4a60e87e-6bc1-4ae0-9ccb-4cdc3e99c608,TCGA,PAAD,a3b1025f-76a9-4088-a465-0bd3c8ab1193,68,4.23410650459726
4b37b026-1d41-4bad-8996-7cb1f0e569af,TCGA,PAAD,0110e743-ac32-4b78-8eed-6e6cb8b75849,6,1.9459101490553132
4c9e6085-41c3-4cfe-ad3d-5f94196a86e0,TCGA,PAAD,cd7165a4-fe2e-4730-abbd-060097120571,1,0.6931471805599453
4f87e061-e773-48f2-84ba-32401396500e,TCGA,PAAD,541ae33d-b504-4c86-8758-20087845a579,26,3.295836866004329
503d7e36-df78-428d-9971-09ff707645c2,TCGA,PAAD,cb6f2165-b246-40ec-a1f1-38ff514c5c35,37,3.6375861597263857
507a4e05-d5ab-4dbb-9b4f-76b1a21b79dd,TCGA,PAAD,34fe7a7d-8120-4527-8d7f-d136f2bb010c,5,1.791759469228055
514d12b0-6f60-406e-bde9-a090e918ebff,TCGA,PAAD,6ba6db00-39b0-4627-b5de-4438f75c5cf2,45,3.828641396489095
517e0f20-56cc-470e-8c5f-543efa10cfb5,TCGA,PAAD,ca8190ae-3d6c-4550-a079-2c873f98f80a,47,3.8712010109078907
53c94a86-1b4d-4833-a169-d990c460b301,TCGA,PAAD,6671afe0-b094-4d02-8bdf-02e6660cea94,25,3.258096538021482
5494af7d-403a-423b-b7ff-e6db9c117e93,TCGA,PAAD,188fd6b9-4291-47c9-bb04-e9e67d4b0465,50,3.9318256327243257
556baca9-03d6-48a3-9216-4fc441e99f90,TCGA,PAAD,3eb32ae7-a542-4c58-8394-fef21dbeaac7,9,2.302585092994046
55cee1dd-15a0-4717-a281-63e08e2cfdf9,TCGA,PAAD,2542cead-e252-4c01-bd34-8cf170d49f4f,35,3.58351893845611
565ee830-5236-4414-aeaa-48ea7eb3b753,TCGA,PAAD,9e459810-a982-4f7d-a6b3-ab1ac35bea62,0,0.0
56a1b8ff-a71c-4e5f-9c3c-d8162ff896aa,TCGA,PAAD,9c7d0cbe-953d-4785-8f79-ae54edb3d7ea,43,3.784189633918261
570f9947-1ce5-49c7-9619-49439df6c7a9,TCGA,PAAD,d36a090d-0b64-459a-931b-b743095fb96c,12,2.5649493574615367
5750a6ed-2516-456d-97d4-2f6486845ed8,TCGA,PAAD,5dd598ff-58cf-4553-af71-2e0d80a04c08,76,4.343805421853684
5898434d-cfa3-4515-a0c0-810d7e515120,TCGA,PAAD,9b95c108-d893-4023-abd1-3f714f08b2a4,9,2.302585092994046
58c1c391-5ea3-4432-bb1e-e7e1974954bc,TCGA,PAAD,3982f99d-d2ad-48cb-b3d5-840502c5bf53,29,3.4011973816621555
5965cd7b-f384-4473-826a-8381e362d10e,TCGA,PAAD,eb9da5b9-3fec-473d-9cc3-01f8b897dfae,31,3.4657359027997265
5971a597-1e16-4f6d-8d7b-0e69c6bdcead,TCGA,PAAD,df863996-d40d-43e3-84f0-938ca2a78fe9,35,3.58351893845611
597a5a56-244b-4218-a55d-5d08217ea28c,TCGA,PAAD,35088c7e-99d5-46d4-a8df-ae85794c019b,26,3.295836866004329
5aa57fff-4515-4076-8798-55015bb4f156,TCGA,PAAD,4be7003d-17f1-4c16-a8ef-d93a447f5a1d,66,4.204692619390966
5bfe94ed-88b9-44ce-8bbd-1285ab9678a4,TCGA,PAAD,ef0f7a22-52d3-4f00-a5f2-8679f5088430,31,3.4657359027997265
5c51fbfe-153c-4cd2-97bd-e444daa0b20f,TCGA,PAAD,d38c7ed8-f049-44da-bcaa-6dfed9e87562,67,4.219507705176107
5dbb4642-6636-4d67-9e73-25c7312aec44,TCGA,PAAD,35e2ac4f-1f27-4c48-9a15-9bb66a81b6ac,43,3.784189633918261
5f468c25-73c3-49d5-ba12-50653dfe2c41,TCGA,PAAD,a713387e-6f3f-4af2-8494-77355a54caa0,12,2.5649493574615367
5f9a5aba-8db8-45cc-8784-c5058445bd6f,TCGA,PAAD,1b31e73d-5229-4a65-b629-1371f8aa8b62,0,0.0
620e0648-ec20-4a12-a6cb-5546fe829c77,TCGA,PAAD,649f4d81-a634-4734-ba31-bdeb0877312a,100,4.61512051684126
638b1a6a-c222-414c-96bc-f259f0afb278,TCGA,PAAD,84d8e8f1-fe75-46bb-9693-423d055c7fd1,26,3.295836866004329
65e5bf5f-f22a-4ec2-8839-aeda37212b98,TCGA,PAAD,bed2a207-15f0-4837-9ba0-6638051df824,29,3.4011973816621555
6788e0e5-b67f-4fe6-aabb-6d0430ae2d06,TCGA,PAAD,6bda9845-af73-46b2-88fc-c02aadc99ee9,1,0.6931471805599453
67e9abc1-4b6f-4054-bdc4-29906c55c682,TCGA,PAAD,74ee5cc4-2195-4d17-ae08-837b837373fd,27,3.332204510175204
68c0bc1b-3195-4ed6-8345-3ca53dfc54fc,TCGA,PAAD,c0da3ec8-9575-4b2b-b6ef-e0b2c7670e91,7,2.0794415416798357
69285f58-9b70-4262-acc0-8cf3d47540c3,TCGA,PAAD,2493df6e-8c76-4557-a7af-6d1264e9dac4,1,0.6931471805599453
6983fc34-9577-45e1-b246-40e18fab953f,TCGA,PAAD,3d21cf04-a049-44ce-b698-4c033cf1669c,0,0.0
6a0a280d-4a30-4071-afe7-de6b82a6e34c,TCGA,PAAD,1c49d2cb-2071-473f-a517-2010e28475ab,48,3.8918202981106265
6a4e10b6-e6c4-4210-ae4d-0d8e8d0cb3ec,TCGA,PAAD,60a6a0c1-f871-43b7-94ae-668dfb7035f7,6,1.9459101490553132
6c0ea771-ea86-4db6-994a-2372b2b8f536,TCGA,PAAD,b4d49b83-cc71-4176-8dcd-3f7e74879e42,3,1.3862943611198906
6f777943-ffcb-46d9-872d-514559dee00d,TCGA,PAAD,b68f005a-2bca-4dee-a767-01113e5e7a5a,37,3.6375861597263857
70797499-16e6-48cc-8ae4-1e692713dad3,TCGA,PAAD,75bca18c-55fd-4c78-bcac-543d64d55c28,49,3.912023005428146
712335e1-f1e9-44b9-957c-497ea5e8fa2f,TCGA,PAAD,333abc63-0410-4b63-b64d-11ecb404305e,67,4.219507705176107
712c2f78-c736-42ce-b689-a954c5290987,TCGA,PAAD,0e23faa2-0df2-4140-aec5-ba8e840844ea,25,3.258096538021482
7240d5da-b54e-436b-8069-f2c9f516b75e,TCGA,PAAD,8bff1374-4e7d-4229-afe3-94aaa2cea9e0,26,3.295836866004329
74aa6675-28b7-46dc-9015-f07a07c7b018,TCGA,PAAD,c5b35b34-cf5e-4168-8aec-79a7df72da0e,26,3.295836866004329
75119d1a-93e5-4ae7-9d60-69ee929a0772,TCGA,PAAD,b64533e3-8dbd-4e50-8abe-a5cc52266897,58,4.07753744390572
758b70f6-8064-4f43-aabe-e5f968fe2955,TCGA,PAAD,5cf04570-9415-4187-b8fc-4d0452c4d363,20,3.044522437723423
77e49007-3e44-4157-beae-8f7e94234c78,TCGA,PAAD,88b45a1d-4dd3-48cf-8615-76e5f9099a2c,28,3.367295829986474
7a1d9862-910b-403e-9eab-697dc65618c7,TCGA,PAAD,818a7d3a-8c14-4fd6-83f1-000cca2be04b,23,3.1780538303479458
7e4e5633-6f83-4b46-b6eb-64b3f2866ba3,TCGA,PAAD,e993fbaf-8900-4a7b-8f73-3b7df51ab80f,31,3.4657359027997265
81b6b844-d760-4146-9b01-1c4b2596eb77,TCGA,PAAD,df0db454-9793-42df-aeb3-23ca4a105ccb,31,3.4657359027997265
8475c44d-e091-4c65-b1b4-9a77ae3c0e1d,TCGA,PAAD,8c9053d8-cd32-42f2-a334-532b234edf2d,47,3.8712010109078907
869e61d6-fbbf-4ca2-be1a-57b82a03c7a1,TCGA,PAAD,1985d153-e7f9-44e7-99f9-d71b5d4d565e,33,3.5263605246161616
886d6116-d496-444f-9b7b-7449dad31055,TCGA,PAAD,eb40b06c-68b1-4298-9d1f-4de1e28f07dd,38,3.6635616461296463
88eaebfc-d740-4cdc-88f5-df5e08633e2d,TCGA,PAAD,588c9433-14c3-461e-8c00-013abd90eb1c,1,0.6931471805599453
8d9bd437-8b4b-4da5-87ba-6b5790f05022,TCGA,PAAD,952b8bf3-3da4-4228-9541-004e17709cb1,25,3.258096538021482
8e7d5615-5142-4d53-a460-2cafade1f690,TCGA,PAAD,30d82c00-417a-42b1-8b59-6815cce20578,30,3.4339872044851463
9246c642-3231-4137-a24b-3efae151b655,TCGA,PAAD,2ef39ad3-7a20-43f7-8dc2-6997a89d3077,0,0.0
94cd2278-7c76-423b-a44b-564776211a07,TCGA,PAAD,a5723a1d-b3d3-4c19-9c61-ed53a8334b3c,76,4.343805421853684
953359da-e535-48e6-97dc-1b4ccad6a671,TCGA,PAAD,0c098157-254b-492b-ad08-54cf813814d9,25,3.258096538021482
959e1f13-360e-4e12-add5-bf9a376990d2,TCGA,PAAD,103eafcd-aa33-4f6a-b3c4-a3002c951254,13,2.639057329615259
98f1d0eb-0977-4f53-a3b1-e6875a34c27b,TCGA,PAAD,245632c2-f70b-4b31-b4b4-81ff6a860bc4,26,3.295836866004329
9924e309-5c47-42fe-b937-547f2b3d6842,TCGA,PAAD,ec2ef60e-c050-419b-8652-f0dc7ef6b9d4,27,3.332204510175204
9a2db69e-d429-45d4-89ca-a2c4e0cfc116,TCGA,PAAD,75b208f8-8cf4-4857-a717-707a65111282,25,3.258096538021482
9d449aa3-b740-4d5a-9aea-880b6f84cff4,TCGA,PAAD,25179d11-adde-4105-a3cb-ecfa7ea16b33,44,3.8066624897703196
9d5c5303-550f-454f-8fd4-8abcdd311215,TCGA,PAAD,90321946-18e9-4ebb-9412-2b7b4bb7b1e4,16,2.833213344056216
a28cfa95-5a99-40f3-928e-7a94f2492d2c,TCGA,PAAD,7cb069c7-4347-4d73-aad1-dee5cd15565b,28,3.367295829986474
a2fd0991-cfbd-4162-8ca9-2ed096f54a14,TCGA,PAAD,eea4fe20-4aa1-4cbc-8246-29661fb2ff71,10,2.3978952727983707
a308a5ee-8ea1-47ee-823d-14736d74a925,TCGA,PAAD,7e1b5fe0-34c4-4144-9964-0f16e904dad0,67,4.219507705176107
a4569ce7-dde7-4660-a24c-409d294b2b8c,TCGA,PAAD,d4b54ce7-b3ed-4a31-8bf7-867efc78e980,88,4.48863636973214
a53c919a-4e08-46f1-af3f-30b16b597c33,TCGA,PAAD,3f69c795-598c-491f-b4ae-3812a974daa3,32,3.4965075614664802
a5748656-5330-417a-8938-01f69ddb3576,TCGA,PAAD,4d5b1ac7-1ed8-4ea7-bbaf-a83d1c5cddf3,13,2.639057329615259
a643d0b8-aa50-481c-9f12-f2e634d61d90,TCGA,PAAD,c5f8609e-0a71-47ae-a0b3-1f84ebe797d4,16,2.833213344056216
a8c3e333-865d-4060-8ce4-453aa6f9f0e8,TCGA,PAAD,4a1c8620-73ce-4be9-ae64-589afb3007d9,54,4.007333185232471
a9c0f3a1-01eb-4f01-b58a-708b2960e685,TCGA,PAAD,26842740-dfe2-4b42-b625-1f5719500851,44,3.8066624897703196
ad220f0d-06b7-4dad-a87d-36dff31c8623,TCGA,PAAD,6adf699d-16b8-436b-add5-93045cdf9b1b,0,0.0
afe89625-b355-454d-8c0b-b4161edd69f8,TCGA,PAAD,786ce56f-1b04-4941-a9ea-5722715d42f2,48,3.8918202981106265
b46b5a4c-59fc-4769-b05a-d15f9aaa753a,TCGA,PAAD,68cae6f7-73dd-481d-aac9-dc023e6c12d6,9,2.302585092994046
b84b58c7-95b8-4162-8e61-414f8fe422c6,TCGA,PAAD,df5a3f1d-5206-4318-a62b-39f221a4cd08,19,2.995732273553991
b8e0f4fb-c916-43b8-afd2-8077a7e3aebc,TCGA,PAAD,ef502468-0656-4c82-ad4c-bbbba43986be,42,3.7612001156935624
bd73ed94-5f4f-4eb3-8b9b-391af4422d0e,TCGA,PAAD,a1a0185a-0e2e-4988-843f-da28c341841a,36,3.6109179126442243
c24c54ea-4095-460d-bb53-e3629a56cd62,TCGA,PAAD,3e270d2f-1ba3-4c2f-8eaf-55b97080fdab,25,3.258096538021482
c26002e7-abf1-42b9-bf36-0e97249d872f,TCGA,PAAD,e501087c-0bfa-4447-b7f3-4ca93b4a6c0e,23,3.1780538303479458
c53328b4-0930-4e6a-a648-283b5565295e,TCGA,PAAD,c7be34ee-0d68-47fa-bea9-601cc5da20cb,37,3.6375861597263857
c53d66d9-ad9a-417e-a441-df5bcf1ae13f,TCGA,PAAD,f66069a4-d0b9-46af-9401-367c424ba19a,0,0.0
c60a4c63-607b-4d59-8625-bc5d20207647,TCGA,PAAD,59c11d1d-90c4-4857-91e3-bc12183c6282,0,0.0
c6388925-c0a1-4610-a6b9-d9d9500d88c6,TCGA,PAAD,330772f0-6c6f-45b6-8b22-342325fbad53,19,2.995732273553991
c70621cc-c8e1-441d-93ec-bd6922cc7f61,TCGA,PAAD,9eaf1f4e-dd4e-4a8d-a5a2-c1763191faf5,30,3.4339872044851463
ca2da39a-263c-4238-9826-de7d52e63d0f,TCGA,PAAD,7ba9b358-398f-4bdc-9835-7ad743aaff69,21,3.091042453358316
cd9dc5c5-1161-43ea-a617-1356a3b23e16,TCGA,PAAD,7ca10400-9647-4766-98bf-b5c8130346d0,27,3.332204510175204
ce2bfd9e-6382-47bb-9fd1-b77afe57e948,TCGA,PAAD,425613bb-a981-4984-95d5-50839b89a04e,21,3.091042453358316
ce9e0431-19a1-4ea9-85b0-44a9e9792e03,TCGA,PAAD,789ebf62-b31b-4ee1-86d5-b33b07d8bb33,43,3.784189633918261
cf825b86-7ec2-4e90-bcce-3b5637b90b70,TCGA,PAAD,86ed628c-fb1a-4505-b6e8-0cc72719840e,28,3.367295829986474
cfda26b9-d417-425c-9a72-fa76ca4b296c,TCGA,PAAD,87e328c3-6376-40f1-9305-b2ec852d81d2,12,2.5649493574615367
d14154a5-9c8a-4c55-8c2d-64f3cad7b7d5,TCGA,PAAD,8e33355f-179c-4184-a333-ca1f70978744,38,3.6635616461296463
d1e0f479-77dd-42cd-89cb-c1eeac60c10a,TCGA,PAAD,124ae6a1-e656-4f54-84b2-0df788351384,54,4.007333185232471
d211e0c1-7968-4343-8aae-27fab0039367,TCGA,PAAD,e3fd8f04-ba59-498c-9b58-dd8f5f96b0fd,70,4.2626798770413155
d47e214d-efbc-436d-b928-303d1f5135c4,TCGA,PAAD,932c9ad0-252c-4433-bd33-a79f942f1afb,33,3.5263605246161616
d4f66f06-9289-45c1-b9eb-aaef991a4bb6,TCGA,PAAD,7e460f1a-71f3-4d86-a146-c2ee5704237b,30,3.4339872044851463
d8aa891c-8050-471e-ad3e-32b9c5e9db03,TCGA,PAAD,5efe330b-4d57-4b26-a732-7bcabab3b863,47,3.8712010109078907
dd5074b2-462d-4267-8b9b-5a4c54e5978c,TCGA,PAAD,024ade99-be76-426d-b392-bdd488eed535,27,3.332204510175204
dd7bcdd8-1660-4dab-9860-9d136c4cee77,TCGA,PAAD,89ddb133-8f62-4be4-8569-bf184c94652d,33,3.5263605246161616
e3a19e63-bae5-498b-9687-41194aa5728d,TCGA,PAAD,574e18d7-010d-48e6-ba40-db3aa3540e34,28,3.367295829986474
e4babd46-005a-4af3-8041-131648d9c2c6,TCGA,PAAD,e927777e-e4e2-4dfe-af34-a0b0a6342e9a,0,0.0
ec9ac713-08e9-4559-b606-5f58d2c4df50,TCGA,PAAD,c0ed500e-e4cb-424e-bcd2-ca7c62f0f014,32,3.4965075614664802
ecdd0e44-0add-4a08-a3f8-ab2f51df7afd,TCGA,PAAD,1a96328e-49a7-4655-abcd-d463138f457f,32,3.4965075614664802
ede2e8a7-465e-4725-880d-519899aba0c0,TCGA,PAAD,fcebcf5a-84d3-4a49-bf88-2ad17bbebbd6,47,3.8712010109078907
f0a4944c-d6cf-4163-a1ab-189803464b03,TCGA,PAAD,e38615d5-18c8-4976-a333-b483bb5e01ac,20,3.044522437723423
f2313562-c894-486d-a9b6-ed362e12a32a,TCGA,PAAD,ce1b2f4c-4a19-4529-9a05-4212ac140ebb,31,3.4657359027997265
f5558dc7-5bef-426f-a6bf-b704fd5dbda0,TCGA,PAAD,e916054b-02b5-4f02-8c21-940c14683ced,33,3.5263605246161616
f73dfd7f-e054-46ff-9485-e8d05afe2da6,TCGA,PAAD,3386c8d6-43ac-4149-ae83-d6f479bad39a,37,3.6375861597263857
f852de27-b600-44a4-ab30-d74108dfc2e9,TCGA,PAAD,a566d8ee-aed0-44c2-8409-38e03bd8e545,32,3.4965075614664802
f89d429f-4747-468b-b894-89583bd8ab02,TCGA,PAAD,958e63e3-9fe5-46a8-8844-e1e8f5b1eb79,12,2.5649493574615367
f91eb33d-76f0-418c-9962-11a5b31ca1dc,TCGA,PAAD,739472cc-a30d-4e46-93cc-5ae08eb39f0a,19,2.995732273553991
f96ab3fe-bb11-4585-a35e-52d400e55ab7,TCGA,PAAD,e7ea70ac-6345-4b16-9832-04e0800633c6,77,4.356708826689592
fe01a390-f45e-4352-a253-af8ef7ee9628,TCGA,PAAD,1a5d463c-ace6-4ab6-83f4-407cb2d97db7,21,3.091042453358316
fe699c36-82ef-45dd-b636-8c18a9ef6c76,TCGA,PAAD,9bfe5f73-1481-41e3-b8fc-d57b057bae31,23,3.1780538303479458
ff8dac97-42ff-4f48-81c4-50315ad8de58,TCGA,PAAD,508e7f55-26a6-4281-88c9-5e35d59f56c2,26,3.295836866004329
00781a96-4068-427c-a9c5-584d167c3dea,TCGA,STAD,eaca674b-01d5-4e82-8dd4-c7b170e36064,871,6.77078942390898
00ee3098-1b32-4e7a-81ea-993773587c41,TCGA,STAD,8e1ba728-e38a-4d58-941c-39463265c16b,41,3.7376696182833684
00fdf96d-c48a-47e0-b91d-576c52e6819c,TCGA,STAD,7ca5701e-8e7e-4238-8225-7928a4c15e18,537,6.2878585601617845
012921da-962c-462c-9c36-d0f21b23c028,TCGA,STAD,a64fb136-5967-4826-9b32-e1f580e08ea3,95,4.564348191467836
012e99fe-e3e8-4bb0-bb74-5b0c9992187c,TCGA,STAD,0a51d6e0-82de-43b1-b72e-790d57ca9018,0,0.0
018f93ad-92ef-4bbb-a0fb-dc407a289daa,TCGA,STAD,b8275137-3052-4f60-b11d-f15499863648,187,5.236441962829949
0246823f-99f4-4a46-b2b1-27f81179584c,TCGA,STAD,d2d3d17f-68a1-41c1-a531-386f2f8d3138,113,4.736198448394496
02661985-d13f-4007-9a42-5e08d1a6ca10,TCGA,STAD,2882a2f7-841e-462b-9927-8f4f35944098,723,6.584791392385716
028632ed-d75a-49bb-b579-41962ba502fe,TCGA,STAD,83f574a9-a777-4ac2-8060-f71e81f23f7e,2056,7.6290038896529575
0403e788-27f1-4205-9e73-ade13b8df1e0,TCGA,STAD,6a8033f9-8dcd-404a-ad51-b9063f92eff6,67,4.219507705176107
05c4d180-a571-4abb-bbdc-7363269dc0a6,TCGA,STAD,6d3a05a6-faa8-4c6d-8945-24d17636470a,2,1.0986122886681096
05ce16d4-a999-491a-91ad-9449a57228ff,TCGA,STAD,a990aca5-8d28-471d-9b18-0422d6fafe25,85,4.454347296253507
06fd3086-0801-4d74-bced-4916efc544d2,TCGA,STAD,b50421e7-b9d6-4af9-b7b8-e47b9d1c69d3,71,4.276666119016055
08c73b36-ede5-4136-b73b-0e964d432f89,TCGA,STAD,01d56ce3-1163-42a5-a532-f584c5d6a01e,1199,7.090076835776092
0a11e958-7ec0-493c-bd7a-eb17536facd7,TCGA,STAD,0390dab8-28c2-466f-8d58-07870b2f0a49,59,4.0943445622221
0ae2b51d-aade-4d24-8d0b-6990123d9074,TCGA,STAD,fc86ad47-b057-4abf-bcbf-179e1f1ccbee,81,4.406719247264253
0b1663fc-6a7e-4698-951d-a8c90fdf2411,TCGA,STAD,d9a4759d-c86e-4c40-bcb1-c826997cbe14,92,4.532599493153256
0b4e8d73-459d-4930-9d1a-abb8d53e1844,TCGA,STAD,ce81a776-fb72-46ac-bce6-c9ea6144350a,83,4.430816798843313
0b787bdb-949d-499c-aece-7a3977fcd198,TCGA,STAD,b0ae2c31-aab0-4390-b305-14d048ce26b1,57,4.060443010546419
0cd4b4a2-d3ce-4fc4-b899-bbcecb2b3d55,TCGA,STAD,ad1259c4-dc81-4979-a824-b48b151cf259,127,4.852030263919617
0d0f0200-25b8-483b-b04a-82a7833b4d30,TCGA,STAD,a7eec2a7-1665-4d09-aac5-8f3a4bdf8ea3,73,4.304065093204169
0dfa566e-8fb2-4288-81ce-b4bcce674b06,TCGA,STAD,70f377db-f45e-4f05-925d-5bef0b5d18a6,39,3.6888794541139363
0e99c305-c69f-4fb4-84d6-29cac1cc9d39,TCGA,STAD,c5e01acd-e391-4fb7-9fad-a0f043ce4da8,77,4.356708826689592
0f00ad32-e4be-49d4-a02a-d233bfc913c5,TCGA,STAD,ebe30efb-3057-4cab-acbc-327b282d9025,1573,7.3613754289773485
0f344863-11cc-4fae-8386-8247dff59de4,TCGA,STAD,5b698e6e-6042-4c5f-a3f5-6c2732367e36,26,3.295836866004329
0f3e2f16-1c06-4128-af45-ee73de19ea69,TCGA,STAD,facb37d5-7941-489c-9aa2-17288ed9a9d6,1372,7.224753405767971
0f6b5086-4bc0-4ce3-84e7-ef8ea0356d1c,TCGA,STAD,f63a6159-e887-41f9-b2c1-99145b8e43b8,93,4.543294782270004
106f3344-f699-4b2c-8f62-4ac6c948dde4,TCGA,STAD,1b7c5052-6dd0-4fff-bc47-a971e5d60919,802,6.688354713946762
1142251c-28eb-48bf-9c54-7126d4557605,TCGA,STAD,28244532-a002-49da-8ce0-8a87cb7ea96d,59,4.0943445622221
117eb38b-0c62-4336-a866-fa5bd013256a,TCGA,STAD,ce9debeb-5d18-4227-ad14-518907bcf10c,33,3.5263605246161616
12071070-d06b-4c7b-a7b1-77c84963abe6,TCGA,STAD,cf9c0585-9e4a-4932-9007-a13a5e58741c,16,2.833213344056216
129d95ca-71ef-44aa-a93d-f87803c37c9a,TCGA,STAD,64924e7b-a995-4f24-ad11-3dcef0de17c7,94,4.553876891600541
12f63577-7fae-4fc8-9106-39729669fdfe,TCGA,STAD,f42564f4-f1cc-4956-9278-1336f4eb4314,24,3.2188758248682006
131fb0f0-e0af-431c-8462-f1925a5f4c72,TCGA,STAD,9ef848a2-b65c-4d02-9202-a2a60ce21f28,49,3.912023005428146
13e5a0ad-6d0c-4fb4-bf62-325f5c8ed329,TCGA,STAD,0f5b4487-e417-48f7-9cc9-03335c089d94,110,4.709530201312334
152b9d8a-19fd-4665-b9e4-4fedfb1608cd,TCGA,STAD,fa2364e1-1d9c-43c3-8836-c4f6b204160d,135,4.912654885736052
158b6bd2-1e7d-4c7e-9d8a-42467342c9c2,TCGA,STAD,bdfd291c-ce84-49e2-a670-5158682842e2,0,0.0
16286ebd-6811-4e53-b4d5-82e1e825bc7a,TCGA,STAD,077678d6-c92a-4616-87c8-39f64fd561df,1354,7.2115567333138015
1654c42b-664b-407e-8ca7-d4cd908b709a,TCGA,STAD,6f9dfc53-835c-437d-9dac-28be49c1cb7a,173,5.159055299214529
17638f77-3d0a-4b7f-8801-d807aad6bbd4,TCGA,STAD,769b658c-ebc3-4609-884a-edc61f3aea77,60,4.110873864173311
1770adbd-b424-4a88-95f0-768e5f168cee,TCGA,STAD,e432e35e-f1d9-467d-8423-c484ceb1bfa1,94,4.553876891600541
17f63789-2ee3-4cd9-9273-5fa73662db39,TCGA,STAD,faab0257-cdba-4f3d-8672-ae4f80d89ad3,384,5.953243334287785
18d0aae7-9694-4252-b8fe-16e62dadab07,TCGA,STAD,d008a5a9-1572-4f5e-b279-8aa05983243c,117,4.770684624465665
197d01a5-321c-461e-9b45-b359288b959a,TCGA,STAD,be6ec85f-af53-48fa-a453-fb6bbfddb71a,90,4.51085950651685
1a1d4702-254b-4fff-9609-182442edb83e,TCGA,STAD,3ee5a9b4-1ad7-4759-a721-c511dcd79d20,35,3.58351893845611
1a1f2197-e303-46e4-8871-53f2eb2e599a,TCGA,STAD,253227aa-d66e-4904-8809-445e19ade951,77,4.356708826689592
1a3e7ec6-c9be-4174-8799-72267eb8a7bf,TCGA,STAD,813f79f5-0666-4f77-8b97-afae07aa7774,253,5.537334267018537
1a4313e7-a770-4a0e-93f1-c10562f521e3,TCGA,STAD,6c6ec0ef-2532-4021-8c72-74f82fe5fdbb,74,4.31748811353631
1b391187-1d9a-4428-ba9a-ef1800f17d3e,TCGA,STAD,3d0c8d57-b6a8-49c2-840a-fcbd75350d77,97,4.584967478670572
1b641270-18f8-4257-821b-d26179e08e28,TCGA,STAD,c4348aa3-6cac-4403-a53c-5ff39ba2954a,54,4.007333185232471
1b98b2da-c5bf-422f-bb73-1190841fbec4,TCGA,STAD,5fd89019-fec3-4ff9-ba43-52dc16721c13,198,5.293304824724492
1ca3c5e0-32b0-4467-8ec0-ca212e35d2b3,TCGA,STAD,8c401a10-c3ca-425a-ba31-97fb7f4958f1,35,3.58351893845611
1d3a03a5-b757-4617-b65a-50f429a0e026,TCGA,STAD,3e145832-eab0-4625-8ee0-9d677a4b4fc6,784,6.665683717782408
1d43af3c-4279-4aed-9ced-ce3896a48ae0,TCGA,STAD,043d76e7-39ae-4abe-a87c-50752ac8def2,42,3.7612001156935624
1dbe1e26-3bcd-45cf-990e-ad7c8754f4d4,TCGA,STAD,397b57db-ab6a-4088-9106-9ecadcb59f53,224,5.41610040220442
1e1cdf72-820f-48a4-8fb6-89575d07cde9,TCGA,STAD,ec4af4bb-2de5-4489-95bc-95dc8ae8df39,87,4.477336814478207
1e5a3796-6249-4a91-9fc8-0c273e337f29,TCGA,STAD,671375b5-c164-4fee-a46e-0b8adfe7dce6,101,4.624972813284271
1eb2038d-3b4f-4da2-964b-e629ea068215,TCGA,STAD,e06c4d6b-c3c8-43d9-9a07-fdd1112270f0,59,4.0943445622221
1fb6c06e-ecf4-4b4c-bb15-df8c0a9fad8f,TCGA,STAD,5b21baf7-ee3e-4469-b4cc-40b9340e3e9b,133,4.897839799950911
233cb00f-b470-47fb-ad93-2a1597655ed6,TCGA,STAD,5bed00d7-15c7-45c2-b80d-0a771b5a3d2c,0,0.0
23451ab5-a32b-4eec-9b8b-fd282282a0d4,TCGA,STAD,a4bd5d94-5d97-4e9a-9974-dcfe86295de1,61,4.127134385045092
2360c1e2-90f5-4737-9486-3f4590c37322,TCGA,STAD,c7ddb1a5-2082-4138-8535-d4cf866d35bd,2,1.0986122886681096
23ef21a0-3695-4ca2-99e2-274805f11892,TCGA,STAD,e959cda2-d6c3-474e-abc7-fdadb88996b7,164,5.10594547390058
24fed326-bdcf-4c20-a06e-7c1c3d6c9cc5,TCGA,STAD,31b3f4f1-1831-4989-9cfe-4226a2a7467e,33,3.5263605246161616
263b18e1-5722-4650-b16b-dac1961a3af8,TCGA,STAD,63651c7c-c17a-46d3-8720-c6e52ce1e4c2,239,5.480638923341991
263f67e0-0a28-42e6-b3f3-1ddd0d397220,TCGA,STAD,1460c849-9737-4bfd-9260-d212c67993a3,41,3.7376696182833684
264b781d-122b-433d-80d4-59fbec262f22,TCGA,STAD,f3edd70c-1102-42a4-85f5-f7da9dd12e97,23,3.1780538303479458
2688d563-b052-440b-a810-873b1cd3666d,TCGA,STAD,cd9dee0a-83c4-48da-8bc7-73b802d0f86d,46,3.8501476017100584
26a5e389-8ec2-4316-beea-f9a63d455b73,TCGA,STAD,926cc4ee-1464-4e4d-9426-742d70d549e8,73,4.304065093204169
26bbeafa-6923-4c23-8d5f-aa33fba92e82,TCGA,STAD,d30e3362-d007-4dee-8d8e-3456c89869d0,1,0.6931471805599453
26f3ee89-7f74-4c4e-ad6f-fab29a5460f9,TCGA,STAD,51fe8951-76c6-45f0-8846-189ba3b077d3,101,4.624972813284271
27988b3e-cde1-4f4b-82a1-6d8ad08db8e9,TCGA,STAD,a651eed5-ebad-4546-97f1-5816ffdea752,3758,8.231908243564177
283776cd-32e8-4a79-bed1-1411c9d3a9e0,TCGA,STAD,579b98e5-1ecd-400e-a0bb-40ddf28fd75d,66,4.204692619390966
287059fb-4e69-4d6d-99d5-91ec92d35bde,TCGA,STAD,3d201eaa-d95f-40e8-9aa6-8827ea01c198,616,6.424869023905388
2943375e-3de8-4d42-959a-62f4192067ae,TCGA,STAD,a8a4f1bc-cc75-4f21-93e4-375d1834d0ae,578,6.361302477572996
2983f08c-3b32-4fb3-9d7e-5b34f9c2f741,TCGA,STAD,46dd597b-96f6-46d3-ac95-18c9d2f42bda,1153,7.050989447068045
29ed984c-74b5-4016-a649-c32e5d1d9869,TCGA,STAD,e5771265-3bea-491b-896a-a67e12933109,2104,7.652070746116482
2a227292-c73d-45fc-ab68-cdfaf7aef9e7,TCGA,STAD,f35c61f2-3612-46ee-99ee-8c853d24eaa2,60,4.110873864173311
2a665611-2464-4fef-8ce8-17c966fc74a5,TCGA,STAD,566de25e-1062-4ccc-b9c0-82eb59eb031b,83,4.430816798843313
2a790f24-3563-4a7e-b445-56b71c70e685,TCGA,STAD,d7fdc7b0-1f20-4f1e-a005-d40b981597f8,121,4.804021044733257
2ac986f6-cd6f-4ca5-90cc-7a105cfe85ea,TCGA,STAD,187e578c-f552-49e8-89f8-15032dc8c06a,250,5.5254529391317835
2ae1706b-c0f7-40e3-afe5-cb75d1584b96,TCGA,STAD,8497bf03-d710-44e2-96e2-bec5bc13e0ff,237,5.472270673671475
2b4f014f-74e9-4dda-a1ad-abcbd124fc44,TCGA,STAD,b1c724c0-0537-4f3d-b570-bf79c5b8adb2,60,4.110873864173311
2dc154aa-c478-404b-a92e-86abcc8dbdb7,TCGA,STAD,afeb604f-efd9-4bbf-9d8a-09e1329c2328,97,4.584967478670572
2e04b48c-0805-4965-8afa-c5fcd32993c5,TCGA,STAD,0e4c814a-4be4-4f69-81ca-5f3ed13b267e,686,6.532334292222349
2f1b96b2-7031-4f7d-9490-14728d320f3e,TCGA,STAD,d05c7b4a-4b41-4f17-8354-6b8ca16496fa,154,5.043425116919247
2f90209b-7464-4d7e-83d1-67850c263ded,TCGA,STAD,4ecb3498-797c-428b-a24d-54bdfcdaf321,8,2.1972245773362196
30425882-20d7-47ed-9630-60977ba62c72,TCGA,STAD,4de9bfd3-23e1-4239-bf93-1d6a24aa14d7,10,2.3978952727983707
304aab66-4a2a-4b9f-af87-4a591d518ca1,TCGA,STAD,d8e88a6a-6667-4d7a-9928-a40fdb1a75d8,175,5.170483995038151
30a82e9f-2a2d-4a66-bdb1-26b881c21d01,TCGA,STAD,352b540b-c5c1-4e48-a166-7e49745b4caf,63,4.1588830833596715
315b8de8-9842-4738-b23b-1d61722f9583,TCGA,STAD,b36ac2c9-6e7f-4b36-a8b9-e195d0aecd4b,118,4.77912349311153
32b1f9ff-dbad-47f5-9580-13f4120f5891,TCGA,STAD,15524eaa-d117-4744-803f-95f87eaff5f6,97,4.584967478670572
32b44138-64e2-4bbf-aa2f-93a3b07ec670,TCGA,STAD,6425462b-893f-476a-a8d5-2cfc7f32a401,179,5.19295685089021
337819d2-5281-4b41-9583-a476924bc837,TCGA,STAD,242f3034-c839-476d-94eb-7fc7a76644c3,124,4.8283137373023015
33901c6f-9180-4a19-866c-f4ac6bec76da,TCGA,STAD,2468863e-1bde-407d-b247-292455e35839,26,3.295836866004329
33a9f48e-75e5-4ec5-8e4a-7c6d91a98656,TCGA,STAD,ba8c1497-d1ac-4774-9961-30ac92112b3b,2069,7.635303886259415
35496e4e-598f-4ffc-b11e-8edaeb676079,TCGA,STAD,965dbfad-808c-4a5c-b851-d0404252c767,260,5.564520407322694
36abeaf9-cc0f-43dd-9c55-b9347d826529,TCGA,STAD,96191af1-65f5-46d5-842b-d218be368891,117,4.770684624465665
36e36773-1d03-4ed0-ae31-1c0ca55577a4,TCGA,STAD,44f31170-d929-4854-bda7-100f1b42279a,12,2.5649493574615367
37b64809-c4fd-412d-9a7f-fad6bf036aaf,TCGA,STAD,72847735-c5bf-4fcb-8c3d-a6cb26d5d824,112,4.727387818712341
37e22429-efd7-4d6a-b79a-9d8c7be2170c,TCGA,STAD,d99b539b-d673-4ac5-9bef-f441b739441a,86,4.465908118654584
37f93d19-c78f-4fbc-affb-5a2ccc84be1b,TCGA,STAD,c4b77bd4-fae2-4cbd-8556-63823939c5f6,77,4.356708826689592
394f390a-563c-447c-8cae-cd7d0d7e689f,TCGA,STAD,8be9c288-4e8a-45b2-80d9-00fe0439f782,28,3.367295829986474
39acb803-f282-422e-ac56-a3a50693d203,TCGA,STAD,d6f1bec8-2387-436a-b219-10761c46ec88,61,4.127134385045092
39fa91bd-dffd-4b2c-af7d-7fd914730b08,TCGA,STAD,2d71c713-b01d-497c-b834-41c6464463f6,835,6.728628613084702
3b17c66a-34ae-4b10-b907-4464d6d58383,TCGA,STAD,ef979a07-6db9-407a-bc9f-b6bb8b44ee29,37,3.6375861597263857
3bfa8069-6ca3-4405-9e32-11aa16b010ac,TCGA,STAD,326fcf4e-cfed-4dfd-9279-6e7b216e0d9a,88,4.48863636973214
3c3d4ef0-019a-423e-89b2-4ac5a7b567ab,TCGA,STAD,2aa1c46b-2145-4009-be34-0e93dbfd462e,1601,7.379008127628304
3c573af6-6298-49de-8de0-6a7f9ce9b000,TCGA,STAD,30f1f622-192d-4c3c-9d73-18fb9bd9b076,47,3.8712010109078907
3ccbe7c7-c779-4a98-b495-ff020d3e9e55,TCGA,STAD,a2b98c4c-6624-4771-9af8-3fe14069fb1a,84,4.442651256490317
3ed0d746-ab57-4097-94d5-5e89985b8f31,TCGA,STAD,2944bbd2-95c1-48b7-9d73-7ce7cc41148e,106,4.672828834461906
3ff9b46b-325f-4655-ab40-953154753dae,TCGA,STAD,a1e1c530-3f94-4c47-9a17-16f9cdd8098f,144,4.976733742420574
4020b1b1-576d-4869-9ff5-552e3afb3ab5,TCGA,STAD,79f61de6-1ed3-434b-844d-e7a313d2d760,14,2.70805020110221
40837a4d-7931-497c-a6bf-6a661813c443,TCGA,STAD,e1b8c6c0-44fd-44d8-8cf5-54633914d40f,111,4.718498871295094
40cb6f49-3d68-45dc-9bfa-b4d724de7dfe,TCGA,STAD,56a6f6cf-4ba8-4920-8a54-5b86134bb09e,70,4.2626798770413155
40e507fb-e285-424b-a98b-362e47a53e4a,TCGA,STAD,a995ae79-2857-4605-b05b-0a3a4fa54cad,50,3.9318256327243257
411257a4-a148-4606-8c8b-f9f1240e40ed,TCGA,STAD,70ff36df-cbbf-47e5-9182-926e833bd365,72,4.290459441148391
41327aac-1228-435a-8de5-b26886bdbce0,TCGA,STAD,be090476-289c-4332-99aa-945e1268019a,37,3.6375861597263857
416fd59b-a4f8-4610-9f8b-473cb5c04a4a,TCGA,STAD,d8b9af53-3784-4302-a9d3-c7ef526557d3,76,4.343805421853684
4310a287-5f01-4e0d-94e3-96c5379c3245,TCGA,STAD,4ae5132b-ffba-449d-b81c-61ec321232f6,533,6.280395838960195
43945bf6-6e64-4f13-9822-baf30dcd726c,TCGA,STAD,54257dae-a892-4b18-a6ec-779b352777df,166,5.117993812416755
43b7a790-35a2-4786-b375-c3847d2aec62,TCGA,STAD,f8007df7-e4ae-452e-96ea-42b9e83f3ec7,50,3.9318256327243257
43e3fbf3-7812-45fb-bf4c-ce22a2aa1eee,TCGA,STAD,05089c58-fbb2-4556-9fea-6957aa26edc0,1285,7.1592919047975645
43f0421c-6578-4d77-9314-ef0305c7efbd,TCGA,STAD,b8d90716-550a-4abe-bd0f-58489030de2d,756,6.6293632534374485
442d7415-d095-4962-8296-a14390bad40a,TCGA,STAD,ff36547a-5887-46af-b0f5-99ea4c1baa96,99,4.605170185988092
44799c67-61cd-4f3e-bdbc-423e2e0fd2e8,TCGA,STAD,01332795-f118-4e1a-b663-aa57c3fa68f9,928,6.834108738813838
449bf2be-b20e-4ad0-9ffb-910d83114018,TCGA,STAD,a90aca14-dc31-43be-b34e-18ceb5992b02,1129,7.029972911706386
45aacbb4-0fd8-431c-a57b-279ea57a19fc,TCGA,STAD,f98cd63a-45e9-431b-b18e-5452d19e6730,191,5.2574953720277815
4685dc14-1809-47ea-aba9-9bde72f6661b,TCGA,STAD,d9ceb831-3af0-4680-9888-7d193d091ac2,33,3.5263605246161616
46874009-4b32-43ff-a36a-236a3ca28fef,TCGA,STAD,8ba521ec-5c02-47d4-a01d-03f820a387a0,50,3.9318256327243257
46d7489a-cfe6-440e-9d50-919d0ead8018,TCGA,STAD,76c9e634-97ff-4394-94b4-154e0ace34ee,84,4.442651256490317
47fd3741-28ea-427b-9c2a-8cb39153c8ab,TCGA,STAD,41f92da1-2078-4f48-b78c-20b5e9666ddd,809,6.697034247666484
48abe0ef-dfd5-4e36-a319-c4ec3165cba1,TCGA,STAD,d717961e-389d-485e-8e9a-9715436adb02,1327,7.191429330036379
49587564-e30f-4f1c-b7b3-fc0989bb1a0a,TCGA,STAD,f335580e-d867-4787-b871-b404422ff95b,8,2.1972245773362196
4a00ca75-d23a-4642-bee8-db4182517724,TCGA,STAD,4094ea17-3110-4485-9259-33c796e11bb0,194,5.272999558563747
4b56b93e-934c-45ff-9d24-b4b6812a790b,TCGA,STAD,bb463965-3262-4e94-82e8-84fb6f2b6417,181,5.204006687076795
4bae9c20-74a4-4ad3-8cf3-76e41217f389,TCGA,STAD,098fc5ac-95e0-44fa-babc-5d94723bb8c5,75,4.330733340286331
4e921bc8-df5d-4f54-93d1-d5a433f91bdb,TCGA,STAD,ed834ba2-ff9c-4fba-972c-babc9cbeb8a2,142,4.962844630259907
4ec9dbb4-358d-4c59-8039-552c7006c2bf,TCGA,STAD,fd7f556e-757c-46d4-9fb8-8c8fb9de3c6d,770,6.647688373563329
4ed55013-3853-48ea-909f-7d26d5055637,TCGA,STAD,63c28b0a-83c4-4db2-8d07-e58b58595c49,36,3.6109179126442243
50279b37-828d-4e18-b41f-f793c3923e75,TCGA,STAD,717c5c8a-22dc-4bbb-b83e-f1f802c9e475,45,3.828641396489095
525a6978-2d7b-4f3a-ac68-13fe8cbbbdcc,TCGA,STAD,202cd30b-08aa-4e57-9ac8-28f6b833e500,111,4.718498871295094
52849c60-7e30-4ba4-9dae-be4adf031120,TCGA,STAD,4aaeabc9-f6a6-4800-a7a8-7ca647f030a3,169,5.135798437050262
53086e20-a727-40d6-b42d-8030109b5130,TCGA,STAD,1b13c03f-41d1-44d2-a47e-77d37a5b4c0f,92,4.532599493153256
53108d62-6b7c-429f-9fec-474781174968,TCGA,STAD,b223aa9f-af3e-4361-85dc-585bffb9f843,89,4.499809670330265
55a2c884-49a7-4d1a-9e0e-42f6a8b720fa,TCGA,STAD,26b9824e-483c-4fe4-9d88-3d82b81c8471,21,3.091042453358316
5624beab-545a-4a5b-960e-c33429572272,TCGA,STAD,e85dafa4-78e0-4bdf-b825-2a1bff7ca4ae,184,5.220355825078325
56bcb686-5010-439f-819f-95dda9885ca5,TCGA,STAD,6c5f48c9-15c3-4c04-bdff-f5eb998c55b0,75,4.330733340286331
5779f7a7-05d7-4972-bd4f-aacb32420510,TCGA,STAD,85978834-dfaf-42f8-92be-6e9796ee5303,624,6.437751649736401
588abaea-ab16-42f4-9457-5901ee791b5f,TCGA,STAD,d918b49b-9fd2-4353-bd19-92dc3d7a5f8a,3616,8.193400231952097
5956529e-f359-47c9-8222-0bd7f68c1e65,TCGA,STAD,c39d52e5-7f87-4ded-aa67-724a091d4fa5,104,4.653960350157523
5a12857b-4132-4089-a7b7-e706366102db,TCGA,STAD,cec6997e-ff7b-4840-9940-cf2be5a59d89,64,4.174387269895637
5b52f882-df12-42ec-a000-ff3b428ba05b,TCGA,STAD,3e8f807f-227a-4216-bdd1-781b6c1de9a8,1165,7.061334366910438
5b7e557a-6aee-4077-b3cd-c96179e643ae,TCGA,STAD,56fc09eb-f0c4-4732-bcea-edda88d55d74,319,5.768320995793772
5c087d33-0bd3-407d-8350-fabba6aec597,TCGA,STAD,c8e93387-2eb7-4089-8c65-675087a7b54c,130,4.875197323201151
5c68e3e4-58f7-4699-989d-80d2e4996794,TCGA,STAD,c087c003-a913-42e4-b02f-0db3b47d7ae3,232,5.4510384535657
5c76cb89-b1b1-4910-b811-e44d3b277430,TCGA,STAD,236ffea4-c590-4c6f-b550-3869586c51c4,37,3.6375861597263857
5d33895e-a959-4d5e-8850-c49c7fa49a22,TCGA,STAD,a02b07d9-a7b9-4570-b14d-72d90f1f2df2,63,4.1588830833596715
5f263b2c-3385-4d07-99c2-d7b613c4a470,TCGA,STAD,f9f5edca-0cc6-41aa-a2eb-beb7ec65622c,151,5.0238805208462765
60879669-96c2-4710-82e0-0ae9d0e5b242,TCGA,STAD,bbe21119-c58d-48ad-b5c5-05aecd106655,63,4.1588830833596715
621411ee-c1f2-4da4-b1c0-cbe0936060f6,TCGA,STAD,7189c841-63e4-486c-8ae3-f6900a908aab,145,4.983606621708336
6244e506-d163-4d34-8fec-6158191679cb,TCGA,STAD,9a9a6018-259f-454a-b772-acb64a86e8bb,434,6.075346031088684
62d32d19-ec93-4359-ab17-dc32e599b29a,TCGA,STAD,06d9fa42-27ef-43c7-9269-fbc6cea88235,43,3.784189633918261
632f51b3-8ef4-4b6e-a992-c81e554507ed,TCGA,STAD,7cc2fc0a-23cf-480a-9f92-d863197fee40,13,2.639057329615259
647dc54f-a51b-40ea-9d97-c93598c2af71,TCGA,STAD,61ae677e-ed47-4fff-bcad-2d327d0c027d,67,4.219507705176107
65ef7ccc-93e9-487a-9d4c-70ee7b9ddb17,TCGA,STAD,74936791-a440-4f25-add9-e1a24b91a4a1,1123,7.024649030453636
66bca2f8-f269-454d-abe2-ce51a0704645,TCGA,STAD,926a7435-77ef-4326-9cbf-ced7d6ce30c1,544,6.300785794663244
66c04b8f-42fd-44c5-945b-ee149bcf5dad,TCGA,STAD,850c996f-9b0e-435b-974e-a99bf03a7a99,147,4.997212273764115
69704642-ba65-4a45-8f13-95d847185045,TCGA,STAD,8d85e5dd-c4bf-489c-b793-0d18f7f4d067,108,4.6913478822291435
698a89d8-b4bc-48a8-80af-8414dbacf327,TCGA,STAD,a6f861af-5db9-4254-8311-f2cf46dd29d7,36,3.6109179126442243
6a9b3d65-ae15-4e3c-84ed-468e2196372b,TCGA,STAD,3508efbb-0c3d-40aa-9433-8e456358746b,41,3.7376696182833684
6c3687fd-0761-477d-95ab-73e11d66dbd6,TCGA,STAD,dc4a86ce-9327-4c19-a380-a3adfaf7a7ce,1090,6.994849985833071
6d5df29c-f2cc-43ce-8d2f-df1da313ad52,TCGA,STAD,92684429-d7e8-4b28-8718-7c88cb232c6a,236,5.4680601411351315
6de6b8e2-03eb-4f32-b5a3-bea73fc632b4,TCGA,STAD,c20afb93-99da-4d68-96f5-3b8c6b472d07,54,4.007333185232471
6e03b415-84a1-4b91-8717-1a41edd4a255,TCGA,STAD,e21d4475-7bcf-48ad-bd98-1d9c5fe18927,307,5.730099782973575
6e2ecc9d-dc68-4922-a36e-e8bbaf9eafb3,TCGA,STAD,7a0d7371-26e1-4d3a-b60d-7ae9fdfd39bb,24,3.2188758248682006
6eeee564-1057-42e4-bfce-b6fe17d58d10,TCGA,STAD,944d318f-3ba6-4fd1-8700-feeb92428aee,84,4.442651256490317
6f70e9f0-580b-4199-934b-dacd29fb28a0,TCGA,STAD,e4ccf461-24dd-4bbb-bec3-51e7101c5068,28,3.367295829986474
6fa6ace1-4b39-44db-9413-73eb21588aa1,TCGA,STAD,458f249d-8372-4e61-8a49-d9e976a17ea5,117,4.770684624465665
6ffefb3f-3919-4fef-ab15-5d32d8f51d57,TCGA,STAD,aba205da-5d75-4fe2-a5b7-929ef4ab0b55,64,4.174387269895637
703d3e86-32f4-44ae-bd88-c02378fc2269,TCGA,STAD,ba820127-1b41-4b2e-9d6f-61625b815b0e,1238,7.122059881629142
7059ea66-93d7-4941-a35c-8a324d1ab94a,TCGA,STAD,c57b5865-1190-4853-9a18-477b0c1ccb55,100,4.61512051684126
7136d33f-6109-4d86-ad76-a02ef5c3808a,TCGA,STAD,d2403b0d-b44a-4c85-837d-a5d07e637deb,5,1.791759469228055
722a3067-2b68-442f-a333-540ab085af32,TCGA,STAD,431c801b-3264-4aed-9a96-62aa1b95e86d,82,4.418840607796598
72b10481-7b16-469f-b133-464609569adf,TCGA,STAD,861bb27b-38ad-4037-ba63-d2f5ed03e9c1,119,4.787491742782046
73bd696b-0f35-4f70-8888-8153b1ba9ee4,TCGA,STAD,76c59585-70c9-4689-a7aa-dc33cb558deb,1229,7.114769448366463
73d177f7-8c0a-42f6-a73d-8073c0e6142b,TCGA,STAD,ff786046-d2a8-43b7-8c01-fed46ba3acb8,1004,6.912742820493176
74f859cf-6df5-4e96-ae6b-cfaab691d5fd,TCGA,STAD,4ed499b6-ee48-40fe-af74-129884ff90e6,176,5.176149732573829
75915370-0895-4933-8875-8a31c65c3d50,TCGA,STAD,6a0521e7-0e1e-4da2-a273-6e02cff9b581,1132,7.0326242610280065
75a29059-4705-4a55-bc3d-f5923b24b358,TCGA,STAD,45c7dff5-f6b2-4ec4-ae9c-28083310a2c8,67,4.219507705176107
76a4e24e-e645-47c5-836a-6a029e97a4c8,TCGA,STAD,c0c8dbec-6583-4589-bab3-a5824bef3270,32,3.4965075614664802
76c666e8-75c0-4e82-978c-1e346435b0fa,TCGA,STAD,3731ba2c-9084-498f-b02c-1011e1d7715a,531,6.2766434893416445
76df6303-a635-410b-a4d9-db5dce72fcbc,TCGA,STAD,9bf38c4a-75e2-413d-b46f-e6ccb417bd1e,51,3.9512437185814275
7739f659-0e25-4404-ad25-ee52fbbcfd44,TCGA,STAD,62f3a6f2-439e-4787-8a4f-ef895670b7f1,1648,7.407924322559599
77535af0-def4-439c-b50d-8720712235dd,TCGA,STAD,706706c0-5ddf-4417-9623-1a3ba265a16a,63,4.1588830833596715
77a8eab6-f6a1-4739-9031-75ead40d68cb,TCGA,STAD,199a0032-6135-4cfe-8705-81f61d04d061,97,4.584967478670572
7840d10b-4927-4731-8dda-5f288da21bef,TCGA,STAD,fc93bfc2-da1f-4bb6-a60c-62a571243a8e,68,4.23410650459726
7861dca2-badc-4575-a388-621d3614a8e4,TCGA,STAD,7c411158-349a-4b28-91d3-203ef5f9c211,31,3.4657359027997265
7938ca55-766e-4277-9e7e-603ffa02e570,TCGA,STAD,9b3d2763-ce8b-4387-8e81-4790a4c27307,124,4.8283137373023015
794fbad5-93ce-4f9a-aee4-37a89a6719ec,TCGA,STAD,2d1c4b35-fdba-4d21-bfc3-00eb0ecaed42,47,3.8712010109078907
7997f3d8-bff6-4808-8df0-d88d344d7c9e,TCGA,STAD,1509aae6-ecbc-4213-bafd-07ecf0e5809d,1284,7.158513997329321
79dbe26f-930b-420a-9a2e-483e3318ca10,TCGA,STAD,3644ab3c-0d46-4329-b655-38e8564e3075,141,4.955827057601261
7ab5a708-803f-4d8c-9b25-645f06851a26,TCGA,STAD,bb1bd9c6-a183-4002-a9d1-470c64f415df,111,4.718498871295094
7b0d69ca-13a6-46e0-839c-e433bbede3ad,TCGA,STAD,ecd10295-d5d7-4af6-b442-d596dd2f0579,876,6.776506992372183
7b594344-573d-46a0-b735-6727f6f15585,TCGA,STAD,6cb073bf-d129-459f-b913-1e044905e399,139,4.941642422609304
7bef9122-0fb4-4f2e-bb6e-67eddc3ea9af,TCGA,STAD,3ab8c820-937b-4376-ab01-39387780d252,122,4.812184355372417
7c7cef85-024c-48c0-8644-92c034432e8f,TCGA,STAD,ab41eb45-5484-4d07-86f0-e77530b60278,81,4.406719247264253
7c831a1d-3253-4af4-a0ff-7fe9ff9af1ce,TCGA,STAD,0b71b998-f6c2-4377-a7e0-d204bbe3ab7a,384,5.953243334287785
7c9ea4fa-4cbc-4941-945a-e531e1d48304,TCGA,STAD,aae3e64b-a1bc-4829-91da-0c79c7d7fbd6,57,4.060443010546419
7d915d11-729c-4577-a948-9824a8b033ce,TCGA,STAD,7c89719d-b2ba-491c-a15b-6af741c7b56e,106,4.672828834461906
7da1a098-73f7-40c1-8c9d-e0423c15009c,TCGA,STAD,4581a210-4272-4285-b175-2bddc4050282,71,4.276666119016055
7e13fe2a-3d6e-487f-900d-f5891d986aa2,TCGA,STAD,aae0c863-2868-47a7-b52b-b2cb37404ba6,41,3.7376696182833684
7ef3f065-1928-4a58-b5a6-76dddb8488cf,TCGA,STAD,b9d065c0-5b6b-4371-a2fa-d0e9ccc7095f,63,4.1588830833596715
7f056fc5-3848-4884-9644-95b8b6ed9642,TCGA,STAD,3ebd8ace-180b-4797-bab1-8bafc1c3badf,60,4.110873864173311
8027adc9-4918-45f0-a7da-5767da0b999e,TCGA,STAD,9b1e5561-6397-43f4-a096-2914501817fd,146,4.990432586778736
807bea1d-975a-4d01-98c5-2748d832235b,TCGA,STAD,67936824-6cfc-4433-b1ea-093a000fca13,38,3.6635616461296463
8097fddc-c7b9-4192-89d7-6bcceb7465b5,TCGA,STAD,08a343f1-8406-4f74-932e-58683e540620,148,5.003946305945459
8114d553-4025-4c8f-ae02-5ed01720723a,TCGA,STAD,eb69b217-d583-469e-b001-d9cd2d75ee7f,684,6.529418838262226
81a7f6a2-e44c-43d6-b687-01158eaf44ee,TCGA,STAD,0717fb51-e93e-4a5d-8abb-fc44197d68dd,85,4.454347296253507
82f9a197-040d-4c5e-89d9-d87a7aa0168d,TCGA,STAD,7e61b345-4ff0-4717-82fd-bac1ae50e9eb,126,4.844187086458591
83a0f9ef-4bf0-4efe-8713-f8b6ab4f5773,TCGA,STAD,c55837d2-98dc-4166-828b-3cfc5e2f9aba,60,4.110873864173311
83d681f4-6c0e-45cc-a31d-0b1b31c8e073,TCGA,STAD,482bf588-122a-4c3e-89be-96e406867977,650,6.478509642208569
84d2d341-9e52-49ab-8c51-417208834c5d,TCGA,STAD,bf2243df-fa0b-4d64-a69d-ce9ef2dc2120,1114,7.016609683894219
84d32a4c-023b-4563-9eb5-e2f47818142a,TCGA,STAD,3c6205ad-955f-4d88-9346-a50fc10385d8,113,4.736198448394496
8520654b-2192-46cf-9d72-1ddb885a7c55,TCGA,STAD,fc0f2d48-8d29-4b01-97e7-49f9b0909c7d,1305,7.174724309836376
85c11b74-9e50-4da1-8c0b-d5677cc801b1,TCGA,STAD,a30c2687-b5b3-4a31-b6f7-8f340405b15e,94,4.553876891600541
863ad936-e2a0-471c-8d95-3a548bb94afa,TCGA,STAD,f0defc81-7d4b-4886-816c-81b22ba0c217,1130,7.030857476116121
86cbca52-29bd-4b88-a203-e8b9a072bd4b,TCGA,STAD,42c1f5ac-9143-4700-9d4f-f54393ee28bf,1414,7.254884810077338
87c217d4-66f4-46ca-8244-7856ce658fd3,TCGA,STAD,6e39a119-b4a1-4eb5-95bb-e53645a7061a,60,4.110873864173311
8a24f1a3-4bab-4591-9676-7bee01d096c1,TCGA,STAD,002cf74b-098b-4de6-9a76-0d889c894ab6,61,4.127134385045092
8bb3facb-1933-4350-9f78-74537559e000,TCGA,STAD,4cf967f3-7b04-4c88-9adb-eb4c56fe7922,20,3.044522437723423
8bb9cfd8-7012-41b1-8aa1-b6592b0c0d43,TCGA,STAD,1097e8a1-d317-48cf-80b6-bc214e3db22a,100,4.61512051684126
8bd783a3-d6c9-4c87-a2a1-09f903b9c7ca,TCGA,STAD,bfb6d49f-a9ac-4355-a84f-c28b3ca8aaa4,112,4.727387818712341
8ca597db-ac21-43d1-9329-586b2eaf6982,TCGA,STAD,9292b27f-0352-4124-bbf7-8f94e3591694,113,4.736198448394496
8cb0144b-be6b-40a1-86a2-708f96d9b615,TCGA,STAD,a136399c-5bfe-4689-aac9-a47be0d9881c,75,4.330733340286331
8ce63594-bf4a-4b8d-9a48-49cb92b98ea9,TCGA,STAD,e8eb2bf0-8e06-4559-8fb0-e42c3f80909d,87,4.477336814478207
8d3e3d09-bc61-4d5e-b8d6-5aee6cb488ae,TCGA,STAD,a8f05a8c-0e1f-4d40-8839-94e6b2552dea,30,3.4339872044851463
8e005891-d6fe-4fee-a699-971fee4e70f1,TCGA,STAD,eb0d8bd2-d08b-4de6-9a19-50bb9f38697a,58,4.07753744390572
8e0f35e8-cd02-4d8b-9145-597cc65eac13,TCGA,STAD,14d2df38-5698-455b-9e59-2065c9ef96c0,27,3.332204510175204
8f9be4e3-a1e5-4fa3-8d31-a53de781ed97,TCGA,STAD,e5b66960-be8d-43f6-b34e-c215b6511937,92,4.532599493153256
8fccff71-3710-4cb9-b8af-61707aebe5d8,TCGA,STAD,777d38f1-6ce2-4c70-baba-20288c61017c,1301,7.171656822768514
9130c730-b0bc-4d3a-9ee1-09bf43d9bd67,TCGA,STAD,dec52a96-ae66-4474-9161-686f0b41127c,40,3.713572066704308
92654ad8-156c-4dd1-862e-dc339240d721,TCGA,STAD,77539bed-5321-458a-9ba9-0ebdc6f5cf88,3,1.3862943611198906
93a337ae-2bd3-4464-b38f-93dff92d3fde,TCGA,STAD,a7c04620-a7f0-4b19-b2ae-7b479fcd3fb0,99,4.605170185988092
93aebbd4-19cf-495a-b8ce-3c4a3feba152,TCGA,STAD,88e26bc4-41db-4243-add7-af3805807a6a,159,5.075173815233827
94037c4f-7acc-436b-8433-7213a385539a,TCGA,STAD,78c8754d-2e75-4a6c-ac47-fc2b767ef9de,77,4.356708826689592
956017ba-5e4b-42c7-b93d-42316874ba93,TCGA,STAD,13050873-ddb0-42af-b423-c94c2ac422b8,41,3.7376696182833684
95edfabe-0b35-4cdd-aed4-e2234d806f35,TCGA,STAD,c2e4ccae-79a4-4259-9444-ca43abd9f3ab,241,5.488937726156687
9745f1ca-d663-458a-86dd-024ebbf6a863,TCGA,STAD,97c6d617-6d24-4d9a-9edb-5edb11dce393,40,3.713572066704308
98760b3e-3075-4444-9a01-8f11935069d4,TCGA,STAD,f5df74ba-23a8-4618-986a-79ceceb3c9b1,1038,6.946013991099227
98bf4652-0088-4ecc-9dfa-376438cb063c,TCGA,STAD,40a0f6fa-54d9-4c5e-9b7b-b7da79b3480d,7,2.0794415416798357
98c56f92-547b-473d-9fe0-2135dd5a96a8,TCGA,STAD,36206a4c-bd10-43c1-b8f5-8f2d30261208,117,4.770684624465665
9b5e5122-8ea0-432c-bc64-932bf376fffd,TCGA,STAD,58e1a090-c8ed-434d-b5d7-ff1bd185dd4c,116,4.762173934797756
9d7305be-60a3-4ecf-856a-bd5321166590,TCGA,STAD,6637c4e0-f4ba-4819-9c27-73323ef759f1,48,3.8918202981106265
9ebc8b58-363b-4638-8365-cfbde31a71ae,TCGA,STAD,3059f0be-3d9b-4789-aab0-65ba258ba66a,54,4.007333185232471
9ef7582b-d4c1-4036-a1ed-ef65aa46fc60,TCGA,STAD,e65e019f-2990-442c-b39d-6d90c2792a87,295,5.69035945432406
9fa752b7-9873-4bad-9eba-8cc113705fed,TCGA,STAD,3455cd43-749c-42e1-95ef-09bb8ff5950e,63,4.1588830833596715
a0402de7-08ae-4528-9e77-289295ad8ef8,TCGA,STAD,3d09baf5-be75-41c0-8d00-d4ed01b01ce0,122,4.812184355372417
a0d35a25-3500-46f3-874f-1a0820200473,TCGA,STAD,e341b4ea-f0e6-4133-937f-f88a48744868,5850,8.674367865788236
a1867d3e-a006-4e04-8118-478792bdca4b,TCGA,STAD,3f65e44e-921f-4eac-a8e1-97ae3df4e758,927,6.833031732786201
a205522f-2df0-4829-b86f-fa43c76c39cc,TCGA,STAD,2e7d946e-a957-4a62-9bb6-4b861c9b19e0,47,3.8712010109078907
a267ddb4-b2d9-4292-b120-6e13e70d01f8,TCGA,STAD,9a76b84d-4e3c-4867-b483-bc2559ee9222,110,4.709530201312334
a28e57e2-9071-4558-856a-162f7a837380,TCGA,STAD,02e9aa63-ae0a-4c90-8f26-7cd182669770,158,5.0689042022202315
a2a71cb0-9dbd-45cc-8867-da84500515e7,TCGA,STAD,672c7c64-05a9-4f38-80af-70f88608f1a7,967,6.875232087276577
a3c1f9a2-9174-48cf-81dc-2afcfdc4ba9c,TCGA,STAD,067a9312-8473-4644-9901-9e43fa963b1f,175,5.170483995038151
a3f03a0a-f251-4588-97bc-3403597a35ad,TCGA,STAD,fb616214-ebce-4936-9544-e3fc5f5e7f50,104,4.653960350157523
a4cd4ff1-0c0e-488d-91d9-0ac8ef3e7bfd,TCGA,STAD,ba129f6c-39b0-4308-ad29-c3afda0a79f7,23,3.1780538303479458
a58b6cd2-48f8-47d0-b97a-02a376f83e5c,TCGA,STAD,0ed3f926-b289-47fe-911c-6336657cc2da,1260,7.139660335964919
a6635058-4498-463c-9bbc-1009dda3308c,TCGA,STAD,fa18b187-f739-41f0-b089-90a573111db8,185,5.225746673713202
a873475c-b2c7-4c84-bd89-5b9ee6060ce1,TCGA,STAD,cd307c16-afac-4c70-9afe-75788ae99d0a,21,3.091042453358316
a89e46f4-4808-41e5-a047-acebf8744eb7,TCGA,STAD,e5d9091b-0382-4adc-8f42-b0644db1f7ad,237,5.472270673671475
a8a9b061-b33c-4c69-bd4c-7f430474cdfd,TCGA,STAD,5813748c-2549-442f-a71d-a0b7ca82ec58,66,4.204692619390966
aa2934f9-8783-428e-88a6-1d04b93fa1fd,TCGA,STAD,5a25e822-906b-4d34-9f9d-a9f1506570b3,137,4.927253685157205
aa2c5d29-2764-4804-9181-5870c0956904,TCGA,STAD,d903ef14-631c-4240-8a57-98e1ccaff9ed,1616,7.388327859577107
aa3d2d17-19e3-4b76-8235-98550f49dc91,TCGA,STAD,27726ecf-7557-4aa3-a1bb-7d60b8ffceb4,32,3.4965075614664802
aa88ce53-8439-40bd-8d93-e1d903d1c7fb,TCGA,STAD,b41a0bbe-6817-41f5-89e3-9f5321b52eec,64,4.174387269895637
ab76544e-df6a-4b05-9317-054812474d4c,TCGA,STAD,422e3ddb-a9b6-4528-81bc-18a438e94d23,5098,8.536799721055155
aba9439a-ea8d-404f-9faf-eb71a306684d,TCGA,STAD,dde83d12-dcaa-43b6-91eb-986fa0569189,98,4.59511985013459
ac2cbce4-4ba8-42c9-ac61-70f42995588e,TCGA,STAD,476e7746-e46d-4a83-be3a-0f1ba6302a37,113,4.736198448394496
ac77e22d-42c0-4e06-b904-0dd5b31eb0d8,TCGA,STAD,6f008329-5e55-45e5-ba3a-fe327f1c79d3,140,4.948759890378168
acab1362-c8a0-448b-8533-0cd84d97959c,TCGA,STAD,b7e5d610-758f-4762-8ee1-c7913af83aa0,24,3.2188758248682006
ad73529b-92d7-412f-b001-920a61cec313,TCGA,STAD,52119c8c-29dc-434f-ace1-8f20cc88b2c2,92,4.532599493153256
ae633e83-303f-4a90-ac3b-34458fd9beef,TCGA,STAD,71ddf775-a418-4464-b427-99d66a4f277b,146,4.990432586778736
aef8d98f-7a1c-47f3-b5a7-a3cb299c70de,TCGA,STAD,36b4dfe6-7188-4a17-a3cb-884cb863cc8d,86,4.465908118654584
af1086cc-b330-4ad6-ae1c-3b5c7259949a,TCGA,STAD,02303b08-5683-471f-9f8d-9b43df971afc,18,2.9444389791664403
af59b21e-2805-4c0b-8aad-c99b26c79ee1,TCGA,STAD,288bf7f5-ed01-40bb-8f12-de8d9af27485,17,2.8903717578961645
b12d9857-9ae1-445b-a963-b630b27b254e,TCGA,STAD,cd4e4afb-439c-4087-a271-424b9178c110,48,3.8918202981106265
b14f2fcb-e869-475e-bc7c-adaf6e7e636f,TCGA,STAD,f6a1719c-3020-4216-96df-08874b08e7c6,62,4.143134726391533
b16167d0-d7d7-408e-bd0e-ce429b7f828c,TCGA,STAD,ff5fe97a-865b-4304-818a-3e51876e492a,77,4.356708826689592
b1fee7af-8030-4d93-94ac-6294683d4298,TCGA,STAD,b0bcbd25-bbca-403e-a75b-ab617a8b9d6d,94,4.553876891600541
b2e2d35c-7a79-4165-97a5-82d5c37d94f2,TCGA,STAD,e2325626-40f1-45a7-8091-736e4b8cfd5e,52,3.970291913552122
b2f6d8f3-3182-4e5e-be20-8470cfb832c5,TCGA,STAD,ab383695-d754-45fd-8309-dd861ce0a817,824,6.715383386334681
b4376da2-05ca-448f-a4bb-e7b62695491a,TCGA,STAD,7aad2674-f7e5-4338-9f42-59c9caf997a4,750,6.621405651764134
b54fe07a-f63d-4861-878a-8e8322e32fed,TCGA,STAD,3b27606c-8315-4d8f-be6d-c47daf93025a,43,3.784189633918261
b604b620-cd32-4c87-ace3-00a68ab16973,TCGA,STAD,377df15c-4c0d-4489-9179-80379d82e624,62,4.143134726391533
b7d2401e-7d64-4c89-a74c-16d634cafe7f,TCGA,STAD,77ae2eac-a986-4e19-ada3-6b0562c0803e,146,4.990432586778736
b8a1c8c7-3945-4d84-8f58-3a1a1eb10730,TCGA,STAD,6e1944d4-c183-4789-b02c-4f87fb486189,49,3.912023005428146
b93221ba-2076-4dd4-9931-179571b7e16c,TCGA,STAD,7dfb29e4-5b78-4e01-9f8d-3f9653d53185,1234,7.118826249062078
ba3911e6-2208-4a04-8891-b5cba9fda6bf,TCGA,STAD,7cdda61c-1571-4327-a6e4-3d7b347c631f,99,4.605170185988092
bab53c56-82f1-4d63-98f5-4608ea7b5f4e,TCGA,STAD,35faab1a-8082-490f-8f48-ea3580d3fc62,39,3.6888794541139363
bae3c762-d894-4742-860c-43d18659b4bc,TCGA,STAD,7e042c9c-9f05-4395-8e8a-2ad8663a6566,637,6.45833828334479
baf9a42a-e39e-4aac-b7b5-1b63b7fa1435,TCGA,STAD,b635b740-7a14-4e03-97dc-3829666889ca,72,4.290459441148391
bb3729fe-2fa2-47fc-afde-c14036cb84f5,TCGA,STAD,378567dd-a04f-44f2-b306-ccc48a5cf61e,126,4.844187086458591
bd2a14e7-bb30-48d0-a585-7fbab767d4cf,TCGA,STAD,0206eb19-aeb3-473d-a83d-df2f0b6ee3a6,2565,7.850103545175582
bdc3899e-15ae-421f-829b-0e07fbd27c60,TCGA,STAD,7f71c265-1d9c-497e-93a0-ae30d74c38ca,71,4.276666119016055
be6531b2-d1f3-44ab-9c02-1ceae51ef2bb,TCGA,STAD,077dc651-5ec1-4c31-9994-9f8a5f3b3662,157,5.062595033026967
bec83dff-2bba-4467-92aa-5dc3db9e0eaf,TCGA,STAD,3c59fa5c-ce61-48a0-9937-a500fa75ffb0,185,5.225746673713202
bf0f1735-f94d-4b82-8f91-2fd2bac80e32,TCGA,STAD,77ca7f4e-79bb-40fa-a556-b553ecc11612,30,3.4339872044851463
bfdcc333-1b9d-44d2-90a4-c1720ba712e9,TCGA,STAD,5a628458-a14e-4f7a-9cba-645dce0136bd,109,4.700480365792417
c16eed96-8da8-4d01-b87d-660f46172777,TCGA,STAD,90a17658-3bb4-47f7-aeb7-7676da0b7b4c,94,4.553876891600541
c1cf00be-1a34-49aa-b1ab-6b2e26832c19,TCGA,STAD,bc1ce3a2-c8fb-4bc7-a954-b59c64abae37,87,4.477336814478207
c2f90f1a-a81b-465e-8e6b-5f02a21b27dd,TCGA,STAD,54a1c106-55d3-42e5-983c-5f21b96aa472,114,4.74493212836325
c3cba26e-38c2-4569-afd6-6b045e604808,TCGA,STAD,881128f6-b7f3-4a91-a3a7-357300704857,1153,7.050989447068045
c46ff2bb-bdd0-48cd-b2ae-7ef421b4b91a,TCGA,STAD,9d9f3432-23a6-4ee8-98d3-3e2c32aa02df,142,4.962844630259907
c60e89a7-a8ba-458e-8f10-785c3f562fd6,TCGA,STAD,75c59acd-44c9-4624-8af4-86e131680d2a,81,4.406719247264253
c6316fb5-99a7-4adf-832f-dce44ddcd3aa,TCGA,STAD,f4c98833-0b1f-43d1-a67a-4de6fbf06464,76,4.343805421853684
c63ae423-c90a-4cf4-aa42-653bb8fa3e69,TCGA,STAD,5b5691cb-c4fb-4dcf-ba81-146d0d672c77,79,4.382026634673881
c656375b-6b63-4728-a126-dbd746a1f437,TCGA,STAD,5e18d872-4591-4310-a21d-df2d29b8a880,1227,7.113142108707088
c991697f-77f9-412a-9bd1-0e47f7387cb2,TCGA,STAD,c0e89e4e-b640-4486-b516-94499ec683fe,26,3.295836866004329
c993a68d-0342-4df4-a082-72094f061c86,TCGA,STAD,01095104-f0a7-402f-b10f-c7bbee6171f5,219,5.393627546352361
c9ab5bf4-092a-420f-9b90-87deea58104c,TCGA,STAD,e6413d98-5c4e-460e-b984-9e365096fe2f,569,6.345636360828596
ca21c55f-45a7-42af-be07-430990d5445b,TCGA,STAD,9c8a3743-0221-42a3-9d8d-a85637635d9f,124,4.8283137373023015
cad2adc1-0f41-4651-9c80-ae9961e2dc8d,TCGA,STAD,e832c474-935b-48c9-98fa-66dd7503bed5,42,3.7612001156935624
cadc555e-e350-40cf-8674-3536942f3e02,TCGA,STAD,00918729-729c-4547-a378-211643a37ad0,7,2.0794415416798357
cafbae18-12a5-40fb-9dbe-c1d0598b9091,TCGA,STAD,cb3b426c-643f-4b74-adcb-efca0edc72f5,120,4.795790545596741
cb4394ec-1991-460d-b823-b74e005e3da7,TCGA,STAD,e8d500b5-5af5-4985-b367-eeb4036c27ed,97,4.584967478670572
cb622cd6-776d-4681-8a67-4addd61c66b8,TCGA,STAD,d3d34d0b-404b-4b66-8d4c-579f0bb74cb5,173,5.159055299214529
cbe05333-3185-4878-b6e6-977a0e1400e4,TCGA,STAD,0bbf3ec2-ff7f-4008-b3da-47ce5adf7734,82,4.418840607796598
cca74404-cd91-4a69-ae09-bfb5d9142d3d,TCGA,STAD,d03dd2eb-7641-4185-b68d-24c6a82f0980,432,6.07073772800249
cda6d95c-be6a-485e-ba9a-c57f3eb3f99a,TCGA,STAD,b769baa1-1cca-40c2-9279-c0aa312f4bad,912,6.816735880594968
d04e2e8c-9d58-4514-8ab7-3642289d4de0,TCGA,STAD,70076454-90a2-4397-95e1-6ec7fee359a7,85,4.454347296253507
d0b78f02-2315-4c12-8b2a-ac1a110f882d,TCGA,STAD,5f97704c-a753-4b8c-bb00-698f9e594d03,126,4.844187086458591
d22de643-5f93-42d0-9199-1f55405241d6,TCGA,STAD,deccb24c-efe1-4902-b549-d645594a408d,203,5.318119993844216
d262fdf0-30bf-4618-9342-de5a2a053828,TCGA,STAD,34299dda-ca45-4103-bcd1-30645c2f86ab,234,5.459585514144159
d2e49fe3-fc7c-47c5-aa1f-b6b06d10951a,TCGA,STAD,ecc43748-bd4e-4cae-ae1e-e430d37b437c,81,4.406719247264253
d384dd0c-1947-4ffc-bee9-de38311d8249,TCGA,STAD,53abe70f-1bd1-46b3-8bdb-f0bb48a4d99c,71,4.276666119016055
d5550422-dc4b-4ebf-acb5-aa5243fff49f,TCGA,STAD,35d8e517-7394-482c-b30a-5d44e7cadd6f,125,4.836281906951478
d59824bd-816e-4ffc-8aae-1c3eff1f800e,TCGA,STAD,5725a5ee-e001-4e39-a896-3458eb3015b5,85,4.454347296253507
d5c58161-05ed-4472-81ed-176216f49929,TCGA,STAD,be981b2a-5f2a-49e4-92ee-d825c59ecf9e,64,4.174387269895637
d5efcde2-21e6-4071-9aa4-3c5688a45b3f,TCGA,STAD,ea7dd3e0-f023-48cf-b007-a0b754e0028b,53,3.9889840465642745
d7fe7004-6268-4dac-b145-ff76e678e77e,TCGA,STAD,bd361c61-5017-43c7-81de-8775439c3872,60,4.110873864173311
d807a1c0-f586-4f13-b8ef-3f79ab3d4b70,TCGA,STAD,952b3781-a5b8-4c2f-8ed9-abb3aa746a4a,151,5.0238805208462765
d8daf273-5334-4be0-b9e0-cc0004552544,TCGA,STAD,6f71f316-7ef2-4a7b-9492-bcbfe02dccb3,357,5.8805329864007
d9424178-9cb4-4bfb-9814-ba1afe7ad954,TCGA,STAD,90661c48-b39e-4f6e-bc12-8906443411c1,639,6.461468176353717
da112431-5579-4fd1-a230-9144b359b0e9,TCGA,STAD,7926b5c8-5ca3-4b02-a987-044c8f035c35,954,6.86171134048073
da2e8310-f54a-477e-a1fb-3f5542452780,TCGA,STAD,c0cc16db-d3e5-416d-85b7-606c83f1a6ae,123,4.820281565605037
daecea36-b379-46ce-8ae9-a38d22556ce2,TCGA,STAD,bbd204d0-2c39-461e-9629-54a67923a719,105,4.663439094112067
dccd3854-8865-4452-9f1c-97283509b553,TCGA,STAD,4458ad87-231d-4a58-968c-b683e3956758,41,3.7376696182833684
dce21359-004f-4e8b-89e4-9e1a30faffdf,TCGA,STAD,6333fb6b-5375-4fbd-81d1-8b1eda5f8cb8,259,5.560681631015528
ddcc73bf-b10f-4fab-96d4-3077947fcd2d,TCGA,STAD,bce6feaf-ee45-428c-b680-16760f02683f,37,3.6375861597263857
de865002-4938-4120-aa15-254fd40f2039,TCGA,STAD,4c0b56c7-e541-4ba2-a016-22892df9301f,163,5.099866427824199
df3df249-86c2-43d4-abe1-796cd7df653f,TCGA,STAD,3c959202-b9a5-4a31-85b4-78539ef6748c,54,4.007333185232471
df822ea3-e0e6-4ad3-a228-e20e3a737dac,TCGA,STAD,421c005c-a0c6-4cca-8e65-7f99a62c9498,325,5.786897381366708
df89b0be-fbe1-4ca7-bea7-ae057c3f6461,TCGA,STAD,e48e4e35-c5d6-45cb-aa75-eae2a3f67517,116,4.762173934797756
e04a05ee-f0d8-4691-84bb-d1a61e1bd77b,TCGA,STAD,fba437e2-4d79-43be-bf62-48d29a76042a,55,4.02535169073515
e0916597-e489-45ef-a8f7-653a3c6591ef,TCGA,STAD,150bcd89-a770-4a90-82e8-0e9ff90489c2,651,6.480044561926653
e0e35051-fbb4-4389-aedb-87bde84d21ad,TCGA,STAD,cd1b3a20-622c-4a34-835c-fda160f6a748,1101,7.00488198971286
e12d142e-7339-48fc-b17a-9e311b65327f,TCGA,STAD,fa6099bd-09f7-409f-9d53-ed77a886dab2,50,3.9318256327243257
e17cf9e9-0902-44e0-962b-af5492876f7d,TCGA,STAD,d2eec202-28d6-47a4-8ca2-f2ac04ff09e7,98,4.59511985013459
e181474c-1585-4aed-ba90-bae5324569d5,TCGA,STAD,117cb831-f850-43dd-a75a-72e2e8564668,1313,7.1808311990445555
e2aaabd9-f4ba-4763-a28a-c14d46a4bc5d,TCGA,STAD,bfa8ec9f-191e-40e0-9714-2d76b1378dc3,203,5.318119993844216
e302f643-eed3-4f07-a7fb-c32ee2031a1c,TCGA,STAD,58241437-55a5-4581-b5ad-027846ba4f0a,116,4.762173934797756
e37cae9e-0656-4b89-b326-739a5cc859e0,TCGA,STAD,20aed57d-9f53-43e1-ac0f-14ef033c171a,40,3.713572066704308
e42f45c6-fd00-44cf-a210-c8803da326a1,TCGA,STAD,77e82ea0-4820-4b4c-aa67-30a0502cb29b,61,4.127134385045092
e4344668-5a50-4dde-8eec-f4d7f01f99fd,TCGA,STAD,0cde61f6-aaaf-40f4-8a32-0e212831aa13,64,4.174387269895637
e516880b-c4e5-43cd-a358-be0db88564d7,TCGA,STAD,d904fc2f-f86d-4f8a-b9e6-60e1f72b11ab,236,5.4680601411351315
e52396d1-acd6-44f4-99c5-1a367128008d,TCGA,STAD,93fa1fec-3d9a-495e-b2c2-d99335fee451,68,4.23410650459726
e617b5c5-55ca-47a7-8497-854ab2844818,TCGA,STAD,4bee6505-d935-4299-bd2e-c75c54ec02aa,827,6.71901315438526
e62d5f3c-0a99-4932-a589-bff4fa02b1d3,TCGA,STAD,142cf82d-ca3a-4965-8928-2dd9829421c6,37,3.6375861597263857
e6634a0a-9ab0-441e-a667-2f7f6c7368cc,TCGA,STAD,06965c5f-448c-435c-b6bb-e451ad21de51,509,6.234410725718371
e6daa4fa-dcf7-4698-b13f-fdfa4eda6943,TCGA,STAD,481e547c-3747-48c8-8d05-af9f89ccd610,57,4.060443010546419
e7a3574b-1fcf-4366-adf8-f4330d9be6f8,TCGA,STAD,a62956ea-70e2-42bd-b7c4-5ce97f8de918,52,3.970291913552122
e9a98a44-83f2-490c-b053-1e953ebd4e7e,TCGA,STAD,02010693-bae6-4370-b10d-a16c480d1dd6,50,3.9318256327243257
e9b3822b-699d-412f-abd2-df399efcce8c,TCGA,STAD,2ff8dda0-5c40-49a5-9a6d-0a9618d3a6e2,667,6.504288173536645
e9d0aa8b-9ef4-40f7-8254-38fdce349bee,TCGA,STAD,3cd0cf7e-61d9-4c04-b0c7-92e525d82f29,68,4.23410650459726
e9ea3687-0db3-47f3-8099-b4fc054397f1,TCGA,STAD,de2b0174-ae4a-47ad-93e3-4132de19a4b2,45,3.828641396489095
ea600f9e-cda8-4a56-b8bd-e4c01ab724ba,TCGA,STAD,ef797205-6ed4-47b8-9c88-85648a85c17c,1464,7.289610521451167
eb7e9aad-95d3-4efc-a706-e2c986d17055,TCGA,STAD,52e295a1-0e9a-475c-b841-bc340dd140df,75,4.330733340286331
eb9a558c-39ef-42c0-8dfc-64d01b729426,TCGA,STAD,81fa6827-510c-430e-be99-7c5a0e5f8ff5,82,4.418840607796598
ec02b33c-8094-45e8-b679-b14dbe75d66f,TCGA,STAD,41126fa9-1101-4c2e-ac20-bdfc068a0778,170,5.14166355650266
ec178822-d719-4e98-b864-16ec5aa005a4,TCGA,STAD,a86afe1b-d566-4505-9145-9894615fc843,81,4.406719247264253
edce7aac-1d8b-41cb-88e2-f50b8eeca4d8,TCGA,STAD,cf4d75c2-78ec-4bbd-bca5-a3f92b6ce7fd,1465,7.290292882446597
eeb114ea-ecee-49ee-a162-b3b7bc0a60cd,TCGA,STAD,acc0c3f2-af23-4b46-8f68-392c2c5d73d9,125,4.836281906951478
efe8b105-b170-4679-8b97-c1142fefe069,TCGA,STAD,815ce2d9-e00c-4da1-85f7-c171a9a6b614,193,5.267858159063328
f07070c0-fd0a-4c19-ba1e-5f06b933cd7c,TCGA,STAD,e209bfba-7705-4d7f-9a9a-b7f581e44ba7,1015,6.923628628138427
f0b6e8f8-995c-47c1-bbec-d1d51dc97828,TCGA,STAD,1dada972-bcb3-4373-9575-5222af900b67,90,4.51085950651685
f35e8fef-f61d-4614-b73f-f7e1d0f21f52,TCGA,STAD,442329c0-8559-4a67-a465-c4ebd9a46685,66,4.204692619390966
f4b1e633-38e6-4cc6-a0c6-911582d4066b,TCGA,STAD,d3e55c8b-0fb5-40e5-bf63-a2b5d41fe642,54,4.007333185232471
f72a26e8-7f96-4d86-b37b-7dc35f681133,TCGA,STAD,138ab7a3-4753-434f-a27e-d301fc2fdd38,27,3.332204510175204
f74df45f-8cfd-4da8-bf84-7b1c80dc57eb,TCGA,STAD,525d556d-f746-4f28-9d89-bd5694f8205f,61,4.127134385045092
f76122f7-343a-4345-9fb6-e46ad0b75cb0,TCGA,STAD,75b753cf-1c2b-4510-9098-9fc797007d5c,86,4.465908118654584
f8557247-91fa-4772-ae14-958d709d9815,TCGA,STAD,d28ff63c-3b5c-4918-8ee6-d7c26e3429f6,126,4.844187086458591
f89ac782-e0b2-4e62-844d-2e00d10a1c65,TCGA,STAD,e0fdcf60-407a-4466-9850-d65c0cc296ab,163,5.099866427824199
f8a32cb0-8c3d-4bc2-8e53-561b89000be7,TCGA,STAD,f9d15c6f-0e46-4722-a9cb-c7603a2b48e9,977,6.885509670034818
fa00a6a7-d5b0-40b9-8360-d56f7db64d34,TCGA,STAD,c3c6519e-fae9-4c38-b4fe-4ffad6d1e30d,62,4.143134726391533
faed873e-a019-49c0-95a9-e9880fc23093,TCGA,STAD,7615702f-581e-47fd-ae1f-a513daa4d2d2,91,4.5217885770490405
faf5f1e3-9f7d-4a9d-a005-6cad5e4becf7,TCGA,STAD,f8bf2bd7-307f-44f1-a006-84ba418ab28f,89,4.499809670330265
fb143117-c3ad-4f4b-8f39-7586279e8eaa,TCGA,STAD,e64a2b4d-9e8b-4a1b-b648-d5c0f17aaebb,222,5.407171771460119
fce4e670-84be-4592-ae6c-2b7a59218110,TCGA,STAD,162921d4-e858-4fad-8549-24d5266e2dda,167,5.123963979403259
fdb40436-a545-40da-8c6b-2f8aff359ff6,TCGA,STAD,fac193f5-1eaf-4d84-8fc9-ddfb5a85acd5,511,6.238324625039508
fe1ad544-3189-4495-86be-0c68f3234238,TCGA,STAD,261bd231-99cd-4209-8c39-6bd2b14c47f2,151,5.0238805208462765
fe45eaee-ff0c-4d52-b18c-04dc2d64d3b4,TCGA,STAD,d0b2538e-a08b-4305-8b9d-bc4a157fa0f4,133,4.897839799950911
fe9a5fcf-ff99-4dd1-8cc7-ed9f4b9d952b,TCGA,STAD,61fac82c-6a81-49fb-8109-944c23c1a2c2,134,4.90527477843843
feb5ccf3-395f-415a-85d3-db637fcd514f,TCGA,STAD,ee5ae165-b87c-4558-af31-6e2bd325f76f,75,4.330733340286331
008ddf20-f7fb-4673-b2ed-b5d5212fbf09,TCGA,LAML,2831ca74-d048-4718-aafe-3f9ce69a6cd7,1,0.6931471805599453
02634746-93b2-4cc4-9912-4a6d0bcd2e15,TCGA,LAML,7c13425b-0f50-4374-bb6f-8cf11d62a085,7,2.0794415416798357
02e4f2da-9977-4251-81da-9e9f3a2310de,TCGA,LAML,9672e6d1-7084-4288-bb68-dca4305eff8a,0,0.0
036b18ea-3cf7-4f3e-a84c-c6aea5e4fcd7,TCGA,LAML,80bbd538-320f-4c72-9e13-e8d43f5cbd3f,3,1.3862943611198906
06d713a5-61fe-450b-bb81-721ab8aa0013,TCGA,LAML,d6055724-b1f0-46f9-8a99-a4a59653906c,0,0.0
0fc33d1f-3cee-4481-b7a2-15b53ff85083,TCGA,LAML,75456d00-bc39-4813-9384-025a44c70546,1,0.6931471805599453
11ed5289-050e-434a-a24e-79854b0d9dcc,TCGA,LAML,98371482-8e44-438d-9f45-b686dbd449c8,1,0.6931471805599453
137dfe0a-2a2b-423c-9a8a-78233b6ead74,TCGA,LAML,1c4bd6b7-361f-4efe-b549-91769c0fd029,13,2.639057329615259
153bc9ff-39c9-4890-a085-a46c530a7e97,TCGA,LAML,9f7e1e2f-8aac-47bd-b28c-27af13724ea1,1,0.6931471805599453
15b2be7d-bd75-4236-b896-2ef25edd14b8,TCGA,LAML,799ccd3a-653d-4c0e-8018-3e1b55d166eb,15,2.772588722239781
196d4b0c-a4ec-4915-b706-ada86ab483ae,TCGA,LAML,f77c2ed0-9fa9-406d-baff-33f8c5d62f79,11,2.4849066497880004
1a93dd15-f404-484c-b67c-98169d5522c7,TCGA,LAML,46988a87-1793-437c-b560-24990a75ecd2,9,2.302585092994046
1d9e9adc-734a-47a3-ad00-b3050770ba37,TCGA,LAML,feee431e-ba10-4f12-964b-8b156444888f,16,2.833213344056216
21bd7197-2504-4710-8c13-a9da9f71b0d5,TCGA,LAML,6c179551-6310-4027-a5f0-c7381bd0dd2a,1,0.6931471805599453
2216fd35-fea8-4d0c-9673-fbe2146fb40c,TCGA,LAML,40846e6b-4a74-4c64-80a4-2da76a953084,1,0.6931471805599453
23e96996-f438-4e81-b3b0-d12a0c046fcd,TCGA,LAML,0e7c1a03-0837-42b6-a60d-16be95603566,482,6.180016653652572
27bb612c-a74a-4088-b0ea-1dbe28e7a725,TCGA,LAML,46f4ba53-86ff-4382-93a0-9f5dd410bb88,3,1.3862943611198906
300fa3a7-3c42-4edc-8992-400188e762b4,TCGA,LAML,05ecb383-3954-4d53-8920-c545b0179f31,0,0.0
31ac4afd-8195-479a-97da-92edaa89a85e,TCGA,LAML,435e27a0-8430-4964-a953-ae4ffaf47e3f,19,2.995732273553991
34631deb-9ed3-49fa-afab-baa0570237cd,TCGA,LAML,20cc09a2-5194-4630-9276-22064635a02d,11,2.4849066497880004
380a053f-03e4-4773-9e59-5e0af8edd9a5,TCGA,LAML,f4f18963-a7dd-4669-8a48-8501f29af6e4,1,0.6931471805599453
3c25d91d-0e1b-46db-a842-06275c5db258,TCGA,LAML,244b54e2-5c18-492a-bb17-ea4008686a01,4,1.6094379124341003
3e698caf-4d86-43f5-b657-5f4cef64fc5f,TCGA,LAML,9c3326c6-ebf4-49e7-945f-397b757af398,2,1.0986122886681096
3f67b6bc-8886-459a-be73-d702f977a8ba,TCGA,LAML,10141cdf-e755-4f00-8b99-b3ea5806af50,517,6.249975242259483
404dafe8-369c-4659-a088-c85dccb7ad3b,TCGA,LAML,1ca730bc-be09-41a7-8960-4d2176609018,3,1.3862943611198906
42e2ed30-e08b-4d24-9e83-d1c3ecbd0fb4,TCGA,LAML,3594dca3-7c70-48b4-9d6c-ce1cc8615dc2,4,1.6094379124341003
46692ac0-8993-4cd3-9590-32ec9dd2c802,TCGA,LAML,5b151db5-aa75-4a80-8e76-d2653db122a4,1,0.6931471805599453
48f730a5-26c3-4716-964e-36fa9af26966,TCGA,LAML,b2c47893-e32f-4d99-8a5b-7c990cacb737,9,2.302585092994046
4cf1e489-dd24-4227-b306-4bc5266a224c,TCGA,LAML,3d0973b4-952a-4989-a261-1d3df1f04dd6,5,1.791759469228055
5088a594-ae6e-4f03-8cfd-97d9c62b2196,TCGA,LAML,9eeec239-d4ca-418b-98d7-d4330c7838e1,13,2.639057329615259
558a239b-fe8b-4b56-9137-4cacf8324995,TCGA,LAML,0923b10c-607c-455a-90c5-90817102b3bf,8,2.1972245773362196
58b78fa2-7bf7-4735-bcbc-0eef3e5e3d70,TCGA,LAML,4b1ae8ff-0d45-493c-92d6-1e2c5e18728d,0,0.0
5b846aad-6133-4133-a78b-65be81332cb4,TCGA,LAML,8c66364e-5637-4d94-aff7-1d74a2c7fc40,5,1.791759469228055
638b78d6-4523-4dd3-8d8a-8c46682f3fd1,TCGA,LAML,ba5a93bb-d99f-4f31-8c59-773ee5b0d46c,11,2.4849066497880004
64f0c38f-7f87-4c4b-9e37-66f32645dde4,TCGA,LAML,5298ddc9-0de1-4ebd-8a6a-f628d0b5dbec,7,2.0794415416798357
67cf58e9-203e-455a-a25d-5e38d08028bc,TCGA,LAML,06e97faa-de8f-4f17-b4f4-497fbe18b6c3,3,1.3862943611198906
68449d03-6f2e-4b17-a2bf-c0494df32303,TCGA,LAML,2e6ef072-b8e4-4f84-a054-05a6c3277fbe,11,2.4849066497880004
697668df-f834-4a06-8f5a-de999b06a254,TCGA,LAML,ece1be02-572f-4d31-822c-d3536b268fcc,7,2.0794415416798357
69da7e4d-57d3-40d6-92af-3cd1aaf9e0ec,TCGA,LAML,105c969c-ac2d-4a89-ae5c-4bc79af47421,9,2.302585092994046
6cf73307-dcf9-43fb-8848-618ae5c1723b,TCGA,LAML,cfa3fec3-e4ca-42d1-b3ad-4957e38ef9e9,8,2.1972245773362196
6d271451-affa-4c76-bce5-6bf8622d83a9,TCGA,LAML,11f143ea-cd94-4c16-a29b-fb994e9d6376,2,1.0986122886681096
712dbdd5-c4e2-4b3c-9976-8f50234441b1,TCGA,LAML,48d2e27b-ce74-4d1e-9ee9-da3f356fb36f,5,1.791759469228055
75343469-9740-4b3f-83f9-82507f697fd9,TCGA,LAML,e2936807-e045-4352-8894-ee44a5154ce2,0,0.0
79378590-e28e-403b-bbde-c76c0195a980,TCGA,LAML,d7f7a1c5-f99a-47da-8ad3-887491fc810a,6,1.9459101490553132
7994d0a6-cef5-4391-a121-5a0853a34fa7,TCGA,LAML,68e13706-df83-4cb1-987c-1ba839bf1a03,1,0.6931471805599453
7cf64c74-47e6-4913-b91b-25198e36b7c8,TCGA,LAML,f4e75fe6-e34c-435f-9742-1b30e74ccfa5,1,0.6931471805599453
80017c88-e07f-4bf6-ad00-87f3e5473d6d,TCGA,LAML,13eb6c04-e8cc-4c53-ad7c-49686b945d89,1,0.6931471805599453
81769d23-74f4-4ca1-8fcf-3e03aa1bf3c9,TCGA,LAML,5d650ac1-5544-45ec-a1b6-00f98081d2b8,9,2.302585092994046
81dabf1f-e666-48c6-a912-2ea5bfecf585,TCGA,LAML,3c6378dd-b962-47ba-b643-37ddeafed9fa,11,2.4849066497880004
83ae044d-2975-478c-902c-776858c2ba3a,TCGA,LAML,ee5f8eec-cae1-4399-8fcc-c923cb3dc192,11,2.4849066497880004
848fbfa9-1ff6-481f-910f-0423d52763da,TCGA,LAML,064ed305-dce3-47e0-9f5b-4f92684e2da3,0,0.0
865cda60-ec30-4562-b681-0e90737a97ca,TCGA,LAML,9a1af104-974d-41eb-bd49-f966a0aeb987,3,1.3862943611198906
88765a3f-631d-4e47-a012-e2470633a505,TCGA,LAML,c46dd236-2e69-452e-94ca-c57ef7f64f33,3,1.3862943611198906
8e57db50-eb17-4d95-8806-081290ea3cfc,TCGA,LAML,c2935429-b9c1-4a98-a275-1d9b76b8f18f,6,1.9459101490553132
8eee4228-4d30-480a-8743-5a3d98eb1741,TCGA,LAML,37436464-7f4c-4599-86d4-900134c44431,7,2.0794415416798357
8ff807a6-b63f-4a71-9ff3-b47ac91a0114,TCGA,LAML,79f58a59-4029-4176-8fbf-12d921cd44e2,1,0.6931471805599453
9072cf34-8632-4b57-acc8-58e8fe21c136,TCGA,LAML,71443335-5c62-4f69-8090-b0ca0452e935,2,1.0986122886681096
95a4f9f6-d6c7-4d9d-ae34-e4a91d8927e9,TCGA,LAML,c7153357-b5f6-4c62-99fb-d81cef493ed3,2,1.0986122886681096
96607b17-2894-4153-adde-3d970f47fe50,TCGA,LAML,510f9d0f-5b4a-4978-a43f-8f03d69c6880,0,0.0
96686a1a-16d0-4cdc-b1f7-5dbbf4cf1c9f,TCGA,LAML,06344cac-38bb-4044-ade0-2a7adde047f9,13,2.639057329615259
96b43e99-d81e-44d2-aac5-a6eb92727368,TCGA,LAML,ef68dfd3-b700-41f8-b27e-ba4066b3afeb,0,0.0
995bdb1e-c67e-43eb-9fbd-16eb290926d5,TCGA,LAML,4838b205-7d6d-4865-a25c-f42110bd57ca,4,1.6094379124341003
9dbd2ef7-77da-42ef-90d2-8d30b4330f94,TCGA,LAML,71e03867-8eee-4e5a-bf83-e16d1d51a6f2,2,1.0986122886681096
9f0a0548-e8b4-4c44-94e7-9d5e793e5601,TCGA,LAML,7fbec83d-4f47-4a8b-955a-5cc034819eeb,4,1.6094379124341003
a086aba1-0df5-497b-85e7-bc84aac1acec,TCGA,LAML,0f25eb24-da72-4b45-b1db-30ba5e4445d9,4,1.6094379124341003
a24d14d9-4f17-4625-93d0-b0624610d83d,TCGA,LAML,d86067a2-238c-4b31-b685-8511174ed59b,0,0.0
a2aee2ef-c3c6-4832-bc3f-3648575af5c6,TCGA,LAML,77a45da0-dfe2-4e26-9835-727a6686aaa1,1,0.6931471805599453
a42bc793-f21d-45d1-9ab3-bfa9de25612e,TCGA,LAML,e8796436-0aa8-42a3-bf63-e42cafcb0e45,12,2.5649493574615367
a45a91f6-55a5-4a5e-ba54-0ac0b4e87d8c,TCGA,LAML,e1e80bd1-4765-4b68-881a-a51e6cb997ea,3,1.3862943611198906
a7a567fa-847e-49c6-b404-f2257e00b00d,TCGA,LAML,59667398-f06e-4943-8875-98f6350d3bfd,1,0.6931471805599453
a85837e6-f98d-4a80-b7c1-49b0a6313dd7,TCGA,LAML,79b4e3ea-0e12-4206-bbca-2d6b85daff40,12,2.5649493574615367
ab60901b-d2ad-401a-9742-52df35ce1de0,TCGA,LAML,0101462d-6b47-4134-8164-667ebddc9091,0,0.0
ada38f3e-8020-4394-9e7c-50d06dd04769,TCGA,LAML,433e57e9-dc4a-4c5e-b860-303851b14aaa,31,3.4657359027997265
b147ea90-5643-4680-ac90-d6e8f7166792,TCGA,LAML,fef457d0-61be-44f1-943a-21b3df77a4f7,4,1.6094379124341003
b351345a-18c2-42ed-8911-c37267c9cb58,TCGA,LAML,b54b23c4-9cdb-433f-9a74-805f314e596e,13,2.639057329615259
b4bc4666-13ba-4864-be9b-89ff8a0a1bd8,TCGA,LAML,6e23a4fb-ec57-408f-bfdb-307e833ce0bc,15,2.772588722239781
b5cbd66f-948d-45a3-af3b-f17e2b35d85e,TCGA,LAML,afc776ca-4e70-422a-a7ae-c1a692c8c6ef,1,0.6931471805599453
b8492e1a-aa02-4585-a5be-75f9833c8c3f,TCGA,LAML,897d6743-7ea3-4b6a-a99f-c2dde3c51827,5,1.791759469228055
bb8cff3b-c3e6-4fc9-b9dd-9d04d76458c6,TCGA,LAML,6e52e950-7e51-4e12-b194-68d935cb96f0,17,2.8903717578961645
c00bdbdc-a65d-494d-a9d7-4309c28277ca,TCGA,LAML,dc5141fc-4084-4939-bf13-bafb841c55af,1,0.6931471805599453
c1f908ce-f6d5-4557-a4bf-956b71b8bf61,TCGA,LAML,8a8e36a6-e59c-4415-9dba-69f2c279cfd0,4,1.6094379124341003
c21aab2a-36a0-464c-aa7d-d0c6937cab29,TCGA,LAML,7c5c2287-1f7a-42be-8d7c-2aa3e3d1926b,20,3.044522437723423
c532cfda-a8fa-4a8a-92ba-33ad8b47404d,TCGA,LAML,a1a8ce33-9d31-4158-a31a-e74d8ddc2e8e,0,0.0
c7afc0d0-ca32-4be1-9477-ad106290c460,TCGA,LAML,02e5b06d-a187-4248-bcc5-c7a27ba58984,7,2.0794415416798357
cb262c7c-2646-45e3-bea9-376e48eefe65,TCGA,LAML,915a57ff-bf31-482b-a5ef-07c4057e7a08,3,1.3862943611198906
cb97312b-0bd2-4fbd-b3a6-05c5a17a0a34,TCGA,LAML,cb5802af-ef05-4ed1-b37d-93203a6ef3a2,3,1.3862943611198906
cf2e5c6a-a7d8-428f-800a-fb94dcfc5fe4,TCGA,LAML,0bdfa47e-fa4b-4d32-bc44-5a789817e2ff,2,1.0986122886681096
cfb6e5b0-34ed-4f8a-9057-c48de5e28645,TCGA,LAML,0814d3de-db24-4f42-b876-c6a456b63960,2,1.0986122886681096
d1848a5f-053a-4db4-ab4e-c5eb311bc3a0,TCGA,LAML,74e2a599-a161-49e3-95fe-62cddb805279,10,2.3978952727983707
d442e36b-6d15-4fc3-9641-5feac119db94,TCGA,LAML,c701ed1e-a8b8-47f9-b5ea-2c90e3172320,0,0.0
d5fe3b27-c6a6-4a35-a173-3f7b73c2ed14,TCGA,LAML,28e298b2-678b-46ec-b383-ec60bf6ca742,8,2.1972245773362196
d6ef326a-e3c6-42ad-84b9-3f7f07313101,TCGA,LAML,9d2c7b4f-afab-44dd-b7b2-6d540db5f1f3,0,0.0
dd37ccd0-31d9-4605-8b8e-618bedc80c38,TCGA,LAML,5ea7031e-02c5-4295-84e8-76c99b79bdf1,20,3.044522437723423
e3956736-adbc-49a2-a4a8-a6ae93b8faf3,TCGA,LAML,a25100b1-2ccd-4506-b77a-f34348d5a5f1,1,0.6931471805599453
e44e2ac3-4a83-40b0-b266-a36626ffd6ae,TCGA,LAML,e6825b2c-cccb-435d-becb-f3e5662c4e7e,3,1.3862943611198906
e4ad3f09-7e23-4a84-b8f3-3faf2db890f4,TCGA,LAML,87b8ce59-94a1-4c53-b198-bffe7f200ddc,1,0.6931471805599453
e54de1c4-6cdc-4106-ab5d-1d7c745e690f,TCGA,LAML,e497c46d-d947-4bd3-94ff-7fbea95aeb72,2,1.0986122886681096
e591adad-8331-4198-94c4-d03ea01f70c5,TCGA,LAML,48de792d-7d35-4965-82e2-3559d6331a66,14,2.70805020110221
e5a70f71-1dd4-49e5-9113-1404fa9fc791,TCGA,LAML,7c05dcf1-b852-4c1a-b411-b4ab72f18b17,6,1.9459101490553132
e78ff499-037b-450a-ac04-6fb3a9e124a4,TCGA,LAML,b251fbc9-cd13-4720-893c-840bbf448b10,426,6.056784013228625
ebf4703c-7517-492f-8ea3-134e798ac820,TCGA,LAML,759ea003-6156-4af4-9528-876a49562f57,0,0.0
ef009667-aaaf-4138-a170-e446012e0930,TCGA,LAML,200c4121-f401-4fbb-89b3-f0794a37a9c1,10,2.3978952727983707
ef853801-83be-4011-ba4d-6e2fe7153b05,TCGA,LAML,adccdcca-3e57-4ee8-aee4-caeb19b16cca,5,1.791759469228055
f3a80377-1d76-4754-8018-45cf49937cb8,TCGA,LAML,df844cb4-3cd9-426a-a7eb-c25d7521eee4,16,2.833213344056216
f3c7fc84-3df8-4ff7-a378-26ec5d9e08a5,TCGA,LAML,bdde584e-c56f-4e08-9fdf-2ef444df7285,0,0.0
f58f22e9-76b0-441f-951f-6bc795f2b7bc,TCGA,LAML,be5015ff-cd90-4c63-a958-a222ca6d8809,1,0.6931471805599453
f6810357-a598-4a39-8cbd-067795b8d860,TCGA,LAML,c93d9527-c221-4543-b32f-4c00b3778264,9,2.302585092994046
f6f9ed0d-2b3c-45b7-b214-853b5a207bac,TCGA,LAML,78da0a87-3a86-48b1-b6e2-013655c8c80d,11,2.4849066497880004
f81ce06d-8ace-4f19-aaf8-75a4219a5a60,TCGA,LAML,22916b55-a076-41c3-a7ae-a70837ca841b,0,0.0
fc4ae4f8-f66b-4137-9821-e579b339cbf6,TCGA,LAML,e6549063-8cd0-4226-917f-9c7139ace36e,6,1.9459101490553132
fcc2192a-1f54-49c5-b3e6-e9bd8025df67,TCGA,LAML,22302cda-846b-484a-b7b5-566560255208,26,3.295836866004329
ffc73551-55e9-4bbb-bd15-76088551964b,TCGA,LAML,90505c87-0666-4484-bd02-c360f180bbb4,1,0.6931471805599453
ffc915b8-cacd-4974-a040-ee496f0efc0e,TCGA,LAML,5cb23757-a030-47e1-9a11-8d37e565266a,9,2.302585092994046
fff35c80-88cd-4923-80c1-0273ba5bed0f,TCGA,LAML,2a409fe2-acbf-4dff-9a52-b873dabe957e,2,1.0986122886681096
003f4f85-3244-4132-8c9d-c29f09382269,CPTAC,LUAD,391f5d20-0adc-4c44-ac1f-c03abd5eb350,574,6.354370040797351
006931bb-f5b1-4aa4-b0a8-af517a912db0,CPTAC,LUAD,3414145f-adec-4235-88b3-a31919ace563,93,4.543294782270004
028061ef-a99c-42dd-b011-344036e5357f,CPTAC,LUAD,0885869c-6a39-4824-92b5-1a7ecdb1a3bc,62,4.143134726391533
0319896f-294b-4c76-853a-17592698a88c,CPTAC,LUAD,354da9d5-831b-42ab-9169-1517608c9dc5,30,3.4339872044851463
0449aa40-ee66-45c5-baa7-db48dbcc7702,CPTAC,LUAD,decff0d9-8dd6-43c3-8969-0dd7576fd083,192,5.262690188904886
04da17ab-6539-42a2-92fd-d2b3cf521970,CPTAC,LUAD,5b67aca3-b93e-4b81-8e0c-9fde02203a35,68,4.23410650459726
057d0d06-872c-455c-bb25-408233ebcf68,CPTAC,LUAD,edb03f98-bd9c-4665-8259-b0214175f4fa,25,3.258096538021482
061b9248-7ef1-47f1-9893-9958451ad9ab,CPTAC,LUAD,03dc3c08-c876-492c-8e19-b1227d238aee,62,4.143134726391533
068174d5-0001-421a-bec9-80f2519051d4,CPTAC,LUAD,fce1878d-f4b5-4871-ab44-737ce64fdd7c,39,3.6888794541139363
07057080-464f-455d-a267-2301c721ded2,CPTAC,LUAD,4f693c4f-7981-46a6-9201-0b031ce5769c,78,4.3694478524670215
070f4283-176a-492e-b418-ebf292cd37d6,CPTAC,LUAD,89b8721f-9143-4ef5-9982-80c5fb6ae76b,74,4.31748811353631
07eacca6-8691-436b-8a5b-b595b6388b5a,CPTAC,LUAD,e2983e96-2ce4-48e5-8b65-f37d6f4242bc,251,5.529429087511423
0900fe7b-1872-4214-bb2f-efb16234db23,CPTAC,LUAD,6f0aa705-a972-4ce4-b03b-12e7b63143c0,163,5.099866427824199
09023877-f316-4848-8b99-219d943d4a2f,CPTAC,LUAD,b1060112-48fb-4c0d-a941-e43d58acc73e,38,3.6635616461296463
0a94d173-c451-4367-9e54-968bd0e0dc0b,CPTAC,LUAD,19c3cbe3-33ce-4a3c-ad27-6466f373f78b,1085,6.990256500493881
0b3ed03f-55cb-4a13-8e21-608eb0b96d51,CPTAC,LUAD,c264e361-800b-4394-94fa-70fc411c9db9,231,5.44673737166631
0bc3a409-1a2e-4e3e-85d4-6fab4c473274,CPTAC,LUAD,17546ba3-9a3f-4b0a-8283-35d55c492679,347,5.8522024797744745
0d4450ac-b44f-4b9b-a41e-c2ed8ba3e3b2,CPTAC,LUAD,9897fa19-1e53-40a5-924b-7a61338e2002,242,5.493061443340548
0d46037d-04c5-484c-85cc-999f5991d538,CPTAC,LUAD,8fb54c33-b0f2-46b3-ba95-7d5dc6298fd2,60,4.110873864173311
0dc59702-55ac-4678-a9a2-adb268497e95,CPTAC,LUAD,210b66b4-8f90-4aab-9ba1-2f281b8d88ec,393,5.976350909297934
0f55287e-8522-4ca2-a6f1-c42d912ee980,CPTAC,LUAD,a581261d-3adf-4299-b867-8bf4a590a643,322,5.777652323222656
0f929c39-9a77-43f7-bbfb-145348a2fe90,CPTAC,LUAD,9ed88957-0991-432d-956a-5317efbbc5b5,166,5.117993812416755
13310f38-a002-437e-8de2-332b0b10d0c0,CPTAC,LUAD,aaadbaed-bcf5-4d30-a2de-09552d3d83f0,51,3.9512437185814275
1458cbfe-9af5-48b8-9761-dc719b109184,CPTAC,LUAD,59966166-4dd0-4d21-9362-800fbd51f358,426,6.056784013228625
14cc3881-5460-4483-85c4-62b716895bfe,CPTAC,LUAD,a420acdf-146c-4661-8240-c35ee437c770,36,3.6109179126442243
1562ff6a-080c-4b58-ba3a-9fdf50a5eaf6,CPTAC,LUAD,a4a86eca-8562-45bb-be5a-d878d9a6e42d,457,6.126869184114185
165c0f04-97db-43c4-9f13-2c28d1858483,CPTAC,LUAD,6b8299fe-8b53-457a-9763-78175e3f8756,268,5.594711379601839
1663baf4-aed4-4ea9-893a-6517a67c4819,CPTAC,LUAD,6cb5b5a4-3ef8-4707-9a75-c1fe5f0fb24d,260,5.564520407322694
16b182b9-f1be-4973-b6dc-0407d8c88d01,CPTAC,LUAD,cfe75958-4a6a-4313-99e3-c5ae7c73e492,40,3.713572066704308
176ac1b2-7111-4950-a7bc-1edc3254854f,CPTAC,LUAD,f8940207-13e2-4eea-bd8e-0f3658c29593,212,5.3612921657094255
17b9c881-5f0c-44e8-8b59-2dfcab443513,CPTAC,LUAD,9e971d9f-95ec-4e34-9020-c3303fafc372,56,4.04305126783455
192571db-fc43-46e9-9f25-d2db46aadba6,CPTAC,LUAD,e0d2937c-f96a-4f57-874f-cd4b481de756,227,5.429345628954441
1a180fc6-b37a-47de-862f-1991f3096536,CPTAC,LUAD,3c4db535-fa15-467d-93b5-af35b952f867,94,4.553876891600541
1a78ec58-fff4-448f-b0c0-06812d24f4f6,CPTAC,LUAD,30bf7d30-0378-4260-8a9e-1e86bbc3e5f3,369,5.91350300563827
1c2653e9-8ba9-40da-a0f6-f5f06508d26a,CPTAC,LUAD,6c3c1183-9eda-4379-9a1d-feb4e0fb1f01,179,5.19295685089021
1c5f10ce-d248-404e-be55-bf8e37db0240,CPTAC,LUAD,b40f823a-6abd-4e98-8cca-16d2544513d1,295,5.69035945432406
1e349b03-b60a-4b5a-b093-2a7cee6ad645,CPTAC,LUAD,293f46b4-2e39-43a8-a6de-949fe057ac59,884,6.785587645007929
1e7c8c8e-4c3c-429b-b34e-34677f07d1a4,CPTAC,LUAD,e8010ce0-d45f-4d6b-824e-7e451462880c,190,5.25227342804663
1e887511-098d-4cd6-818e-aa1087118d7c,CPTAC,LUAD,7dfdb736-2140-4a97-9125-0a673a9d4352,255,5.545177444479562
1f04dddd-e6be-4bd9-b269-6425e648af18,CPTAC,LUAD,87db2f51-5565-4904-a158-08180ce0da83,66,4.204692619390966
1f66bbbf-7909-47d0-9ea4-d5209cbcb951,CPTAC,LUAD,2b0c6ae3-7e59-4b22-87a5-09d6461a0b12,39,3.6888794541139363
2072611a-334b-4fb2-8559-d038ffb5fa69,CPTAC,LUAD,4ba554d4-16f2-4454-ae7e-269a86c71b65,378,5.937536205082426
208b87e8-f96f-419c-a659-c94a1b4c12b7,CPTAC,LUAD,e264fe2f-c01e-420d-9f5f-d3974eb19905,274,5.616771097666572
2171413a-4d2c-4ad5-b539-f231a3d0a2de,CPTAC,LUAD,98973d38-832d-45e1-8e14-9b4a4e946c97,325,5.786897381366708
217bbeb4-6b93-47d9-808f-14fd17e9b3b4,CPTAC,LUAD,3bce9980-c53b-4985-bdaa-7e50b57d572b,273,5.6131281063880705
21d09db9-f853-48d3-b132-d07c122cf06c,CPTAC,LUAD,61dc31d4-aebb-4094-adf8-7577a9f1f2ed,24,3.2188758248682006
235e3ff0-5389-48c6-8d25-7e8bc9ee14b6,CPTAC,LUAD,e9f19a31-6ca2-4d51-a3f7-804dec4d4b41,81,4.406719247264253
27905585-0e1d-4f5d-9635-eb37dfbf9219,CPTAC,LUAD,8c65c400-660d-4037-8af0-e1c0f5aa92d7,43,3.784189633918261
2806de44-6c61-4375-a632-4874b5172269,CPTAC,LUAD,1ceb2a6a-484e-4297-be28-32a941d005dd,167,5.123963979403259
283e6ba3-2654-4cbb-b57f-c0a63f4c2bbf,CPTAC,LUAD,28c4e11e-05cc-476b-9c17-97854f8f0533,38,3.6635616461296463
28b53966-665f-4b11-85c9-ff31f1fc3f1f,CPTAC,LUAD,40390549-49db-467f-be6d-6dea152d6b21,766,6.642486801367256
29293995-2b78-4920-a1c5-b8202f399ba3,CPTAC,LUAD,778ddbed-0452-40a2-b710-86ef6ef6f4d3,263,5.575949103146316
2a321e32-6059-4a05-b690-d249545f4b1d,CPTAC,LUAD,7f9d07b6-f233-4056-a0d7-54c42ebfa75b,63,4.1588830833596715
2a8f8c3a-c699-4a5d-a454-f52183b87e18,CPTAC,LUAD,afe08253-b95c-48c8-a856-85e65603ae30,43,3.784189633918261
2b30ee57-9fec-4b82-84d8-d3b03ccac9cd,CPTAC,LUAD,070c3a23-71f2-4601-a566-d16545ee9766,369,5.91350300563827
2bdac74b-c588-4697-8d91-705456d205fe,CPTAC,LUAD,b7940add-4e68-48fb-8e01-d7ac73fa29fb,562,6.333279628139691
2f77e19c-fd2d-465b-b9b7-5373542b62ae,CPTAC,LUAD,758326f2-5795-4ec9-b53c-13554623d810,550,6.311734809152915
2f791c81-1325-4d3d-aa2f-fb07e80a71b3,CPTAC,LUAD,3d214edd-66f2-4ba4-8506-6e89a4cbc012,558,6.326149473155099
2fa24d27-4b12-483f-a808-9f09c2ce5cd0,CPTAC,LUAD,d726e02e-9579-4ee3-b689-e14e1a647015,225,5.420534999272286
3058d791-5c14-43d3-96e7-caa33b5982dc,CPTAC,LUAD,a65787d0-c4f9-4b3f-8a4a-34b9ec275f83,267,5.5909869805108565
319b7d38-2214-4efc-bc53-3d184a8053fe,CPTAC,LUAD,3e4d61ca-e874-4efe-9037-9276da982a88,334,5.814130531825066
32604160-2eef-4cba-8fe1-5fc4869f7f3a,CPTAC,LUAD,c5bf53e7-f50b-4ee0-96fc-8b2cf9613bab,112,4.727387818712341
32647966-e243-4cbf-ad05-6041071853c4,CPTAC,LUAD,28da3fa4-9389-408a-8757-33be4fb8e9ca,194,5.272999558563747
32ac4fe4-38b2-4ca1-9754-c2c74300b4bf,CPTAC,LUAD,0e9a8104-cb3b-440d-bcd9-62bac649e01e,104,4.653960350157523
32b7854e-de74-42d6-a4ce-f4b304956ee9,CPTAC,LUAD,775d8f3d-31cd-4828-9294-9db94a12e690,115,4.7535901911063645
32ba878b-54af-4ddf-84a8-bb5cd3512125,CPTAC,LUAD,f85f94dd-1e5c-48b5-b619-ce49362c6b46,126,4.844187086458591
3302fb9a-3122-449d-b718-74769aee97af,CPTAC,LUAD,cdbbff89-19eb-474b-b45b-fd20c139765e,254,5.541263545158426
3491e1f7-0c09-42f8-b20f-2a6d32426c64,CPTAC,LUAD,a66efdb1-9ff7-4f65-8ac3-b00ed4dc9135,419,6.040254711277414
3763db2c-2a25-4787-b880-9d9919fb135b,CPTAC,LUAD,1af8fb08-9f78-4db3-92f5-ee4df320c12e,80,4.394449154672439
3964a6e8-fba3-47f6-a7ca-26bbd4a368f6,CPTAC,LUAD,3c5605f5-6c56-404f-918d-72852e4f19a2,48,3.8918202981106265
39ad94db-bfc7-4cf1-92ab-00ba05e1da0a,CPTAC,LUAD,854d3e91-a19b-4dd4-96a6-996011666d09,115,4.7535901911063645
3a7449d1-7761-4c8e-afc0-9968b1f33305,CPTAC,LUAD,e0d7e186-9697-453d-8a01-f03ad1478f50,4,1.6094379124341003
3b417f44-bc66-4989-8a74-bee69e7f4050,CPTAC,LUAD,de8cf4d4-6709-4803-a22e-d0a500ebba1a,53,3.9889840465642745
3da7fd40-f066-4057-b5b6-24f5f4877f8a,CPTAC,LUAD,ec412ff4-25c1-4f8f-a291-b1dd414a64b7,239,5.480638923341991
3e1176ed-e49e-4d4e-abba-f7c53b635e6f,CPTAC,LUAD,6a1f7666-0c06-4d06-bfe9-5e3a4979a17f,27,3.332204510175204
3e40979a-47c3-4695-b264-f95c23f45815,CPTAC,LUAD,41858841-4b5c-4444-ba26-bf220de26093,190,5.25227342804663
3e65a302-6973-4491-b12d-5a8dbac9fd14,CPTAC,LUAD,9529e541-f035-4274-885f-f530af1d87d0,9,2.302585092994046
3eac8f1b-790c-44e8-80b3-dd3180155ba3,CPTAC,LUAD,873771c7-b709-49cf-805f-817a2b091979,247,5.5134287461649825
3f92c203-a319-46a6-a627-8027070961fc,CPTAC,LUAD,64e6bbab-b624-4a47-ba2e-16e41f9de8fd,30,3.4339872044851463
40772685-f6c1-4133-9457-c2f8a9446fa1,CPTAC,LUAD,a6fcc506-61fb-431f-a7b2-a6a53d82c4c6,359,5.886104031450156
41078a19-092c-4930-a3f4-eca47256622e,CPTAC,LUAD,fb8b1e66-d3f1-4ddd-b076-e2a5efdcc2a8,8,2.1972245773362196
410b95b4-6d38-4c25-91ad-c09f2c34325b,CPTAC,LUAD,c09e676b-3aad-4b33-8e0a-d5cd646ab13a,37,3.6375861597263857
4116957b-9204-4f4c-89ab-404024995258,CPTAC,LUAD,3e4f9e05-6f82-42d3-ad1e-441883e141d7,269,5.598421958998375
417c1659-201c-4d1d-99bf-c28c986c559d,CPTAC,LUAD,fced4614-06ad-4417-af23-01afc0fd955a,108,4.6913478822291435
423a30b3-b288-4a67-9aee-e2cc9a834a2f,CPTAC,LUAD,91ee8fd1-4e0d-4d24-ae90-255e50761426,254,5.541263545158426
42b577f2-b28d-4116-92d5-95d31e34f33b,CPTAC,LUAD,afcfd650-5a30-4fb7-b513-15acdf8d1a78,54,4.007333185232471
438e5345-b54e-49e4-bad9-f1bc38839463,CPTAC,LUAD,5cd9753a-e3fd-4b7c-b62e-70636fd95d33,194,5.272999558563747
457097a8-e85b-453a-903d-7d992e70c1c8,CPTAC,LUAD,93a0a10c-0eca-4b90-929b-7174ba14575e,44,3.8066624897703196
46098b0b-a53e-425a-abc0-73561c447ea1,CPTAC,LUAD,0791f456-b9b0-456d-ae7b-52534bfb485f,236,5.4680601411351315
46781698-b14e-4070-8ec4-2c734c3f6468,CPTAC,LUAD,cc438ab3-8c6b-493a-ae84-f1b10ffa5bd1,55,4.02535169073515
46be30d5-b623-4469-a1d3-fbc76a62cca5,CPTAC,LUAD,0f88742e-ebfe-4d72-9720-5b5db9057b79,34,3.5553480614894135
46f4f8c7-bd28-4f38-b783-b6320deffcab,CPTAC,LUAD,da735a38-ac2a-4bf0-8945-ddd923ddd46e,9,2.302585092994046
4762e4eb-bed9-43b9-a5d9-ebe93c0f7541,CPTAC,LUAD,c6d7291b-7639-40a0-9740-a01bbfc99055,197,5.288267030694535
4897cf93-43ac-45d2-b5f9-3065246317ce,CPTAC,LUAD,962d4645-cd98-44d9-b13c-f4d49d4b7144,216,5.37989735354046
4946b095-1252-477d-b5ad-cc57a0e03089,CPTAC,LUAD,1f96573a-6a07-4a78-b846-4907724c8fc0,332,5.808142489980444
4ba11f85-5f18-4db9-af0f-c0da0b78f500,CPTAC,LUAD,44b7898f-4a1a-4e16-b6df-3d92525b026e,22,3.1354942159291497
4c0e4d96-1072-4b8c-9f05-cd6dd7329ed4,CPTAC,LUAD,4aee42fb-000e-4fec-975f-69d8462fe73f,511,6.238324625039508
4c241b93-c11c-4802-94a7-07f125267ba3,CPTAC,LUAD,a211dc51-cd6f-45be-b05d-d3f6c678c9ef,406,6.008813185442595
51f39708-5443-4037-90b0-864e25c20388,CPTAC,LUAD,c976274c-090e-45b1-a40e-852c616a47be,514,6.244166900663736
5249c627-50f9-4dea-a90d-d2ea66e2a8e1,CPTAC,LUAD,42d4ea43-9f0b-4cc1-b1a5-63f55aaef35a,130,4.875197323201151
530b32cc-06f7-4a32-bc01-086f9447f9b0,CPTAC,LUAD,d2ca6204-8113-4d2f-b919-ce840a453e99,242,5.493061443340548
538c7894-e20a-4369-a076-fac566779894,CPTAC,LUAD,2f5caac4-af8a-485f-bba8-de1de089e82d,43,3.784189633918261
54af5967-283d-4dd0-90e0-d2c351694c4c,CPTAC,LUAD,5f9b0a2a-cc1c-464f-8c4e-534475e98fe5,203,5.318119993844216
55fd764e-86cd-4b01-a229-16d050dc2f42,CPTAC,LUAD,829f28aa-772e-409f-9563-16a5cfd939a7,17,2.8903717578961645
56e57d72-3b6b-4b70-bbd2-eb4b96e10ba4,CPTAC,LUAD,44ba9214-4e57-4e62-9b51-1bd0d39d437d,360,5.8888779583328805
570d34b4-1b20-4124-9086-5e4f678ad64d,CPTAC,LUAD,d7b8c0a6-cae0-4097-ba02-abe04f545dc1,109,4.700480365792417
579139e1-e8f9-4260-baf1-dbe7435c8aff,CPTAC,LUAD,1b991c2f-bd69-402e-a872-448fb8ef130c,141,4.955827057601261
58447c8d-2e24-4f06-b477-c8a5785ed852,CPTAC,LUAD,ccb8648e-a315-47cd-95c5-984c33e4a436,368,5.910796644040527
59122a43-606a-4669-806b-6747e0ac9985,CPTAC,LUAD,685ee5a5-2110-4756-a17b-aaf1b57c44ca,317,5.762051382780177
595dbf48-2238-41fc-9c78-d1b483560b01,CPTAC,LUAD,8edf3592-7e18-45ca-8b4e-d018c6c637ab,166,5.117993812416755
59ee99cb-b820-4ae2-9306-105205f1bcb8,CPTAC,LUAD,4fb72adf-dc84-4945-850a-2d2e585bdf24,38,3.6635616461296463
5c49db48-7e22-44f5-89bc-5cd75ba4c05a,CPTAC,LUAD,24f0c063-28ab-4017-9fff-8bf90f8b12d7,5,1.791759469228055
5d66be2e-e3a3-460d-ac80-0ac8112ba9c6,CPTAC,LUAD,5aab8bf3-ba86-47a0-ae03-d1f35cd5fa22,161,5.087596335232384
5d990ed9-53e4-49c5-aeea-ae2ef30128ec,CPTAC,LUAD,ac44ccf1-663a-409a-9b78-a1764106e29f,221,5.402677381872279
5d9f9c9d-2188-4106-b75b-6add5e560855,CPTAC,LUAD,f7f46527-516a-4b15-9055-4ddcacd83fbb,63,4.1588830833596715
5dbbee0d-9829-4930-9e44-f21f06ea4849,CPTAC,LUAD,e1494839-503b-4601-97c2-9dff2c6b7632,163,5.099866427824199
609a220b-498e-4f7e-b30e-224755de1090,CPTAC,LUAD,69597166-3669-4a7a-a340-99e4c03b6679,54,4.007333185232471
60b3a4c8-377e-48b3-ba60-efb0654bb868,CPTAC,LUAD,c93c2426-206c-42fc-a58e-136778ae4900,124,4.8283137373023015
6145ec3f-90c8-4fc9-8f49-9f2d699da65a,CPTAC,LUAD,7c793164-c7e7-4c28-869b-9a9ce4a46baa,170,5.14166355650266
61ca5e2a-1809-4970-a50f-07698816ef85,CPTAC,LUAD,2b70be3a-c6f2-4933-be0e-31e77d8b8228,21,3.091042453358316
63583ff6-1a97-425c-9b8a-63880e87c038,CPTAC,LUAD,7869bb5d-ff07-4302-9b32-f9941f1a081a,177,5.181783550292085
641cf5d2-7281-4b8c-94ec-489b5710cd0c,CPTAC,LUAD,5f63feb9-405d-4fc9-8d4d-4a6aa642c4e1,207,5.337538079701318
6661b131-717e-458c-907a-8040f8ccea74,CPTAC,LUAD,edfe5ec4-3623-41ae-8dec-d6c8d62f7590,282,5.645446897643238
667b18b4-6a55-4a08-a83b-e5f47f3f4a31,CPTAC,LUAD,bff0e827-2b15-4f7d-9571-2b795659e825,152,5.030437921392435
670a5c28-6127-4b82-ac96-b66bd250131e,CPTAC,LUAD,f6853b8a-5bb5-4e1e-aefb-021ecbe0efac,62,4.143134726391533
67c1aa6e-0bc7-40e2-9742-8f73be3ed450,CPTAC,LUAD,dd7b14a4-9c21-4b52-b094-296340a246f1,8,2.1972245773362196
6c28fff9-68e9-465f-bebb-7574901e333c,CPTAC,LUAD,f0a095e0-ecda-44a9-8126-e1cd9c0a7b93,224,5.41610040220442
6c5d5475-c22c-464c-abe1-3ea94bc80538,CPTAC,LUAD,c6c6d9f0-b941-4fa6-9b00-593aef2fadca,218,5.389071729816501
6d268ea7-eea0-4984-9e78-1b959f7e9a2a,CPTAC,LUAD,8f9a13f8-f9c3-43dc-8822-10b5695868d1,103,4.6443908991413725
6dd65541-885b-4356-be48-0aa86a6ae18c,CPTAC,LUAD,ca9a3e89-ba7b-40b0-a09b-925576b464c1,33,3.5263605246161616
6e1a997b-bd33-4702-8556-58f17ac0fa4f,CPTAC,LUAD,d90f74ef-a9d3-4e68-b4d4-17dddd822391,534,6.282266746896006
6f62c1fc-9a57-4922-908f-8562418503ef,CPTAC,LUAD,c1f94292-cee6-4499-bced-568e4a96bbd6,12,2.5649493574615367
6fa5110e-1804-4c24-a171-07355b11eb26,CPTAC,LUAD,f3ea3593-5777-42b2-b4b6-561151817fde,597,6.393590753950631
6fb8c7ef-9be0-4cd9-a08e-2439c7864801,CPTAC,LUAD,5279f3a9-c7c7-4f32-97ce-7877466d0774,417,6.035481432524756
723bc859-7672-4990-8166-46d093547cca,CPTAC,LUAD,ab4e14a2-8830-4d2d-b81d-67af9ee25451,460,6.133398042996649
724477c3-2a3c-48cb-8a3d-38782f5225db,CPTAC,LUAD,7b6abb2a-e346-41af-8c70-4adc14a1ef95,227,5.429345628954441
7630c4b5-dfae-4e59-95bc-31ef8f853b2f,CPTAC,LUAD,d1cd32d0-a9d5-4225-86a5-9309e42a2ef1,277,5.627621113690637
785aebb1-a760-4167-9076-53024e317d04,CPTAC,LUAD,06853a17-c3e8-42dd-800f-529366a4170a,191,5.2574953720277815
790311a4-0898-447f-b36a-05b46d91e307,CPTAC,LUAD,cd0c8753-65b2-41c7-bbda-d4fa8b2a8beb,463,6.139884552226255
79f36624-b0ba-447c-bf25-ab63d701a878,CPTAC,LUAD,ac0cce4d-b7b5-4d6d-a04d-ce9c785ad124,128,4.859812404361672
7a1dfdd0-effb-4ade-ae0c-a7a0892c778d,CPTAC,LUAD,32123ca8-2752-4343-9c97-e8b642acb9a0,316,5.75890177387728
7a661ada-b3e1-4e6d-af43-1d4ed3ed6ef1,CPTAC,LUAD,0341f229-a7c4-4a40-803a-ec2af78b8fa9,33,3.5263605246161616
7bc5d87a-b2be-4c1f-a7c8-c7cbdea964ca,CPTAC,LUAD,993c1382-21ba-493c-ae6c-8f6d3b029ab2,44,3.8066624897703196
7c447876-0247-4e9d-8117-167645c0cc54,CPTAC,LUAD,d125ce7a-78b2-4f74-9bb6-839aef0fd945,45,3.828641396489095
7c903802-1f50-412a-9a9d-646065f0eea2,CPTAC,LUAD,9ee45ef3-822a-42b7-897a-27bf414cf046,573,6.352629396319567
7cb81ac8-33c5-4a38-bddf-68699f40b022,CPTAC,LUAD,816760da-fff8-4002-84b8-2c19415d0375,1357,7.213768308118642
7d6a423b-b75d-4da7-a63d-a1f432e140aa,CPTAC,LUAD,ebaa5ec4-0c6e-4689-8c1f-6f5f89249151,562,6.333279628139691
7db43c16-cce5-47b2-8df6-2a8ed8037c72,CPTAC,LUAD,69a48472-8e90-430f-b976-c729e44997f3,20,3.044522437723423
7e317f34-e8a7-4803-beb2-470d5c2ee93f,CPTAC,LUAD,7f9f6a83-9e38-4951-89ea-3f03e8555990,192,5.262690188904886
80327e65-e924-4293-82b5-bd538b5910bf,CPTAC,LUAD,e8dcd3bc-674e-4e3d-bc11-21ed5914b6b5,445,6.100318952020064
81df2de0-6770-4d6f-a656-3ed96cb1327c,CPTAC,LUAD,4ac2b293-a3c3-4441-b669-02a24518cab7,212,5.3612921657094255
8353437c-ec0a-4fca-b619-74e6c4e5b375,CPTAC,LUAD,d43f4bcc-2938-41ec-8f14-75fcafa49fcb,26,3.295836866004329
837ed611-5452-4918-a04b-e6e46413a8f1,CPTAC,LUAD,fefb2a51-9eff-464a-bb88-99b886e31698,26,3.295836866004329
84badbae-4a2b-41bc-a616-b085ac9e6fde,CPTAC,LUAD,ed9269ff-344c-48dc-8460-141913b5dc12,41,3.7376696182833684
84ccbb07-5434-47e2-ba17-57d64331b8e2,CPTAC,LUAD,14ada415-4959-4b08-9761-c182d55362aa,528,6.270988431858299
860584c4-94e9-455b-96c0-833414095091,CPTAC,LUAD,07045ec7-37fd-470e-879d-4da910844120,52,3.970291913552122
86877ca3-33ae-45f2-99a9-7ca5c238c2d4,CPTAC,LUAD,94248ac5-2e1f-4c1e-a7ea-3341dea0ef31,30,3.4339872044851463
8710ce04-6b7f-4e37-adc0-0df1f2798b30,CPTAC,LUAD,f3bd393f-b26a-4a09-8b00-521a0438b5bf,645,6.470799503782602
8767d970-812a-4828-aaa1-0b9ff956dffc,CPTAC,LUAD,0758a891-b175-4ad6-8f2f-6668f757c37e,189,5.247024072160486
8841ad4f-ca95-4584-9994-b92dea65b18a,CPTAC,LUAD,259c5564-2ad3-4639-9f1f-62206dfbdb54,82,4.418840607796598
8919013d-01db-4469-b0a6-553dd25fda6d,CPTAC,LUAD,91540fee-797a-4354-8cc4-9b7514f3cbc6,95,4.564348191467836
892a5650-f576-4977-9c03-257f45320f09,CPTAC,LUAD,5aa5951f-7d96-4fef-b437-e234153ab0a7,475,6.16541785423142
89cf62a5-3ce9-413b-b712-fc10ebc87a5c,CPTAC,LUAD,bbb945fe-c351-499b-85a8-a3a78f5e7632,29,3.4011973816621555
8ac75c82-eb1a-4e9b-bbe9-131a78a9f540,CPTAC,LUAD,4f445830-077b-4d1c-b696-02e8e2be2400,332,5.808142489980444
8c419fff-89f2-4ad1-aede-7c2602614ed5,CPTAC,LUAD,0b7990e5-9649-48bc-9d89-d1aa19084ee2,87,4.477336814478207
8cce8ac6-b14f-4ead-a0c9-d8a56c3dcf90,CPTAC,LUAD,f29098fb-3dff-425b-a03a-a202233886b5,212,5.3612921657094255
8d1b1bb3-2633-4a22-a8fd-19c07931ea46,CPTAC,LUAD,2b901220-d318-414e-b34d-6f247ad79246,842,6.736966958001855
8d1b6812-9c39-4e83-b6d4-8091f9ff6018,CPTAC,LUAD,1bf0dbd6-04e2-486c-9d0b-5b23f9f7f836,124,4.8283137373023015
8d20890e-d4eb-40d1-8122-3cb26e302894,CPTAC,LUAD,a53b5239-7520-4360-b7c2-30af4a856618,196,5.2832037287379885
8dca2f9c-208b-4d06-a588-0cafd175be7e,CPTAC,LUAD,76edf649-9ae5-41e6-ac2c-197fb5fc9760,152,5.030437921392435
8e0139b1-3121-4d6b-8252-744618cdbf08,CPTAC,LUAD,c9457e47-710c-47e8-b081-6baf7089c8cc,756,6.6293632534374485
8e044f20-ff60-47ab-b547-fbee99155c4a,CPTAC,LUAD,11f764d3-db26-4569-acf4-87fe91bfe1ce,83,4.430816798843313
8e57d0f0-c8f5-4aec-acd4-5c00a0b67c66,CPTAC,LUAD,fbb2671a-ad73-4a1f-99ab-2b20e81dca34,38,3.6635616461296463
8f7bf749-60a0-4007-a75b-212e065d3e95,CPTAC,LUAD,8158f144-c49e-4e33-ba37-40ca8f2b68e9,114,4.74493212836325
8fa9bcdc-aedc-491e-b1e9-727a18ca7e28,CPTAC,LUAD,98d0455d-27b5-4167-aa6b-07c95ae08fe9,396,5.983936280687191
8fcbe28c-3fe2-4001-8f43-1ba964e4288b,CPTAC,LUAD,2e0043c2-09d6-4499-b464-81db2ee4bbc7,390,5.968707559985366
90fb9ca0-e0dc-4d7c-b8dd-7d54adf752b9,CPTAC,LUAD,54c93d2a-ae0d-4a69-968c-29b6af2943a0,241,5.488937726156687
913c4d57-b5b5-4824-860a-36e756fd08bb,CPTAC,LUAD,ccdf1c6a-adad-4070-82d7-749e69cbd813,36,3.6109179126442243
919aff9b-9579-4c48-a8aa-5e51b5a47d6f,CPTAC,LUAD,0a7d4db5-4dd8-4eb7-9798-afb3c0a7ebd7,167,5.123963979403259
92995ef3-62f4-4679-8ffa-b84584c887ea,CPTAC,LUAD,0d9e4a3d-2b2d-4090-a9d4-9343a75d2150,64,4.174387269895637
93c69ee1-2674-4611-a964-d1bf5a8bf7c5,CPTAC,LUAD,757349fd-229e-47d1-a4d3-a586e91d980f,46,3.8501476017100584
94bb61ca-3e9c-4754-b20f-a5eb4b3cd5dd,CPTAC,LUAD,a8b91eb0-957c-4c56-b46b-e4a6766ed098,154,5.043425116919247
94fd2f4b-4624-4c77-b02e-8943cffcabd1,CPTAC,LUAD,9bcfcaea-1536-4864-98e4-ad0d76bf61f5,35,3.58351893845611
95ab4d14-342d-45d7-96c1-cdd37165b761,CPTAC,LUAD,191dca25-e199-4d68-9123-2bd9bfa832de,34,3.5553480614894135
9659c59a-0f56-4c97-a447-d1f8c6fe4e52,CPTAC,LUAD,aa9fd930-9f53-43f6-b2bb-a57e9c0d3655,69,4.248495242049359
9721e875-88f2-4b65-8f7f-9dd3d84b7da2,CPTAC,LUAD,0ab4a1bc-c9e6-4ab0-9582-4b364cd029db,25,3.258096538021482
983b59a2-e862-4415-8637-be4ff9db176f,CPTAC,LUAD,3caddfd8-aed3-4ab9-9670-35b553d384a2,20,3.044522437723423
98bed41e-96ac-434b-90ad-cc7223998602,CPTAC,LUAD,82c310bb-80f3-4c8c-a971-6fa3f4080946,345,5.846438775057724
9969f301-603b-477c-8236-b4ac5227fa52,CPTAC,LUAD,dbee7893-9842-4819-b49b-8204b459a238,350,5.860786223465865
9a0072b7-7bde-43b3-a4da-fb5ff9d10f4f,CPTAC,LUAD,5ee6778b-691d-4d5c-b338-92c9758c7591,105,4.663439094112067
9ad4ac6e-d770-4614-af1e-80a285599bdc,CPTAC,LUAD,58761a85-042b-49fc-a684-6eab1b757a3c,35,3.58351893845611
9c77033b-7c32-4d9d-9fb7-6b423d4bc393,CPTAC,LUAD,4558d507-e05a-4cff-8ce1-edb5b416e211,152,5.030437921392435
9d08fec4-6c97-4863-b653-28f02c2a8a90,CPTAC,LUAD,5bdc82d6-7854-4cc8-83da-10979c9ede05,208,5.342334251964811
9e846f74-e69f-41d3-a6ec-a189a27152ec,CPTAC,LUAD,7fa09c27-eeb5-414b-ab4e-e392015ed09e,230,5.442417710521793
a02322a0-c133-4220-a6f1-508f90a99f8e,CPTAC,LUAD,0ba182bb-6f71-4648-bca3-26185d3d08eb,575,6.3561076606958915
a11e9ea9-8036-4145-91c0-61f833dc5db4,CPTAC,LUAD,80a2c950-c587-4710-a45b-4ada8f5fd6e7,182,5.209486152841421
a12b206e-2906-45ee-92fd-ba09bda930d5,CPTAC,LUAD,c5626b68-8a34-4308-a39b-7e6ca1627d92,135,4.912654885736052
a162aaa1-45e3-4294-90c2-1e2cd8a8b356,CPTAC,LUAD,e46ec4b2-8b21-41e9-84e6-049b7200ca6c,466,6.1463292576688975
a231aaba-b584-42c4-96a9-f010bd1b3c66,CPTAC,LUAD,58b434ee-4ef7-45ca-a100-84f43a514697,57,4.060443010546419
a25d1047-ac0f-40db-b6aa-c6f219eb48da,CPTAC,LUAD,c5387f8c-51d6-4647-b268-4c8c74311194,152,5.030437921392435
a264aed4-ea3c-4646-9860-8cf154b92e61,CPTAC,LUAD,b069556c-1463-4d65-8872-99bdad31fef3,29,3.4011973816621555
a2a050e0-23b8-45ae-888e-010874616996,CPTAC,LUAD,d9cbfa52-2481-420e-b5c9-5b8991d40d15,49,3.912023005428146
a3250856-cbeb-415a-baee-b74e37e6da33,CPTAC,LUAD,9f4a87cf-4651-4ce8-ab4e-316ed6d96379,180,5.198497031265826
a3cbd921-6680-46d3-8de5-db5bcb94228d,CPTAC,LUAD,59d541c5-beca-4fe5-a846-0ffc65187583,58,4.07753744390572
a3d3b5eb-500d-4859-97c5-71b6111326d3,CPTAC,LUAD,343d36b9-64db-4092-aed2-c8b3dad8c2a6,260,5.564520407322694
a404f9b8-278a-449f-ab02-3e97fd734e99,CPTAC,LUAD,50ab8fbe-e572-40c5-86d3-d0134b2c074a,52,3.970291913552122
a4dcabb2-3414-41e7-87f2-a7926ed625d8,CPTAC,LUAD,b127a551-67ed-46f9-808e-0071e11bec53,36,3.6109179126442243
a4df1609-fc13-4478-b44e-1f554138b300,CPTAC,LUAD,512d6df8-7801-4c3e-a914-5c16ac7d03f4,218,5.389071729816501
a60cf9e4-f150-4a9a-a9b7-4083431e4bb2,CPTAC,LUAD,f3e6ed71-f435-4acc-9ebe-15ac84eb9de0,322,5.777652323222656
a68d6b4a-141d-4c05-8835-e1c0a264625d,CPTAC,LUAD,67935f35-b7e3-43a5-bc79-db1b858f333f,40,3.713572066704308
a6e56a10-6df3-4ae2-a638-7e27b73508b6,CPTAC,LUAD,802c880b-9aa2-4bc8-bf7e-4e9a19bd6950,27,3.332204510175204
a7ac541e-35c7-41a2-ba31-1d7a6b22e0ae,CPTAC,LUAD,44d32b2f-6db0-4bd7-ba0e-1561c12a3b4d,78,4.3694478524670215
a8f79795-cea1-46c0-bc33-a9544e92418b,CPTAC,LUAD,278eaf03-67c4-4179-a393-e043bc1f9629,200,5.303304908059076
a8f815ad-c476-4f80-ab06-aec2a3131865,CPTAC,LUAD,662efb10-1e34-43d3-a50f-9b57238bf3ef,41,3.7376696182833684
a9a75565-4e4d-4fe1-8775-a51bc98418b5,CPTAC,LUAD,f5f995b6-3075-4cf9-be6e-cf350be932c5,185,5.225746673713202
aba43d9a-4044-44ce-8e33-37ea62f64cb9,CPTAC,LUAD,d300b7ba-9731-4726-9445-aa3e7b799cb0,45,3.828641396489095
ac20b854-0a63-4ec1-abb6-d5874f15842f,CPTAC,LUAD,62b65fcd-a4ec-4248-bacc-a624ec45690c,45,3.828641396489095
ac8ce1f4-d475-4da0-89cb-30067c2a37d6,CPTAC,LUAD,ce07e1a6-18fc-4c18-8f6b-3c70879b10d4,109,4.700480365792417
accb52e6-eb07-4da7-9cd4-318b7e2f4c18,CPTAC,LUAD,5eacf248-c77f-45ee-b6df-a58e990b457c,97,4.584967478670572
ae481eb3-8f9d-42cd-a431-6f289c8a8779,CPTAC,LUAD,51a6acfb-6470-472e-926e-4e231076e8c9,293,5.683579767338681
af13031d-54d9-46c1-980d-d918ed14a938,CPTAC,LUAD,15c2c11b-42b9-43f0-a954-b1133a34fcad,53,3.9889840465642745
af611aef-c369-4941-959e-a68838e2b2f2,CPTAC,LUAD,51dabe2f-bc16-4157-8e09-507bd1050085,93,4.543294782270004
aff52953-1e94-42d9-8a8e-70c585bbd24f,CPTAC,LUAD,b79b0145-e672-450d-a973-28c698f3fa03,36,3.6109179126442243
b0077f58-1edb-416d-9ce6-120113a80f11,CPTAC,LUAD,7baba012-b5c0-4438-85c2-25911ba10f31,24,3.2188758248682006
b250838a-9af9-44c0-97e2-67a677f05a2a,CPTAC,LUAD,ff184d74-848e-4a36-b52a-f1304f0996bc,140,4.948759890378168
b27d0ac1-393b-4232-aefa-15e505569fd6,CPTAC,LUAD,fdfac8d6-035f-451b-b96d-2cc010c7e015,134,4.90527477843843
b29fe526-e170-47ae-827a-bb9df018a633,CPTAC,LUAD,ee8c3f00-4dc6-449f-bebb-4520063d276d,45,3.828641396489095
b3c53319-899d-40dc-ae82-dd5742fad7ab,CPTAC,LUAD,756a1731-8c8d-4d96-8e22-3f382275a48b,38,3.6635616461296463
b4f1321b-865f-4f3e-a0ea-7678e1dc08ff,CPTAC,LUAD,56bc47f8-58d6-4431-9d86-35b8b64b8025,24,3.2188758248682006
b56a7973-77c8-40c7-92f9-68332ec5e4d5,CPTAC,LUAD,af120bf7-ea0a-4b04-a1ee-e9355b80262d,820,6.710523109452428
b5ecafc8-1af5-4df8-ae50-ad9eb47438e8,CPTAC,LUAD,e39fd502-0038-4dd5-b81c-16e887553fe0,110,4.709530201312334
b7c8962e-7b20-4fc5-896e-9861ebc524bb,CPTAC,LUAD,4086a57b-e41a-40fe-b2ba-8f337c00438f,243,5.497168225293202
b8f09d8d-2806-4d9a-b44c-8c949bc30e38,CPTAC,LUAD,7fc8ca15-8187-49ad-88ff-d14a7c4c8853,258,5.556828061699537
ba0fe300-d3f0-42fd-b609-3ee3d0e49d7b,CPTAC,LUAD,4022fdbb-5c17-49e8-8587-c09ffbc45c10,59,4.0943445622221
ba2fcbfb-6497-4f8a-90fd-5440269c8dc7,CPTAC,LUAD,d03a700e-3959-4bf4-ad4a-2a14e14312e5,215,5.375278407684165
ba67964a-2738-4d95-bf42-8e2217ab4dc5,CPTAC,LUAD,8775d86f-4420-47ac-a752-a47eb8a380cd,197,5.288267030694535
bae31638-f9ed-4298-89b6-e74422d84ffc,CPTAC,LUAD,3763967f-32cf-431d-bea2-9492736c4d57,283,5.648974238161206
baf87a40-f648-4491-b84f-53284a654d76,CPTAC,LUAD,bb6289cf-4cb3-43ee-816e-1eab7d5749d9,57,4.060443010546419
bb32a75f-8129-4549-9635-9dc67e610a80,CPTAC,LUAD,0f33de26-bdfd-4ae1-9b84-e28665056eb0,37,3.6375861597263857
bbc25ce8-d6cf-4920-a60b-a7eea2182f64,CPTAC,LUAD,67ae97ce-21c6-43aa-bbfe-f6020d3ef254,475,6.16541785423142
bbf0c378-fb77-4768-be2b-da741ded8cab,CPTAC,LUAD,4573b2f9-c6f4-4457-8db8-25e60abd1a38,194,5.272999558563747
bc3c604c-c599-4749-b809-6e602a73e247,CPTAC,LUAD,dfc16625-247e-4744-8056-709acfa822e3,460,6.133398042996649
bc3db21c-1430-4123-980f-a696dac5ee3d,CPTAC,LUAD,635fa3ba-a336-4625-ab17-d57574283299,40,3.713572066704308
bcd93ccc-bc50-4526-b4df-6f64a56a1442,CPTAC,LUAD,09d93479-0186-4de5-830d-3e2a4236ac35,120,4.795790545596741
bd2dab4e-ee4b-4477-af13-ecfccb9c3523,CPTAC,LUAD,093527d0-4b50-4ae4-8a69-eecc671262f8,57,4.060443010546419
be3bdde4-f6cf-4f33-b142-53f75151e8a1,CPTAC,LUAD,955d8650-e251-40a0-90f1-342881ab6570,241,5.488937726156687
bf3941c0-1430-4b99-8d2e-b0e685cbf0b1,CPTAC,LUAD,a1874e1c-908b-407c-bcbd-0c968c488a83,355,5.87493073085203
c0e5c699-9195-4312-9fa5-bac797bf7809,CPTAC,LUAD,f78da146-b549-4d3b-89ca-b86bc6ce8b82,22,3.1354942159291497
c162cd70-4f27-4361-94f5-882259f41522,CPTAC,LUAD,ef575aeb-e2e1-43c1-96dc-7c85d2c46ddf,279,5.634789603169249
c359d07b-0379-44af-ac0a-e57c0de129f3,CPTAC,LUAD,f96d26e0-6498-43e3-a76f-42c2896660e0,125,4.836281906951478
c4879830-e0fe-4862-92f2-bae29f58fa47,CPTAC,LUAD,61761914-373e-406f-8bd9-c4c77ca0a782,1093,6.9975959829819265
c64ccd3d-14a0-45e1-920c-a6babdcb82af,CPTAC,LUAD,9e14c314-2c69-410e-a6b8-9097ef9ce172,33,3.5263605246161616
c6986891-9238-441e-a0f2-471a49928ff8,CPTAC,LUAD,129c1f60-ef76-4564-83e8-cc5ce3d4eb16,81,4.406719247264253
c6e1b9d8-09c8-4e05-ba87-ca985db813e3,CPTAC,LUAD,4984b299-0acf-4afa-bfff-cb2dd4783100,34,3.5553480614894135
c7a133ba-824a-4cef-94bc-8a98b6395670,CPTAC,LUAD,1bfb643b-d236-4a90-98b8-8a23a9931d36,307,5.730099782973575
c894d4a5-42f7-45c3-88b1-901deca8e3b2,CPTAC,LUAD,06e1708b-900a-49a2-81f4-e4443fefbf5c,445,6.100318952020064
c9486a50-8d6f-4871-b4c4-692e0da5803e,CPTAC,LUAD,1a2c05e5-adb0-4022-b459-5d6555d1ddcc,22,3.1354942159291497
c97152dc-91b5-4250-a35f-e98a9c4df909,CPTAC,LUAD,c20b88fa-32e8-46f5-83c6-0bb9efe1b3f0,473,6.161207321695077
c9c01ce2-2ffa-44ca-85b4-c6ee1d1d7ce8,CPTAC,LUAD,f5c5e4f8-c470-4220-b7e5-e86fd731e26c,170,5.14166355650266
c9eb6c1e-3df1-4c94-93b2-fdec7eb0412f,CPTAC,LUAD,a9668f17-f4fa-41bb-8b79-45efbac6a7d4,251,5.529429087511423
cd6ed695-bd67-4edb-8100-0d4207beb862,CPTAC,LUAD,bc30bab8-b9ed-47cc-8770-a46bb253bb9c,19,2.995732273553991
ce1ca93c-73f2-43e8-a060-c0a6f975203d,CPTAC,LUAD,f2cfd77e-0bf6-4315-b72b-ce09169d8183,591,6.3835066348840055
cecdc0b2-5587-4061-b290-3496fdc4dde6,CPTAC,LUAD,4406cfe6-b655-4e52-b943-6e77ccb4c3b5,183,5.214935757608986
ceec9e64-83fc-48ce-b7cd-bbab1b9ad14d,CPTAC,LUAD,ecf70659-be5e-4c15-b9f2-f90839e22117,1032,6.940222469119639
cfa1bc06-94a6-44ce-b52a-1e4aa3db48be,CPTAC,LUAD,87cff156-904f-4b52-940f-95d0b3e6bbc6,33,3.5263605246161616
cfc61554-67b2-4ab4-813c-5f9b72bc325e,CPTAC,LUAD,d4b66d23-77bf-4651-8edf-322d0ad45890,51,3.9512437185814275
d0c3439b-2aae-4893-96c5-c925d2d8de6f,CPTAC,LUAD,26ed770e-bb71-464d-a723-5f7920a2bca3,40,3.713572066704308
d15476b6-6679-41de-bff7-07c5d1f0efb0,CPTAC,LUAD,b723b4bd-16fe-4a05-8474-c5663a5b7fc7,52,3.970291913552122
d16c18db-df31-4394-a146-c3964ad9b49b,CPTAC,LUAD,0ce95bee-0c0b-4f29-982f-d94dc269c355,194,5.272999558563747
d323006f-800e-42d1-95ce-1c6e167eabdc,CPTAC,LUAD,0601750d-110f-451b-8989-fc4925156de3,13,2.639057329615259
d3c23e4c-b635-4416-b026-368b82fb1883,CPTAC,LUAD,3a4e6744-061e-4217-988c-a0db5dfeba32,139,4.941642422609304
d3c4d18f-aab6-401d-a27a-8a92dd9a4660,CPTAC,LUAD,28a8fbb6-dd5a-4aa6-983a-20c33f2d8ed6,574,6.354370040797351
d4cf7bc6-5c0e-432f-9db7-659c3a2f40b5,CPTAC,LUAD,d8dc1b1d-0335-47bc-907e-463dd645cd5e,35,3.58351893845611
d4f90900-3b81-4015-8e11-4b4525345063,CPTAC,LUAD,7b3963c1-3057-44f3-983b-328a1b703920,634,6.453624998892692
d4fba188-8ca4-44c0-a9e2-67bcff29b99a,CPTAC,LUAD,8c5c4975-fdf5-482b-855d-e946c1151bc6,184,5.220355825078325
d53bb16c-51b6-4ed0-a1aa-bc88a7894e2c,CPTAC,LUAD,62b3b5dc-197f-4048-80c0-a6816dbc9c60,370,5.916202062607435
d55137b1-a388-4f21-a50f-3b3ddeb2edba,CPTAC,LUAD,8637197e-fd2b-48de-a99b-83be756da985,43,3.784189633918261
d55de89b-c5bd-4901-9de9-fecaae0f9cfd,CPTAC,LUAD,8fbab03e-c381-49ce-8038-1eae71f1fa9b,219,5.393627546352361
d61d80c3-aa2d-4d6d-9e88-ad1913d6ef2a,CPTAC,LUAD,e0f01ea0-8b06-4b4e-b80a-e3a9102d634d,232,5.4510384535657
d73b1616-f3eb-462e-bf33-345872fee45b,CPTAC,LUAD,8bf69e2c-5cc7-41a6-abd6-ef8218a857f6,184,5.220355825078325
d79d4830-d55e-4efe-bf00-9543461c7af4,CPTAC,LUAD,601e1be4-db93-405e-96cf-1fd534af6ae2,124,4.8283137373023015
d7c0e370-f778-4995-963a-7a55525b2d76,CPTAC,LUAD,5784de09-99fb-4ced-8639-7bf2890a8ae2,31,3.4657359027997265
d84f3320-60b0-4362-b5ae-7b1b120979a2,CPTAC,LUAD,3b330826-4dba-481f-8813-7b179c9a84e3,147,4.997212273764115
d8ef8a50-9276-4733-a15c-ad0fdc0b2910,CPTAC,LUAD,02fe497b-25f6-40f8-9256-e0fedcbe9e95,230,5.442417710521793
da025419-688f-4ec3-b06e-17c8b1236f65,CPTAC,LUAD,0f8d9955-f171-43ba-96d2-0050ae93644c,1096,7.00033446027523
db1f6497-d75d-4911-b1b3-32f97632ca3e,CPTAC,LUAD,5eba9df8-a54a-46fc-ac89-d433c381d1f3,694,6.543911845564792
dbdb6b82-5425-41d2-909f-afed671d04df,CPTAC,LUAD,510a2758-d63e-4d74-9de7-c8b164e2881a,36,3.6109179126442243
dc371c9c-9ea3-4d19-969e-34b9c7b3ada2,CPTAC,LUAD,1d53e7fd-c593-420a-a1b2-845c0195547a,381,5.945420608606575
dcf6aa37-ba86-4ba5-bf56-7dd7104c2e30,CPTAC,LUAD,994c115a-a579-42c1-b416-4636bf0eeb3a,327,5.793013608384144
dd186a1e-eb82-4482-ab00-855acddf7992,CPTAC,LUAD,51b7ec1d-cba8-4b05-8864-c4afe16bd746,89,4.499809670330265
dd2d4fc9-3422-4548-85fe-43e5b8da5ed3,CPTAC,LUAD,b0ecfe37-573a-4633-9eb3-eaa73de01ade,52,3.970291913552122
ddfcaa24-47d1-40e9-af66-3976d8b6bf2b,CPTAC,LUAD,55302918-9446-4762-8889-d3be50bb54d0,179,5.19295685089021
decd7489-bb2e-44a2-b934-2f962c5a7f41,CPTAC,LUAD,6bbda49d-46ff-4656-8be4-6f834f94af10,92,4.532599493153256
ded38a97-6598-436a-a061-f779297e5e0d,CPTAC,LUAD,5e19e9fb-6658-442f-a074-ab556962f63d,161,5.087596335232384
df705995-5310-43be-a3ef-d97ab439bc86,CPTAC,LUAD,b36b30ca-7a09-4e2d-b77f-70c1e8816abc,247,5.5134287461649825
df87d5ca-aff9-43c1-9e84-7173742a75da,CPTAC,LUAD,10b7ef4e-f3e3-42f0-8a12-b2dfe25b7277,1213,7.101675971619444
e0c39f59-1297-4c0a-9478-77e5c7207230,CPTAC,LUAD,e16ac2d1-b403-4ee6-93a0-f198c8106483,179,5.19295685089021
e191a2d9-af97-43e6-a15c-a9ff85859436,CPTAC,LUAD,d5e29a6c-176f-4bea-9f51-8fc8d2e6ca38,177,5.181783550292085
e1f35725-da71-42cf-b05e-fac2296d4d6a,CPTAC,LUAD,9f148e41-6dcf-4832-a229-8783b5e9f747,204,5.3230099791384085
e51da251-4b98-4276-b6f7-b4feeed9c3c0,CPTAC,LUAD,3c219b92-a81b-4af7-aeb6-043fdfd56fd5,32,3.4965075614664802
e51dd5ca-c12d-4608-9e6e-73b658b106d6,CPTAC,LUAD,bf23dc5b-88dc-4af3-93a8-7765f865cf67,139,4.941642422609304
e58d25f3-a5de-45e9-a4bf-5dc21c90894e,CPTAC,LUAD,a25de5d7-73b8-4e5c-871e-3a1da6c64eaa,41,3.7376696182833684
e6dd953b-28db-43a8-a4f1-9bf260082107,CPTAC,LUAD,104467e9-4e35-4123-ab36-98a03517901f,268,5.594711379601839
e82a4187-ccdc-4934-a4dd-86730c0b6a26,CPTAC,LUAD,c92457d3-72c4-40fd-a170-bf2d1ba232dd,353,5.869296913133774
e8d31ee4-804b-4557-a70c-9e6df8e25606,CPTAC,LUAD,2ecee597-08e6-485c-b4d6-ee270893c7c5,0,0.0
e9473087-ea4f-4197-ae8a-cd3f59c38aaa,CPTAC,LUAD,8ea9cd2a-457e-422b-a1b3-5623661a6743,102,4.634728988229636
ea00450e-67d7-4952-a3fa-f8d8d34ecb18,CPTAC,LUAD,2c07cc77-ae2d-4dca-90f9-2cf894990b5d,29,3.4011973816621555
eb5a0f5a-1615-4f4a-b3dd-1eb573cfd1c0,CPTAC,LUAD,efa0220c-08fa-4846-920a-f57eaad5492d,610,6.415096959171596
ec39dfe2-ef68-40b1-9fdf-f51febb000f2,CPTAC,LUAD,d07b3c07-95f0-40be-8172-b3d98507770a,158,5.0689042022202315
ecf94643-4d27-4a4c-a19d-4f7aadf75957,CPTAC,LUAD,fec22982-c32a-44bd-a1bb-0a377ed028e7,432,6.07073772800249
ee6a535c-2e04-4bd8-9031-b47c8c8147b0,CPTAC,LUAD,b2eb36bf-b0c6-460f-add9-deac1ab51b08,253,5.537334267018537
f05dc58e-c9dc-48fc-bf07-e0aca961797a,CPTAC,LUAD,e51f7203-836d-4370-8de4-62c23c2d203b,201,5.308267697401205
f15523ea-976e-4724-a26c-45a65ca7fb8e,CPTAC,LUAD,167b35b1-7858-4b23-8b87-17c660b5d658,194,5.272999558563747
f1aadf48-b132-48fd-9106-4a01670114e0,CPTAC,LUAD,55d9b5f7-6131-4651-a8fe-d5e50a2899fe,172,5.153291594497779
f1cb89b0-b67b-47c2-89d5-58aecc44c679,CPTAC,LUAD,0215d9f8-36a8-438a-abb3-eb96c5a087ac,536,6.285998094508865
f27f501e-e5ef-4b1b-8b90-8a771263a536,CPTAC,LUAD,293a5014-c866-487b-acf7-55a7637180ff,38,3.6635616461296463
f28fc405-1fac-4ee0-b398-e0ddf7b4e639,CPTAC,LUAD,025e4db8-0685-41b5-ab41-cb779890296b,169,5.135798437050262
f3e8711f-1b67-4c71-8fbc-9834cb749fe8,CPTAC,LUAD,66a13830-5fa6-4603-92d8-1c804af2d51e,160,5.081404364984463
f5d49b71-3e7e-4e9c-bf29-f592bf25a941,CPTAC,LUAD,1bfed5a5-107e-4cde-a6fd-367ab7dd87ca,495,6.206575926724928
f5e76690-c986-4d9c-95c5-ddb0f4dfa5d4,CPTAC,LUAD,3e75759e-9e29-4904-b02e-30fef3bf106a,41,3.7376696182833684
f5f45477-a9b6-4d9d-bd74-9e621c208fb4,CPTAC,LUAD,27cee589-0985-45bf-9c33-b2867b8e36b0,207,5.337538079701318
f5ff2ca2-8cf5-4dc0-8528-2ace720f457b,CPTAC,LUAD,cacccf03-d9f8-47ff-b7c8-101b1407d0bf,42,3.7612001156935624
f60e48f3-fde3-4f35-8b57-cdab659671ac,CPTAC,LUAD,839c3a51-62cc-4e38-9ed8-94c70148e113,42,3.7612001156935624
f657a037-4662-4a2e-9701-c2c7edd1a007,CPTAC,LUAD,f8b49a96-1e72-4867-8c50-befc1db61a55,43,3.784189633918261
f6c36f17-9f45-4f79-9432-99995251078a,CPTAC,LUAD,e32598ff-15b1-4d5e-9475-1590650d2ba0,1047,6.954638864880987
f8097f4f-ceff-4dbd-8960-539fe8d0dff0,CPTAC,LUAD,26feb4a7-002a-46de-81ba-40b18afe2cfc,532,6.278521424165844
f82aacd5-6e2b-41c4-96a7-af723d874d8c,CPTAC,LUAD,6250fcd1-8327-4906-bdff-4d2c3d37e2b7,455,6.1224928095143865
f85a6b6f-f3cb-49f6-a285-3bc3705ae3fb,CPTAC,LUAD,a3ce1d58-ad64-4049-94b4-7b4008bf9e17,359,5.886104031450156
f8614e58-809d-4496-a54e-8f1a1303c202,CPTAC,LUAD,cd2d0bcb-07e2-435d-b6bb-85bd17af9f99,254,5.541263545158426
f8f3df64-54c1-4d1a-8ea7-c371b01c2ef6,CPTAC,LUAD,b33dd45c-8a37-42ef-b52a-fb3ccbaf23a4,456,6.124683390894205
f97f70d6-c159-4aa7-9f8d-0958b81c657f,CPTAC,LUAD,3c0c8a3f-a064-4086-9f5d-e67336b1e15b,80,4.394449154672439
f9b986ec-8cee-4a2e-8722-947f6919f05b,CPTAC,LUAD,857fbc73-c2db-4bf4-8a93-55a8ecf3d5ef,32,3.4965075614664802
facdff3b-2340-4a44-9178-c5c172c904e9,CPTAC,LUAD,f1093c10-734b-4358-831f-bdd48fef8a2d,151,5.0238805208462765
fcd75d42-a9c6-40c6-86d7-7131ad34f808,CPTAC,LUAD,cf0113c5-995e-4a61-8b63-0f3e3947017b,51,3.9512437185814275
fd0cd324-0557-4946-8ea9-55ad2032a31b,CPTAC,LUAD,5dff30b4-5d48-45ca-aafd-3b11a76d2914,463,6.139884552226255
ff527151-6797-414e-8760-edcb73306a28,CPTAC,LUAD,32264529-2588-4efa-a7f4-91fbbfba423b,346,5.849324779946859
000ead0d-abf5-4606-be04-1ea31b999840,CPTAC,KIRC,7dd1e40d-bc90-43e3-8afc-3c8179e71a1b,56,4.04305126783455
005d0639-c923-470f-a179-02a4dbb5cdf2,CPTAC,KIRC,dc63b655-9319-4954-a911-bd1bbd229d79,54,4.007333185232471
01b5cff1-824f-4fd4-a149-7bcbacf8c4dc,CPTAC,KIRC,4eeaab5c-9740-440b-8a87-61bb4015f80b,45,3.828641396489095
022c3490-811c-4f82-ad9b-8004a3df7e5c,CPTAC,KIRC,c643d8b0-12a0-4078-8248-6d5f046eb14d,63,4.1588830833596715
03222b71-46a2-4bb4-ba2e-bcc9e658328c,CPTAC,KIRC,00b9f60c-9de0-4edd-8ec4-8582a615c226,20,3.044522437723423
060c90ec-9339-4be9-ae2a-a0ae82feaf56,CPTAC,KIRC,6aec88ec-a081-4b86-8da4-010fb97749ef,15,2.772588722239781
0625c920-3378-4eee-b53f-650e4192d29b,CPTAC,KIRC,12355205-4cdc-4462-aab5-bc715845c061,117,4.770684624465665
0735f7c2-9a70-4762-a0a3-ed5dbe29d360,CPTAC,KIRC,36975150-8161-4eed-908c-ef80129dccd2,62,4.143134726391533
08f997e1-8249-4c31-ae8a-bd165f5ad29e,CPTAC,KIRC,b7dce345-6027-46e9-918e-99433b39cd92,41,3.7376696182833684
0b587b8e-173c-4f03-be2b-13a1d7aa4d4b,CPTAC,KIRC,6af0587b-b00d-4446-acba-c1ae55dbc588,56,4.04305126783455
0d2fac7a-e96e-4ee9-8f2b-054d65d13cb6,CPTAC,KIRC,bed8afff-fb06-44c7-be04-ad63da266ac8,53,3.9889840465642745
0d81506b-7823-4ef2-8c94-d8fa624a51a1,CPTAC,KIRC,1f02d75a-ff39-4984-bb49-62379969c77f,84,4.442651256490317
0f60265d-3f04-4a5f-82d4-8e6e661a118e,CPTAC,KIRC,ef30435b-6b81-4be2-973d-ba222ad8cf72,481,6.1779441140506
12246e82-cb5f-4b7e-a6bd-a120e000db49,CPTAC,KIRC,64132227-2107-4fbf-bd11-bc4561214ae4,56,4.04305126783455
1256a2fe-44c4-4019-a5bc-d188e3c76079,CPTAC,KIRC,ae7051bd-e4af-46d7-9f0b-efb079c472d6,34,3.5553480614894135
12ad98c8-dace-4d24-a529-224efbe3a419,CPTAC,KIRC,e4341802-ceda-4972-a4dd-a087e270d7cf,74,4.31748811353631
1570eaf1-9b92-4506-9df0-9ae9a704a731,CPTAC,KIRC,068976c6-8b97-4abd-b87f-4f453050285d,41,3.7376696182833684
15c01b4c-2fc0-42e7-a008-13ab8c4d367b,CPTAC,KIRC,b382bb2a-dc90-4a76-bc19-a2c632e834d4,13,2.639057329615259
17e6c62f-cc0c-4e13-a80c-f9bd6c2cfb0d,CPTAC,KIRC,154017fa-8ca7-43b6-b417-86b9890083f0,50,3.9318256327243257
18b6d2e0-e7ec-4697-8ed4-3e5d0af83e92,CPTAC,KIRC,bac88d3d-8fcc-4414-b9ba-c0c721dd82a1,64,4.174387269895637
1afc3a78-4e91-485c-93e1-43f17738f530,CPTAC,KIRC,78cb0234-8207-4b02-92c6-824e61da96f9,65,4.189654742026425
1d7a842b-b567-4d55-b6ee-e63299439671,CPTAC,KIRC,ea6993eb-bba7-489c-95b9-c8a5ea8ae462,9,2.302585092994046
1eaa044d-6d5c-462d-90f4-60b5280c5c7a,CPTAC,KIRC,872bad3a-5f4a-48fb-9310-ffbc7927972a,90,4.51085950651685
1f026705-0da4-4250-9405-1c0c3f31f943,CPTAC,KIRC,a9d7de60-9ca7-492c-8e11-bca4f86f633f,74,4.31748811353631
1f47d374-6705-453d-8172-ed2ba80060b3,CPTAC,KIRC,ca780ae9-4c3d-46a9-a43f-a6387f02be84,47,3.8712010109078907
20e98e62-53fa-4069-b197-0e9442e2649c,CPTAC,KIRC,74e0f065-7ba4-4508-b207-ca7401b38ced,19,2.995732273553991
21b33512-73c8-4d7f-a6ce-a07133b9c1ed,CPTAC,KIRC,64054d3f-0ff8-4772-9bdd-f939ae5375c0,13,2.639057329615259
221170d3-5b24-46ea-b9a7-38e0991b29a7,CPTAC,KIRC,9a0056fd-eaa4-41ad-b251-0ad607bace87,56,4.04305126783455
2219ac15-3505-4a31-bf22-72f17c670f3e,CPTAC,KIRC,04377025-2149-426e-afe1-0c5d99971cee,63,4.1588830833596715
239a5fbb-0145-46f6-8ec3-2a96a04011dd,CPTAC,KIRC,2392bdc2-751d-44eb-8e96-31d7ee843b14,96,4.574710978503383
23f9ba79-3234-4025-92a8-5dcd28971593,CPTAC,KIRC,71fa4faf-14d3-49b2-9847-812b26c33572,55,4.02535169073515
25298107-387e-40d0-bdb0-3300d902fdf9,CPTAC,KIRC,bef73958-ffdb-44cf-aac2-e3270ab4e982,21,3.091042453358316
25863969-852d-408e-bd62-98e0df9e4b3a,CPTAC,KIRC,3313bcc5-8507-48c9-9eef-f6ba316883ec,57,4.060443010546419
25a6f5cc-04ce-4fbd-9ffa-397443567353,CPTAC,KIRC,7647e727-7199-43dc-abd9-0ca5db7a9750,61,4.127134385045092
25e0c2a0-75e9-4dcd-ada6-54394dd3d640,CPTAC,KIRC,314bdf57-c337-4f53-bef1-7e8589f8753c,57,4.060443010546419
262b9dfc-3d6e-4e7d-9469-b9bae4f82393,CPTAC,KIRC,3dc452dd-f092-47cc-be52-53148a6f8815,59,4.0943445622221
26916898-5a19-46a9-927a-3776a7f41404,CPTAC,KIRC,8a722662-2f93-4571-91c4-20aba26275c4,37,3.6375861597263857
26f5c62f-fe00-46c9-8058-8604c0f37e57,CPTAC,KIRC,d6babbf8-622e-4c39-9ff7-2b6ad6313fa9,52,3.970291913552122
275b8372-f1bb-4291-8778-506d4b93c55c,CPTAC,KIRC,89e44cb8-e015-478d-a13f-83686ea2c107,71,4.276666119016055
28778b5d-1570-4d53-be2c-7e531525d157,CPTAC,KIRC,77ae0679-2c95-4e52-99b1-6120952d6e79,12,2.5649493574615367
2919ad54-7676-43cc-b51f-d0a9ad709c70,CPTAC,KIRC,fbe42ec1-268a-4f1f-99bf-201e3b2627c8,50,3.9318256327243257
2953520d-477e-49ef-afd2-84f577f34302,CPTAC,KIRC,21ea2ef8-0808-4542-bdac-87efbbd00536,44,3.8066624897703196
2a901029-a9d7-41a7-829d-b9c102a6d157,CPTAC,KIRC,8f0ee387-5e5e-4033-964d-9658f834f7c9,80,4.394449154672439
2cb6ca17-edc8-4b84-896b-dc8a3aca5e25,CPTAC,KIRC,5b5cc4b1-90e1-4411-bc14-2ad13f2aa9da,26,3.295836866004329
2d1ffb7e-8600-4d11-8a65-f27558c3ecfb,CPTAC,KIRC,16fa687a-c802-42a4-8a87-0a585b3b8587,55,4.02535169073515
2dada08c-59a5-4379-9ee4-e2565d883f93,CPTAC,KIRC,463869a6-2ef4-4fcf-b0a0-818981e70747,59,4.0943445622221
2e23ce47-7882-442a-be6b-3fdd7b5cf978,CPTAC,KIRC,1ec664ff-afdc-490f-87eb-879630c2fc0e,68,4.23410650459726
2e44c036-47a4-42f5-bea3-f40928330826,CPTAC,KIRC,912a8d7e-4612-4968-81ac-1e6ebc2dfaaa,25,3.258096538021482
2f344e9f-478a-40a2-99c9-3435fd0b9bbe,CPTAC,KIRC,050fe1aa-e157-49d5-87a6-3a924202db9d,119,4.787491742782046
2f9e1f15-769a-43e3-a68d-dde243883422,CPTAC,KIRC,205851ba-0054-40e0-9131-0d1e80ee245b,67,4.219507705176107
30bf3778-fb08-4568-b6d2-dbcb5d2b1ee6,CPTAC,KIRC,9973477b-7e81-434c-bec0-ce063a68fa66,16,2.833213344056216
3145c74e-cbb9-491f-8ee8-dcbdb69e1b8d,CPTAC,KIRC,62d7fd82-1ca3-4c74-ae36-289d0b0c1810,74,4.31748811353631
31828179-fd00-4918-96b7-01b7c894e22d,CPTAC,KIRC,edfe6a60-cd79-4fa2-9dcc-c4518dad099b,81,4.406719247264253
325f0d77-8f5a-499f-b6b4-92e2ad0b3cab,CPTAC,KIRC,b7293fb2-111a-42e4-b26f-7a857bf101fd,51,3.9512437185814275
3316fbb1-93b2-4d5f-a4e0-15337a38fbd1,CPTAC,KIRC,73d2aa85-4f0c-49fc-9fac-6dadf8fa44e5,16,2.833213344056216
3348ec86-9b46-4f5b-85ad-1a126385b695,CPTAC,KIRC,ef650535-b0f6-48a0-a0c2-e9a2aa6b64c5,20,3.044522437723423
33e86505-24af-422a-8e24-c5d72a38b5d4,CPTAC,KIRC,e0041f4a-eb89-45fa-983a-af8d804db705,61,4.127134385045092
3597ec54-15ef-4727-8628-7413e1c70b88,CPTAC,KIRC,c7ef3621-c360-4ad3-baa4-349d99f15568,29,3.4011973816621555
36361a20-f41c-4a56-aba6-1060d2ae0182,CPTAC,KIRC,8ce59b59-a909-40ff-8237-08d26fa261e1,22,3.1354942159291497
36ae1bce-49a9-4818-8529-94ae62a1b0c2,CPTAC,KIRC,e3334b25-841a-4f7f-a2b8-58b42a93b10d,29,3.4011973816621555
36ce8a6b-42e9-4a12-8c7a-16124104224b,CPTAC,KIRC,070d8faa-9c6e-4a68-bc6b-e6333941232a,72,4.290459441148391
36f02a8a-6171-44bb-8386-af671ace4db9,CPTAC,KIRC,32baaa40-063f-4282-b933-87b5cc083a3f,52,3.970291913552122
3866385e-13e2-4372-8201-287df9f58e5e,CPTAC,KIRC,9d1c97cb-2808-4cf0-b9f4-8cceab5fc4c8,118,4.77912349311153
39710434-3a67-40eb-8ff3-0995df3e155c,CPTAC,KIRC,7e4d319e-a669-4add-bae7-8fdfabc5c889,54,4.007333185232471
3a420b74-ac84-470e-99f1-811cbc37ac5e,CPTAC,KIRC,1fd15c78-587d-4e03-af42-783c43b0a7ac,0,0.0
3e6ac60e-5067-4039-9efe-4cf7adfb9ea7,CPTAC,KIRC,f4013160-2dd4-45cc-a675-df4bcdc1262c,52,3.970291913552122
3f0a6d27-8085-424c-926c-ee88b61ebadb,CPTAC,KIRC,a2161b7b-2930-4a7a-ac9f-b0e6a474a046,55,4.02535169073515
3f270815-f0f6-4133-85ea-a846d1a308e0,CPTAC,KIRC,5c1828f9-e8e5-4cfc-b658-e47285b95893,67,4.219507705176107
3fe419a9-e0a7-49b5-bdf5-caa2a06aa82b,CPTAC,KIRC,62023b38-7d19-4402-b950-b2f6fcf0e857,116,4.762173934797756
40311512-c531-402f-900a-222e4572296e,CPTAC,KIRC,71ea835e-68f4-4336-ac3b-b123bc5573ac,85,4.454347296253507
43f21ccb-f860-4388-b392-998ea9d885cf,CPTAC,KIRC,006f3179-76c6-4525-9560-2cf2a3e3e88f,69,4.248495242049359
44d4ed0f-204b-40ce-9345-72ac30f6a3a1,CPTAC,KIRC,f09b247a-3c88-4d44-a2af-3e4a12c5a443,86,4.465908118654584
454eec93-31fa-4b28-8cce-dfaf87c6cf44,CPTAC,KIRC,11bb1416-a269-4efe-bb46-65e6c6335260,118,4.77912349311153
4ae395b9-0a62-40dc-b476-ad60aa70991a,CPTAC,KIRC,04e474d6-06df-4bee-8e24-d2b82c623047,69,4.248495242049359
4d349130-e42c-4be1-883c-692e48161e94,CPTAC,KIRC,da6418bb-6b5a-42cb-b1a2-3f8e7e79bbed,76,4.343805421853684
4d874df9-2a23-4389-85f1-27d97a89be30,CPTAC,KIRC,12a32d80-29aa-41da-9730-88819e71286d,32,3.4965075614664802
4f903d30-a16f-48d8-9142-6d43b6029793,CPTAC,KIRC,1c9f813d-b20d-4fc3-bb77-baa06b6a6b3e,34,3.5553480614894135
51b31399-0932-4c57-9627-ffc4141c089c,CPTAC,KIRC,16ced1bc-0f36-4cff-b53b-05d54a4393be,25,3.258096538021482
51c96955-042f-4eb2-820f-d2c096ab4394,CPTAC,KIRC,540ab040-632d-4df0-a101-a5c3afe4de15,48,3.8918202981106265
52153098-f1b2-47fe-ba4e-88ce6d51a6ca,CPTAC,KIRC,406ce387-c5b5-461a-a178-bc8cb402aade,71,4.276666119016055
538424a8-0d56-4d6f-806a-19a0630c9d83,CPTAC,KIRC,106d67a3-4847-425b-a151-4e92d0e82e69,54,4.007333185232471
54803fe4-6b87-4a4d-bb22-de20342e8929,CPTAC,KIRC,bd131248-9c81-459c-bb13-0bebf47ea9e1,50,3.9318256327243257
548052b1-d4a4-42cf-8dfd-3910bdd5289c,CPTAC,KIRC,af8d3287-1a48-412d-afe9-248043663062,16,2.833213344056216
55749713-adac-43a3-9929-db85f66b2c11,CPTAC,KIRC,55523070-9ab1-4f4d-a788-e78ef4c90d8a,66,4.204692619390966
55b8785a-3771-459e-bc48-170cec9cd105,CPTAC,KIRC,c280ff01-ba75-4354-9557-026338f255cb,4,1.6094379124341003
5657645b-d839-4035-8e69-2a9c78232cdf,CPTAC,KIRC,7429fb83-2d3a-4a47-82f5-533984cb517c,95,4.564348191467836
5690ba19-ef88-4bce-b275-27f715cc44d4,CPTAC,KIRC,19d19ec9-0969-4304-8b3c-38002bc728e3,50,3.9318256327243257
57b28192-8454-4ec2-914e-9228456d8648,CPTAC,KIRC,86fa315e-a54f-444c-825c-fb85ba21b843,59,4.0943445622221
58858fd8-7092-491b-b324-a7ce3b0bc2f1,CPTAC,KIRC,904c815f-5fab-46bd-8071-2b0e4468abc2,33,3.5263605246161616
59bc2126-843a-4454-889f-074fd69fe04f,CPTAC,KIRC,b0bad1c7-9f79-470f-ac66-df0daff66cf7,36,3.6109179126442243
5a2e37fb-9b1d-4b24-9931-04717f279b66,CPTAC,KIRC,c3ef2c55-df84-4b45-a120-a1f00d526323,56,4.04305126783455
5a88652c-cc2f-44c8-9e61-e89d46222743,CPTAC,KIRC,57354a0c-c9ab-4f4b-a29f-590cb395ef2c,72,4.290459441148391
5a94eb3d-5475-4866-9632-90871da82950,CPTAC,KIRC,e3c68698-596b-4114-a03c-af1e1d3a0483,19,2.995732273553991
5b2ee902-291c-412d-8b46-13d9f90fc54a,CPTAC,KIRC,0eef714f-bebb-4a59-a2c5-cfca38deeade,88,4.48863636973214
5b339273-482b-4b2f-a28e-f4be00aed5b7,CPTAC,KIRC,04ee9a4f-840a-4da3-9e87-e42b27a57efc,82,4.418840607796598
5cb7b327-5f17-44a8-aed3-989a1a99e780,CPTAC,KIRC,663fd178-9d7b-4b5f-8e7f-37f26e190419,78,4.3694478524670215
5eb0203b-3baf-4328-b480-0fc5351a40fb,CPTAC,KIRC,f60e4503-a833-4f2f-be71-8649c1c6b047,19,2.995732273553991
5ecaec09-4b90-4b14-beeb-1d419d299a83,CPTAC,KIRC,87e47189-6b3d-4fbe-aa17-a6327158df90,42,3.7612001156935624
5fd8d17e-57d2-4270-8728-de259ff6b2fe,CPTAC,KIRC,1f467760-38f6-443b-be9a-2c2e603acaac,74,4.31748811353631
60cf1724-5fc8-4c3a-850b-ce3778147c91,CPTAC,KIRC,51a8a1ab-ae1e-4802-bed4-f67eb424c4cc,112,4.727387818712341
61665776-139e-450f-bc64-eaf29bd7ff25,CPTAC,KIRC,685ddd77-36ae-490d-8af9-8183fe333d2a,46,3.8501476017100584
61d83f5b-b534-44b0-9d0b-668c4e0a08ef,CPTAC,KIRC,60feefe9-a2f0-4593-8764-1101d7946098,55,4.02535169073515
629dc6f4-9e1c-4265-9fd6-838ca8222792,CPTAC,KIRC,f42a7ccb-5460-4663-a0a6-848fc6edf6ef,66,4.204692619390966
64a43fad-5906-4c02-875e-37590ba66935,CPTAC,KIRC,21514d73-3686-42f4-ba8e-9d19d00728c4,28,3.367295829986474
66a96642-003e-4c56-9a48-adc3ea90292d,CPTAC,KIRC,63c75582-88ad-4f2f-a1c4-a9ae2d279c10,58,4.07753744390572
6797b09b-588e-4362-adfd-25265ce2f301,CPTAC,KIRC,dd5c824e-52b1-498b-ad07-1e8703361d2a,49,3.912023005428146
67d3d03e-9cb3-498b-9189-a686da349b71,CPTAC,KIRC,e9590b4f-dc41-4dfa-89ef-8209fb4598c5,110,4.709530201312334
67dc4c49-7f69-4c1e-99e9-bf123ace3188,CPTAC,KIRC,78eb1024-97ac-4551-a32c-69f806fd4d73,83,4.430816798843313
67e289f3-5395-4f2c-b1d2-344bd988b92a,CPTAC,KIRC,8f8ceae7-f108-4ae1-b49e-75d48473d0d5,35,3.58351893845611
68daae26-f752-43de-bf53-a0737e50d00e,CPTAC,KIRC,9060e2e0-bbe3-49cd-888a-d445e0264b6e,97,4.584967478670572
690378f3-e38a-4b25-8489-05a3b4bd40b6,CPTAC,KIRC,40859892-ebc9-4268-a2a5-0421dc0a03fd,7,2.0794415416798357
6a2d2162-a1b1-4e19-858d-48954aaa8988,CPTAC,KIRC,ebe2adef-e04c-4125-9cd6-06ceaaa9144e,61,4.127134385045092
6b2d1854-1423-4b18-a212-63122438d639,CPTAC,KIRC,0d46a5a4-5f09-4373-a3f2-a8a4b6b69c25,35,3.58351893845611
6bddd554-1643-462b-828c-d292d6f8b10f,CPTAC,KIRC,12b3d9cf-18af-4930-8d5e-2093f0f82df1,82,4.418840607796598
6ca8c6e0-50f3-4008-a9c0-cbfe4e984690,CPTAC,KIRC,a96ebd62-9502-4e53-ba2e-d3fd0b7d7fb6,60,4.110873864173311
6cb217d6-0e12-49d0-ad8d-df926ec3bf78,CPTAC,KIRC,3b0e77a4-9036-4b4e-abf0-3dc31fd4d201,74,4.31748811353631
6ccd405f-3fbc-4db4-86b9-90b11e1e745b,CPTAC,KIRC,775f7db3-548c-478b-8480-2c4ce6cdba29,21,3.091042453358316
6dd0e3f2-da6c-469d-88bd-3c3febe3118d,CPTAC,KIRC,1f3fd0a5-423c-4472-878b-2a6937baf3a2,15,2.772588722239781
6dfe739a-4bff-4494-b336-d52e1f8704bc,CPTAC,KIRC,6049c33a-d6b8-4188-a792-b39a6bda4a69,79,4.382026634673881
6e8374c8-7868-4eb0-9408-c99665cb3f5c,CPTAC,KIRC,66d25217-cf4d-42e4-aaf6-a90fe82d6c56,35,3.58351893845611
6fd49593-9498-4ca5-80f1-4e7ef6b75a66,CPTAC,KIRC,0effee03-c6d7-45b6-8740-99add36d7bd2,102,4.634728988229636
6ff701cd-7efc-4bac-93a6-7b27d2974d89,CPTAC,KIRC,478f46e6-c941-4a8e-a575-64aeb65af5ea,84,4.442651256490317
7025c69a-f585-42be-9442-05ecc9f64985,CPTAC,KIRC,5427d9e9-33e2-436c-b1d4-4b83fad1e8a6,65,4.189654742026425
70cbdd42-987d-4bae-916a-dff62013351a,CPTAC,KIRC,e900e934-6c2d-4215-bc72-3d135fc643f2,81,4.406719247264253
73dc07fe-554e-4236-a927-1ed9fe86a6c5,CPTAC,KIRC,cf7c18f4-1d5e-4cc6-bf32-5aad1e6850fb,36,3.6109179126442243
74489848-29f7-4d54-9ad9-3c13b01d5b25,CPTAC,KIRC,3e34a90f-e70e-49f7-b90d-6cbee575b5ba,43,3.784189633918261
75196629-c99b-475e-ac48-da4385b66b2f,CPTAC,KIRC,dfae4a6a-4972-42f2-87b8-a5d0351eb4ac,66,4.204692619390966
75216209-b267-45a1-9a79-a219a1551bdf,CPTAC,KIRC,f8ed71e5-ca6e-4cb0-ae62-4e55b867efbd,54,4.007333185232471
75fd2e43-9e9b-46db-a75c-29bcfa6029cc,CPTAC,KIRC,6929abda-caa6-4234-99b1-aac1a4bd3a3a,97,4.584967478670572
761cab85-b6f0-474c-b6ee-ddcd6e36a425,CPTAC,KIRC,b22cce67-ac75-44d7-9131-af281213fa00,40,3.713572066704308
763e0702-8379-4b5e-95d1-a84f412c51e7,CPTAC,KIRC,b2de6248-2c6c-4324-afcd-30f0b99f27b8,61,4.127134385045092
76c9445c-7512-4e51-ac92-cbbc87e2a29a,CPTAC,KIRC,d81b2835-0514-41ae-bb63-d8e50bacdad4,42,3.7612001156935624
773b2752-d7ba-4dfd-bc74-b979053c6b76,CPTAC,KIRC,6f8a76c7-2665-4550-8030-b4a83954332d,30,3.4339872044851463
77817c88-77e1-4ff0-a24e-21ca2942ba3a,CPTAC,KIRC,1c9dab07-5857-4e3a-9069-d2e13d10329f,91,4.5217885770490405
790e0dcb-b034-4e38-8a24-f5fe7b658357,CPTAC,KIRC,033b8625-aa68-45ed-aa4d-ca174b4906ec,230,5.442417710521793
79a06ec2-2593-4576-9f65-f4aaa60180ea,CPTAC,KIRC,8c954a93-e849-49e1-af63-8bdbaef073b5,30,3.4339872044851463
7ac87811-7a65-4eac-8401-bf71ec974778,CPTAC,KIRC,b4506cec-4706-44e0-9b75-a41a1231b966,15,2.772588722239781
7be06965-dab8-4557-b7fc-982546301f0c,CPTAC,KIRC,8b649b77-1459-46a4-985e-4b0546f4cb56,58,4.07753744390572
7d9c6344-0761-4e25-9c34-b5a15faec02c,CPTAC,KIRC,2a36ace2-96f8-4840-9a98-ccb6322e442e,12,2.5649493574615367
7dca8489-91a1-4e03-a188-8a329bc4455d,CPTAC,KIRC,548e9a37-c48b-4dd9-a6c9-70adffd373eb,65,4.189654742026425
7dcec877-8975-4c73-982f-f255833e5b4f,CPTAC,KIRC,9b00d458-e1a2-42d8-bc98-d7e8b9c91987,15,2.772588722239781
7e18715d-3d61-431b-94f5-4d20bbaa4fa1,CPTAC,KIRC,12e192f0-1c95-41fd-82cd-11c91be7afd0,63,4.1588830833596715
7f61dd9d-0cec-46b5-9f5e-82b4131631f1,CPTAC,KIRC,80601654-7caf-42f0-8074-8aca62d12d86,72,4.290459441148391
800efda7-bc75-47ed-bfc6-479f5aaa1d68,CPTAC,KIRC,64c53ea7-1d58-4679-838d-8d29c2ee5ab8,35,3.58351893845611
80a555be-d22c-4aeb-bff1-107e795092ee,CPTAC,KIRC,f2859cad-0677-48f2-bfa7-53c0de7140c5,39,3.6888794541139363
80d14fd9-4413-4fce-9d75-f7ec4711e285,CPTAC,KIRC,09cd8793-96af-4ab5-bc44-5ab5f5d1ac70,85,4.454347296253507
80d78949-3a93-4e71-b987-a43d7c159576,CPTAC,KIRC,7e18375d-db37-4c33-8bcb-13fee5cb3614,80,4.394449154672439
8220be9e-ca4d-4a48-b48a-06c0b223700e,CPTAC,KIRC,4f7431a1-9d52-4109-bc96-c83d81e0bbe6,33,3.5263605246161616
82ac2853-17a0-446c-90b0-307a72c961d1,CPTAC,KIRC,36d55585-8dc9-4b3e-b6d7-d129d81a028d,39,3.6888794541139363
83a1b337-49a7-4fa8-9424-65a6272a1ec8,CPTAC,KIRC,c151e5dc-eb70-4027-a6c2-f7102966f79a,11,2.4849066497880004
83cb7840-8d02-408d-a7c2-b446f991cfa3,CPTAC,KIRC,c449f931-da5e-48af-918a-4e0516a2bdb9,79,4.382026634673881
851e6d64-d753-4eae-a115-7d0100cd15a5,CPTAC,KIRC,a58be5cd-9769-456e-9520-53d5ebd3d6e5,14,2.70805020110221
8577ef8a-f071-49cc-8158-05dfc52f3c70,CPTAC,KIRC,e1f1f23b-8a51-4331-9823-f3d3d574349a,62,4.143134726391533
8722cdbf-a4c2-4561-9860-ff20f4ba19bb,CPTAC,KIRC,d4dd8cff-4567-4856-b969-711fa056f79f,31,3.4657359027997265
872dc350-1ca9-4910-a76e-e244d9636f46,CPTAC,KIRC,c98dc71b-9f88-41e2-a5ce-d855869903ab,34,3.5553480614894135
88e0ed05-4414-44f2-a983-93f7f6c2dc8c,CPTAC,KIRC,a86e8453-08b7-4772-aaf4-01d2e8f40da4,42,3.7612001156935624
8a2a211f-4ef7-4aa8-bef3-ba3c2803661d,CPTAC,KIRC,09b68eb6-0e45-4a1c-8cff-8d8858da94b8,79,4.382026634673881
8b9a7654-908b-4a78-ae52-993963d79252,CPTAC,KIRC,b2ad9970-e96f-44ce-8dfa-4a96d6cc735f,32,3.4965075614664802
8be8aafe-ccd7-437f-aa68-09c4bc248d1d,CPTAC,KIRC,3e9809c3-3e48-4f7f-bc89-ff5ba1124cc3,80,4.394449154672439
8d1035ae-7b5c-41db-b31b-2d9512a12137,CPTAC,KIRC,653655cc-5f66-46c0-b6c9-a04a417a4c0d,56,4.04305126783455
8eb888ed-42e4-4109-8636-4e43503728d9,CPTAC,KIRC,ea105ffc-429b-41cb-ae2d-1db9ca8e2a87,80,4.394449154672439
8f808208-06d2-4843-8004-c4ce5ed8e837,CPTAC,KIRC,3769a1c3-6cc7-457f-a01c-aa448570bbfd,51,3.9512437185814275
920b70b3-265f-4c67-afe5-079b073cab03,CPTAC,KIRC,539dcb18-31d3-496a-9da5-41a65f434d75,18,2.9444389791664403
929e18d5-41fa-4ee2-957f-2812e4501b93,CPTAC,KIRC,d4f92d5c-ae0d-42b4-9e66-b4f0cd94d4a5,97,4.584967478670572
92cd0551-2e78-466d-a84e-8d0d525fff39,CPTAC,KIRC,19f5f041-3828-44b4-8e82-465bd769390e,49,3.912023005428146
947a6de8-a1fe-41f3-9568-2311f9fa341b,CPTAC,KIRC,8294eb7d-9f85-4ccc-a894-e89f3df249d6,51,3.9512437185814275
9619589a-2dd4-4678-bf42-5e79f6bebd77,CPTAC,KIRC,3ee99878-e7a8-41b6-a259-19f4bb30d148,92,4.532599493153256
98c51a04-d042-47a0-aeeb-f62e4f1eebac,CPTAC,KIRC,f571311a-d6e0-445c-863f-4b4a34ee5776,23,3.1780538303479458
99e5132e-63b1-4adf-b0ae-65a8b1ee32e7,CPTAC,KIRC,f18a9c05-4e4a-4d96-a12b-f39e5efe6244,10,2.3978952727983707
9e12dd20-28f6-4704-82ab-a77c1a8e19d4,CPTAC,KIRC,d8539cb3-da52-4cbd-bcc6-ea19a039adea,80,4.394449154672439
9ff6d022-6e23-4f44-a480-1b61929e6ee3,CPTAC,KIRC,167073fa-9e38-4f8d-af1f-301ed3a8b5f7,79,4.382026634673881
a0d5a7b2-4c7f-4d19-bda1-1357d3b1d72b,CPTAC,KIRC,02cf6a27-378c-4c13-bf88-667aef7e36c3,63,4.1588830833596715
a176d63e-e9ac-4fe0-8906-051adc48a898,CPTAC,KIRC,f5efcbb2-a1fd-4318-9677-1cc7da4a46de,49,3.912023005428146
a2f31483-07f9-4672-966b-11c329f915c3,CPTAC,KIRC,1ed5dedf-94ef-4073-9bdb-e3acc0d5d20d,52,3.970291913552122
a38f3241-9477-4790-aba0-af946d056cff,CPTAC,KIRC,2f12b7f2-abdb-4f3a-8565-19c75d9f5430,12,2.5649493574615367
a3cdc93f-ec3a-44a5-8e99-d7fc6c8cdc60,CPTAC,KIRC,38e69d5c-8874-4892-b847-56775791d228,41,3.7376696182833684
a587c48a-28fb-43b2-8b6c-90218f864f26,CPTAC,KIRC,5e8bd413-a481-40f2-8af9-61f7b911f3b3,39,3.6888794541139363
a7b5ecd7-d16b-4c41-87d7-881c3d53d185,CPTAC,KIRC,3bc2cd60-d56d-4820-b6b7-6d68f6ee9a3c,59,4.0943445622221
a7ba08ce-72a9-475a-9aa3-77a79c31c737,CPTAC,KIRC,d45cc0a1-f678-4779-b229-b2f891199324,45,3.828641396489095
a83f4ac8-5ab9-47d7-a4fc-6d3d0bdbc551,CPTAC,KIRC,545e4898-1bac-4d08-bbae-c9327845e619,77,4.356708826689592
a8cc5f98-315b-43b6-9a5f-b08e65fad32a,CPTAC,KIRC,361e1ed2-828f-480a-a9dd-ef599e6bbf8b,67,4.219507705176107
aa62b9ec-062b-41c9-abb4-c7217f259c06,CPTAC,KIRC,711502cf-374d-44ac-acb8-1927f3043bfb,56,4.04305126783455
aadb8624-dbd7-424a-ab0b-ed326c088c70,CPTAC,KIRC,c2044d91-1a1f-4c65-99fe-0ab52f29c8a1,40,3.713572066704308
ab08434a-f9b2-4e51-9f4a-3d08ca04d66e,CPTAC,KIRC,29e64245-9eac-473e-89e9-4dac30b70444,64,4.174387269895637
ac3e6c1a-eb99-4fe3-904c-da486d76588d,CPTAC,KIRC,9bb00aa3-6f65-4fef-afac-f97c201758bb,42,3.7612001156935624
ad688008-ae8d-4bfd-99ab-24998a2c248c,CPTAC,KIRC,9e5ce1d4-2751-4872-bf8f-991b28f8a8d8,46,3.8501476017100584
ad9a7ce1-9f9e-4092-8eae-493297289022,CPTAC,KIRC,2c3d90ce-2f4d-42bc-baa4-e01052a73b67,59,4.0943445622221
aec84142-419a-45c2-8aff-dfeec5065447,CPTAC,KIRC,895268f6-d513-4bd8-b625-e6a23a99f215,52,3.970291913552122
aed5f6f0-405e-4a77-914a-21f7c6c69cb6,CPTAC,KIRC,3b1b415a-626b-41dd-82f7-c2a651f1cb05,59,4.0943445622221
af85d94e-6352-4baf-9fc4-9dc8d7ded612,CPTAC,KIRC,875b0223-304b-4dec-939a-15ea28500a59,5,1.791759469228055
b1114673-0f13-4265-98d8-21c5714d91a4,CPTAC,KIRC,9d1b8061-5732-4eef-b95e-fe49e7a50d9d,59,4.0943445622221
b13abb7a-7188-4e06-8b8b-381dfd63e03c,CPTAC,KIRC,2dfafc4f-de00-4ee1-95a0-9ee66518769b,63,4.1588830833596715
b1601ffa-6907-4a17-90d0-8c1b162da825,CPTAC,KIRC,73dafccb-a894-4283-a851-f72e1fba7ffb,5,1.791759469228055
b2580fcd-12df-4e51-8b65-90390792b691,CPTAC,KIRC,bead5c82-af54-4ca9-8582-d8aa76131299,22,3.1354942159291497
b2c111c5-13ad-4144-a799-7d4b188c14d9,CPTAC,KIRC,835c09cf-9cdc-4c47-99b1-288c070391db,54,4.007333185232471
b69c9d3a-4691-4073-be53-c1bc43248fdd,CPTAC,KIRC,38999274-4c4d-432b-9ed8-c17fd2308bdc,47,3.8712010109078907
b8355bf5-6037-4f5f-a277-237a6917a23e,CPTAC,KIRC,3e0cd15b-ede7-4f05-9e58-014887e6d749,85,4.454347296253507
b9ad2bb6-8d21-474a-8cd1-2a4c49a169ec,CPTAC,KIRC,c113af2e-cca5-4d4a-8d63-cab60d3a5084,11,2.4849066497880004
ba653b86-9aad-4d80-9db9-ffb0dd787ecb,CPTAC,KIRC,35fda1ff-87b0-405d-89e8-e09858665431,81,4.406719247264253
ba8f974d-af1c-41bb-8099-d6bcffabe908,CPTAC,KIRC,6a911d44-934b-4803-bb14-7ce35def1a44,38,3.6635616461296463
bb2d3adc-0cf3-4c28-b854-893cb0903180,CPTAC,KIRC,ea2fc5c7-ee6e-465e-a11d-415fb4cf76e4,10,2.3978952727983707
bbffcd51-e154-4d7b-8d27-6183f5083653,CPTAC,KIRC,291a5524-499f-4ae4-ba6c-f7a08c20b6b0,3,1.3862943611198906
bf00b9d3-1a4e-4475-aadc-f0bf2419c53d,CPTAC,KIRC,b97beaee-a407-4526-b9a5-8a1b3cb337fd,61,4.127134385045092
bf2c7bd9-65d7-41af-84b5-41ffe6693547,CPTAC,KIRC,6bbb2da9-1ed4-4aa0-866d-92e63fb9fe40,51,3.9512437185814275
c02e2a7b-1ce1-4827-ba77-807e087e3797,CPTAC,KIRC,452fbcfd-a67b-43f3-a5db-e903b7562c74,43,3.784189633918261
c43e357e-8156-4999-8972-d6c007a88033,CPTAC,KIRC,c0991fe6-062f-4f42-83e9-67189bb0573a,72,4.290459441148391
c5bbcff5-d3d9-46d6-8cf7-5aa7b080ffb4,CPTAC,KIRC,267de5a5-42e9-4a48-9f50-bb5ebdd2d30f,59,4.0943445622221
c5e1950a-e724-4d42-bd0d-fb474921e04e,CPTAC,KIRC,f2b939fa-4cf0-4493-9447-3383c66341b9,45,3.828641396489095
c6953ff1-355b-4b83-8e9d-4dae4a293bf1,CPTAC,KIRC,b1c156c9-78d6-4cc7-925b-00280401a6ad,293,5.683579767338681
c6ae1472-04d0-45cd-aa7c-f56e3d7aa8a3,CPTAC,KIRC,9e8e4fc1-5db8-4121-9670-7c1d48bb47a7,41,3.7376696182833684
c6c75c5d-b3c9-4918-8dc2-02849933cd3c,CPTAC,KIRC,55814191-d0f3-42e5-99eb-51f180e16651,63,4.1588830833596715
c954ffd0-f64f-4cee-a802-48e0960f7910,CPTAC,KIRC,470b07b9-b544-479a-a2c5-39e3176dfc6d,40,3.713572066704308
cb5f5f9e-7610-4adf-a688-92ddc0666770,CPTAC,KIRC,edf6e3be-d4b9-4c53-b3a7-8c8db17713a7,21,3.091042453358316
ceae0345-0b5a-475f-8133-5fffcb81f3d0,CPTAC,KIRC,0f9c0fdd-33ff-455b-8e55-6bd8881cdaa2,104,4.653960350157523
cfc3dba9-b0bd-498c-b8fc-33b80a7af835,CPTAC,KIRC,b09c08b8-d25d-41d2-8b8d-9ee9d1eef3f7,54,4.007333185232471
d2ba6170-58a2-424f-974d-403af8f2f6e5,CPTAC,KIRC,9e71a1e8-2375-43ff-a3de-f44ca91af760,47,3.8712010109078907
d2ca9e9b-405f-4c74-91aa-f4cd3c44c0f5,CPTAC,KIRC,8a7c132e-5f89-4ff6-9133-cf9775c1f6ed,50,3.9318256327243257
d416e91a-2ef0-4062-a27e-58df2163ff32,CPTAC,KIRC,0cb23b37-ebde-46d3-8818-56f4194a84fb,32,3.4965075614664802
d4224b25-86fd-4f09-ad0c-f6bdf1e0018a,CPTAC,KIRC,bbb108c0-c962-4ae6-b510-c4bdcedcc47c,68,4.23410650459726
d497bd22-62ba-4a9c-8f0c-28aae3838c61,CPTAC,KIRC,773d0e11-e2ce-49c2-9a09-684a71906a15,30,3.4339872044851463
d52a195d-7d63-4eb6-81c2-3c473ba57979,CPTAC,KIRC,a3564e96-4824-4b38-8479-37e2d617f1ff,42,3.7612001156935624
d594864c-bca6-4546-b6ba-dfc3e4bbe7e5,CPTAC,KIRC,5edbe0a3-1d5b-4368-b7c4-2c8e41fa3e4e,9,2.302585092994046
d5a0b343-9855-4c18-a6ef-7f7141f8ec96,CPTAC,KIRC,2d0e251f-f45d-4638-a72f-d018bfcfe804,66,4.204692619390966
d61d94aa-48c0-4521-8964-33c211e70b17,CPTAC,KIRC,07825817-3101-450d-8bcd-9e68047f337f,22,3.1354942159291497
d7f19a25-e379-4977-8be7-19daefb60acc,CPTAC,KIRC,3a3d46b7-d4a0-4263-9ab0-1ab21ad88a34,17,2.8903717578961645
d84bfa68-63b1-4c84-848d-8b473638f970,CPTAC,KIRC,c6bd9cf5-f7a9-4bcb-a426-514d85ddfda9,87,4.477336814478207
d999afdf-cb75-4da0-8648-ad3ec6905918,CPTAC,KIRC,14ae6290-a42b-47f1-a6e6-8aa789435c9a,62,4.143134726391533
da18b31a-48dd-4bea-bced-d98a3e4cc1b0,CPTAC,KIRC,a67fdfd0-277f-45a0-98e0-23b830056fce,57,4.060443010546419
da4a0eed-b755-49b8-96ae-31d3d396862c,CPTAC,KIRC,1cb74b70-1e62-48e4-b516-a0783a529c6b,57,4.060443010546419
dbeb0624-b7ec-4555-a3af-6760c5b5e774,CPTAC,KIRC,fb075d69-0911-4dd9-bfa2-4daa8336a86f,66,4.204692619390966
dcad7486-2ab4-4f96-9be2-3b6af807fde0,CPTAC,KIRC,cf0e36d4-c610-4dfe-9c0e-2297c1b9fbc0,103,4.6443908991413725
dedb2add-52d8-46a5-b599-c72b594359c2,CPTAC,KIRC,93ead549-9df1-4d25-9aa3-eabdc94d885f,42,3.7612001156935624
deebd369-6b93-4704-9288-b4ee8e737eaf,CPTAC,KIRC,f4926ceb-889e-4f2d-b953-38ea3072d2a7,14,2.70805020110221
dfea15bc-20f4-4c35-bf8b-b212960dfa62,CPTAC,KIRC,be21338a-2cc7-4686-a06b-296284d2df0e,78,4.3694478524670215
e0ed467f-7e5c-47e3-ada6-2c10409ef20f,CPTAC,KIRC,653c5db2-4e7d-4959-992f-67b7f70378f9,16,2.833213344056216
e29c57d5-de4c-43e3-8f4e-0b7bdb61482b,CPTAC,KIRC,d2e88435-c7d8-4da2-80a9-1ba95c6fba2a,62,4.143134726391533
e2a5d6ff-d0ce-4a73-93f4-4a7e8a0fe2be,CPTAC,KIRC,d5c2ed6c-908d-47d0-89b4-d1c259dc87d3,44,3.8066624897703196
e34afb7a-43e1-4bcc-b266-7d12a9018d58,CPTAC,KIRC,f7c9f7ed-c32b-48ff-b684-5797c3d64982,67,4.219507705176107
e34efc80-0ac5-4f2b-8c1c-dd3a4176d544,CPTAC,KIRC,b07f8253-53f0-4138-9455-767cf70803f0,35,3.58351893845611
e35a48a7-4773-459c-b90c-8a79a0716184,CPTAC,KIRC,1fd46b4a-9d2f-4d59-81d4-99868d5b45f3,80,4.394449154672439
e46562b6-3f3e-4886-ade9-43a35cc05c79,CPTAC,KIRC,37a3a69b-0c2d-4f4f-96c4-5fe22b8bf4e5,49,3.912023005428146
e80deff0-6d18-4093-8d6d-ee481e4d06ac,CPTAC,KIRC,a2225721-c49c-435d-a82a-c40d942a3d73,79,4.382026634673881
e897318d-6d4d-4bcb-8a47-332a2070aab7,CPTAC,KIRC,f515a1fc-0b36-4cd0-87b4-f6d6b5ea7925,40,3.713572066704308
e8b0327e-7721-4310-9382-1c57c62c8b73,CPTAC,KIRC,d5041c8b-e53b-4cd9-a199-958e412eb9a3,48,3.8918202981106265
e8bc3792-92f6-4924-8047-9f805afb4b04,CPTAC,KIRC,7f41524c-570b-4e79-ba51-984a3b603523,47,3.8712010109078907
ec534e0e-ff3c-4c80-9bef-be4e9425f333,CPTAC,KIRC,017ba097-a20f-4bdb-85ec-b6cf076dbb11,45,3.828641396489095
edb73d4e-b5cf-4979-9456-659903087561,CPTAC,KIRC,cda29ec2-53de-43b9-8b5c-c84ed628ea5c,52,3.970291913552122
f3068c13-3f95-41eb-95cc-ea69bcea83ad,CPTAC,KIRC,250a20ff-b85f-4c55-8a9a-b29ca33b0a06,44,3.8066624897703196
f5318241-1d15-41d9-be42-0c44558aa96b,CPTAC,KIRC,9a5391d2-9989-4353-a125-4cb97ddf207f,58,4.07753744390572
f53d22a7-314a-48c0-b8b1-9799149ccc1e,CPTAC,KIRC,296b34a4-f33b-409b-a564-4353643c0c31,30,3.4339872044851463
f674a0fe-66bc-4b0f-a12c-e025655f8a64,CPTAC,KIRC,1f7fa426-cb9c-4fde-95fd-6096156034a2,30,3.4339872044851463
f6c78eb3-ec15-441e-b3d2-e01c412e37d8,CPTAC,KIRC,5d956df8-ae3c-48b6-9ae6-38f425b0a449,44,3.8066624897703196
f70f02a7-eab5-4d55-8303-b4497a84f39e,CPTAC,KIRC,135d0c7c-db1e-46ae-9bd9-be98a01f70ee,120,4.795790545596741
f7d27f30-33bc-4261-9192-9e6c31416859,CPTAC,KIRC,82c75558-fd2b-4af1-96a7-353d144fb5ee,20,3.044522437723423
faf81be5-f575-49a6-b8aa-40add7d3fa2f,CPTAC,KIRC,76c00805-e9b1-4d90-b7d0-7d2cc6d37182,42,3.7612001156935624
fba6ddb5-f291-409c-9389-82e4637d62c0,CPTAC,KIRC,bac1e305-1d80-42cb-a4bd-8404d6745cab,79,4.382026634673881
fd0d710f-aacc-45b6-ad9e-cc10b5c4a9b1,CPTAC,KIRC,83a8000e-64e1-4144-917c-9282289ece55,62,4.143134726391533
fd2ff719-f1d6-43d1-a7b3-8e4e67da89ee,CPTAC,KIRC,7591edea-ffb0-4d69-a2c8-2dd1d8e4a9ae,76,4.343805421853684
fd5a734c-4bb5-433e-a6b0-b060f64e2836,CPTAC,KIRC,d51e5fc5-621d-4eff-9735-4fc6c21efb79,35,3.58351893845611
fed70927-708c-479e-942c-139414370672,CPTAC,KIRC,d16e9562-f0be-4009-9bc2-d250ebd81e9c,72,4.290459441148391
ffad76a6-045c-4005-9088-6deb8b83f0ec,CPTAC,KIRC,6b33094c-6aa0-4fa5-a1f7-d391189ddd7a,17,2.8903717578961645
01a80f88-16bf-4ed6-9864-313e9650a6e3,CPTAC,UCEC,7d3c55ed-6c1f-47a0-9ddb-1fc6bff505ed,35,3.58351893845611
01db2fd5-6443-4ed8-8318-3ef4f9012450,CPTAC,UCEC,5b30d599-c881-4043-a6a0-59c9f3c57e64,35,3.58351893845611
024bde91-ea3e-4157-83c4-8482801b00dc,CPTAC,UCEC,58bbcc03-d397-4271-af85-a13211bfa4fa,1113,7.01571242048723
0701e7c9-898f-4cc3-9b8a-855bef549781,CPTAC,UCEC,36ce75f6-4bce-4f23-a2b5-d53bed0e6f96,64,4.174387269895637
074c8f3c-b4aa-4c10-ba83-2a874f88c478,CPTAC,UCEC,3c1af943-a41f-434e-aa17-0fb4441f8be9,71,4.276666119016055
080d9f1d-b70b-41b5-bf4b-4425a39f0457,CPTAC,UCEC,5187613d-9ba6-4402-84c3-71801ae29d76,44,3.8066624897703196
09662b44-b90a-4adb-99c0-1a0d85fe5892,CPTAC,UCEC,4dd04919-e581-4ccc-831a-82be0665970a,691,6.539585955617669
096db53f-0a45-4778-a58f-4cf1de04c7d0,CPTAC,UCEC,7dca6c94-8a01-4281-ad38-67dd5071b9fe,41,3.7376696182833684
09d22163-9473-4cea-afe3-fa6c891bc2b2,CPTAC,UCEC,560a84e5-6e34-44ed-9ceb-2feb67144c5e,337,5.823045895483019
0a1cacd2-aa13-4357-af06-cc91757b2a28,CPTAC,UCEC,bd512749-3281-4ff6-8b41-ed6d5f4ad030,54,4.007333185232471
0a497fd3-c5fe-4f4b-91cf-1cc99da46d12,CPTAC,UCEC,602a8474-1b48-4109-9c0f-c66181466ea9,33,3.5263605246161616
0bd5695b-09e3-4631-92c4-62a514ab0848,CPTAC,UCEC,8e140435-091b-4aac-9dd9-6a80a0754214,168,5.1298987149230735
0ca627b8-1b3f-4bf3-9626-1129fbe0b59d,CPTAC,UCEC,608e3002-4804-4334-9942-cf3c078bd43d,34,3.5553480614894135
0d0cffd8-81b5-4c1d-8012-658c0f6f0c42,CPTAC,UCEC,a7f7c586-7692-4f40-9f90-01dd674f09f4,344,5.84354441703136
0ebda7ad-5604-43c2-8719-230c92bbfd88,CPTAC,UCEC,442ed16d-d5fe-419a-8142-077fc91f2028,35,3.58351893845611
0f0d4692-5e90-4cc6-bc4c-769baa3e3a1e,CPTAC,UCEC,5156a3d0-be5e-4708-9f39-26948c0dbc9b,36,3.6109179126442243
10308f8f-5298-4a66-9bf9-eb6a18c1923d,CPTAC,UCEC,b19050ff-9cf8-40b5-90cc-3d1cc388469b,68,4.23410650459726
10f04ae9-9ada-402c-b321-6dc3805117ba,CPTAC,UCEC,8b6bb525-8aae-43ae-81fd-69b7097c4d4f,440,6.089044875446846
11082c65-86db-44de-b5b3-f9b50af0c906,CPTAC,UCEC,91a3f441-a6dc-4aad-a78c-ca99043f8635,2044,7.623153068476902
116436ce-6250-43b1-8fd2-2ebdb3ea9186,CPTAC,UCEC,156699cb-45f4-4cc5-81b3-649a7f0d8f62,429,6.063785208687608
1272f46b-0d75-496b-8f06-cb659d9e22a7,CPTAC,UCEC,59baf8d9-8503-4857-a099-1d9597b67992,1249,7.1308988302963465
149619ee-b1cf-4ff4-91aa-c773cbc35e33,CPTAC,UCEC,c3d69f12-c2c7-4436-80c0-57ee7c5b2fd4,66,4.204692619390966
14d9e460-63cb-43e4-b323-fee2bb408eab,CPTAC,UCEC,480ad50a-3a46-4a34-af21-4c962ae8b333,46,3.8501476017100584
178f9a51-566a-446d-a28c-2d16aee4d42a,CPTAC,UCEC,0c857fb9-5347-4029-9853-b797eace48bb,73,4.304065093204169
184d167f-b158-4914-a353-a57b44e7f70e,CPTAC,UCEC,0c7619b5-0562-453f-ab73-d6341e59109b,45,3.828641396489095
18fb72e0-2bbb-4a6d-8780-33d5474df20c,CPTAC,UCEC,3cc881e9-7b4d-4d89-9a97-6cdd05d136bd,882,6.78332520060396
196391b3-b000-4293-a9c1-0181e063a4a5,CPTAC,UCEC,18d5cc1f-ce69-4008-bac9-d67fa71f38c6,45,3.828641396489095
1a79cdc7-bf1c-46f0-bf8c-1ed0d8c5efe7,CPTAC,UCEC,37be26f4-8bcd-40d3-9cdc-8f855e9166d8,937,6.843749949006225
1cc16118-4102-4d74-af7d-a5ec14940ee2,CPTAC,UCEC,12b3bda1-07e5-4fb9-8b7e-ae243a3105ee,27,3.332204510175204
1ce20f47-9c4b-4f56-acd5-55bfbf4f8ddd,CPTAC,UCEC,42f7841e-285b-44ac-b986-03f194858125,77,4.356708826689592
1d9e5581-e821-4b6e-966e-bfc24301452f,CPTAC,UCEC,731b8046-8f25-4cde-8052-dfb7b6f7fada,543,6.298949246855942
1dbbaca3-e501-4aff-80b2-0acaa5ba0e42,CPTAC,UCEC,397474cb-a85b-40f3-9e1f-67b006811782,69,4.248495242049359
1e02bc53-0628-4734-a8da-274c34ecb778,CPTAC,UCEC,b5366c75-a37e-4fed-8205-d7541dc9fed8,48,3.8918202981106265
211bc56d-ce9d-43ab-add5-850b13c35f50,CPTAC,UCEC,66cf3a8d-84fd-44a1-8727-74360c04dbd1,25,3.258096538021482
21b7f29a-1195-4625-b8b8-51352733d5d9,CPTAC,UCEC,560f59a9-67b9-4339-b0ab-7176b62fefa9,31,3.4657359027997265
21b90e4b-f173-4fb6-b702-5c00d2d3ca46,CPTAC,UCEC,5f4f6edf-ed96-4e6f-8034-f7fcaec985e0,33,3.5263605246161616
221cd6a8-09f1-4987-a669-80c219e8b6b7,CPTAC,UCEC,59836f9e-ae68-458f-a524-ab723b46f17f,52,3.970291913552122
227b1bf6-850b-4fdc-8b9d-a16c6508b229,CPTAC,UCEC,35c46988-bb01-4d0d-95ba-f1d9e27a0f85,765,6.641182169740591
2586a0d7-90b6-403a-9025-5c0edeb34c87,CPTAC,UCEC,5acf0479-e2de-4df4-9e45-5a619558bbcd,29,3.4011973816621555
272d222a-761f-4543-86d0-37457731a3a5,CPTAC,UCEC,ccf4ffdf-cc72-4ff5-b29d-454e45d6a425,54,4.007333185232471
283ab2dc-9469-4787-81a0-60f4b8aa8b56,CPTAC,UCEC,2f62949d-3a27-4077-aa69-afb142ff3691,93,4.543294782270004
283c0205-7a59-4b8b-a4b5-0151d68ab045,CPTAC,UCEC,79023acb-64b6-485e-b93f-2a04e8587d8d,426,6.056784013228625
289b2634-a960-4412-8abc-8de5ab781bf4,CPTAC,UCEC,84434266-80ea-4447-88b6-ac747c44ba3c,395,5.981414211254481
29bdc26b-fa87-46ae-a507-755efbe1fbd7,CPTAC,UCEC,4eac5f33-51c6-4b1d-bf9b-777b62cf496a,20,3.044522437723423
2a971d49-1fcc-40eb-a02b-0736a0929f43,CPTAC,UCEC,23d2bcaf-4006-4cc5-a214-215dfcf1f21f,63,4.1588830833596715
2b1894fb-b168-42ca-942f-a5def0bb8309,CPTAC,UCEC,481402b1-fb77-46a5-a39d-b433624d16f0,45,3.828641396489095
2bed27b7-bebb-4262-9ead-e94b5832cf07,CPTAC,UCEC,e7d85977-a11a-4265-a1a0-03ed2eb11224,72,4.290459441148391
2c0c3637-9705-45bf-a0fd-b2018248efe6,CPTAC,UCEC,09536549-1ea8-4f30-aa4f-626000a0d7ed,42,3.7612001156935624
2c779d6c-f661-4621-9e3b-f9705da342a1,CPTAC,UCEC,62f77fdf-ed6b-4636-a0ea-44361be2d44d,53,3.9889840465642745
2dad8ca6-2a98-479a-8637-83451765c2e9,CPTAC,UCEC,c35b4360-710f-44ec-afae-9f67a69d4b0f,45,3.828641396489095
2de04061-dc28-4a5f-a3ad-4918b9d91ed6,CPTAC,UCEC,0e081ad0-2609-41b3-ad22-11e13f62b04a,46,3.8501476017100584
2ea05d10-bd2a-4478-bfcf-0a90cc3116c9,CPTAC,UCEC,4a624cc1-6fcc-4347-aa16-709ab921c007,1313,7.1808311990445555
31934600-36d6-40eb-88bf-31daa639d039,CPTAC,UCEC,0cb2f7d7-6a5a-4547-90f5-4a819580f0f8,57,4.060443010546419
31ceaaeb-8186-4d4f-8981-d192368ad39a,CPTAC,UCEC,9c33948f-2f93-4568-bfde-3b50b588341e,8687,9.069698042173716
32b8c7c3-0a0d-4d93-b765-dedeb74b537d,CPTAC,UCEC,2074b504-f6a7-40cd-aaf1-0b4fe254edec,987,6.895682697747868
32d14975-25f1-421d-9671-3601e7c23530,CPTAC,UCEC,32de850c-bd5e-4dc0-bb0c-799b861ecdc8,37,3.6375861597263857
32fc9aa9-a821-47cc-974b-5bcab2946b7d,CPTAC,UCEC,2ba9ee9b-45f8-4d06-b9d2-352a5f57b14f,746,6.616065185132817
334570b2-e044-4b40-a229-190561fefd04,CPTAC,UCEC,74073ac4-7496-45d8-b87d-7f5e1094916c,277,5.627621113690637
3735f87f-f855-4eb5-861a-afdfd4ca9f4a,CPTAC,UCEC,bfa1fdff-05fe-413f-a17b-6c820032de58,31,3.4657359027997265
3765c3e7-06e9-46e2-ae5d-5b53a65cfab8,CPTAC,UCEC,1369480e-a166-4e94-a9d8-6e78485f2da7,32,3.4965075614664802
3892e1d7-a1a3-40d6-bce6-1785cfa599d1,CPTAC,UCEC,7a485216-3301-47a0-95a2-b731323ee1e4,31,3.4657359027997265
3a463387-4c2e-401d-a069-14bef72a788a,CPTAC,UCEC,648be676-9c8f-403e-9801-d8213ba1e29b,57,4.060443010546419
3a4afbe7-60d6-4a0d-8166-56a04ff127b0,CPTAC,UCEC,2a83c5fb-2ccc-49a1-91f0-2eea6048e8e4,108,4.6913478822291435
3c055f6e-751a-430d-8549-ce873c0e64b5,CPTAC,UCEC,33ed0820-e428-4367-8592-fa298ef42eab,37,3.6375861597263857
3cbb1a43-04e0-42de-9e40-0aff8356f38e,CPTAC,UCEC,eaafcca3-8ac6-46c6-b81c-800081930835,334,5.814130531825066
3df584e9-19e8-43ab-abfb-edb4e55af264,CPTAC,UCEC,75bd2a75-261b-4eae-ada9-aae77c4f3c4e,54,4.007333185232471
3ea51c8c-b420-4072-8575-3ec0d63f56e6,CPTAC,UCEC,568a851c-33ea-4f2b-91b1-1055563c2e90,41,3.7376696182833684
3f3eba36-4776-4a57-82ed-67f67e0eab9c,CPTAC,UCEC,35d18465-3301-4548-bfbf-b3068f81611e,591,6.3835066348840055
3f74668a-15a0-4d28-b6df-6a4a04f5e2af,CPTAC,UCEC,284c39fe-0119-4ab5-8276-fa9f76c3a0b5,485,6.186208623900494
419b7ce5-dec7-4cd2-b087-fe5d4fc0efee,CPTAC,UCEC,35f13025-53d0-4be2-98c5-1cbffa8139d4,55,4.02535169073515
41e5107f-8e08-41cf-81ec-90f9d77acfc8,CPTAC,UCEC,854af335-4fd1-4103-9a68-0e987b5fbdeb,39,3.6888794541139363
423ab312-1482-428f-9b52-fc3169706e03,CPTAC,UCEC,64ca7658-f184-433b-b6c3-e631c070377a,1,0.6931471805599453
4364e1d8-eabb-4d1f-9f45-829573ef8d54,CPTAC,UCEC,a68e66e3-27e9-4987-8df9-529a616ed523,23,3.1780538303479458
438ebff2-0d2d-4c29-958c-4d8a9833543a,CPTAC,UCEC,157d97b2-e94c-434d-ac80-4c2e7b072461,56,4.04305126783455
457bf0f5-b411-401b-8dac-2ad1283f469e,CPTAC,UCEC,f3a13c85-b725-4910-8f3e-2ac78b7ec3d9,565,6.338594078203183
46abfc84-7bf3-46e1-9e95-1ad76553ba9b,CPTAC,UCEC,a3b8e521-cb93-4a4e-b060-e8591c6515c2,43,3.784189633918261
477d73a2-9776-46fb-9075-5d62e8cda29b,CPTAC,UCEC,0ab56ed0-669d-4a0c-b7b5-23760049e8c3,384,5.953243334287785
491fd388-9cd7-43ff-8073-dedda161b792,CPTAC,UCEC,03c330e0-bf4d-4a1f-94ca-90a62f94e94c,684,6.529418838262226
494bc0e5-287a-4e6f-99fb-ea64e0dad14b,CPTAC,UCEC,85f770d7-8f67-421d-946d-2e96b70349b4,33,3.5263605246161616
495ddbe3-b7ae-4eea-aed0-fb730c16a179,CPTAC,UCEC,73f55f88-8817-4ed1-82d7-2da2fe80c308,1132,7.0326242610280065
4aac63c8-293e-434e-912d-8627e3547349,CPTAC,UCEC,441a745a-d688-4b6c-8393-4ca45c4b691c,74,4.31748811353631
4aea8456-3e8b-496d-a766-66b49be7cb15,CPTAC,UCEC,3eb01c31-4811-4906-acf7-4239f24e2515,59,4.0943445622221
4d1aed21-c2b2-4048-97ae-beb40bc0a42d,CPTAC,UCEC,0b01d6fa-05bf-4c3d-ac03-8fa17eab0978,296,5.6937321388027
4d6794c9-25bc-47a0-ac2e-352d434b577c,CPTAC,UCEC,4fd976c6-23ec-41ce-a1dc-c3680bea36be,358,5.883322388488279
4e43ac55-304c-45f8-96e7-d9eb4394cd42,CPTAC,UCEC,9a7617ce-a2f6-4f1b-bf1b-017459416cff,52,3.970291913552122
4ee85d91-504d-4389-ab5a-e37b2cebdbcf,CPTAC,UCEC,f463013e-9495-47f4-9d89-b3d3cd337523,36,3.6109179126442243
4f153585-dd6f-46a1-aa46-2c96af88ed69,CPTAC,UCEC,b29091da-8ae5-4918-b83b-754961287359,96,4.574710978503383
51b2df4d-f6c7-4bea-b97f-1cffa6395109,CPTAC,UCEC,b8e32654-2981-40a4-bb17-4b80da1306d5,40,3.713572066704308
51d42be6-879f-4471-99c4-0d8bdcf70612,CPTAC,UCEC,af6e48e0-79b9-4b5d-a7b0-321405c65317,564,6.336825731146441
55571abe-80c6-4596-8f3e-f6e586357856,CPTAC,UCEC,860c48b5-5463-4769-90bc-75d3330885f0,9264,9.13399913871946
5676110c-4af9-4c08-bf42-7dd0005b3237,CPTAC,UCEC,10efb855-204a-4168-88bc-ceabe6f29a61,44,3.8066624897703196
56a920a1-d089-4e40-a155-d2a6c0ec6716,CPTAC,UCEC,12d0a01c-4c7d-4b8d-90f2-c2959e7d52b5,65,4.189654742026425
56c78eec-df69-4f00-b7d2-69fc996c484a,CPTAC,UCEC,3ab694ed-1600-4de4-ae98-97477c71809d,66,4.204692619390966
56f7cdc6-da79-4f9c-ab72-cefe6fa55255,CPTAC,UCEC,513bb4f2-a565-495b-81d2-edb558a7f9ef,152,5.030437921392435
5705efcc-b48f-435c-8a28-9e0d407ecadd,CPTAC,UCEC,13bb7e88-e4f2-44c4-aaa0-8025ca1f4a7f,41,3.7376696182833684
5837265c-c788-447c-8b3a-f579601f9129,CPTAC,UCEC,5f1781d0-cf90-4f3e-9a6c-26f0a7294957,1394,7.240649694255466
591733c5-3190-493a-8e56-b7e471473e22,CPTAC,UCEC,5ed50972-1e1c-4c46-89d5-9c6ac8ca587f,75,4.330733340286331
595f3773-c5d5-4b3a-a5e4-4983e4fd6cc8,CPTAC,UCEC,82aca709-d767-4394-8afb-8dbfd778eddc,73,4.304065093204169
598b1977-3935-41eb-96bc-ac3938cc4e05,CPTAC,UCEC,598fb038-3a0c-404f-9d0c-5d2a776b0b2c,588,6.3784261836515865
59bd517f-4e1b-4937-8fcf-273101389656,CPTAC,UCEC,3889349a-7394-44ba-8820-f6b95081ba90,830,6.7226297948554485
59f0a00d-066e-4d32-88af-cf2bafa49b3e,CPTAC,UCEC,0adc9184-9c77-47b3-98a0-167cd1285e92,119,4.787491742782046
5b767817-54ae-459f-b1cf-837e09025e99,CPTAC,UCEC,aa169275-62a4-45c2-8463-caa859ddfb09,293,5.683579767338681
5dd6276d-60a8-44e6-8edd-f18447820907,CPTAC,UCEC,a156fab6-1640-4ca3-b4f6-3a9e03ec53dc,670,6.508769136971682
5ecbf75e-5f00-4df5-9632-e3e139ee00ce,CPTAC,UCEC,0e296eea-7b78-405d-9be0-78c9b0ff3c92,82,4.418840607796598
5fc5c2ff-3447-4b6e-ae54-254ee75e2e7b,CPTAC,UCEC,3f0f1191-b6a8-43ee-ad0a-3c553f8f7a7f,15044,9.618800989064146
6346c8f8-18e4-4a0d-9247-3e9b40f24f17,CPTAC,UCEC,220ecd67-17bd-4c11-801c-0e8066b6dee3,57,4.060443010546419
634fd016-a443-4a8e-9faa-fef8c4c47903,CPTAC,UCEC,0164b5d0-f392-4157-bbe7-701b0df26cb0,6459,8.773384596776648
64484b08-080b-4a27-a082-aaa7a05da656,CPTAC,UCEC,3cd56e50-f03f-4a2d-82dd-a5b591811628,45,3.828641396489095
6505022e-f2c9-4aa9-9904-27adcfe63f74,CPTAC,UCEC,86153bbd-73b7-40c1-a63a-fb4330e79902,1382,7.232010331664759
65bb2828-d378-4c56-844c-0b7ea2c4ccb3,CPTAC,UCEC,6ad6da4a-6a81-4142-9698-b8414fe5a828,1240,7.123672785204607
6661f509-b3fe-4575-8bde-9c84dffc2043,CPTAC,UCEC,54d442f2-1f93-4fb6-ad65-333b92a4a9be,38,3.6635616461296463
66baf8bb-278b-4a83-a971-71b394fb4630,CPTAC,UCEC,ea07e153-2ba7-4fc8-affb-4ed8a8b0155e,57,4.060443010546419
68536e88-5ed0-4dc3-a739-2ce9e2141b06,CPTAC,UCEC,30b45f9b-b59a-4845-9d2b-62e5104f288a,37,3.6375861597263857
6857e6bf-2a4d-4fb7-a891-04911c72d1f7,CPTAC,UCEC,a6ec4156-d36b-4940-bc2c-ba29209287fb,57,4.060443010546419
6ba89497-7768-4999-ac6a-8f78414bb14c,CPTAC,UCEC,e44dfb1a-51aa-4e1b-93f0-e3145b776133,1482,7.301822342137932
6ee88fc3-507a-4509-91b7-1e01d8375cca,CPTAC,UCEC,ab8cfb90-d46a-4398-80b9-f52f29aab224,49,3.912023005428146
701a562c-7ab4-4125-ab77-ab0318f2e8a6,CPTAC,UCEC,10540f94-c97c-4a3f-a1f7-a39b1e199c6f,508,6.2324480165505225
717c0912-b1bf-40f4-abbf-bcb2ec4f9d2a,CPTAC,UCEC,35d4505f-c2d7-4de2-837a-fc0d8e6b098f,71,4.276666119016055
727aded8-f047-485f-b9cc-edd54aa940af,CPTAC,UCEC,5205679e-a3b3-4479-89fb-4a1ed976d726,29,3.4011973816621555
73244fee-63ed-4612-90ef-6d60c0c2a525,CPTAC,UCEC,e397ba7c-c4fb-4aa4-bc88-9256f5075bd0,340,5.831882477283517
739e221f-cc31-45b8-a440-0a0ed44fd15f,CPTAC,UCEC,3d33d812-58d3-4cd1-bbe5-a9ccfdb8b09c,331,5.805134968916488
7646aff6-ee01-4e5f-b08c-71404b817cd7,CPTAC,UCEC,01f40d23-774b-41ee-bfd6-ef0268575ad9,906,6.810142450115136
780293db-9419-45b4-8e57-2c659f31a252,CPTAC,UCEC,9e608591-2418-4417-9222-24838ebf4b92,10,2.3978952727983707
78a36c6a-fa58-401a-97e8-b34f6e7d0ada,CPTAC,UCEC,79586bed-c039-45c5-8177-70b0f1a3bf0e,70,4.2626798770413155
793fc068-7121-43e1-aab4-d9e4c4459422,CPTAC,UCEC,2b050b87-cd04-4e8c-bd81-b5a21910d6b1,36,3.6109179126442243
79ea2d3a-7ab5-4312-a09d-ff7571057e64,CPTAC,UCEC,34f9d1f0-0308-4e1f-bc97-588af624bab6,53,3.9889840465642745
7bee0fd7-7834-4a47-81aa-5595f01c9598,CPTAC,UCEC,3347f40e-151e-48a9-9f74-da2340821d5c,785,6.666956792429207
7dccdaf9-f427-49e8-93fe-0a5dcf375db8,CPTAC,UCEC,1d04c9cd-0d89-4e74-99f3-9e9a0025364d,620,6.431331081933479
7f7ef420-a91c-41ce-896a-c9578d6bfc19,CPTAC,UCEC,06ca7b41-6930-42b0-8920-3da218955aa1,3803,8.24380842366528
82f50b8c-08c7-4049-b505-ed339cf56d5f,CPTAC,UCEC,657b6507-9cf8-4f6b-a689-92366f516241,51,3.9512437185814275
83e2c58b-adb7-426e-bc1c-d79cf3bc8857,CPTAC,UCEC,d202b57d-3420-4ad8-9ebe-f7e0932b502d,352,5.8664680569332965
842402de-519e-4588-ad49-19df18db899b,CPTAC,UCEC,26584982-c119-45ef-b960-ef0f747baf96,1270,7.147559271189454
852271fb-3739-411b-a708-68974ac8991a,CPTAC,UCEC,1d6f60b9-6b34-48eb-aade-d646a0087d73,32,3.4965075614664802
887df04b-32fa-4f96-abe2-3fb9128ae51f,CPTAC,UCEC,3d111240-c127-4185-b5d7-2e44bd7c2c5b,135,4.912654885736052
8948c041-1a98-4699-8ff8-e45269e85340,CPTAC,UCEC,274dab0e-85fe-4fed-b9a2-088b9d7bb2e0,1075,6.98100574072173
8b323efd-18a5-4a3a-b9ee-0e9f3be15736,CPTAC,UCEC,3b73c3ba-715a-4a1b-b867-40846933ba56,168,5.1298987149230735
8b973d84-1c02-473e-b1fd-40047dc13405,CPTAC,UCEC,53050b47-0a0e-4492-a665-befaa3d071df,183,5.214935757608986
8bb0727f-eb13-464a-a85f-3b6c59f4df52,CPTAC,UCEC,83427611-adba-40b9-b0f2-68054ea90da3,633,6.452048954437226
8cf7fd21-a16f-426d-b722-53edc5161f89,CPTAC,UCEC,6df67f3c-4bdb-45b3-b1e7-1df46caf44ef,65,4.189654742026425
8d062625-5538-40f8-b2d1-ecc0f020fa66,CPTAC,UCEC,093509d4-f9f7-431d-a9a7-f0d2df9f0e0e,545,6.302618975744905
908255a2-a118-4055-987a-2b5d84c13f8c,CPTAC,UCEC,d197888e-b0f9-486d-a62e-46bdfa473387,35,3.58351893845611
911b53d3-2a6c-490e-b1ea-c2990b9ad26a,CPTAC,UCEC,8ec847fd-8693-4b03-9c22-48fa493c6fe6,37,3.6375861597263857
91b44700-a698-4427-8238-cb0c58c31a7d,CPTAC,UCEC,5a991071-e255-45e5-8ee6-8a138f942480,67,4.219507705176107
922ba915-5f64-49fe-95a6-e37afdeb06bd,CPTAC,UCEC,367bb6f8-201a-49d8-a76a-5af348b7e267,37,3.6375861597263857
939f730c-2fe0-4777-a067-48fdabc82f17,CPTAC,UCEC,6c44f677-7fcd-4ef8-b99d-a5130b94a90b,917,6.822197390620491
93d91f8f-3267-43f8-9ca2-13579156980d,CPTAC,UCEC,59c3e737-d1de-455a-924a-b8c3d51f8a52,94,4.553876891600541
94661b36-0cc8-4541-a160-a508c384a0b9,CPTAC,UCEC,16b87965-0d4f-44b0-83c7-848022c40c07,480,6.175867270105761
9472ff86-d792-4c1c-aedb-596c572ae602,CPTAC,UCEC,05a1db71-0b75-45f7-991d-9bd79673d962,64,4.174387269895637
964ad18c-9452-405d-969f-c9f40af48b4c,CPTAC,UCEC,68e1a367-d8db-46c5-871c-514adeebfd27,396,5.983936280687191
9694fc41-ffe4-4bdc-bb66-38f876c69abe,CPTAC,UCEC,4a3725c3-bfe9-4494-bfac-adf789cc60e1,58,4.07753744390572
9816a96d-edbd-4f6e-8a93-69c5ff368417,CPTAC,UCEC,a06cb585-b194-4937-9a21-9c56728829c5,79,4.382026634673881
983d95f3-1e50-4bf6-beeb-8b9ddd65181d,CPTAC,UCEC,ac96b7d2-b355-4fa1-9af0-383ce3279a02,50,3.9318256327243257
989a6ba5-bc91-4216-be64-a7222c9d09eb,CPTAC,UCEC,2fd0076c-583c-41ee-929b-7bca25a3eeef,725,6.587550014824796
99765d2a-864c-4cf3-826b-4094d6dc5915,CPTAC,UCEC,f211fe36-05d7-45de-8787-d7570b28c01f,379,5.940171252720432
9bc58e66-fb76-46c1-8c4a-1bd059ff3990,CPTAC,UCEC,377d776f-938d-4681-9493-28ade644ab89,44,3.8066624897703196
a248db42-2ca8-47fb-a4dd-9622ae192b21,CPTAC,UCEC,786ff6bd-e675-4f5e-9db3-a9f288f888c9,49,3.912023005428146
a4359891-3763-41c7-b973-7843952f03d8,CPTAC,UCEC,b9e6f0d5-a1e5-4b9a-aee4-686ab47cb2f9,635,6.455198563340122
a5422423-a260-4e1e-9b09-c8f4cab6abb5,CPTAC,UCEC,8a02a545-2007-4b55-9ff6-34f528c81fa6,66,4.204692619390966
a5de87ec-521b-41d3-8a28-ec70c42a7906,CPTAC,UCEC,2276f2c9-d394-48dd-a079-158e5e7477d3,48,3.8918202981106265
a61fb2ff-9c80-4304-a776-c5d0a314d410,CPTAC,UCEC,57011a6b-5875-40df-a29c-af3d72d9b6f7,357,5.8805329864007
a964c26c-0c5a-4410-b560-06a6c5f46577,CPTAC,UCEC,07841a01-1748-469a-b3f8-a768d82115fe,1155,7.052721049232323
a9cefb0d-5d16-4c54-8c23-22c1bb38a554,CPTAC,UCEC,24a848f3-4f90-4ef5-9c36-7e1a5f48b15b,53,3.9889840465642745
ac592baa-036a-4405-8cee-20e21510d9e1,CPTAC,UCEC,479c1ba8-6868-4cc6-a17b-89e1de8324d1,60,4.110873864173311
ac8e2fc8-bc1d-4f27-ab22-8aad40059bbf,CPTAC,UCEC,f72a7926-d491-4302-84b0-5680c652a30e,12,2.5649493574615367
aeacd3ad-eb06-4ecb-b621-2f05236a0e6c,CPTAC,UCEC,147a9da9-d93e-4d98-b148-7ecea8e95bdd,447,6.104793232414985
afb7729c-4ee9-4a64-8382-422dc3d8052f,CPTAC,UCEC,034d84a7-9f94-4bcf-88f4-e4d5c47bc0d8,28,3.367295829986474
b433f833-ac58-4092-b0e7-79ac3dd04019,CPTAC,UCEC,085f3daa-d557-4ec2-a32c-984e3af9d756,39,3.6888794541139363
b57878e3-4a13-4f08-8492-470a40049cfc,CPTAC,UCEC,3b74a5a4-9a69-4275-8f82-836c3f5f7fd0,49,3.912023005428146
b72c2731-af94-4df9-8ba1-f12f5076892c,CPTAC,UCEC,82b59a11-3f17-48a6-9430-20e981234a09,28,3.367295829986474
b75eef43-e157-428d-8cef-198f5593165b,CPTAC,UCEC,298a79f3-2c2a-4094-b328-e6766ae08dd1,44,3.8066624897703196
b95cf6b8-f71b-4422-b8a7-ca5438b1ac66,CPTAC,UCEC,400ec7c4-aedd-4992-b2e3-4236a7687f03,41,3.7376696182833684
b9aedaec-788a-4f8f-8d56-773745b802b9,CPTAC,UCEC,7f454a5a-b84c-4e40-b864-3887ef6699da,24,3.2188758248682006
bbe755dc-7740-43c5-96c1-45a845119008,CPTAC,UCEC,5d8776ca-2000-4e8d-a7bc-7c1643abcd9b,1050,6.957497370876951
bbff8865-eaa8-400d-babd-f441e677f74a,CPTAC,UCEC,76aa7262-dd2a-4ff4-8406-8098593911f2,72,4.290459441148391
bc8f9b37-2f05-4508-830f-9356b99313dd,CPTAC,UCEC,1fa7b845-a290-4c55-ae83-fbf44d64729d,51,3.9512437185814275
bd1490a7-6de4-4808-afcb-37ed06cb9e34,CPTAC,UCEC,4410fd4e-6228-42e9-8003-343b8fcba551,58,4.07753744390572
bd69e879-9ee0-415d-90ef-ccddd9feaf92,CPTAC,UCEC,7c21da64-1f02-43ab-895d-2ff9709e9a4f,1074,6.980075940561763
bdd09566-f2ba-4771-82eb-9c30563dc669,CPTAC,UCEC,1e959a89-06dd-4ae1-8ec0-ac7deab4c9d6,58,4.07753744390572
c0607363-1082-4ce9-a642-e9b2b903ae88,CPTAC,UCEC,8f7ababe-0c64-4e4d-8b67-eceb48a8e626,2503,7.825644732219989
c2a87b2e-d148-4630-8d98-a24ae2562397,CPTAC,UCEC,2d66bace-ed2d-4351-b8f0-b083495d02ca,46,3.8501476017100584
c32a1f65-7805-4c46-97c9-8e68054c90c0,CPTAC,UCEC,0d8cf5cc-7149-4b3a-869d-dd530bf159fd,67,4.219507705176107
c3bac0c5-cf3d-4544-ba9d-493063db708b,CPTAC,UCEC,db79e547-bf8f-490a-93d3-47f3561611ae,697,6.548219102762372
c4a660b0-7b34-4c80-98bb-0000e2b1c09a,CPTAC,UCEC,bc43f35b-41c7-43b0-9f36-c31bbc7739d8,52,3.970291913552122
c5cec8ae-6f0f-43aa-8655-a4894d0f5bcd,CPTAC,UCEC,d2d5cc00-b3b5-40f6-b378-4507eb1bafa6,49,3.912023005428146
c615b7df-0d08-47e1-81b5-0b40dc6a28b3,CPTAC,UCEC,c481ae62-f370-4be7-9c38-57373090e8cb,15,2.772588722239781
c61779ae-cd1e-47c4-8d2b-a2a1e5d8f8af,CPTAC,UCEC,c518c8e4-6462-49ab-a95e-309203e6f8cb,32,3.4965075614664802
c7a7229e-5e83-4e83-9a3b-0ee3671bd952,CPTAC,UCEC,cf9ed3db-db38-47de-a143-c5969a95a8f9,37,3.6375861597263857
c81a6460-3fc7-4de7-a86c-b4aeb8466740,CPTAC,UCEC,4c332457-1b45-4272-af87-d002700223a0,56,4.04305126783455
c94de5fb-4fcf-46f0-a4f1-41a88f557770,CPTAC,UCEC,9b4b656e-fbce-4005-a3e0-7bf86829a716,26,3.295836866004329
c9ad5d9f-b268-4116-9735-710a8f22c117,CPTAC,UCEC,166dab14-a223-40ab-a793-8e8992f5dd7d,64,4.174387269895637
c9db5547-a37a-4556-92a6-fcc6a8837377,CPTAC,UCEC,3a6c2235-e3d0-4713-89d8-6c21f3c533b3,64,4.174387269895637
caf7ccbe-e17a-4dcd-a6a3-aaa9848a9858,CPTAC,UCEC,7e6f35d3-4d48-43fb-8e15-4609d62e925d,40,3.713572066704308
cc263880-be2d-4a68-bcc2-5c9fe2aecf64,CPTAC,UCEC,2bc6c289-af2b-4161-8f3d-081fd7313a7f,642,6.466144724237619
cc761597-8e99-48a2-967e-b5f9f1cb8135,CPTAC,UCEC,1d7ecd6f-d753-49cc-976a-fd1106a825e4,5256,8.567315800819449
ce4270b6-9c22-42b0-87c9-bff964cb3da3,CPTAC,UCEC,b69208b8-ac0d-4b45-851c-045338dc2681,57,4.060443010546419
cef14719-cd34-4b95-a5b9-147f80858e9c,CPTAC,UCEC,b10f992a-9538-457f-94f8-6485c05c6f9e,204,5.3230099791384085
cefebaa2-f118-40ef-8a54-7608691ebf6f,CPTAC,UCEC,a95ad9f0-0a69-4afb-9ba1-58c1b6cb34be,107,4.68213122712422
cfcc9898-8778-4913-a64f-fdff1297e9ec,CPTAC,UCEC,4cd84302-0d46-491a-9408-7e91a2c574ed,91,4.5217885770490405
cfdd5a50-d824-459f-a89f-1025b63473a8,CPTAC,UCEC,58ca7c12-6bfc-4ea4-a2b9-68c46e9b49f8,34,3.5553480614894135
d0b1c7e5-5b7c-467e-b9d9-8970267f3d45,CPTAC,UCEC,1e892639-5e9a-48e5-830e-fc7a06d9b0f8,48,3.8918202981106265
d241629a-4f1f-41f4-8bdb-5f33b34ea699,CPTAC,UCEC,016ad228-a1b7-4e4e-81f6-c4b45fabb92e,128,4.859812404361672
d27e77b9-f8b2-413a-a7b3-05a8248b74db,CPTAC,UCEC,12bcd3ad-3256-4c12-a413-e6ca0fb67a49,931,6.837332814685591
d28c7ed6-339d-49d7-b571-9dd08019ff67,CPTAC,UCEC,1661e57a-f47a-4dfa-9b44-db36774d2177,594,6.38856140554563
d3953640-1289-45a1-9db2-61283f586a50,CPTAC,UCEC,a8a03590-14f7-451b-a313-ad1b62d7528a,608,6.411818267709897
d5c17945-5255-4055-9d35-1d2a01535932,CPTAC,UCEC,18800764-22ad-44cc-9c3d-4fbc399caad4,70,4.2626798770413155
db515089-ad32-4cdb-805a-3e5a967160a9,CPTAC,UCEC,84d00ce4-e88a-4372-a134-ae3de1ef2c3b,616,6.424869023905388
dc0c495f-9f70-4931-8652-77a260f7b052,CPTAC,UCEC,d4c8cfe6-14d8-407c-b6e1-deef57162b3b,37,3.6375861597263857
dc166228-2d8f-4400-b51a-24d022114810,CPTAC,UCEC,31d3e6de-852a-4a99-916d-20d685390d75,550,6.311734809152915
ddaab412-1171-4704-8960-85d85835e219,CPTAC,UCEC,2794637d-3bae-4a48-9147-f4201f523cc3,588,6.3784261836515865
e06f2917-d31e-4cde-a76a-15c55638da95,CPTAC,UCEC,ebaba4cb-9b3d-4852-acc0-3b8983347aaf,160,5.081404364984463
e15384a3-a3a9-421e-89b7-0ba1af9d71ae,CPTAC,UCEC,0f774cb9-01ce-4da5-9393-28eac1d3f09f,406,6.008813185442595
e1a2e058-fdf2-4f69-8a82-56b2731aaccc,CPTAC,UCEC,48226952-657f-4a8e-9ccd-6cc7568c06f1,58,4.07753744390572
e25f0028-9644-464f-b5e7-1eccc05b5a90,CPTAC,UCEC,34afb1b4-67e5-41bb-87c2-01d95f4011b9,701,6.553933404025811
e2b3a450-6215-4b4b-a77d-10b539023b2d,CPTAC,UCEC,0a47e941-f82c-4373-9c3b-042889ca5412,21,3.091042453358316
e37fddac-49ed-4611-9638-49db1ffb5e66,CPTAC,UCEC,9d0184f9-30f6-4bb6-b4ae-fe19a569e8c9,1093,6.9975959829819265
e3c9b4b7-b53b-4893-8d5d-e44d8325f58a,CPTAC,UCEC,12246661-c8a8-4763-9f4f-970fcb44161d,1141,7.040536390215956
e442a093-73b3-4e8a-807f-f7248584e194,CPTAC,UCEC,43ac6184-9cfc-4e36-8d28-ab9de4ec9cda,98,4.59511985013459
e6ac9549-7257-4733-ad48-048e991f8bcb,CPTAC,UCEC,04d98bd0-4ad3-4565-a71e-7f43edde08b7,33,3.5263605246161616
e81835c9-4a39-4a60-b3e2-7184409ef91c,CPTAC,UCEC,8e444be0-86b1-492f-91f0-7702adba0390,36,3.6109179126442243
e8844b92-9bc9-4c66-aa27-f3e85d3726e9,CPTAC,UCEC,3f5b707c-eaa5-4b67-888d-33cb87ce7423,92,4.532599493153256
e8f5fa81-4478-456f-bea3-fba6d48e5b11,CPTAC,UCEC,1e4dfe11-5df1-46d9-b6e9-c477675a92c2,520,6.255750041753367
e934d5aa-b172-4aec-8d9c-66445a714864,CPTAC,UCEC,c11df7c9-71a7-4b7d-9a19-cda982ad159e,2303,7.742402021815781
eb103149-1de8-42e3-8ee9-68f74f31de41,CPTAC,UCEC,2791f8f6-450d-4446-bf70-60011ee062f5,44,3.8066624897703196
ecdc1d55-c44a-4d5b-a6da-2c6192411778,CPTAC,UCEC,1d931264-51df-479b-8b61-75ebf3aee25b,257,5.552959584921617
ed7a77f8-41ad-4b25-b04a-6c362d8d78dd,CPTAC,UCEC,3f9bc534-959c-40f3-b50b-e3959f89c344,4146,8.330140460246382
ef3523aa-fe7e-409a-a9fa-1779e914b0f9,CPTAC,UCEC,3245346b-7d80-4129-a012-4249b4dc0af1,969,6.877296071497429
f0b030be-909d-4db1-9833-a49ed29c0dbd,CPTAC,UCEC,193986c5-8a84-4247-adeb-927833560fb4,50,3.9318256327243257
f14d42c3-7028-49f7-956b-8cf41cc0d8e3,CPTAC,UCEC,2c6db88a-ed74-446c-9c62-552390eeef6e,589,6.380122536899765
f3315152-5d90-42db-80c9-6814eced11e4,CPTAC,UCEC,286a27c0-e5aa-42fd-8199-f17aa5f8ede9,3476,8.153925132007862
f3517b3c-a935-428d-83be-f0b787642c63,CPTAC,UCEC,b3a940ea-3945-42e7-a35b-6992b2ac4ad3,729,6.593044534142437
f4a6f999-60a3-40e3-858b-6e7aa1738c3a,CPTAC,UCEC,d73927c5-ea24-41aa-aa66-c970ec3afdf7,860,6.7580945044277305
f4cb32e3-e748-41b1-962d-5fdc7732d094,CPTAC,UCEC,bd727e4e-2ede-4614-aed5-49f57ec258f6,73,4.304065093204169
f5407aed-7150-41dd-82f0-f28975ee028a,CPTAC,UCEC,3db5b018-ac9c-4f2c-9c1d-adb8ea7b57e5,5302,8.57602797713713
f60f6cfa-6dbb-4803-a9f2-ec4d0bc3ae33,CPTAC,UCEC,2eb87ccf-82e9-4918-b2e1-b4b75d993703,54,4.007333185232471
f73beb1f-3b3e-45a6-a4af-2b33e39fe3d0,CPTAC,UCEC,1f61c5c3-a400-4a36-9dc5-c88064cb40b7,25,3.258096538021482
f79b2d7a-4ad1-46ec-98f0-8ae788fec63d,CPTAC,UCEC,302ce58f-bd48-4328-8963-249429f26fd6,3013,8.01102337918644
f87b09a1-ad59-4c29-b306-73ed26f38a1a,CPTAC,UCEC,69e26bc4-f95e-42d8-9ef5-9770d201c13f,55,4.02535169073515
fab863a1-138e-4caf-8489-409d05511795,CPTAC,UCEC,9ecb8c67-6a24-4c61-a663-a169c5f8358d,68,4.23410650459726
fc9d8045-d918-4860-a134-c520de7c3e55,CPTAC,UCEC,7af44ba5-1d62-4ee6-828b-7b45eb347834,170,5.14166355650266
ffef8d1d-f99d-4cc0-9f49-46488bfca131,CPTAC,UCEC,ae33e6d4-c8f4-433f-a67f-dc1ba4f7888f,9384,9.14686794902061
00bf9428-778d-456d-9c61-a0d46da7eef4,CPTAC,GBM,b394e598-e357-4fb8-ad45-c1d74d2c3e25,37,3.6375861597263857
00f68c7d-e493-4f18-91b5-7849797e28e0,CPTAC,GBM,9a661746-b532-4c45-936b-7ad557a1d6bf,32,3.4965075614664802
0103db96-3e58-485c-bb9f-37b8a1f966e1,CPTAC,GBM,0a14b390-558e-418a-83f8-148f459f2855,66,4.204692619390966
029e2f23-a4a4-4529-a428-336025bcc059,CPTAC,GBM,138204b7-555c-431f-b195-dc3937ae2d6f,66,4.204692619390966
0345c668-0597-49a9-80b6-17cc9cc9cae7,CPTAC,GBM,bc692874-f501-4474-9d1a-42e89d680426,58,4.07753744390572
03a973ea-08dd-42c1-9411-afcb831e660f,CPTAC,GBM,7d6d1edb-7abf-49f9-9369-ee26a14e5f9f,50,3.9318256327243257
03d5ad3c-83cc-4480-82fa-f781e5c70fb6,CPTAC,GBM,57d39fb5-4e72-4a4f-bff5-07d0a84aebcb,50,3.9318256327243257
06055207-d5ba-4b0e-a6d7-81bcf2bbd149,CPTAC,GBM,65104a89-a629-48b8-a199-1d26443df93b,41,3.7376696182833684
096f93d8-ede7-4f5e-b427-84347170ec88,CPTAC,GBM,4281b212-8ee9-4f6a-bf38-cba6c8226753,18,2.9444389791664403
097d76e4-0811-4ac5-85b8-4e3704e8d6c2,CPTAC,GBM,92cdbe72-8af4-4e98-87be-9c437978eb0c,61,4.127134385045092
0b1a28a3-bccf-46ef-a723-2b72398cf520,CPTAC,GBM,5bcb13c6-b7fe-4aec-a09e-4921eb4bc75b,36,3.6109179126442243
0c38f553-6892-4f67-b306-40503b8842b5,CPTAC,GBM,0997ec63-6fe0-40fb-b0ff-3ddcb14ec7d2,63,4.1588830833596715
0f39a97f-5526-4ca0-b83c-229d928c764e,CPTAC,GBM,de194cf4-4590-4eca-8caa-343890af604b,49,3.912023005428146
0f9f8f46-5e6c-4bae-938d-218c192b199b,CPTAC,GBM,9802a038-b7ff-405e-a214-5b4a3b9bc3c8,40,3.713572066704308
10547ce0-4d20-406f-90e2-88dc483fe81f,CPTAC,GBM,a3340662-d48a-43d2-b506-13cfe85da6b4,35,3.58351893845611
126507c3-c0d7-41fb-9093-7deed5baf431,CPTAC,GBM,1447b886-773a-4423-ab52-9df85858af8a,60,4.110873864173311
1320a98a-2eb4-4ad8-9277-4769b974098a,CPTAC,GBM,f6268534-44d0-4772-884c-cbb9d448e492,52,3.970291913552122
13226b4e-99e2-44fb-a58b-94fad7a7d275,CPTAC,GBM,7af8052b-6a86-44e0-b3ee-b6bfcfd7ef5a,49,3.912023005428146
132c8ce3-b670-43c6-9ba1-4be9188cedce,CPTAC,GBM,41f58e2c-c9b5-41f2-90d4-dfbea3892ee0,33,3.5263605246161616
142a1357-f1e8-40b9-82cf-f29577058598,CPTAC,GBM,cc9d7826-b21a-4c59-b567-ee92d159e5c5,52,3.970291913552122
15f6cafe-10fd-4505-8f88-383f9474c493,CPTAC,GBM,179ba7b7-bc04-47e2-aeed-c96ce62a20b3,67,4.219507705176107
17b917b5-f10d-49eb-8dcf-1f517a838d30,CPTAC,GBM,3cce1959-ae03-43fa-8689-4ea4d6a3512d,42,3.7612001156935624
1827eb4b-38f3-45b5-a833-156ba748c784,CPTAC,GBM,24a99edd-a72f-4552-b1b3-f060975f4f86,53,3.9889840465642745
1a53c571-af1d-4c79-be44-180cc79e0d4f,CPTAC,GBM,4acf2460-29a9-4d3c-adc1-3460b346b4b0,70,4.2626798770413155
1a63871a-d1ce-4ecd-904c-99f7814a7c41,CPTAC,GBM,8fac4a60-695a-4fe9-bb25-616303e27702,32,3.4965075614664802
1b43d423-a9ae-46b4-8888-40e30c8bc17b,CPTAC,GBM,253e7630-4e36-4663-a73a-2291a762e9e8,44,3.8066624897703196
1e5eaf10-f6f1-4ab1-b0bf-fc3e0718b6bb,CPTAC,GBM,5aa6ee1b-13e9-4c10-8e59-7909861b1e88,53,3.9889840465642745
1ee67b45-5469-45e1-9dc0-8f68aa8d7cff,CPTAC,GBM,9693d32e-8371-4ded-afda-086c6e0a40ec,47,3.8712010109078907
1eec8bfd-1ab9-4569-b635-c47bce7702f1,CPTAC,GBM,e9be8247-b6e1-486a-afcd-e33e71684229,55,4.02535169073515
1f36d950-331b-4746-97a4-94cd6f56aa55,CPTAC,GBM,c5a36860-7e71-458a-86ee-a1c2d74e1854,80,4.394449154672439
2002a835-b0bf-4b96-9bb5-e55b9588c3d1,CPTAC,GBM,e07a3d43-69aa-40ed-b4a0-39c0b2fe959d,56,4.04305126783455
206f20bb-c212-4a26-967a-5b3700f322be,CPTAC,GBM,9dc20a35-75a6-4eea-9b53-ac47d2e1101f,35,3.58351893845611
2382164a-14fb-425e-aa73-7c55d19ba038,CPTAC,GBM,e5b7c08e-04b4-4bc6-87b1-cb6ed08c6a9b,36,3.6109179126442243
2573f4bb-998a-4424-b241-3ada0627a92e,CPTAC,GBM,3364d0d8-15da-492e-86f5-73cc8a052f2c,54,4.007333185232471
26d68cd6-e9a6-43b1-b1c6-8b8d366e32ad,CPTAC,GBM,cb6cf6d6-5b05-43b8-9df6-3a563cd86cb6,53,3.9889840465642745
27623cf1-4afb-44a1-a194-b761579c439b,CPTAC,GBM,387a4174-b30f-4861-b3a7-742414cf4aa1,49,3.912023005428146
27663cb9-cfab-4234-88a1-09a1973a9f25,CPTAC,GBM,72878d15-d4cd-486b-9281-c4f801fc2286,48,3.8918202981106265
28690bb0-71b6-4ea2-871a-98b572c08b02,CPTAC,GBM,82d8ec08-3637-4233-9b12-01fc04fbee1d,57,4.060443010546419
2890504d-6736-4b86-bdeb-0b9ab7efb9eb,CPTAC,GBM,b340b761-9f73-4e25-87a2-b186ba9318e4,46,3.8501476017100584
295393ef-f637-4783-89c2-c9ce7635c030,CPTAC,GBM,82e0699e-007f-4138-b763-9073f8de9cc4,75,4.330733340286331
2a1607aa-ca64-4363-a6a4-44596c82996b,CPTAC,GBM,bc1fc8cf-28ef-437e-8160-c39ee94c05f8,51,3.9512437185814275
2a389115-1c85-46bf-be0f-72928ef33796,CPTAC,GBM,f70d98fd-23a5-47a8-a7c8-d7cbcb0b89dc,53,3.9889840465642745
2a73c63b-212b-4863-bf95-727a57d03de1,CPTAC,GBM,6a675022-8aff-47f3-a50e-716cb3f8ac03,34,3.5553480614894135
2ce53fd9-c1a9-4a43-9c66-ee4364450cdc,CPTAC,GBM,41210d38-3fd9-411a-9349-7a1851866875,48,3.8918202981106265
2d75c2fc-90f0-4169-92ff-4ac8e4817ac7,CPTAC,GBM,953318ce-676f-4a47-bca9-6f618ce71382,41,3.7376696182833684
2e653fba-5d9b-446f-af7f-a986e39ed713,CPTAC,GBM,1f7210ac-421e-46b0-bb9e-802603a75dd4,36,3.6109179126442243
322a57c2-82ef-45cd-986d-759bb3916919,CPTAC,GBM,f2662c9c-6c24-4e21-a589-01c5d545e5c6,70,4.2626798770413155
324bf8cd-d84f-4b9e-87ff-4dc73c7cdc0c,CPTAC,GBM,9bad6c08-2735-43f4-b63d-10e886b64372,29,3.4011973816621555
32c3aa49-e745-42e2-9367-d3d50fc26152,CPTAC,GBM,c46154dd-81dd-4203-960c-da74e393eccd,44,3.8066624897703196
34137fac-29bb-4b5e-964d-72a2237edf8e,CPTAC,GBM,ba7ea027-76a6-4c29-a22d-36c4f9e20bf2,50,3.9318256327243257
3588bd0a-acb3-4eec-aea7-903a2e2d9c6a,CPTAC,GBM,25f116c2-2014-4f74-8790-acacdace3386,44,3.8066624897703196
37d2352d-e15e-4eb7-b3dc-c7c3801d5433,CPTAC,GBM,e885b7eb-6e09-4b0d-bf8e-788d0c45178c,12,2.5649493574615367
383c6940-9268-4d63-b9ed-335dd9ab4f89,CPTAC,GBM,48c0417a-b1e8-442a-bc2f-a143ec1ef0b9,72,4.290459441148391
3a58efbf-2708-4f13-87ab-253d7d67ef52,CPTAC,GBM,147cac6e-dd75-42ee-af6e-0be4ba0f252b,70,4.2626798770413155
3b00a1c2-4d04-428d-b7eb-661bc52eb22e,CPTAC,GBM,d5ee1531-ded1-46cc-9a21-dbfd8dfebd5a,50,3.9318256327243257
3bbefb92-0868-42e2-962f-be22b354f155,CPTAC,GBM,cdc03ad0-b7bb-463f-be63-77c2fd1ac1a4,10,2.3978952727983707
3d9ab180-73ab-4938-890f-cf345bfd4cf9,CPTAC,GBM,c0b3e84e-74fa-47da-8926-5579da919eec,48,3.8918202981106265
42c00ea2-17e5-4f68-af9f-8c1f1bebed25,CPTAC,GBM,45f1815b-f70e-4817-a16a-b03672c47b30,22,3.1354942159291497
4447a969-e5c8-4291-b83c-53a0f7e77cbc,CPTAC,GBM,1f1eef00-cf48-4bf3-b451-1e1a10cc660d,51,3.9512437185814275
45100883-6dcf-4cc4-9dc5-ac18358df6d8,CPTAC,GBM,f9e9f71b-ec2e-4d9f-8ef9-7b1d0db0950e,142,4.962844630259907
471de2ac-b30a-473a-bb14-bc21a15d71aa,CPTAC,GBM,1e84e1af-f14c-49d3-b7bd-b1d62af4f500,66,4.204692619390966
4a21fc0b-d84d-4bc3-be3b-b2c0b14b97be,CPTAC,GBM,64de916c-1e9b-42a9-b638-abf8867973a6,36,3.6109179126442243
4b29f9c4-3e7b-470d-be52-44af8733f056,CPTAC,GBM,f23b7ee8-2af9-4db6-9f2e-bbb74ce501c7,64,4.174387269895637
4c055580-81e1-48e6-bb81-f607b393b053,CPTAC,GBM,13ee2df9-5746-4e2c-89a8-14b661c1ff88,31,3.4657359027997265
4d3961ec-f73a-42ce-90cd-3ca8720c96c1,CPTAC,GBM,fe114eaf-0d0a-4e7b-808a-da910d6d1c97,44,3.8066624897703196
4d90e871-0ea9-4067-bed6-c32647e5f323,CPTAC,GBM,cb7b704c-3dc0-4532-a9de-47f512574421,54,4.007333185232471
4dfaf532-4f41-4720-a7fc-ad8310b24f4f,CPTAC,GBM,1bdb2b92-4fb1-4056-86d0-0c43b6f8c927,67,4.219507705176107
4f2d6706-3231-4cc0-81a0-b9229a23acbd,CPTAC,GBM,49d15de2-6f4f-4950-9d55-220a1f6567a3,3421,8.137980454452139
4f65a41a-32ab-4b78-aff4-f8c1316687ad,CPTAC,GBM,99dafaf1-e2d1-4232-aaa9-afdd99d51ee8,48,3.8918202981106265
4fbbd945-1913-4ce6-b2b1-54a11856238d,CPTAC,GBM,55b1a88f-3a2d-4843-a4c9-fcbc24b4d85d,45,3.828641396489095
51b21d04-1e46-4131-bbe4-40338731de99,CPTAC,GBM,457924a2-0dac-46a3-a7be-b6e79da9a99e,63,4.1588830833596715
533e8ab7-099b-458d-bd82-ccaa066b5f82,CPTAC,GBM,89ef95d9-e35a-43c0-8103-f592707c8c91,41,3.7376696182833684
53931a37-0f08-41cd-aefb-bc9435465cfd,CPTAC,GBM,e0facf40-e403-4406-b8c3-8cc38e0d91bd,27,3.332204510175204
53d5cace-2ade-48d6-8285-242c7b78a50f,CPTAC,GBM,3c4d7fca-ff1d-4476-b153-f579de6cd93a,30,3.4339872044851463
56405df5-417b-461e-9ee4-6b439f798628,CPTAC,GBM,00ec1a9f-3656-4e9c-bcfb-b68c01dffeee,42,3.7612001156935624
5718a50d-332c-4882-8736-2ca8989946dd,CPTAC,GBM,0957bb2e-11dc-475e-84be-bdc33effb77b,7,2.0794415416798357
5735655b-b57a-4a27-8fbe-4e4a24150b1c,CPTAC,GBM,24dfde61-7dcb-444e-a946-5412cc55b400,52,3.970291913552122
58024352-41ea-400e-82d6-592f1d7677a6,CPTAC,GBM,3dc28658-f3df-4d5a-ae16-cb96c7cf7c3e,11,2.4849066497880004
5838a973-c162-47cd-a93d-e28fd92f1ca5,CPTAC,GBM,3737554a-35a2-4ed2-9a7a-306b4046211a,37,3.6375861597263857
585406a5-dfa4-4fc1-8055-28c384364ced,CPTAC,GBM,040d38b2-9bcb-4f04-bb26-d6c523a8fbfe,92,4.532599493153256
5b45cc31-9f54-4838-a44c-fbbbcbdb3ef2,CPTAC,GBM,7801990c-751f-4d2d-b04a-0dd96b265b11,58,4.07753744390572
5c8c45da-5e10-4d89-8a46-c382f122f3c1,CPTAC,GBM,ea9df99f-248f-44fe-a227-191c9c86e4a6,52,3.970291913552122
600ec637-0fa7-4e57-83e8-2c4149393507,CPTAC,GBM,82a4d3a7-d985-45a3-9f65-8fd094adb9ae,56,4.04305126783455
60b6d64b-fc4c-4b52-9b65-287dc4db9c7d,CPTAC,GBM,ef20d748-9cc3-48e7-a1bc-4a181ec2bad9,26,3.295836866004329
65835e17-0795-4ee9-88ee-cf4961244905,CPTAC,GBM,d9bb0929-0943-4b3f-b036-44187a012100,30,3.4339872044851463
6acf365b-19ce-4c97-92dd-865540a47e67,CPTAC,GBM,7b9d4448-dca3-4c74-9606-930b74cc48a2,49,3.912023005428146
6b0f4d36-78bb-4afc-a440-8c193bd4e8ce,CPTAC,GBM,b58f6f4a-67f7-429d-bace-67ffd9723af8,29,3.4011973816621555
6bb6f5fb-bda5-4b25-b360-477ebf90e0cd,CPTAC,GBM,718538b8-34aa-40c3-8b54-f62fa89bde05,42,3.7612001156935624
6bfa952d-f08c-425d-b372-01260e016637,CPTAC,GBM,0e1e7f6f-f00c-4276-9b80-e87f5a9bb485,38,3.6635616461296463
6c037526-d975-4176-8e0c-a99375a84014,CPTAC,GBM,9bb38e6d-2483-4f9b-80c9-9a4ee94c1234,59,4.0943445622221
6ca730eb-4b20-4b2b-9c8c-17da5b2ae382,CPTAC,GBM,4d16e104-ebd1-4f82-9297-57857c876870,80,4.394449154672439
6cd85f15-79df-45b5-acda-b938eb35fccb,CPTAC,GBM,652fe4b7-38ec-4e33-9535-76ce0ffcf9f2,54,4.007333185232471
6e1d2c09-c724-4896-9830-990ca75ac5a0,CPTAC,GBM,a5a11bd7-bd96-4b89-9df7-3327b2823b5f,37,3.6375861597263857
769dd0e7-649e-41c8-842d-4ab131e30568,CPTAC,GBM,44780b34-bead-4472-8890-f880de549949,71,4.276666119016055
76a8fbb7-fbfd-48e8-868f-18e2092f5a6f,CPTAC,GBM,43b31c62-b116-4b50-b7d1-e890684fb602,79,4.382026634673881
796c409b-9a37-4a6c-a1e2-518ea3cd9fe7,CPTAC,GBM,bfac79b0-d94d-4d27-bc68-900dcb5f1f9a,67,4.219507705176107
7a313a73-4463-4c42-b8b6-1e045134fc99,CPTAC,GBM,99946fe2-7688-48b3-a764-629620768823,69,4.248495242049359
7db1cbd2-5e57-42a0-a0d1-4b83faf3f3fd,CPTAC,GBM,759c38d2-c46b-4bf4-9026-7491acdeea9b,36,3.6109179126442243
7e9b66d3-39c9-4cd4-b1ac-1cb132b97221,CPTAC,GBM,2c259bc9-5e6a-46c0-b82b-d6f6eb257455,118,4.77912349311153
805792e9-858e-4e9e-84cf-3578f7470889,CPTAC,GBM,ef9b29e4-bb97-4e33-a36d-24d4add64c48,29,3.4011973816621555
81152e24-a48f-47d3-a360-e6983fe3e9f2,CPTAC,GBM,7600efca-a763-4faf-841b-e06374be85dc,33,3.5263605246161616
82c51ffa-1a1d-466c-ba2f-3351e67fb285,CPTAC,GBM,0ada11de-7514-4647-9245-ecb05c2d996c,46,3.8501476017100584
82cb0e8b-584d-422f-a00d-81dc5892c406,CPTAC,GBM,6b20dba6-b7fc-427a-92f2-8989403baeb2,41,3.7376696182833684
838cd4b5-7c3a-4794-9909-b48b21fafef6,CPTAC,GBM,72faa7ee-faef-403b-b930-6783bad8092d,67,4.219507705176107
85a832ca-97ce-459f-a8f2-9fa7960ea366,CPTAC,GBM,ceeef81f-605c-42f9-aeb6-551de5562508,26,3.295836866004329
86f0f35a-5de0-4c7d-bd63-56141d40f09d,CPTAC,GBM,1b9a7cf2-ebbb-4b93-9b46-aa582d209b9c,47,3.8712010109078907
8b0ed6bd-7eea-4a99-b901-a0a8a858d97a,CPTAC,GBM,849a5e37-7da5-4d58-9790-9868792456b0,43,3.784189633918261
8be67ab2-0c8e-4f3f-bba8-9844af848e0b,CPTAC,GBM,5f5544b5-a403-4a28-95e1-7561f5f3b5f3,55,4.02535169073515
9163a2fc-913d-4fab-b988-5955bee93843,CPTAC,GBM,32482364-5c47-4815-a467-099c22e7854c,47,3.8712010109078907
91c8eda3-ad8f-4a80-9f35-f6552f6452c0,CPTAC,GBM,9e73fe9a-03f6-45ed-93ab-39b0df88f631,24,3.2188758248682006
9352d2fd-ae75-4b27-95f5-96f66fda7958,CPTAC,GBM,2761c4d4-00a9-4eb5-9166-af4e56677d07,56,4.04305126783455
93ed8440-c99e-472b-a99f-0b2d78553c38,CPTAC,GBM,dbdddffa-f5c8-4ca1-959e-656a96ed5760,29,3.4011973816621555
94f90e9a-ecfe-4682-8d19-2ac88b31a5b9,CPTAC,GBM,82c69289-b7cc-43c3-9eef-084e864628f8,49,3.912023005428146
960fee61-a36b-4648-96b3-e7e07d8b459b,CPTAC,GBM,aee6cc7b-14ac-4db2-93d5-8d5cdff36c52,90,4.51085950651685
96ddb2ea-c179-46d2-9676-4fa88dba1d93,CPTAC,GBM,65b591c3-a691-4783-9c77-9590792c2e22,41,3.7376696182833684
996413b0-bbd5-4df5-9222-6dfb57c53c58,CPTAC,GBM,9fcfebe1-9390-4706-9d98-fcae52291a70,117,4.770684624465665
9b2c59b2-1828-449e-83fb-7471f7fcae3e,CPTAC,GBM,ed96008c-c30d-4c02-b19a-9d1b51b05852,60,4.110873864173311
9b84c1a2-d24d-4085-b597-eff3d2203756,CPTAC,GBM,e9f37866-da2b-4b9e-adab-d44430c24ad5,55,4.02535169073515
9cc09304-d998-4697-a38a-8b02325974a6,CPTAC,GBM,58dfd369-22de-465f-a09b-76ac538cb684,55,4.02535169073515
9f28fa0c-b5b1-4cd9-8320-e99e1e5e59c6,CPTAC,GBM,68a888e3-3779-4382-9d4f-827dd97e27f7,19,2.995732273553991
a0355dd9-d08e-4ad8-b78c-42c599136ad2,CPTAC,GBM,ff48dcf5-7db4-49dd-80fa-8a0587c25e4a,76,4.343805421853684
a05cf25f-dc52-4d99-9a8c-9178f17c99fa,CPTAC,GBM,051afedc-0107-4c5b-b82b-f033a16a1842,45,3.828641396489095
a1da2f64-5a24-4e6b-abc1-e70aae23082c,CPTAC,GBM,12d568f1-a850-4b73-99c4-92fad05672cf,50,3.9318256327243257
a1f9f50a-90b9-400c-b5a1-70e8703930cf,CPTAC,GBM,3fe1492b-ed45-4870-a03c-0fd1efa3edc5,46,3.8501476017100584
a23aef16-6b33-405f-99dc-d4e9976dbe6e,CPTAC,GBM,853da5b4-49df-41e9-9a98-687e7eb8c2ea,28,3.367295829986474
a270e912-5fda-4f46-8450-a77dc78ce53f,CPTAC,GBM,3d2b5c86-f88f-45ef-ad4b-77af2d4b0d3e,29,3.4011973816621555
a36ca64b-7fb0-4a2f-b4a3-f94adf4c9aac,CPTAC,GBM,cb2b5b16-820b-4bc9-8e0a-9711d0cc8cd3,35,3.58351893845611
a5d05493-9f75-4207-8be0-49a876c31ab7,CPTAC,GBM,906b576e-e990-4776-a5ae-8d2f2a9f18e7,37,3.6375861597263857
a5e6fccb-a183-40d2-af7f-4c7aff3f9720,CPTAC,GBM,a068ba03-945c-41fe-a68d-95014f12ee9a,62,4.143134726391533
a629e6ae-5baf-41b8-957e-7657559dd9ec,CPTAC,GBM,58249258-585d-4f6a-855b-008f3a011303,68,4.23410650459726
a8e64aea-fb94-4c83-b96a-126a718ce3dd,CPTAC,GBM,54b3a405-7047-4db3-8395-857d3e77cec8,75,4.330733340286331
a9b6aaac-fd52-4bb4-a2fd-384ff34d276d,CPTAC,GBM,cd187055-3a5a-402f-9dd7-39d16e1a291e,40,3.713572066704308
a9f3c3c8-d353-42b6-9efb-cfcd2f2c4dc1,CPTAC,GBM,14023e3c-3dac-47cd-b4f9-a4c7c1f95dc2,30,3.4339872044851463
aa7502a9-5ffe-48c1-a1a8-3b07e83f78d7,CPTAC,GBM,2e84a16b-cd5c-46e7-b096-c6f2313f44dd,191,5.2574953720277815
ab4e7812-4c98-4776-9eb6-e4994bd65d5d,CPTAC,GBM,163b85af-e378-4ee8-9869-2054cacb3f5b,33,3.5263605246161616
ab61f8ca-638c-4f04-bf0f-9dc5559b8fec,CPTAC,GBM,34a44761-d903-43ca-be70-34535b327052,22,3.1354942159291497
ad237fe4-e404-4ea0-b0c7-046a1c80da46,CPTAC,GBM,aaff2dfc-59bf-4940-8430-4c5ca8f7b305,27,3.332204510175204
b001c1a7-7e7f-4251-adfb-19365b46f4ad,CPTAC,GBM,8aa8674a-7698-47fa-93b9-34132ca360ed,39,3.6888794541139363
b137313e-0200-4fb7-a151-3c2c76170dea,CPTAC,GBM,251394da-d748-4282-8c85-820509ac7e44,57,4.060443010546419
b5715e52-71fa-4127-aa0f-9a180d5f3537,CPTAC,GBM,301e51a1-a6d0-4192-a110-2400b1f33a9d,87,4.477336814478207
b914a2f6-5b6c-4d76-ae72-c73b9f27fd10,CPTAC,GBM,0545b5c3-1dfb-4e0e-b956-97ba018a1406,31,3.4657359027997265
ba037761-7166-40e1-8f27-1c1561a18b9c,CPTAC,GBM,3ae2f730-7444-4b65-8c75-1f8f18e6047a,65,4.189654742026425
ba4f0ba9-f184-458e-81ba-9c4b1c521336,CPTAC,GBM,12b28d4e-4e1f-457d-bb8a-7bbd275352d7,50,3.9318256327243257
bb1a6a1e-a0fb-46d6-9de2-893efe6717df,CPTAC,GBM,30596477-d2de-4b4d-b9fc-301314c0688c,40,3.713572066704308
bd0affa9-6e98-4a6a-8573-db4105b86cf0,CPTAC,GBM,bad29386-4c25-44b9-93a6-304ae23a4e6b,51,3.9512437185814275
be171afc-eec1-4320-a97f-abe01147b3b1,CPTAC,GBM,7410f7df-ab10-462a-b787-abedf0a514e8,33,3.5263605246161616
c038d676-4ed6-448a-bcc2-c76e7ba80f75,CPTAC,GBM,ae37a8c8-f494-4a6f-9849-8c4001f76838,51,3.9512437185814275
c1314846-7acd-4d94-a073-0ffe5cddb595,CPTAC,GBM,6700c8a2-9b68-4783-856b-a8f282124aa6,50,3.9318256327243257
c273a592-f1e0-4d30-a373-afa880533a65,CPTAC,GBM,991e464f-9643-4325-a4e1-5968ce292d56,18,2.9444389791664403
c471fc2f-f9b6-41c1-81d3-0f572595dc14,CPTAC,GBM,bc02964d-86e8-43e7-8b14-3e75133a3696,48,3.8918202981106265
c5395745-12b3-4310-95fb-b1bf44a70ac3,CPTAC,GBM,a7399c6d-865d-475c-acc4-3785fbe9f138,49,3.912023005428146
c5d83fdb-5a16-44c2-b392-8deb1a3c5b57,CPTAC,GBM,f7e4f15f-7103-4b18-a76a-32fe44885348,67,4.219507705176107
c617c6a9-f435-4660-9581-43d70167982e,CPTAC,GBM,be5d1a0f-c8a0-40fc-9d21-81ecf2ab9ca7,1276,7.152268856032539
c7f5c470-0c40-4780-bd1e-7d9d1141d4dd,CPTAC,GBM,2165996f-0707-4983-9277-d00bdbcdb93b,54,4.007333185232471
c91e8fc4-22d0-45e5-81b1-256c02cf2550,CPTAC,GBM,f3bc633a-3e4e-47cc-97b0-6f3c79bc0bb0,54,4.007333185232471
ca055248-952a-470d-8b42-a55535176cd8,CPTAC,GBM,1c3aea98-ef53-4d82-b212-f469ab6bc92f,57,4.060443010546419
ca540923-722b-4ecd-9590-57ec28619dde,CPTAC,GBM,86a91afd-86d3-4cc9-bf51-e42d1e62b665,54,4.007333185232471
cab6920d-01dc-4afc-a038-0a4a751abb85,CPTAC,GBM,e626f258-8cbe-41f7-88a0-accf150c39de,59,4.0943445622221
cabb8504-1154-4e08-a277-5243cb431673,CPTAC,GBM,d4fd78ec-58e7-46c4-9456-8833f443efab,158,5.0689042022202315
cbe84d4e-9d2c-4d4a-b6e9-138c195f7529,CPTAC,GBM,531bf883-b093-481e-bef8-4e712ec5100c,17,2.8903717578961645
cbe9d357-77ea-4301-9f3b-b11099a9ea1f,CPTAC,GBM,3c78f8e8-5035-4a1b-8aa9-1f4c76652304,28,3.367295829986474
cda51538-afb7-4428-9530-81ce928f0f98,CPTAC,GBM,9d3ce188-45e1-472e-a2d8-68aa6dfcbcc4,38,3.6635616461296463
d00a5d22-92b1-445b-83eb-73409012528f,CPTAC,GBM,f8bd7ad3-9e0a-4a73-a1d5-520a52c014d6,32,3.4965075614664802
d3936bbd-6aa7-4525-bd74-9d9d11cbb98a,CPTAC,GBM,31e7dfc8-518e-4f46-8570-c91fc83cc5e3,40,3.713572066704308
d42636dd-728c-45a4-b953-db165a30c761,CPTAC,GBM,73d57ab1-1757-4af3-b229-90050dcdb9e0,59,4.0943445622221
d61e6cdb-82b0-46f8-bc18-71e337ae305c,CPTAC,GBM,14afcc09-95fd-4bc6-9f04-fa12065168ee,41,3.7376696182833684
d8319145-589b-4ec3-9618-7c17f3081457,CPTAC,GBM,fe3b8411-ede6-4f46-a134-f265195c3cd0,51,3.9512437185814275
d86c3d4a-861b-4211-9bcd-c9669fcc480b,CPTAC,GBM,703c7bff-5ff0-4579-beb3-ac652fd00d0d,36,3.6109179126442243
d8c7cd89-9716-4137-a564-7013a86f7b91,CPTAC,GBM,7743562d-00ba-4721-90e7-d60944f537a0,91,4.5217885770490405
da2fcf60-1e83-4d6b-8527-702bf3e2c2dc,CPTAC,GBM,f11b78b5-f0e8-489d-9adc-97679cd72800,59,4.0943445622221
ddaeb900-6184-4341-b060-0fdc6f505dd9,CPTAC,GBM,6d0ec0a1-ad19-4414-b3ab-5cbf9a242129,56,4.04305126783455
df5cca46-9ea2-4105-b298-901a9329614f,CPTAC,GBM,b6bbdf83-0028-4775-9f9c-8cd5fdf51b6e,100,4.61512051684126
e1bd6dfa-0567-46e7-991c-63eefaf5bd7a,CPTAC,GBM,5fbd8f83-c1ce-4ff5-9c98-c74eb6412484,38,3.6635616461296463
e2307982-2357-4195-8ebf-602da2d6ff07,CPTAC,GBM,26761738-9f69-4459-b076-1f9e512ddfcb,49,3.912023005428146
e2b3a9c3-a646-4f73-95ca-40cba74f8084,CPTAC,GBM,04a95ed6-a66b-4a95-9b12-da3b48ab7ff6,26,3.295836866004329
e352d7cd-0a13-4938-ab19-3843371a0de4,CPTAC,GBM,3ce7cb2d-85ce-4bec-8111-0e6325cb27ba,61,4.127134385045092
e371d470-6f0d-4725-8170-db8785149ee9,CPTAC,GBM,33cbc6e3-c62d-41b3-88c3-92ddc26f1fea,18,2.9444389791664403
e3ef9d58-6464-4bb0-bd7d-32e4e1eb31b8,CPTAC,GBM,97bccaf7-1f96-45f3-a8ee-159be988a900,71,4.276666119016055
e59a7d58-adf4-4d05-8a7f-c3013285b568,CPTAC,GBM,fcecdb7d-9868-4849-b30b-e054265506e0,43,3.784189633918261
e6de6156-a66b-49b9-87b6-c38707f41d35,CPTAC,GBM,4ceebf7f-350d-4e8a-89b2-c66f6ed24dac,49,3.912023005428146
e7c95836-b9f9-40ce-8ba8-14fd7befdb9d,CPTAC,GBM,bba6cc11-390b-45f6-b180-272bda481a72,35,3.58351893845611
e834ec9a-f9c8-4fd6-9972-56122729a6d2,CPTAC,GBM,6c08cccb-547f-408c-a9f9-0f887d2a8af1,46,3.8501476017100584
e8ca3e74-4d65-4612-8f70-c7fde1dfdd27,CPTAC,GBM,89f6f301-c34b-4520-afe6-51d3e78c3e93,23,3.1780538303479458
ec5802af-a27e-42b2-afe5-c6378d78c997,CPTAC,GBM,e0a69a83-c3ee-430c-9769-816d68d8b746,65,4.189654742026425
ed9c82fb-ed4d-4254-a078-20a34cf82283,CPTAC,GBM,7e45142c-85bc-45c5-9a2c-2c8f7c436a04,48,3.8918202981106265
efef4d77-a26c-4975-aae5-08b396310cd8,CPTAC,GBM,164a359d-58b1-487f-8bac-07e63990b262,67,4.219507705176107
f4e48440-b5cb-480d-ac46-d7bb45ae5f87,CPTAC,GBM,83f3c5ae-95b1-49b5-a268-4017c4246835,86,4.465908118654584
f5287051-d58d-4243-8a07-5fdfb5afa301,CPTAC,GBM,699eceef-c640-4740-afb9-5e4952979493,1173,7.068172000388042
f54ddbc9-5251-4db0-ba83-0dae7d2ce40c,CPTAC,GBM,d18d2b3d-1b24-42d1-9775-4dc6e72dfcfe,0,0.0
f8ced7cc-1962-4825-b63e-da8a1fb42cf2,CPTAC,GBM,6807181b-13e7-4f4b-a7d8-9d00f113f6bc,47,3.8712010109078907
f9a63d56-94cb-4f15-ac35-7c59a08f4104,CPTAC,GBM,a6de60f5-2c35-4a83-9903-96ec1a953a8f,28,3.367295829986474
f9b811e5-9ff0-4aba-aee6-e1d3d71da900,CPTAC,GBM,c83f76c9-3da1-4e73-8081-984b86cf3516,40,3.713572066704308
f9edc86e-cf3a-464c-b50c-2139de003957,CPTAC,GBM,f4478fc6-d9f5-401b-8f71-ab7e563f49fa,52,3.970291913552122
fa2f2edc-18b6-4379-8b63-d389f1c82df2,CPTAC,GBM,8ea2a2ba-a352-481e-997e-9cc295b0ee48,55,4.02535169073515
fbb0dc0d-6314-40ea-bc43-0cbf3b710dbe,CPTAC,GBM,07726c6c-9f68-44fa-b995-17bfd544879f,72,4.290459441148391
fcb92ce9-d9f4-423b-bf9e-02bcd5be561e,CPTAC,GBM,33fd00d2-a1c9-4a96-85cb-ad60f8103e56,39,3.6888794541139363
018b8645-fdcd-45d9-93ff-04b76ea13d1d,CPTAC,SKCM,547c7f5f-fcde-456d-8acd-d68f48a40b09,210,5.351858133476067
06f78780-5303-4010-aa39-59a4e0610708,CPTAC,SKCM,330f98e1-c219-4e8d-af0d-e049d6d81ef7,26,3.295836866004329
08990c4e-8c39-457f-b7fa-e90af585d408,CPTAC,SKCM,7419cd70-5937-43ea-a82a-f21ba48aaae7,577,6.359573868672378
09130b43-593f-44a4-9ff7-84541eb979ed,CPTAC,SKCM,085c4607-d0c6-46da-86df-549448f925de,544,6.300785794663244
0b3c2410-43ea-4b7b-b896-ad5e852b8ec5,CPTAC,SKCM,bc8b740b-d0e0-402b-9b2f-fcfb3f2294b6,167,5.123963979403259
0e59a3e1-ff7a-4bd0-af04-5ec898312251,CPTAC,SKCM,f46614ff-319d-459b-92d5-369a1f764688,85,4.454347296253507
0e917b52-2af2-4dab-91dd-29953dafa366,CPTAC,SKCM,a6705655-3061-4a24-b670-e1ea9de4725a,485,6.186208623900494
1224a13c-4806-4649-a101-2fd219fb91d1,CPTAC,SKCM,26e7334f-c3f5-4a55-86ba-f36deef01702,72,4.290459441148391
14fda5d2-2c7b-432c-a8ee-ed5df037327a,CPTAC,SKCM,17789163-0828-44fa-9bd0-83204574f7d4,632,6.450470422144176
15cdb343-6066-486a-8084-8d5a7ba5130a,CPTAC,SKCM,af5a059b-6d4c-4cc8-b943-057ff82f541f,403,6.0014148779611505
1b7325b9-6230-4c63-8b82-994d4096579a,CPTAC,SKCM,1929082e-2ddb-4e70-ac7e-f0eb707e8866,257,5.552959584921617
1daabada-d00e-468e-994d-ebd921cba114,CPTAC,SKCM,372af19a-34cc-4519-89a5-c14fe4337d77,459,6.131226489483141
20ce6ed1-07d2-4218-8154-5e601f93868a,CPTAC,SKCM,27e1a889-d499-4d4e-805a-546e03a405b2,293,5.683579767338681
2185a81c-d225-4aa6-95e5-b3dcfd4ebe99,CPTAC,SKCM,dea0975d-72f4-482c-b7d8-26a6dd950a9d,339,5.8289456176102075
27ca5c16-7cdd-4686-bde9-d73174b880dd,CPTAC,SKCM,fb0fa809-b880-498a-bafd-49a7fdcbf930,4640,8.442685139241176
27f50a79-6adb-4cf0-9a29-baa93304f8c7,CPTAC,SKCM,475c2cb1-c0d0-4ba8-8e65-db002fe10249,927,6.833031732786201
2a4870eb-8cc1-4b11-8eff-dbd23888e6a6,CPTAC,SKCM,abd74741-ad3a-4e13-8aa2-1e846d7bae22,32,3.4965075614664802
2fd1e216-d78d-4adc-baac-c250e8e804d0,CPTAC,SKCM,b8cf41c1-4b87-48ca-aa8e-d0c8fe8964ea,272,5.60947179518496
32650542-2ce4-42f4-9a2e-5b35cb683f07,CPTAC,SKCM,767363b9-9d32-47fd-8ae5-a6937d34f6bf,488,6.192362489474872
33809538-a292-4247-bdfe-26589656b09a,CPTAC,SKCM,152893e6-a18c-4352-903d-9e8766533ec3,692,6.541029999189903
342aa88b-173d-46fc-83bc-fa67f094d554,CPTAC,SKCM,dee7716f-c86d-40ef-bdda-93f87c7e69ba,320,5.771441123130016
37957266-33b1-4787-8733-fde83f219c3e,CPTAC,SKCM,72e8932a-84e0-41ce-9b5e-670f47a03d13,128,4.859812404361672
3a3096e8-b39e-4fab-b4fd-817b47ebcbfe,CPTAC,SKCM,3948c87d-24e4-442b-8e96-443dd4eee206,227,5.429345628954441
3adc0fb8-8599-4590-a27e-1eb16bfe24f8,CPTAC,SKCM,50139b88-fd3b-42c4-b485-6329b9f90aec,500,6.2166061010848646
3e4c376a-579f-4128-9dfa-89c3219df165,CPTAC,SKCM,c097763f-520c-474f-a41e-eb9dbbb8592c,29,3.4011973816621555
3e80dfe2-d623-44c4-824f-2a4d4082ccbf,CPTAC,SKCM,acf02b6d-7cde-4e5e-9318-94de971884cf,19,2.995732273553991
3ef461af-dc04-4186-948d-64919cd2ce5a,CPTAC,SKCM,56805c67-5e11-4c24-aea5-aaa678554d08,231,5.44673737166631
3f2ca090-bfea-49ad-bb09-399e94a0426f,CPTAC,SKCM,920e2135-91b5-468a-9c07-d02031486ff3,244,5.501258210544727
3fd15d88-5bf0-413d-b674-30aa7bcafd79,CPTAC,SKCM,e047731b-5718-4079-bf80-c5e080405874,530,6.274762021241939
3fefb339-ed11-4bf8-8a32-6b51247ca537,CPTAC,SKCM,7f8e6f0b-670b-471a-b66a-5f7b20b1abf7,893,6.795705775173515
410107f6-cd09-487b-94b8-379ab6df711e,CPTAC,SKCM,664efa08-904a-4299-a597-39c7c399d0cb,255,5.545177444479562
4247d0a4-971a-4a79-82b3-7e7f36385a3e,CPTAC,SKCM,71fd15c8-6703-46fc-be29-dd07feb40307,68,4.23410650459726
4520fa85-cfa5-4d32-86cb-bb5d58c9ada6,CPTAC,SKCM,af6b4167-ecdc-4777-a888-cc19e6564236,271,5.605802066295998
470c0968-2a15-4068-9112-e05ffd772f6b,CPTAC,SKCM,fdbd3a19-1d37-4cf1-b4b9-c852a70b6714,180,5.198497031265826
47fe1aa2-c9e2-4680-8e3b-0db139e4d16e,CPTAC,SKCM,a6a368e6-b10c-400c-befa-f18b6b1cd8cf,291,5.676753802268282
4eda16ff-31cc-4617-99d8-06ecce6ea935,CPTAC,SKCM,0dc46a3c-5241-40af-baaa-3f55ccd7b844,101,4.624972813284271
4f6447be-6551-4ea5-b1f6-7f8b09d8114b,CPTAC,SKCM,f78113f5-678d-4ce5-9674-7858eab52e44,246,5.5093883366279774
4f71cce7-aa0a-47ef-8c9d-756ef573f49a,CPTAC,SKCM,36014aee-0eab-4eea-86f2-e1823b7cdde7,1405,7.2485040723706105
525aa05b-d7e1-4147-974a-a30b7cafb0cb,CPTAC,SKCM,9a2abacf-4221-496b-9a60-318e5cc13c3b,372,5.921578419643816
534570bd-8513-4944-a65b-95570c3bdcb8,CPTAC,SKCM,eb2b8ca8-1108-430c-9b10-83c13229e90b,470,6.154858094016418
53e3396f-6b38-457b-83f9-bf9ab2c47ffc,CPTAC,SKCM,273abb50-5d23-47ab-9892-295be9dc655f,871,6.77078942390898
54729c4f-cc5b-45ad-a054-5ae7f7670a19,CPTAC,SKCM,9267587d-d63d-4394-a510-cfb4d8a7eb9a,51,3.9512437185814275
552fdf86-691a-4c08-b917-e0bae420c008,CPTAC,SKCM,64bb93f3-a236-43af-8e45-912d72f90f49,136,4.919980925828125
5564d5ac-8d33-46f4-a60e-8520d7b0d1ed,CPTAC,SKCM,04389c52-cb5b-4a72-86d7-31a9979b63e5,89,4.499809670330265
57b77987-c2ff-4b1c-a4fa-0c5b9c2b5171,CPTAC,SKCM,8341cddb-99ea-45eb-8d31-c659ce469d00,19,2.995732273553991
58527f80-ea44-43e8-b4cb-92ec72c28073,CPTAC,SKCM,74a9c2b7-75da-4661-8c4c-7f4798d12b39,66,4.204692619390966
5959a640-1b1d-4016-ae24-715f98c9f28b,CPTAC,SKCM,08970202-6884-48a8-a2a2-d409bd3abe86,162,5.093750200806762
59773094-4807-414c-b714-be72ae3f4929,CPTAC,SKCM,a467eb50-144f-4496-8040-0273b3e01500,141,4.955827057601261
5a0697b2-983e-4a7e-a100-0e5faa56dd94,CPTAC,SKCM,8e6f191f-cc7a-41ab-921a-682e5f5e98e7,148,5.003946305945459
5b42f039-e9ca-4f1e-ae33-e3656e5530eb,CPTAC,SKCM,7c302bb8-a5fc-4c1c-88f4-e580f17c7502,56,4.04305126783455
5ef77197-57b7-45ab-97dc-f83ec4e4dbec,CPTAC,SKCM,cfe96dae-7611-4bb5-a5d2-5c710f150393,509,6.234410725718371
62bfcefd-ab89-4a9b-b4d1-f6c97de85807,CPTAC,SKCM,127b47cb-36c3-4ae8-a3b4-74f987dbd447,390,5.968707559985366
63ed186b-32da-4ca2-bd3b-27d7a7b17d1f,CPTAC,SKCM,c5b7f0f1-6c06-4afc-b3f9-a5d280de510f,119,4.787491742782046
64997b4f-d951-473a-bfb8-ce905ee10f63,CPTAC,SKCM,33249d28-3f2c-45c6-8b2f-395ec003e0d4,118,4.77912349311153
65d2f87a-c536-49a9-81f6-423450df5a6b,CPTAC,SKCM,7c6bab98-2a69-4ea5-80bb-6a09bbf52fa9,308,5.733341276897746
6642db77-e866-4adb-9462-88b9f4605738,CPTAC,SKCM,41931621-0b4f-4499-888a-f539cc223dff,79,4.382026634673881
67a45a2e-fe13-4322-935c-ea3c66037477,CPTAC,SKCM,49c59ff8-8d2a-4b88-8a5e-2c54f79872e9,218,5.389071729816501
696486f9-2549-46d8-8e97-d55db69eecc9,CPTAC,SKCM,6fdae89b-19ce-4e4d-b91f-d9a072f8250e,358,5.883322388488279
6f6e7593-fc84-48d8-afb6-4f8dfc025c6d,CPTAC,SKCM,1c97e681-9b61-49b2-9296-3751ff2c2bf8,247,5.5134287461649825
6fa5ca34-3966-4cfb-a81d-cfefda46c5fc,CPTAC,SKCM,909627dd-c872-40a8-80b1-a764f93855b6,138,4.9344739331306915
737ba428-f248-4bf5-af78-076bd15dcfac,CPTAC,SKCM,3606bba9-9f65-440a-9703-85ae690eb6f8,75,4.330733340286331
7473e962-9fc9-4595-bcbf-73b7a8b3bdcb,CPTAC,SKCM,6f434d48-265c-4c26-81b0-4e99857b0cfd,172,5.153291594497779
75488b4b-c67c-4c3a-85ea-782551f23cd9,CPTAC,SKCM,31fb126c-7849-453f-b065-528f955f7bc4,349,5.857933154483459
765fa8a8-2587-4f0f-9a24-9cac41274a6b,CPTAC,SKCM,da4f1997-f724-475d-91ad-4de8584cc8a0,202,5.313205979041787
77f56395-d1b2-4568-80a5-a2c7d13ae561,CPTAC,SKCM,3167713f-30ad-4197-849d-f8dba208d9fb,811,6.699500340161678
780768e8-9147-4341-bf93-7a5f945cb33c,CPTAC,SKCM,8ad926fc-3f98-4a69-9bb0-95efa8ea6c56,234,5.459585514144159
780fb6da-c1a4-4131-9385-93cda408c39c,CPTAC,SKCM,e1bac8a8-2ff3-466a-8947-4663ef37846a,369,5.91350300563827
786e3d8a-7c2e-467f-9ce3-ac51ac35083a,CPTAC,SKCM,d324cb10-5945-48f8-926e-caab4240cda7,753,6.625392368007956
7f7ad340-c1be-4b0d-ab1e-7fe7ff068983,CPTAC,SKCM,da6730bc-02e3-4a63-80e2-77b6b3fbb9f4,1337,7.198931240688173
82ea2e83-5656-425f-810c-f090e2f33de9,CPTAC,SKCM,cba88ac3-e779-4429-9ad4-727ecbd71988,279,5.634789603169249
83e571a7-ed77-4bd3-922e-6340a87225e7,CPTAC,SKCM,00862553-bb93-40a2-b521-389614e87a27,41,3.7376696182833684
87713dd6-8d05-48df-ab20-87b149f04d8f,CPTAC,SKCM,8abea7fe-e9ba-4545-b97d-08665d3cf3ab,94,4.553876891600541
8b2a6dec-ef47-4561-bc2f-7f107164bfb5,CPTAC,SKCM,5c25087f-28fb-44ab-86c1-1c1195e2efbe,251,5.529429087511423
8b7561bf-62c1-4e8a-a4c6-292d4eee645d,CPTAC,SKCM,702f53f8-b403-4bd2-846b-8f29f826d9f8,266,5.58724865840025
8cbe97bb-599e-4b06-9346-aad9c8f51839,CPTAC,SKCM,8f19f85c-70a2-492a-8cd0-24ec70906698,181,5.204006687076795
8d7e2397-0ca5-40c8-9e77-cb44205c6391,CPTAC,SKCM,a43a1214-8e5e-4bc8-8121-20fbb05692d6,389,5.966146739123692
8dd5d158-9030-407f-ab42-620b522542ee,CPTAC,SKCM,bce60120-48de-4064-a8ee-a39a178fc786,356,5.877735781779639
8e624808-f01f-42a7-99b8-ab64de24a29e,CPTAC,SKCM,5f419eff-ab7b-4969-9eaf-209f963cc488,138,4.9344739331306915
8ec9b361-ed77-4809-8682-fac8864216c1,CPTAC,SKCM,5b341065-64e1-4543-a10e-023f84ade08f,147,4.997212273764115
8f92cdf0-f3c5-482c-aaa0-2b63d84bcb17,CPTAC,SKCM,418e3f4c-229a-467c-b370-5a6b575ebb76,191,5.2574953720277815
91d5692b-ecb6-4a79-b450-04985dd1f4c6,CPTAC,SKCM,f31acf6c-6eb8-4123-a724-49516af6e2e7,139,4.941642422609304
9394decd-2020-46f4-bef0-45cc0a9edbb2,CPTAC,SKCM,d5824ab7-b58f-4687-b847-04c16bcd63dc,647,6.473890696352274
943fe5a1-b65c-4387-bca2-4f5f8758a344,CPTAC,SKCM,ab6e2c6a-97fe-444f-90e8-4b426c511adb,435,6.077642243349034
95a1e062-c59c-4351-8ffa-02973a35441e,CPTAC,SKCM,6c516b5f-0137-48b0-b7a4-f81033de67fe,86,4.465908118654584
96a87267-2168-4c71-8b0b-84510401f5c3,CPTAC,SKCM,c5a59fcf-ce6c-4556-9c88-1c3bb4b6ed64,1299,7.170119543449628
97b41ddc-6f1c-444f-88c9-69a3473f6f2f,CPTAC,SKCM,6f4e8c35-3437-4216-8461-0e91a8dacb5b,63,4.1588830833596715
985af43c-51b3-4da1-b0b9-7dc142b292df,CPTAC,SKCM,119fabf6-a4bc-4ca3-a079-5c63dc918027,230,5.442417710521793
9a2afc64-13b5-472d-9317-7ce61057ea0a,CPTAC,SKCM,e5b1ae5a-fa7f-436c-bba3-817f886ea327,722,6.583409222158765
9a855f83-cdce-48a8-9cb4-7604ebebde7d,CPTAC,SKCM,dc0e64f5-a7df-41f1-8428-896ddc0f96f8,80,4.394449154672439
9afd0b34-4442-4578-9f21-922becc147b3,CPTAC,SKCM,565bed7e-40a7-43e2-8b3c-1dcaea1a8c59,54,4.007333185232471
9b0b658d-6fba-4c5f-b80e-748f26aebb0e,CPTAC,SKCM,dfc92fcb-ff9d-422c-99c7-ff8cec154253,41,3.7376696182833684
9c8307c8-0e33-4b81-9dd3-8f07655004ec,CPTAC,SKCM,3fbd7ac1-1b3c-483b-8469-40fa4c85bdd6,370,5.916202062607435
a08b347f-76f9-454d-8800-d4ed138e22ba,CPTAC,SKCM,78b2dab8-25aa-42cc-a079-a67c42250fd9,34,3.5553480614894135
a36d7130-dd34-4ae2-b425-c94a889983e7,CPTAC,SKCM,79e1a3b1-496a-4cc1-8545-a738b9e334e7,410,6.018593214496234
a3958fd8-24c9-4253-91d4-97704f44c0ed,CPTAC,SKCM,12e7b54f-98fd-4224-8b1c-ce2e986052c5,380,5.942799375126701
a4940322-d9ba-4da0-8cd2-374ed60089b4,CPTAC,SKCM,95873fe0-e915-4c7b-bdb3-0a1abb2727c5,192,5.262690188904886
a52eaa9e-0dad-460b-9c5e-aca0d8783b28,CPTAC,SKCM,43268c44-2149-49ef-8cc1-02b328817843,68,4.23410650459726
a7538fb6-01f4-4220-9977-3f4a5bd9c685,CPTAC,SKCM,923a25be-b58a-44c4-9a7e-1ace7e40d5d1,788,6.670766320845874
aa76081e-91cd-48f4-947d-fa7d5c3424a5,CPTAC,SKCM,a1157e58-d0ee-4b5b-aa70-744535270a34,191,5.2574953720277815
aa9aafea-74cd-4899-ba61-95889c8d235b,CPTAC,SKCM,481fc283-e833-4b99-9ebe-5f16e65f83db,114,4.74493212836325
abb96546-1f43-47e2-b845-e5d0fc8ded39,CPTAC,SKCM,49e2dd8c-8ee5-4273-a03c-77366bfa3029,34,3.5553480614894135
ac22e80f-b824-4e37-8515-f67c9e0dbf69,CPTAC,SKCM,f6deb03a-de65-4c21-af2d-5f38d6ed77ee,625,6.439350371100098
ac8eb54a-5f1b-4838-8231-0ca6f0eceb8f,CPTAC,SKCM,16a417d7-0657-4e4d-879a-a3adf9e77bb8,943,6.8501261661455
acd5a8b2-d94f-4bcc-9b28-9c865ac2c38c,CPTAC,SKCM,32c86871-f333-4401-bde5-05d0e5788b18,385,5.955837369464831
af5d4da4-678e-4ba6-aa14-27ce146fd04e,CPTAC,SKCM,c0af5a80-3f62-49f2-9009-111f06d99591,137,4.927253685157205
b13078a6-3fef-4cde-82dd-87293145e7fb,CPTAC,SKCM,30a83c6f-4563-4167-b958-84ad47146719,206,5.332718793265369
b34f5630-4da8-47a5-9595-142d16502560,CPTAC,SKCM,f754d629-bdc9-4675-b310-16b81ac0700e,169,5.135798437050262
b4b22dbb-2202-4c9e-8cdf-c65026eaf56c,CPTAC,SKCM,19b0e81d-4c6a-4c04-8993-339e88a0194a,460,6.133398042996649
b909628b-0523-4542-92a4-5d55b940a544,CPTAC,SKCM,18098875-82d6-4a3a-8b47-7edebb688580,795,6.679599185844383
b9ef0612-99fc-4bcd-9836-ef1f806b96f6,CPTAC,SKCM,3331ef81-0e17-45d8-9439-680d4ee85a07,4591,8.432070937999402
bccd1063-8d91-4691-b920-ea4bcf84b879,CPTAC,SKCM,c8c499f1-daab-41d0-b85a-0544542e269e,390,5.968707559985366
bd22dc81-6620-46b5-8d6d-e51c5c0ffb70,CPTAC,SKCM,296720f0-9a1a-4b46-9370-09cb358ea9ad,1215,7.103322062526113
bde4d324-c7f2-43d7-a7c2-a6b6a2fd5f43,CPTAC,SKCM,a1aac938-790f-4227-84de-ad50435532a3,139,4.941642422609304
be212ea8-2c88-4265-b9d5-9823e79c7f8f,CPTAC,SKCM,b98a48d8-a971-4a6e-8faf-85796eb95af1,141,4.955827057601261
bf0d82a0-b477-488d-a1ad-8a05edc53b05,CPTAC,SKCM,a7c576dc-e964-4abc-9c11-bc8a01b9994e,31,3.4657359027997265
bf1572f1-cdcc-4968-a937-937ba41df382,CPTAC,SKCM,26698d40-f0b8-457f-9f18-6b2f70bb7cf4,178,5.187385805840755
c31d703c-1fc4-444c-8eeb-b36f3b3a925c,CPTAC,SKCM,7d155f6b-9c74-4ed4-a72a-79a10dac87ff,72,4.290459441148391
c3b524d3-9f46-405a-addb-f5f487daa65e,CPTAC,SKCM,1dd86829-2288-4383-ab93-d4052b2e052b,550,6.311734809152915
c4c5142d-b3a8-406a-ae7b-63998d2f08bf,CPTAC,SKCM,2d37235e-2fc6-4fdf-acd9-fd3fa0236d4e,692,6.541029999189903
c5a61a3e-2e35-40c2-aa83-5f90040dfc53,CPTAC,SKCM,033fd6f7-855d-4d44-abbc-deced20e4c26,247,5.5134287461649825
c656a004-7ed7-459e-ac71-c9960c22fabc,CPTAC,SKCM,9ff5dcc1-fa2f-4b28-9eb2-d37fa0d54f61,372,5.921578419643816
c7b9cd75-21c0-4c73-b81c-addbf9692409,CPTAC,SKCM,36fb10fb-f48d-4002-9d3a-dc9c90152de9,603,6.403574197934815
c8718a08-7c74-4766-a5d8-450624d26c36,CPTAC,SKCM,521e495a-2b7d-4f07-8282-e410277d5b10,717,6.576469569048224
c8c3197d-93e8-4933-9c67-ae488e220d72,CPTAC,SKCM,d8e2ca12-a4cb-4131-920d-718b44cd5875,605,6.406879986069314
c96cf15b-049c-4883-9514-45281013fb81,CPTAC,SKCM,5d90a653-2470-4ef5-a404-b21cacc6306f,33,3.5263605246161616
ca619ceb-394e-47e2-b9fb-55d728cf7995,CPTAC,SKCM,f92ba27f-e009-432c-91ee-26fab4537cef,313,5.749392985908253
cb713a6c-8ff1-42ad-b7c7-70f96715b657,CPTAC,SKCM,692d0b01-05b7-4e5b-84fa-0acc12461c5b,554,6.318968113746434
cbbf7057-ee9e-40ef-8d09-03112bdfb16a,CPTAC,SKCM,dfbe5caa-ab8d-45b8-aedd-dc2ab0c13728,350,5.860786223465865
cc9a1de3-03ef-466f-b506-38d8027b18d2,CPTAC,SKCM,f58acf43-a8e1-42c7-86b1-373dbf730dbf,66,4.204692619390966
cd422268-87eb-492a-ae54-b8b1f769af35,CPTAC,SKCM,e523925b-0451-4901-bd29-aa0bab860937,237,5.472270673671475
cee9f947-e003-43dc-ac62-a57fcbd119db,CPTAC,SKCM,12f4c470-b23c-46f4-bdd2-42f6d069ded3,534,6.282266746896006
cf466041-f75f-4f33-ac13-ddbfecee4f94,CPTAC,SKCM,0d8e3864-dca0-4e7e-927d-2b1d7910af79,3196,8.069968149059841
cf5958a0-6d7d-42ad-bd00-bc8662094753,CPTAC,SKCM,6a2cac83-71d2-4e77-a6f7-3e366c9b0761,698,6.54965074223381
d0a2599d-ebd6-46c1-9c40-630c45d8a3c7,CPTAC,SKCM,81258335-ad7b-416b-9ba8-bb412cba1327,2066,7.633853559681768
d6257db0-d7ea-4355-adea-3603a673996e,CPTAC,SKCM,7f546d83-c05d-45f0-98d6-17370842c763,83,4.430816798843313
d7db2e26-ca72-40e3-8399-69407a6dc9f1,CPTAC,SKCM,33593494-c2d3-43a8-8d2c-74654bdf12ea,4775,8.471358655072438
d7eebf1c-fd62-4b8a-8464-a4cad682e120,CPTAC,SKCM,415da8bd-b49d-4aeb-a84f-a88fec571b05,310,5.739792912179234
d95d6aa8-e85b-4a03-aee0-395afd04573b,CPTAC,SKCM,7c09b85d-71df-4ff5-9a4b-01d8049dc0d8,1684,7.429520842786462
d97155ab-8817-4b53-b8db-7cf57528098e,CPTAC,SKCM,f6f72662-3f4e-4d86-bc67-226f39256c8d,199,5.298317366548036
d9b06a3b-a098-45a2-9b13-c86fd8c14b28,CPTAC,SKCM,7f66b222-1ec6-46b2-b137-4952a0e39371,2747,7.91862865334224
dae1c4f2-9740-4a59-b3e3-c4a6bd0b51c9,CPTAC,SKCM,8bb135b7-9dc1-4e35-9bd7-dfe4f24b1886,43,3.784189633918261
ddd99c12-5f7a-4240-a835-86971ac219c6,CPTAC,SKCM,591b1aac-2262-471f-a735-e0b3f138d2da,340,5.831882477283517
dec53f07-b7e7-4f9b-be33-a7121c1973c1,CPTAC,SKCM,785f831e-d7b8-4568-99b0-ccddee50edf8,609,6.413458957167357
df951659-884d-4e80-9cfe-970212751e63,CPTAC,SKCM,c1d85343-68bf-4a4f-b530-385b730428fa,412,6.023447592961033
e18e35d5-deeb-4aac-894e-95fd0e51425d,CPTAC,SKCM,618e50f4-cec3-4c65-aaa1-d818116104a5,559,6.327936783729195
e3729fcb-42c2-4399-af32-43aff52d228a,CPTAC,SKCM,d33faee6-b587-4436-aaf3-0b9338ca2686,355,5.87493073085203
e5e10337-3ac9-494a-9aef-8289dda9792e,CPTAC,SKCM,7db866b8-9029-4078-ad8d-8ff5e9d92f22,153,5.0369526024136295
e8502263-1775-4703-b55b-6829f9fe5f12,CPTAC,SKCM,6107a716-eee3-4894-8e1e-947ff420af19,585,6.373319789577012
e877fa30-5518-47ec-8f8e-0c70679e5d47,CPTAC,SKCM,264b2d2a-e294-4dd1-9ae3-ed73180aeb34,519,6.253828811575473
eaa674d3-9d0e-4563-b31f-6a27ed86460e,CPTAC,SKCM,679adcf3-b3d1-4091-a727-8c77e25a2ed8,228,5.43372200355424
ecbe76d2-fd29-4160-85b5-1f60bb4e0ae4,CPTAC,SKCM,be8df79e-7cfe-4717-adb9-fe3c11a45119,1538,7.338888133838879
f0e3f73a-1897-43d6-9593-a4bc321a1e98,CPTAC,SKCM,3cd092ec-9dab-4f39-8775-805f1c28d45b,64,4.174387269895637
f2df94cf-cde1-4af3-b6c3-e81211f31cb2,CPTAC,SKCM,17aa5e99-1e62-40d6-9ba6-c302ec76faf6,176,5.176149732573829
f394b247-c55b-4d72-b07b-20dfc1f70818,CPTAC,SKCM,22480a0c-caee-45da-93e7-b41d7a84662d,433,6.073044534100405
f5742de5-fbc8-4f83-8e30-38e0cb522c09,CPTAC,SKCM,aea13463-99a3-4d1f-9704-35942d30c7e2,24,3.2188758248682006
f654095f-1ee8-48bf-b679-87a9824e95f6,CPTAC,SKCM,7088dfa9-9187-4af0-b0d0-6bc094058232,107,4.68213122712422
f7a66ec4-8e60-4bdc-acc7-98506e3024d2,CPTAC,SKCM,cc53f4fb-04ee-4ed8-b462-0e347e193a32,428,6.061456918928017
f8bb37a4-adbf-421b-a7c8-687587d8ad69,CPTAC,SKCM,85b81fc9-7335-4ad5-9ace-edad9914eee7,98,4.59511985013459
f95bc5d4-302b-46f8-87ec-c8cee519e54c,CPTAC,SKCM,2ef65334-c07d-4724-a256-4fe91d22868c,34,3.5553480614894135
fc03dc56-652a-4d6b-8bff-fe6647414cc1,CPTAC,SKCM,14184fdb-1f0a-4126-93c5-1bda5ad7c425,243,5.497168225293202
fe2a349e-5a17-41ee-af73-9a2c89562960,CPTAC,SKCM,ede2f48f-f539-41e6-b000-f257fe72f289,481,6.1779441140506
fe9a6874-24df-48cf-9959-34e9f8472bb9,CPTAC,SKCM,cd1cfb4d-496a-4236-ac54-9a9b20d6823c,446,6.102558594613569
01b7ac35-49e3-48db-a081-2971b807445f,CPTAC,PAAD,340d10b0-da4c-4802-8e55-3c51a45d05de,16,2.833213344056216
0576d76b-d37c-4df6-9cdd-6397a900c282,CPTAC,PAAD,2bce31e9-74b8-4742-95d6-62b63943fda8,34,3.5553480614894135
08b1070c-1562-4465-9c0c-670274d70f74,CPTAC,PAAD,80772c38-afdc-49cc-acba-acd394fe0047,21,3.091042453358316
0960f27b-1262-4bbe-a8f8-a2aec454f5c6,CPTAC,PAAD,c374c7df-abc8-49fd-9729-84cd81b570ea,47,3.8712010109078907
0b2f0141-88e1-4117-a668-f284ec7670ff,CPTAC,PAAD,274b2655-ae32-419f-8494-6992d2a4a9fb,78,4.3694478524670215
0cd609d4-6eea-4fa8-a12b-6609830996e1,CPTAC,PAAD,73a962fc-09d5-49ae-8704-e38d49d5227a,24,3.2188758248682006
115316f6-389a-40e8-a219-0e8fafea9313,CPTAC,PAAD,eeca037e-04d4-4191-b5fc-3a47c859c033,35,3.58351893845611
1189e5ba-02b2-4c0c-8195-0244cffaae70,CPTAC,PAAD,b38df12a-1e05-43cf-a26f-865f39742db1,38,3.6635616461296463
12126fde-c904-4b3b-81b4-083824d7a0d4,CPTAC,PAAD,733fc215-fd85-4b69-af08-916360b20552,29,3.4011973816621555
1309999e-853f-4f99-84a2-1095e674f5ae,CPTAC,PAAD,b1ea7f49-c929-41c5-89eb-acab9db9c6e4,13,2.639057329615259
1478d7af-6fbe-4c4f-b5b7-997b7d9cec75,CPTAC,PAAD,a5e7b01e-7570-4066-9281-c89d59ed6df7,33,3.5263605246161616
15c75ba8-a995-46e3-a7d8-a54fbf310bc0,CPTAC,PAAD,b838a048-7b84-4104-8bbd-2431b5294797,28,3.367295829986474
1632bbd5-d5ba-42e4-aee4-c8637991a892,CPTAC,PAAD,200ef90a-4f90-4e28-ac5f-4e67b9033504,44,3.8066624897703196
16fbe029-3b4f-45c9-849e-20ad7d7b8f1f,CPTAC,PAAD,3b369a52-f04c-483c-b80b-529a130a1b7a,23,3.1780538303479458
188f9191-e4e2-4b00-80cf-c1e1424580a7,CPTAC,PAAD,46349150-82b3-40df-aec6-c3349a80f9b8,16,2.833213344056216
19f3ac85-8452-4b14-943c-eefad5541599,CPTAC,PAAD,a62d0219-c5fd-49b6-b16f-90dc02e455f5,32,3.4965075614664802
1e0b4933-9668-4002-bb85-8e68b794de56,CPTAC,PAAD,0dc88eb5-7930-41df-9740-3fc55f71822a,31,3.4657359027997265
1e5c5b1b-3450-4a1f-9e92-bf522b47f23f,CPTAC,PAAD,ca3dad26-e33b-4361-be4a-a074a344a757,95,4.564348191467836
1eb5bc85-d2df-4c99-8076-747d24074416,CPTAC,PAAD,2d1535a5-b358-40cf-a6a8-e77fc7f3f0ff,32,3.4965075614664802
20843547-185c-4067-b314-698cadf7aea8,CPTAC,PAAD,54427ef8-5281-42f3-b221-da517325b7b4,59,4.0943445622221
217a5718-a04e-4225-b362-98d2825b1617,CPTAC,PAAD,7e9ab022-e03a-47a0-a237-ccbba62a196d,6,1.9459101490553132
22bf70fe-df81-4764-97a7-96177b1df246,CPTAC,PAAD,20def660-1fe5-4970-8b89-f5b230ffa253,45,3.828641396489095
24ccb786-b8f2-4dfd-a065-a928f240d79e,CPTAC,PAAD,8439ac98-2052-42b1-9134-faf7dd1b8759,46,3.8501476017100584
2525bfef-6962-4b7f-8e80-6186400ce624,CPTAC,PAAD,c4b31f87-117f-4e16-9e4b-f7891312c804,70,4.2626798770413155
28a38be6-215d-42b6-bab1-495e0df755b7,CPTAC,PAAD,9e9f6c25-663d-4796-a225-60871d911834,44,3.8066624897703196
2afd7fdf-b52a-4945-8688-07ed694d630a,CPTAC,PAAD,325168c2-26a0-4b6e-af39-6b8b5ca4bbcc,61,4.127134385045092
2d5627fc-42d4-4d3f-84c5-969cec679ac4,CPTAC,PAAD,4adac1c0-b613-481d-931b-51e2229e6f46,43,3.784189633918261
2e2659d5-540b-424b-aa0e-3389204a8b96,CPTAC,PAAD,3cc32755-c830-455e-abd2-7b39e6b8910c,17,2.8903717578961645
325984b4-c283-4b06-aeb8-8f1c76b44dc3,CPTAC,PAAD,1aea7569-20a6-4538-a68f-fa3538f781d0,48,3.8918202981106265
3569f880-3672-4b78-b675-c1c2c0a43d1a,CPTAC,PAAD,912c2e3a-eba5-4cf7-9675-eec855beb8f9,45,3.828641396489095
38f93ca8-4971-4932-b592-0a17eaece2ad,CPTAC,PAAD,6e63499c-2fe1-4c41-91d0-fcb46a7171bb,17,2.8903717578961645
3bba88bf-3a0c-4788-940f-5407b9e86971,CPTAC,PAAD,5f99baa3-2ebd-4c02-b351-6c1a216b5e5f,3,1.3862943611198906
3c0035cc-7cf7-4319-a5d2-79c79c4fe9f5,CPTAC,PAAD,8bba442f-8f8d-4f88-ad04-183bf8e786a9,30,3.4339872044851463
3d4e2776-4e38-42bf-b3b7-5c15b5a9a201,CPTAC,PAAD,e7d80d32-1d9d-4cad-9688-a2be3b5898e1,20,3.044522437723423
400e94ed-2c26-4ef3-a232-a45781a1bf9f,CPTAC,PAAD,fea1988a-7d1e-45e3-a0e6-c2857713dad4,21,3.091042453358316
42d7ca19-4b67-4fec-bd38-deacf72f9173,CPTAC,PAAD,346b8687-c747-4586-a776-28bbdef862b8,8,2.1972245773362196
4403f02b-7f2b-4c80-9feb-69f8790a261f,CPTAC,PAAD,c2f40316-3471-4c19-a927-fdf51e0aea15,28,3.367295829986474
45669b98-2d82-41e1-9c1d-0de3f98cebe1,CPTAC,PAAD,53c3da4f-8fea-43a2-ba79-f66d093e8cad,23,3.1780538303479458
45ce258a-9334-44ed-b4e7-2b492d6dc984,CPTAC,PAAD,9d3686f8-068d-4d40-93d8-14694e5290e1,78,4.3694478524670215
45ded902-e7b6-4eeb-9e24-f1a179f14a85,CPTAC,PAAD,4c6455d8-79be-4245-b578-fc8608329a73,53,3.9889840465642745
465c6020-db87-4c81-a52c-1b23a78d5adc,CPTAC,PAAD,4f3b4b56-f9a8-4fef-9731-7b114d54c016,19,2.995732273553991
46fd5848-ddb3-4cbf-97ce-c94d72910679,CPTAC,PAAD,79ee02ca-18d9-40ee-8fb1-3b80fcf34035,17,2.8903717578961645
48737b20-3e04-490b-9b39-921bf2c09e52,CPTAC,PAAD,c5b94302-c7e1-4eb4-858d-52b41971787c,47,3.8712010109078907
48fc4c94-cdc4-467b-b4e9-3646c7f01b4f,CPTAC,PAAD,ac77d556-8e01-4f63-8414-a951edeb6bd1,370,5.916202062607435
4a40e29b-aaa0-4de4-949e-e4a5d6295bed,CPTAC,PAAD,28b416d6-b731-488f-b961-b3ed6c0ce035,80,4.394449154672439
4a6039f3-ac9f-4034-a91f-ee90bee63f27,CPTAC,PAAD,448444e5-2731-487a-bddb-3e0aa1a02155,45,3.828641396489095
4cd359fb-e797-43da-a606-49a6a9dceaf5,CPTAC,PAAD,9080487f-981e-4cce-99f7-4f59c2f84e11,43,3.784189633918261
4d3ea8f7-10fe-4a79-a8db-7eca535633ef,CPTAC,PAAD,e7eb09fb-2bc6-432c-b126-a2c4877991e2,31,3.4657359027997265
4d46f586-4fa3-455a-8fd5-c87afc57d315,CPTAC,PAAD,b6fc52e5-faca-421e-a94c-c2a928e2575f,63,4.1588830833596715
4eb22f79-aeae-4f22-998e-6ce471d16281,CPTAC,PAAD,84b7ecfa-955d-41cd-a6ff-882116961f89,44,3.8066624897703196
5071d75d-cd23-419b-96d3-0f0a241e00e9,CPTAC,PAAD,1e428248-8066-4d80-80cc-057ee4bed161,48,3.8918202981106265
530a241d-798c-4c3b-93ba-5cff08469d25,CPTAC,PAAD,1ed26c4c-1637-4bcd-993d-7e887ac34f71,27,3.332204510175204
55b590d7-fecf-422a-bc3f-51e118daf7a9,CPTAC,PAAD,911e4ef8-5e63-4a56-9d40-cf808acf7b91,45,3.828641396489095
5657ec01-7e1d-4f50-9053-12919f134f14,CPTAC,PAAD,860cbad7-ce36-4dcf-a772-0e46d13b3015,66,4.204692619390966
59bec2ab-08f4-4497-b5df-199e22a74eb4,CPTAC,PAAD,31797fbd-5510-4d34-b94b-9f995eb290c4,22,3.1354942159291497
5bbdafef-dde1-45c5-a2c9-433ce7b246a8,CPTAC,PAAD,1259de18-8eb4-4fb1-a47d-a68cafde9bbf,81,4.406719247264253
5bc6682f-914a-477d-9977-4b82d0e67183,CPTAC,PAAD,d2ebf056-e935-492f-b306-610a1c2d2b43,23,3.1780538303479458
5dc8c8fa-66ad-4e56-aace-768f064e3182,CPTAC,PAAD,7fc37238-8758-4de4-ac43-b39ecb78644d,26,3.295836866004329
5ea1361a-050d-4fa0-be59-b530c456b6e3,CPTAC,PAAD,d04d6e83-23e7-4223-9c6e-2ae6778c6f15,26,3.295836866004329
5ee53fa7-8ebd-4ad8-9adc-affdd8b76bbb,CPTAC,PAAD,dbbadbf7-efe3-4490-ad98-5258a0b81907,27,3.332204510175204
5f7accb9-d655-45fb-bae0-d8cd02c11285,CPTAC,PAAD,ced04f73-4a3f-46cf-acb2-21aa93d0ed0c,28,3.367295829986474
6116ed25-e657-440d-a5b5-24dcd90b0bb5,CPTAC,PAAD,1c64b863-d7da-488b-8c82-78b989f06557,32,3.4965075614664802
61c4a631-c7cd-4411-b5d6-f55e584faf6d,CPTAC,PAAD,ea357f29-9074-4990-86f5-e32a4b008f0d,46,3.8501476017100584
63e31d69-8193-483e-b87d-7b89614e0248,CPTAC,PAAD,7c82b5c3-d965-4419-8823-6a3a63cca53a,23,3.1780538303479458
640401d4-b2fe-44e7-8274-2da074008d33,CPTAC,PAAD,cd15dcf3-fb8c-4c80-986b-ea2bd746e395,39,3.6888794541139363
64ca2d06-da4e-462e-bb0b-4fe1033e07fe,CPTAC,PAAD,e7d4642f-3531-4ac1-9225-be76033ae612,39,3.6888794541139363
669caded-109b-422e-9c91-2de87edfd052,CPTAC,PAAD,53ab1332-7a5b-44a7-8c47-86b6a9f6a93e,34,3.5553480614894135
66cdc2a1-48f9-41df-92a3-c64dbb685019,CPTAC,PAAD,a5e00464-bd88-46c0-8150-6912bf8c6a06,40,3.713572066704308
67d29568-8cdf-4b73-a942-9a882dd304a4,CPTAC,PAAD,6d7ebb2c-32c0-46d6-99c0-66b103cb8934,38,3.6635616461296463
6e8176ee-74af-4682-9700-e1b2af4f1213,CPTAC,PAAD,44e443d7-96bf-409b-8428-d81f2bd4e39c,52,3.970291913552122
6eacd8a4-483d-4935-95c0-873464493949,CPTAC,PAAD,6c00bbec-d1d6-48f3-aab4-dcd5d0a85a54,36,3.6109179126442243
6f0fb9d7-64b5-4737-913c-1ac7d2a116a9,CPTAC,PAAD,fcf6728f-3dc7-4bc7-b094-5f0dab5e3f55,58,4.07753744390572
6f235976-c04a-4a40-be28-8ed9dab93365,CPTAC,PAAD,da10e3fb-357b-49a0-83da-893dc1f2b6b9,25,3.258096538021482
71d68d14-e1ec-4d01-9a9a-2f2a2f8e4297,CPTAC,PAAD,eade6be0-41e4-4881-aef0-8c2c4782a9c1,37,3.6375861597263857
73f0fa81-42e4-40e4-902e-8f5a49a34d26,CPTAC,PAAD,bb2a22a1-28dd-4c23-b525-dbbe89f23a5f,69,4.248495242049359
7e896789-d5ab-4ea7-96d5-9c62b26b116f,CPTAC,PAAD,6e192c1e-d0ab-4659-ab66-bf6dfaed4fab,0,0.0
81c1e904-8a47-462c-bd2c-f2ecbb6c1b19,CPTAC,PAAD,a644102c-02c5-41a8-817e-650b2af79009,37,3.6375861597263857
81d68662-e30b-48fd-b659-e991a3119445,CPTAC,PAAD,c43c02ae-3177-40af-9f34-72fe5d48340d,27,3.332204510175204
832d8529-0cb1-427d-a613-adb7cb8f33bc,CPTAC,PAAD,47abea9e-9c1b-432d-b19f-69db8222b8c5,22,3.1354942159291497
833d8601-fbb4-4cea-9e2f-8a2a2740ec40,CPTAC,PAAD,22c2c681-b1f9-4a6b-aa18-77a2d8bff845,34,3.5553480614894135
87a4026f-90af-4dcb-96be-1be1f3b8797f,CPTAC,PAAD,a48f5764-ce97-44e8-ad8f-b56bdcaba594,30,3.4339872044851463
88a86573-d508-4533-b8bf-fa3c9f40a3f4,CPTAC,PAAD,f5267066-16ee-4598-a959-e954a8f98ec4,6,1.9459101490553132
89b2249f-eb4c-4e81-a844-f7fcf1a25cd0,CPTAC,PAAD,d6092c58-75c2-4078-a554-6b30134f64b2,24,3.2188758248682006
8ac14112-6cfb-4fd8-879e-20f52ae5f0c9,CPTAC,PAAD,3069e6ff-0474-4f02-8fd9-af22fe0cf5d6,19,2.995732273553991
8bbe311a-bcb7-409c-9bf4-999ee9c3416b,CPTAC,PAAD,e88e6100-8db5-4ffa-b12d-26a2dcac90aa,36,3.6109179126442243
8d3ea3ee-ece0-4423-b2d0-54b0c3c4928c,CPTAC,PAAD,2f42771b-3d0c-4901-b9f9-ca3b61409079,19,2.995732273553991
8df9a63c-5d21-45d7-929f-4b52b6222f2d,CPTAC,PAAD,34e73e8b-2dea-4667-a4dc-18671411336f,16,2.833213344056216
8e910c4c-482d-4d9e-b481-b0ab52985b51,CPTAC,PAAD,4d1851d5-5ed8-4ce0-990c-06e3431ba271,37,3.6375861597263857
90656d95-f719-478f-9538-3d1388e09a61,CPTAC,PAAD,5c327e53-73f1-4e85-aa8a-faa7c360f711,630,6.447305862541213
936f72b9-e16d-448b-b6ba-23078dd211b8,CPTAC,PAAD,506d7859-0365-4a18-9da1-7c45d45cc243,26,3.295836866004329
95d0e985-cdb7-4a85-a82d-60e008ce7be1,CPTAC,PAAD,cb9c0932-2c2a-41ba-adcd-0fcd8961fccc,12,2.5649493574615367
96d07a2f-3e31-4858-b074-b0ee4794f1ab,CPTAC,PAAD,d1c8b85f-8db3-4584-94cd-ba8f6752c52f,48,3.8918202981106265
9cf7c4e3-7257-4dbd-81c0-c5419f80104f,CPTAC,PAAD,f703695e-1200-4c1b-ad92-1db6c1ac6f44,45,3.828641396489095
a041936f-13f2-4695-a82c-2ace07f4771a,CPTAC,PAAD,7421a44e-749d-41f7-bfea-95acda66686f,27,3.332204510175204
a49c8868-66dd-404d-94c5-2fe4e59fbab5,CPTAC,PAAD,54c874b5-e317-4ccc-8aad-10063f47ee22,119,4.787491742782046
a51b3b43-833f-429b-b376-2f5f27f5da23,CPTAC,PAAD,2585d1f5-3e3d-4bcd-b5d2-6c049ee8116d,23,3.1780538303479458
a5fa1602-d98b-4953-b549-902ec3f4cdcb,CPTAC,PAAD,3ac2fc4d-9961-439b-bfd6-44039a0106d4,3,1.3862943611198906
a7af3cf6-9271-42f4-ace6-6ffbd2b065a8,CPTAC,PAAD,ab01f5c6-75e5-4af4-aac1-d44e34221cd5,45,3.828641396489095
a94807e0-0212-4c5a-b666-74ac828b3791,CPTAC,PAAD,58bef77a-243f-4178-a778-a3e39df1d1aa,42,3.7612001156935624
aa767a6a-fb5f-4020-bb7f-7d3984182a11,CPTAC,PAAD,b91a63e0-e7f5-4d90-ac50-6d8d67dc1a74,56,4.04305126783455
ab0750f5-2589-4ec3-a1f0-841eb456dec9,CPTAC,PAAD,6347fc31-8cc7-47c4-9c81-167c8226f7aa,33,3.5263605246161616
aba224a6-8ab2-4720-bc7a-efe0b3a863e1,CPTAC,PAAD,45f41404-61a5-43c0-8a1a-7fc6ff9518e4,51,3.9512437185814275
ac1dcb50-a6e2-4956-ab3e-2278d51bc4e1,CPTAC,PAAD,a3cc4437-b66d-4313-b995-48e92a66824c,39,3.6888794541139363
acb1fce1-0f75-48b4-98bd-4fe2a93d0cf0,CPTAC,PAAD,57639a8b-69b0-4fee-970b-df12895edbbe,6,1.9459101490553132
ad265919-d589-4b8a-a9fb-77cca95c59f7,CPTAC,PAAD,a7f435b5-865e-47ff-ad96-0dd5abb3c757,22,3.1354942159291497
adeb86f4-17ca-4ab1-b5aa-30ea0f5bdf56,CPTAC,PAAD,f4befdec-b768-42f6-9b70-70845aa37b6b,21,3.091042453358316
aec3c953-dd96-402f-807f-9be99d8a8aeb,CPTAC,PAAD,ff1c75bf-8155-4af3-a51a-c0e2e0d69479,48,3.8918202981106265
b288852f-66f5-4949-bc13-883e634313fc,CPTAC,PAAD,0c9134db-6d91-4ce9-80cd-abeb400b8cd1,33,3.5263605246161616
b595f6fa-22b0-4646-9dfd-c49f53623587,CPTAC,PAAD,0ef9bbce-a34d-4edc-9eab-09cbea5112ec,17,2.8903717578961645
b75b5b06-a90a-460d-924e-245ec4414aa1,CPTAC,PAAD,03b8a3af-c92f-490e-af25-14aa11a0527f,68,4.23410650459726
b8bda40b-9820-47a9-abb4-4ebcb2cf8b62,CPTAC,PAAD,e89e1fe4-1b5f-4cc6-a933-4ab1aec2995d,13,2.639057329615259
ba8852b9-17a7-4df1-9765-68e58fa74004,CPTAC,PAAD,465b727c-4464-4c38-8b30-c7090be0e74b,11,2.4849066497880004
bab46316-532b-4444-9a46-d70b63b878fb,CPTAC,PAAD,62f638ec-26b2-4adb-aaf9-f42f601176b3,25,3.258096538021482
bb039a50-909b-439b-ad8d-4abf711e4a42,CPTAC,PAAD,da540c49-94d7-4a98-9e1b-d4212030de9a,38,3.6635616461296463
bb2f14a7-c52f-4a2b-8224-c747a3daa488,CPTAC,PAAD,41d34a95-907b-43b5-8f28-0d38991ae71f,40,3.713572066704308
be0f4ef1-7ce9-48aa-931c-6c8cf99c4687,CPTAC,PAAD,788554f6-c1cd-49ae-9224-456897a5f4f5,39,3.6888794541139363
be818f7f-c64f-43d8-9285-37d3ce16a1b1,CPTAC,PAAD,cc618a12-4a54-4fbe-9ec7-d1c3bf2d16f0,39,3.6888794541139363
c06b2ea9-e346-4768-965b-a831db43e252,CPTAC,PAAD,89d96502-dd9c-4a5d-9884-6798f026f0ad,34,3.5553480614894135
c1898677-7a92-48cf-a09f-71d91c1cf8dc,CPTAC,PAAD,a576d257-4756-4b52-b125-68cd35145fb8,26,3.295836866004329
c79bd2bd-b8da-4f43-872e-36ee1cf97c21,CPTAC,PAAD,3c898abe-2733-434a-937d-2b7481eaf6c6,64,4.174387269895637
cad8f812-c1cd-4ad8-97cf-4aef0cda8b69,CPTAC,PAAD,34aaddf2-f2ac-4a67-9a8c-a56c8fe78037,27,3.332204510175204
cc553c22-31a5-4b14-9d25-a38eea2ae88c,CPTAC,PAAD,830686dc-7464-4938-b9b5-0eab68f9243b,71,4.276666119016055
ccda57c6-999c-4dce-95f1-1fb84b762f0b,CPTAC,PAAD,d2ce2e04-34c5-4399-ae76-983884159092,45,3.828641396489095
ce26f122-5633-4cb4-b2ce-b2e7bb758462,CPTAC,PAAD,906b3f04-1fdc-43f8-b2f2-720b5b29ac6e,38,3.6635616461296463
cf806878-386b-4416-a840-96d104ecb123,CPTAC,PAAD,1845c68b-cee1-41bf-b40f-e6aa7b96cadc,32,3.4965075614664802
d0a4a77b-3676-490b-9058-22509098cb27,CPTAC,PAAD,a1d1647b-8bb8-4244-9b65-ac12b742f246,51,3.9512437185814275
d2f97b9f-30fc-48cf-8120-e7d1d3c4f71f,CPTAC,PAAD,9e0dcf18-7514-4eab-80cf-8ff5826ed201,26,3.295836866004329
d34a2f8f-5ffe-4c07-b0c7-755c0a42ab3d,CPTAC,PAAD,6f2298ed-fa23-4e36-a3d8-448c92b79557,33,3.5263605246161616
d617590c-0326-47c4-a327-103c2f82c999,CPTAC,PAAD,5f5620c9-0786-497e-96d2-df2948931716,12,2.5649493574615367
da1fdb3c-3031-4072-8ca8-96f1729ac276,CPTAC,PAAD,999aca86-c6fc-43bb-a3f4-b726ded81b6d,43,3.784189633918261
dbab1830-176e-4f3a-a094-1a4301a70a7d,CPTAC,PAAD,93bea9f3-d452-444c-aca3-c9e8aaa5a047,30,3.4339872044851463
dbc7d02b-6c63-4961-a8c2-8a8b811d8d7d,CPTAC,PAAD,7bff4432-d6da-4114-bbd2-6b4859d76d0c,19,2.995732273553991
dc7add32-3201-4727-a88c-a86c18150970,CPTAC,PAAD,294ea668-b600-46f7-a62f-23f8e2da9bd5,29,3.4011973816621555
dd0b8083-0403-4334-9f3e-04c8cd9ab108,CPTAC,PAAD,d46b24a5-38a1-438b-9e97-ac8274bb15d2,37,3.6375861597263857
dd64c107-1f1c-4d3a-b047-557b58000c0a,CPTAC,PAAD,81afae24-cbc5-42f7-a5f8-6a2d2c9d8aaa,26,3.295836866004329
de1701fa-ca4c-4104-b8e2-ca3c10bf516e,CPTAC,PAAD,0fc40dde-9170-403a-a1cf-684e472312b2,16,2.833213344056216
df2476c9-ebc4-42b8-b314-bd77cc22d7d8,CPTAC,PAAD,6decc5e6-19ac-40a9-aae7-15cf01e7615e,58,4.07753744390572
e002d33a-86c4-4e19-acde-d542096f5fdb,CPTAC,PAAD,5f2f4899-9bfa-4dc6-b64c-df55833f2f6f,22,3.1354942159291497
e2908e1f-34ed-4dac-b408-49eeaef72859,CPTAC,PAAD,207af6b7-18c0-4e50-ab25-42cbe507e568,40,3.713572066704308
e2ec60db-be44-4b4b-a519-6320231f7be9,CPTAC,PAAD,a55e4f17-c221-4cb6-bd5e-a7705fa5c54b,49,3.912023005428146
e4451889-5a3d-4296-8e87-6e22e036f9af,CPTAC,PAAD,c48bb75a-ef75-4acd-a438-0f23b29ef649,36,3.6109179126442243
e76a3513-b8d8-43f6-bc1b-30e44f0cbac4,CPTAC,PAAD,ba0348dc-9b88-418e-a0be-5c84f76dcad8,19,2.995732273553991
e82a496d-03a9-4a40-aa04-dc4a2a77bbcd,CPTAC,PAAD,f7f76e74-5fc9-40b6-aa8e-e3cbe00aa3b3,10,2.3978952727983707
e8df42d8-58bc-4c43-b18b-5b23f5e61508,CPTAC,PAAD,d9299e37-4873-4607-8aeb-bfbad3629f18,37,3.6375861597263857
e93c0cc7-f8ab-4fd2-9ed8-59592022626d,CPTAC,PAAD,f2a1ce86-7a97-4767-ab75-3879ee1e11c4,36,3.6109179126442243
eac6ceca-d905-4a4d-ae89-ea533370aea8,CPTAC,PAAD,3686c3fe-a1fb-4305-b1dc-ae5525675392,22,3.1354942159291497
ec1b3344-5165-4303-baf7-7b06019738a5,CPTAC,PAAD,fe13f057-93d9-45cf-b083-be3079c0895e,29,3.4011973816621555
ed385672-539d-4736-a289-07fbfe75928d,CPTAC,PAAD,14b82083-02d1-4aeb-a254-f1d7b8caf2a5,39,3.6888794541139363
ed69df53-631b-4c3a-af08-e502cc64129a,CPTAC,PAAD,ff8f0dbd-3866-4637-abe0-bf2d32813ef1,14,2.70805020110221
edb559d9-0468-4321-9e97-937b6f3ecd14,CPTAC,PAAD,28803097-586f-46fc-8a65-c280c504baed,25,3.258096538021482
ef491908-1f1a-4428-9441-8dcd6e1b95b3,CPTAC,PAAD,c91b1fa9-d343-439a-91d8-77439a3fdb00,21,3.091042453358316
f223ac50-c620-46b6-a194-381e40e429a2,CPTAC,PAAD,d8354cd0-72cf-4cb5-93e2-62faac900202,37,3.6375861597263857
f3e8e047-a18b-47a2-8c3b-60b34ebe54f7,CPTAC,PAAD,1159248e-76b8-4081-a8fa-66e30b688c60,28,3.367295829986474
f5304568-14d3-4085-a5c2-401e8ab7c880,CPTAC,PAAD,214fc25f-b22e-4f45-a313-af4d54bd8219,4,1.6094379124341003
f8a5b06c-653d-4a39-a3cd-72ad2784ebd7,CPTAC,PAAD,cd845b45-a675-4e48-a754-4f93a89923b5,22,3.1354942159291497
f948cb15-6d54-4fb6-a5f0-9e99e632182e,CPTAC,PAAD,a392b0e4-6be5-47e7-baa9-8636c341b221,24,3.2188758248682006
f9f0c320-a695-4e5c-b1e9-8b6d013a0a9b,CPTAC,PAAD,e3dec453-7593-4806-8cd9-dd8a27793103,33,3.5263605246161616
fa3bda9a-329f-4422-9c13-10c38f546862,CPTAC,PAAD,4a78a958-7756-4189-a14e-2e8a8e9cb259,42,3.7612001156935624
faf4ac5d-1873-495c-86d4-7a9760f06339,CPTAC,PAAD,04ca4e83-069f-4452-903e-4bfb15e9bc5f,19,2.995732273553991
fcea94a8-32f5-4021-8d27-b4d03e8bb3f7,CPTAC,PAAD,608ca370-31da-4858-9514-bb20f38aa674,10,2.3978952727983707
fed33fff-0310-42ad-a7dc-d563792f18cc,CPTAC,PAAD,afeca748-ba83-4891-b3fb-8b00b4f8f52d,40,3.713572066704308
0098512b-ea4a-4896-8619-c00fc3c4ec11,CPTAC,STAD,d1f08632-0f54-44cb-95ee-1e657cb4da6d,80,4.394449154672439
00b8b287-f156-4104-a476-16b69c9e6d91,CPTAC,STAD,328d5408-1134-43e3-b171-bd42fb967ea8,27,3.332204510175204
052ed1a3-b3bf-4f89-995b-bb1c51f9dd3f,CPTAC,STAD,d40f2cc7-676b-4317-bac3-dfd6afcbc93a,91,4.5217885770490405
07626e0a-d98b-418d-8a6c-a0f310a1cfa6,CPTAC,STAD,8cb33939-a2a3-4c6d-997a-837a66aeaf83,33,3.5263605246161616
08fa3691-bacc-45fb-83a8-cd269cb7afbd,CPTAC,STAD,9ea4325c-6d58-46f4-9f40-e08b9ab1cb12,118,4.77912349311153
09fe72db-06f2-41c5-ac0a-da920afc4441,CPTAC,STAD,42ff1ae4-ae3f-4ecd-89c0-44b6733572e9,54,4.007333185232471
0dc87806-1645-4a09-a314-067b49ff1bf5,CPTAC,STAD,8d16273f-6f83-4746-8206-9614de162f97,1217,7.1049654482698426
0f1da632-3874-42cc-930a-c8e5d1e64d71,CPTAC,STAD,a78e1019-625f-478d-882a-9ccda48abe1e,276,5.6240175061873385
101487c1-51d5-45a0-abdf-26bce13b5381,CPTAC,STAD,0b62f8d9-eb31-4189-8177-669a9c1d4291,21,3.091042453358316
124227e6-edb2-45e9-aa19-ab3a5bbd0c60,CPTAC,STAD,c242d1af-2bf9-459c-8f0b-35ab297541c0,73,4.304065093204169
145bb8e8-6f84-47bc-9430-f3108b8814e9,CPTAC,STAD,fbb8e908-1979-4c7b-bac4-316b4b91434b,105,4.663439094112067
15d22e08-fede-4cda-8239-4056834d516f,CPTAC,STAD,85ad489b-50df-43c8-aaac-ff8c75847849,1012,6.920671504248683
172d2d9a-7f4e-46b2-91c9-ad1c75d0aef8,CPTAC,STAD,de61dc66-af27-42f0-9937-210c4f3c8dcf,14,2.70805020110221
17b628fa-e1e4-4055-9d27-a41e109c8ce2,CPTAC,STAD,5d4e44b5-3d0d-4bf9-acbe-58d81017cb4e,119,4.787491742782046
18a9bb46-62fa-4994-9014-fe8dadbcea2a,CPTAC,STAD,15430275-138b-4f63-9075-f7b8c1892f30,1612,7.385851078125209
18d6fcd3-ccf0-428d-8755-34173d8dc51f,CPTAC,STAD,89ea80d7-7e87-454d-8292-9525ab99f894,194,5.272999558563747
19862527-683d-4f46-83ad-b516a78b41e8,CPTAC,STAD,5fcd225a-f1df-47d4-832a-de664e14a978,52,3.970291913552122
1c785439-10fa-4810-9992-6fee541b7f31,CPTAC,STAD,50f392ea-05bf-41f0-8f4e-b5aa4a89e7ab,119,4.787491742782046
211ee1d0-e7e1-42d4-928a-0ac580041459,CPTAC,STAD,b0e96789-bb7c-4152-8ef3-36f88563fbd8,122,4.812184355372417
238acf00-08a2-46c4-abe6-175446f440dc,CPTAC,STAD,43a88e34-7708-4b22-b885-4aefdead6fe2,328,5.796057750765372
23e43d0f-e4e7-4acb-a066-30007da13521,CPTAC,STAD,a3e42e4a-a04e-4751-908a-89c3545008cc,55,4.02535169073515
25f37863-fbb2-4d6c-984e-c3c5fc45a827,CPTAC,STAD,632b81d7-979d-475e-ab09-27f8ba806123,220,5.3981627015177525
27ef0aed-1415-4994-9439-bf339a02e190,CPTAC,STAD,97fd88ee-1857-46ef-a728-851e9943db7a,150,5.017279836814924
28f945a3-24f8-4d70-870c-4087a892cf4e,CPTAC,STAD,db796d59-6c9e-40c0-a3ec-53c8fff6ae97,131,4.882801922586371
29257f5c-1901-4771-af22-3e0c9ab46e53,CPTAC,STAD,9f3f3da5-337a-46a4-990c-7d00f27d5ec0,92,4.532599493153256
2a251856-efd3-46a4-a014-f9f2d5b34934,CPTAC,STAD,29fca157-b57e-4d6b-91ff-7b5887ffa425,139,4.941642422609304
2bd2a5ce-c7e7-427d-94c1-6d9f76b35e7f,CPTAC,STAD,e3d3fdb8-9994-4145-be1a-a47763dc6f86,65,4.189654742026425
2de6816c-33c9-4a48-90d8-e3660b17c8d4,CPTAC,STAD,0700f80c-5c08-4807-bb96-adc567c18b94,171,5.147494476813453
31867570-3c3c-4a03-aafe-0d3d2517e60b,CPTAC,STAD,742a496d-aa39-4f63-a72f-970c44c08346,102,4.634728988229636
337a57f3-964d-4d73-9566-236aefde3cfa,CPTAC,STAD,7d821855-9e90-4f41-9593-39ad8f95c6ab,38,3.6635616461296463
3383252d-984e-4c7e-a4fe-f6d596f58d60,CPTAC,STAD,bf1937f7-3725-411f-8407-c914a8a92c7a,64,4.174387269895637
3424fe9d-9fa9-4ed3-b7c5-6414f121b1f1,CPTAC,STAD,bfb8f945-f3b2-40b0-bc57-64b39abaa867,73,4.304065093204169
34eea9b9-fb58-4508-9f1f-24382d40a18f,CPTAC,STAD,b1f83a58-d2fc-4e0d-99c0-eae2cafb7b5e,28,3.367295829986474
3786f038-882f-4e77-9243-0a0fc4c781b6,CPTAC,STAD,6bd1b963-2d49-4726-af8b-1ed39bc22d10,103,4.6443908991413725
39d27765-3927-4e3a-9c35-62a7587c1fbf,CPTAC,STAD,e7b68299-e4a9-4622-a61c-fce7f696a740,139,4.941642422609304
45707f19-75ff-4a03-8c36-48cb0459422e,CPTAC,STAD,c6b4b4e3-3639-4a35-a645-95e723143dc7,1458,7.285506548522786
461ace29-0e87-4ec4-adf2-bbaace06fefa,CPTAC,STAD,a3fd7c99-73a9-4bf7-9e8a-c2533be89568,75,4.330733340286331
47f854f1-993a-47bc-a461-82336e4ad880,CPTAC,STAD,f1dcfb3c-77b4-418a-b70e-e4523fed9ca1,114,4.74493212836325
496fd801-05a6-4050-8d10-afb4603deff8,CPTAC,STAD,40e20f9e-9fd0-4844-8016-2fcf428cc58c,109,4.700480365792417
4d0e0181-cb87-4363-aadb-aaf620f068f7,CPTAC,STAD,01295349-7d69-461c-b27d-bdbb92de76fb,160,5.081404364984463
4e415b68-e0ed-4ff2-951c-970d117cce74,CPTAC,STAD,d982cb50-598f-4d55-8fe8-38841da2b938,48,3.8918202981106265
50a08980-5885-4936-936c-a3fcb2d7b44b,CPTAC,STAD,1283c07d-3fed-4a19-b4b0-8aebeb2f4515,125,4.836281906951478
523e74ac-9928-4c28-858e-20522b09f8c4,CPTAC,STAD,14c56855-b063-470a-ab4e-05a8292525ce,172,5.153291594497779
52432728-0239-496a-8077-eb386cb7f28d,CPTAC,STAD,3852048e-e67e-40a6-bb7b-239ac4c357ab,63,4.1588830833596715
5834eec7-9816-4056-9723-c6a194714b37,CPTAC,STAD,9d3a6d7b-1c47-4568-834b-f1caba4fecee,2771,7.927324360309794
584c6d9b-fd81-47db-b9a8-1cf0bb8bc102,CPTAC,STAD,119aa5bc-a27e-4ebd-bff6-ef4393b59c77,62,4.143134726391533
58f5b5e1-a71f-43d1-8dfe-0aaa48de786a,CPTAC,STAD,e2f11fca-6305-4074-8098-f4265e396aef,1370,7.223295679562314
59d7aa38-0bd3-4ac4-91ad-1c5811e644cd,CPTAC,STAD,812c5487-6c77-44a9-bd62-3fe6cbd2f936,168,5.1298987149230735
5c2359e5-d25b-42c0-abbd-f2100cc9c31d,CPTAC,STAD,4858d5e6-ad2f-4254-ab3e-7f020688ec95,76,4.343805421853684
5cf30e66-765b-410f-89ca-3181a0c68f4b,CPTAC,STAD,056a714b-35d1-4585-b7c9-4f25edff6eeb,1306,7.175489713624222
5d4927ad-56fc-43db-804a-3ddd738bd377,CPTAC,STAD,d7bd182a-ead2-48cb-b4a0-7c3d517ca212,145,4.983606621708336
616558b0-b21d-472b-a246-dedec4c01079,CPTAC,STAD,2c737ff8-9572-4883-8176-c8fd0083753d,173,5.159055299214529
61fcceac-75a5-436c-bdb8-f2d80f96f577,CPTAC,STAD,f827f83a-c55d-4fbc-9703-489dbbcb550c,56,4.04305126783455
626bfe63-0c8d-4ff6-95cb-861b3aed92c8,CPTAC,STAD,9fe2520c-d501-4e94-b640-2b786355aba4,54,4.007333185232471
66a03ac1-5404-414b-bcc7-79a6d2968995,CPTAC,STAD,39a28bf8-eafc-427a-975d-72c689322025,54,4.007333185232471
67765864-02e0-4f94-a13b-a28be10bfd30,CPTAC,STAD,d908449e-5a77-42dd-9ff0-8996ad33f9d0,80,4.394449154672439
686f29ae-cc52-4297-adba-496bebf01bd0,CPTAC,STAD,04bbb6b8-d0b0-4ef3-b2b2-7a405fbb8e4e,1305,7.174724309836376
6b0f230f-91ea-4eb9-a89e-66f3cd82db59,CPTAC,STAD,0999c99b-9d50-4b02-8955-5e8ed09592f9,799,6.684611727667927
6b4e73cc-bb47-49dd-947c-67fee326abcd,CPTAC,STAD,8789e3ff-33c7-4325-a582-eac9ffe6ef2e,420,6.042632833682381
6cafa126-7f2b-4d7f-bb81-b5378a70332b,CPTAC,STAD,d2321608-d5fb-4001-8fd1-dfe90af2edbe,1335,7.197435354096591
6de0de05-d631-43dc-a01b-3a6346781c59,CPTAC,STAD,4d22c9cb-b6e2-4520-98a5-1cbc4e14eea8,135,4.912654885736052
70715733-5926-4c67-96d4-7d46e0dd2d65,CPTAC,STAD,0244ebce-f47f-4f06-b07f-196d9d6764a9,228,5.43372200355424
71ba6081-9934-45f3-bb32-54c0426b216c,CPTAC,STAD,2daeef5d-cf13-4ded-ac02-e9332f6f13fa,21,3.091042453358316
73b19657-c3ed-4aae-9347-446dabe41cdc,CPTAC,STAD,19339ee2-4e14-4564-9b32-f5b7feebd867,175,5.170483995038151
740733c7-5b6c-4dbd-8f20-6bb748f7b97c,CPTAC,STAD,2407fcc7-6c3b-40ba-a708-ad898cf11f5f,35,3.58351893845611
74efa0d9-d95e-4192-804e-cbbc3ad6f362,CPTAC,STAD,663116de-0b28-46fc-ac42-e9fb7f832d12,152,5.030437921392435
78a977d5-c0e0-4a3d-86b1-573f1542447f,CPTAC,STAD,392872a4-c819-4bca-9f18-e3bf1401a0b6,288,5.666426688112432
7904607b-3259-420d-980f-564f36009dec,CPTAC,STAD,0c0a5a41-9021-45b7-8cb8-2c254016ad67,163,5.099866427824199
7ae0a0d1-66d8-45db-9b91-d4cfee59b697,CPTAC,STAD,66200432-f126-47b8-acc9-660fa975b5f3,115,4.7535901911063645
7bb379a4-433c-434a-a0b9-20c9c2140fea,CPTAC,STAD,36c89143-831d-4bc4-add9-9e94a8ab87c6,182,5.209486152841421
7d06a2e9-e095-4b1e-9fb8-4ca085e4bf3b,CPTAC,STAD,edcf307e-abee-4d74-954d-e21d9965ed9b,1195,7.086737934510577
7d0e1b8a-966d-4068-a8e5-c4d2c7c374bb,CPTAC,STAD,560c3623-031b-465d-b7c5-d12b58fbb6a2,163,5.099866427824199
7d12cd36-6ca4-4c18-ba16-84733930f54c,CPTAC,STAD,b2431301-9775-4dee-94ae-f086b3456b62,67,4.219507705176107
7dc0de32-017f-482a-92bc-682836e728b7,CPTAC,STAD,ca03abc2-f4d0-4668-88b7-3fec9a3dcf31,159,5.075173815233827
7e5cc2ed-2a9d-469f-a311-c4b3fec4b50f,CPTAC,STAD,9811bd45-4e70-41b7-983e-f4d70a89ba93,121,4.804021044733257
806e0d02-98db-4d71-80bf-be2bf96c37f5,CPTAC,STAD,e8e22ba8-685c-4a4c-a5d0-ed4d2fd46317,86,4.465908118654584
8074c528-f88a-42ad-b032-5dac5b408570,CPTAC,STAD,403be4cb-1797-4903-a3e7-e57c915960f2,75,4.330733340286331
87439670-eaac-4a14-95a3-8552a394cc1e,CPTAC,STAD,54dd3370-59ca-4289-8259-370a4a24070e,111,4.718498871295094
898145a7-1b98-42af-ab38-4cacedf77eed,CPTAC,STAD,9ae63558-fdb6-4720-82bd-bd81c121d16a,67,4.219507705176107
8ea640ce-796c-44cf-bef2-42d7057a9e22,CPTAC,STAD,72539ae6-1724-43a8-af47-ff7ff59887ae,27,3.332204510175204
91d03cbf-e9cf-4079-bf79-64890dfc9eb9,CPTAC,STAD,4f41fa3a-7e5d-4f09-8d35-0fad228cbcb2,1014,6.922643891475888
93cea122-5f33-454f-add6-0a0be152b208,CPTAC,STAD,e9256e78-5f20-48a4-bdbe-d5aa1aceb735,80,4.394449154672439
941492cb-a055-4994-9b09-5913aba5a705,CPTAC,STAD,996efc73-7aca-462a-b059-b5bf65966f2f,100,4.61512051684126
94836681-1b93-4677-a046-df3572c984f3,CPTAC,STAD,77a0b4b6-3b25-45fc-8c47-175af5f0cf0a,396,5.983936280687191
94beef0a-8be2-4d0c-ae8c-ca4f26bfaa16,CPTAC,STAD,c07c0eb5-b387-4253-bb23-fcdd79a81895,86,4.465908118654584
9663c8bb-773d-4457-9ee6-8a7f89c64d98,CPTAC,STAD,288f7b5b-c56a-4032-b961-5d12bbe8bf69,1192,7.084226422097916
968bf5f1-4d6f-49dc-98ef-83f3fe1af90d,CPTAC,STAD,f6230298-bf89-4118-a7bc-2f2d29e53d83,672,6.511745329644728
9774ad81-3978-4357-851b-be9c18ebb89b,CPTAC,STAD,52a7ae67-f15f-4f51-a343-3a215b7028d4,60,4.110873864173311
9901a947-2d54-4002-ae24-a0839d6a50b3,CPTAC,STAD,0b79fa48-eb66-4bf5-8da9-45f6f99f3662,77,4.356708826689592
9a1261ff-dd9d-4ed2-b4e9-e0124b0212f6,CPTAC,STAD,2f8d9405-fc06-4b92-8d45-55241a234ac6,25,3.258096538021482
9e985df8-3e96-4f88-956b-30574de89c3b,CPTAC,STAD,410c6a60-4ccc-41b4-900a-41b8e8b7403c,67,4.219507705176107
a1fef36b-849c-44d7-8c8d-50c5b9d55f1b,CPTAC,STAD,e3b16cab-ac31-40cf-805a-98225a5b3450,44,3.8066624897703196
a3c4fe78-97e7-4bb8-8527-5bf6010958b8,CPTAC,STAD,678c3cb1-54cb-4567-ad2f-d5df7b12a01f,1353,7.21081845347222
a454982a-9820-4b52-bb42-7698f5bb121f,CPTAC,STAD,eea00b19-6611-4f1e-84b0-1aee19999abe,231,5.44673737166631
a8510102-8b15-42f8-86ef-76a96d741060,CPTAC,STAD,07851a66-2ca9-4016-ae5b-d9bb90e968db,1404,7.247792581767846
a978b1e3-31ad-4dd5-8bb9-7310cb12eb59,CPTAC,STAD,c7624d24-f9b4-4442-9c81-bc25215d5f2b,22,3.1354942159291497
aa8049c3-dd40-46d3-b204-c30618bdfbe8,CPTAC,STAD,a5afc6b5-ea8a-4587-bda1-744cf35b7224,1341,7.201916317531627
aab2dce5-b3ba-4054-b157-23f50833c434,CPTAC,STAD,d8a3d5a9-12a2-4914-99b1-a9ba5e517c16,102,4.634728988229636
abc71fa9-9b79-4653-8457-abd01c4b6515,CPTAC,STAD,26029f0e-88b5-44f8-bf59-98fce9231d8b,536,6.285998094508865
abdc7dd0-4060-49ae-a304-5cb39e3f40bf,CPTAC,STAD,e3bab65e-2c40-4cb6-91a8-198e1f260946,216,5.37989735354046
ac1fcc6a-f722-480a-8006-3b85998518e3,CPTAC,STAD,8b00fe29-86a9-41df-98d2-c86750c1f167,82,4.418840607796598
ad10ee5e-8898-4dcb-83b1-dde30caeb23a,CPTAC,STAD,171dc5c7-141f-48e3-94f7-f9bf4865a0d1,114,4.74493212836325
ad24d74d-bb4a-47d8-abb2-23a686c5a9f0,CPTAC,STAD,67c989c2-d34a-4566-91c3-8e80c3611a2b,222,5.407171771460119
ad27cdac-3975-46e8-8ec7-3c624661c18e,CPTAC,STAD,36a0f11d-7530-48a9-a02e-04ece6b347ec,68,4.23410650459726
add9546c-edc2-4989-b283-4645199abb70,CPTAC,STAD,4fb0a939-90d4-42d1-9ae7-d7219407cecb,82,4.418840607796598
b1846177-8000-4672-977f-52a074935840,CPTAC,STAD,05e71687-9940-4b32-83de-6c7244383c36,2219,7.705262474866325
b1956981-fe29-4443-bca2-448d5b497160,CPTAC,STAD,701f435b-3370-4cbd-b8f2-6d326489569c,64,4.174387269895637
b6613b37-f76a-4ab4-a3c0-5131f0f53800,CPTAC,STAD,b6e72f25-1d28-4c33-a74e-5d2de5148f41,160,5.081404364984463
b896446f-6d9b-4f4a-85c3-83cfcf592d23,CPTAC,STAD,e8e5cb2e-aeae-4609-9cfc-141334204e7d,125,4.836281906951478
bb04c848-4bc6-4b16-bc10-15c5ab94ef38,CPTAC,STAD,653cd8a3-4cc2-467a-8039-16bd9a895b4d,1435,7.269616749608169
bbb37a44-af4c-4199-b623-0d4950c0ba88,CPTAC,STAD,942ecbef-470f-4569-9861-b944d33941e6,847,6.742880635791903
bc56ad74-5819-4adf-9236-97e41819bcd7,CPTAC,STAD,794f6fcf-0694-4e43-a15b-feb3992236a0,49,3.912023005428146
bcfe9a22-3a4f-4509-ab3a-9783046e227b,CPTAC,STAD,2c8f6219-9451-4771-b5d3-4b5de837aa98,88,4.48863636973214
c167fef9-16f4-43c8-b1fa-3d78ee4f54ec,CPTAC,STAD,48c387c6-08aa-4133-ad61-af948bcb29a1,65,4.189654742026425
c3007235-8d74-43cf-9725-0f32dfc0883c,CPTAC,STAD,a18986ca-6939-4583-9d2b-0cf0f11b15e0,59,4.0943445622221
c58427ae-4cc4-4f3f-994a-712e2f4a3217,CPTAC,STAD,76bb9ec9-69d6-4512-9828-9cec38103de8,1151,7.049254841255837
c710e51c-2da0-4b7f-9b0a-aecdee7b1338,CPTAC,STAD,6fa34ce6-86c7-420e-9939-522af17dc538,1410,7.2520539518528135
c77a8be3-4c8b-4abd-a92c-73214c4cbed8,CPTAC,STAD,6395d9ea-f7b5-4fd1-b2a2-4a49933764e2,25,3.258096538021482
c803d226-20e9-446b-82a6-504d3efaae9c,CPTAC,STAD,1af5e16b-f2b1-4c12-98c1-8dded97151c9,100,4.61512051684126
ca048937-ba62-475f-a80e-2b0e48ba9a75,CPTAC,STAD,98ec6948-b6ce-46c0-8f28-4dff5b44eb0d,178,5.187385805840755
ce2659c8-a9a4-42f9-9f96-a5eac30044a3,CPTAC,STAD,33813370-587c-4626-9528-abb3b7e62c80,61,4.127134385045092
d033c229-acc6-4272-8aa6-286e086ff328,CPTAC,STAD,d5029d16-d6fa-4b85-ab75-6a6ed4478eb9,287,5.662960480135946
d2381b27-b51f-48e2-bfe6-1d739185b75d,CPTAC,STAD,d8d11300-cdb5-4b74-8b78-88cd04bc3d44,503,6.222576268071369
d2fa33a4-c444-4bc8-bfa0-9903014471fd,CPTAC,STAD,b7d19e93-39f4-49d4-adec-873c3997493f,60,4.110873864173311
d76edac2-3d31-4c9b-bdf8-9a96a9dcf61b,CPTAC,STAD,54b46efd-2a2a-4e39-9341-01dc1c8c6c7d,103,4.6443908991413725
d8e65106-8e35-4e03-b72b-26a6517b9fed,CPTAC,STAD,a461b41d-ee8e-4d93-aee4-2ec6dcafbf77,84,4.442651256490317
d9accdbf-943c-4788-831d-e4c3331c6cfd,CPTAC,STAD,d475e51f-ebb9-4bff-b54f-3377536e325b,66,4.204692619390966
daee5d73-fddd-4446-a233-f67a6d7bf351,CPTAC,STAD,c6f626e0-d390-4a56-8d84-44fa0eef2556,1005,6.913737350659685
dcef42be-8418-40ab-a0f1-560dad57f366,CPTAC,STAD,56a90477-9022-4deb-9803-0cfc62f58d2b,31,3.4657359027997265
de0b7d09-eb86-4994-a949-965a22bdca8f,CPTAC,STAD,be7561e2-82a6-4c86-88ed-7a7d5592058a,282,5.645446897643238
de5e52da-6727-4fa3-8ada-88b31cf4b894,CPTAC,STAD,6e0a0d8c-bfb5-4df9-b710-2a1c879d983c,61,4.127134385045092
e14add22-21dd-4ad9-95de-fa1ff029b84e,CPTAC,STAD,e61b42b2-da30-48e8-8140-3370bb7d0742,62,4.143134726391533
e57d1bbf-330c-487f-813e-c6d181d950e7,CPTAC,STAD,1e7b44e9-dc80-4292-83ca-b1204fb39776,79,4.382026634673881
e5a96d45-78da-40a8-a599-b02b44a8a4ff,CPTAC,STAD,d548bad1-c40d-407e-a2b7-a2ca400d2975,143,4.969813299576001
e9c6a699-88ec-4503-9918-5073f6fc2867,CPTAC,STAD,e8945e99-fb24-4c0a-8607-4c7624a9eac5,0,0.0
eb57d6a2-55c1-47dd-96a9-5a7d011cb987,CPTAC,STAD,3d6f6ee3-6596-4a4c-8422-f0ac52abb8ed,56,4.04305126783455
ec554409-d484-4325-9ff1-319a96824023,CPTAC,STAD,a032f5ad-e4b7-4423-bd8b-0cae4cfbc150,1753,7.469654172932128
ecd86bbc-cf55-4103-95c8-a84cc80386c4,CPTAC,STAD,084c84c8-9dd3-423a-9740-8ce335d24d67,60,4.110873864173311
ed357e4b-fe19-4fbb-bbaf-e37dab2a0bc4,CPTAC,STAD,33230557-5f98-4a55-9c71-f9096518e643,1693,7.434847875211999
f037cda9-3c05-4778-b235-01c2a95dc432,CPTAC,STAD,ee71e47f-5d87-4d81-9e34-cef02073e499,1974,7.5883236773352225
f1c368cd-17d0-4c42-b6da-ce7e048c3b92,CPTAC,STAD,19524980-e3dc-4d37-82ea-eec89d3d4b69,1861,7.529406457837013
f38abcfd-3c46-4ee9-a584-1570f918c04a,CPTAC,STAD,a307084e-b28b-4753-bb7e-856c420b2fe0,54,4.007333185232471
f474deeb-7246-42a4-87e8-4ad072c91de0,CPTAC,STAD,e6a78cfa-b1be-4857-a63b-fa33f49ff6cb,60,4.110873864173311
f5c8b225-a9a3-4b22-a924-311c2d24deb6,CPTAC,STAD,c5b6e680-367e-4536-b627-c95f97833845,84,4.442651256490317
f70289e1-fa88-4df1-9df7-0820d0190544,CPTAC,STAD,7441958d-f961-4991-ac56-bbc1f4828809,2054,7.628031126930335
f890b55a-bf86-45fa-96bd-43197b8ddc1c,CPTAC,STAD,d0e6030a-208d-45b0-854f-c340b3f439ff,917,6.822197390620491
fa0189f8-d0ab-447e-a6b5-9a3a46f40f9b,CPTAC,STAD,b8627169-3883-4f24-bd12-f3a8969335ae,113,4.736198448394496
faad8b1c-5fa8-49ef-9d9e-a789ab02b80a,CPTAC,STAD,77b9bc3e-fddb-4d87-a5c2-7caa1ae84eb7,188,5.241747015059643
fecd8f3c-cbd8-4338-a37e-feca7c6c6fa9,CPTAC,STAD,cc405c22-c5dc-4834-88ba-126a91e89e44,43,3.784189633918261
03e25765-6e83-46f7-a4da-c0fdf753e336,CPTAC,LAML,b8ebae15-cdf4-475d-a1d8-fc4205ddc9fe,1,0.6931471805599453
04a924cf-5105-4867-902a-5165a1adaff0,CPTAC,LAML,dd6f8d00-c82e-4a67-b376-7ebab6edbccd,12,2.5649493574615367
04cde2d0-d063-4a24-a0b3-fb8c03034293,CPTAC,LAML,c0433446-997e-4d8c-9a41-2e689b80ea5d,8,2.1972245773362196
08333aea-eaaa-4728-a4e2-83aea9397100,CPTAC,LAML,aa4b35ab-ab94-4083-8853-c6d3fa3fca9c,6,1.9459101490553132
0841a5fd-d084-4a33-abd5-4c43e4d3b8d1,CPTAC,LAML,60e328d1-8b23-4e2e-8093-cf443b513fbe,0,0.0
08e2d112-364c-4b0e-96bb-9c40b8b3acdc,CPTAC,LAML,1ff70482-5045-4f21-aa4a-d4b29d9d69d9,0,0.0
0b59a357-5063-434f-affe-e0c0284091b8,CPTAC,LAML,6e299ddb-f282-463c-b1a5-f79fab392a22,12,2.5649493574615367
0cd4fca6-78d2-4260-9b8f-ef953e2d3d9e,CPTAC,LAML,af6beab0-cb4e-4b3e-b0ac-9961947ae74f,21,3.091042453358316
0d9a5fb2-066a-44f1-8e85-3bcefd32496c,CPTAC,LAML,c366f81e-0df4-44db-a254-6d9485f5b394,7,2.0794415416798357
0ed8f612-8459-4773-810c-fc2e7ff74d57,CPTAC,LAML,9914fcd0-11fb-4cfb-bf31-683235a683d2,15,2.772588722239781
1005a908-ad6c-456e-bc6a-a9b2f108e0e8,CPTAC,LAML,f799b2a0-22b4-4c85-84e4-49c2847e47fd,12,2.5649493574615367
10b96620-545a-4d3f-bad4-b97a9d0835a2,CPTAC,LAML,3e40d863-0a35-44d0-9b42-c4eb02555367,7,2.0794415416798357
12293b79-43ca-4bb5-9045-ccdf2e232e1e,CPTAC,LAML,c5ba8bef-16c5-4bca-8437-d82d86a4011a,7,2.0794415416798357
135ccd52-ece1-442a-aa8e-a155dffc2333,CPTAC,LAML,a4c0f69c-1124-4dd2-bceb-5aa51f269683,4,1.6094379124341003
1366e53c-ee49-4b2d-af12-28207cbf0c8e,CPTAC,LAML,5a10926e-0601-4c3a-bc8b-3e0cbccf8aaa,0,0.0
1adb616b-b665-4c33-8a8e-f7578210d6ba,CPTAC,LAML,aebe5827-5c2e-4fd8-ae27-8a5c4deb8176,4,1.6094379124341003
1dc55aee-9c92-44c4-a9e4-36aa1b0f9a4f,CPTAC,LAML,274184ba-e257-448c-bb21-4eb208aee886,1,0.6931471805599453
1e03b5f5-572f-423c-a7c4-14914248a834,CPTAC,LAML,cdc7ae21-f65e-41c0-ae19-5bbf4e2ef4c1,0,0.0
240442d1-829a-47e4-97c2-0335512db770,CPTAC,LAML,272934ad-9bd9-474b-8ca4-6abde7ac9ad2,13,2.639057329615259
255ad40c-af6a-4157-95c8-2819031d64c0,CPTAC,LAML,2a838048-b373-4081-9488-d80ba71a412f,9,2.302585092994046
28e559bc-16f6-42f5-b2ee-7d6e78fed5b2,CPTAC,LAML,33b28785-daaa-4510-ab1e-cf4e7f261496,1,0.6931471805599453
28f33fbf-6896-4511-b538-ba9a2d2bd863,CPTAC,LAML,ffa36379-37f0-427b-92df-2c12f5acaef3,11,2.4849066497880004
28f942e9-6519-4c6d-b5c5-1c413a070260,CPTAC,LAML,d61000a6-3cda-4cb5-b63b-980a47273750,2,1.0986122886681096
2a95a68b-02da-401f-a231-f5b1f2b38e4f,CPTAC,LAML,c18a9ed1-03c5-4b81-9233-a796539deb25,39,3.6888794541139363
2f30eb94-fef6-47f1-beef-e938900da87c,CPTAC,LAML,9aa0ea2c-cec9-4a61-a7f3-97f094b69a8c,1,0.6931471805599453
38affdde-33c9-4f8b-8987-6e158bc47651,CPTAC,LAML,ffe00f6f-77d2-4cf2-a028-851e60ad92bf,1,0.6931471805599453
38d275de-7e80-4af2-80c6-059f10b7b5d5,CPTAC,LAML,00c49a5d-7f6c-4c35-9fff-8a26a19adac6,0,0.0
393473a8-5c50-4ec7-a63d-13407b0f2ad9,CPTAC,LAML,56b833e9-54cf-487d-9b37-38ebe3bfd22b,1,0.6931471805599453
3adf131b-c346-4e0b-a5f7-9f6bae103c9e,CPTAC,LAML,c963bf35-0cca-41f8-8f82-aa4c8b0ab4d7,11,2.4849066497880004
3d6b543f-d0d4-4efe-b010-011e17602243,CPTAC,LAML,edd6085f-d729-4a64-9c35-88c6f5b4071b,0,0.0
3dcde5fa-f597-4848-8992-5fbe17203fbd,CPTAC,LAML,489f4af7-fd61-4213-a94a-e235a54a4c0d,8,2.1972245773362196
3f0ae1eb-04f9-49a7-a601-3020c6ed8d61,CPTAC,LAML,f66914af-152e-468e-9ac4-437d9a220d68,13,2.639057329615259
3f339668-088f-4672-9933-8988ce080c67,CPTAC,LAML,f3de40b9-a61d-471b-a5b0-dd0ee619cdb0,2,1.0986122886681096
40b75d78-3d5d-455d-9b71-e22ec45ede70,CPTAC,LAML,c66dc17c-600d-421d-b6f1-f0ed49a77bf2,7,2.0794415416798357
424b6308-17c0-49f6-81a1-9bc3d6b94641,CPTAC,LAML,336a1731-219b-456b-8909-c7d3ec96cafb,6,1.9459101490553132
42eb928b-b51e-4618-aec1-d62d35600c66,CPTAC,LAML,6d03d7ae-9501-4ae3-adc4-d1c5dc0706fc,0,0.0
441b356e-c446-44ff-905b-9b3d7a909542,CPTAC,LAML,6e11cb73-46f0-4c44-8661-2b0b9205ef0e,5,1.791759469228055
46d91cd2-e013-4734-a625-4a536c1cc394,CPTAC,LAML,0c97281d-17c8-4ec0-b3c4-fc310637e5a3,11,2.4849066497880004
47392441-298b-41fc-9ea4-f0016fe557b6,CPTAC,LAML,71106b84-71e8-4375-bfc1-9579cae136c5,2,1.0986122886681096
49ec4eb6-da3d-4a69-913e-61b115e21860,CPTAC,LAML,e0514f52-a1c7-4cab-862d-2a6146e9e097,11,2.4849066497880004
4a4d4659-4ad3-4953-a918-f8764b2973d9,CPTAC,LAML,ebdbaa98-97a7-4c52-ae18-1452d419b192,0,0.0
4b15d5f5-2740-4ce8-9603-bbb494d7fb25,CPTAC,LAML,731bddf4-2778-406c-9da4-4fa60e835632,0,0.0
4b558a53-855a-4f85-9d2a-b4ed0eb8cd47,CPTAC,LAML,d3cea1f6-2c89-430b-9964-f9fa363f1598,5,1.791759469228055
4dbac012-1e04-4017-a991-dfc0c5e36798,CPTAC,LAML,4ad15364-3ba0-4b68-9998-1225594e49d1,1,0.6931471805599453
5472ff28-e404-472b-b8a9-34a327a67031,CPTAC,LAML,d89618ec-7475-4bdc-a0be-e10be9d408d6,14,2.70805020110221
560b15ee-4b09-46da-8b7c-b9bf49b603e8,CPTAC,LAML,7131a07d-823c-45ad-8fd0-f80b80d7c38c,20,3.044522437723423
560ead79-1f9d-4e1c-a937-fb5cf63f0f77,CPTAC,LAML,9aa031e4-9e82-473e-8e1f-d7a2ef4d401c,1,0.6931471805599453
5a8d9153-8a12-4dbe-b83d-07d37a09dd75,CPTAC,LAML,26f88998-0078-4591-9c52-b51301c94ce3,8,2.1972245773362196
5c0d8844-86ab-4191-a4ef-d352b970503e,CPTAC,LAML,1ffff77f-671f-4750-ba95-922bef021469,6,1.9459101490553132
5d767e29-3f03-433a-a977-13ea665f1b85,CPTAC,LAML,0e78dc1a-6d86-405c-9259-8889ce2b45be,4,1.6094379124341003
5e11c4f9-e58a-4504-a6f1-f0457ec3abba,CPTAC,LAML,9989346b-390e-4a92-8dcb-a4e2a2f0403e,4,1.6094379124341003
5e187cc7-19b2-4c53-999e-ea09117bb972,CPTAC,LAML,0a7fa2f0-3d5e-4033-9f0a-d97aeaf53460,5,1.791759469228055
5faeb971-265c-44ea-ac81-1c9b92da0abd,CPTAC,LAML,c6b622c1-1d4b-4e9d-bf9a-6f321dae2a77,2,1.0986122886681096
5fd1d0d8-1717-425e-9f76-805fa536806a,CPTAC,LAML,8f729cd8-170d-497f-b13c-862faa07e91f,8,2.1972245773362196
64b1d4b2-5c65-4a5b-addd-9eb88eae3616,CPTAC,LAML,dbab874f-b289-4e53-847e-70101e399314,2,1.0986122886681096
65945565-0607-4dcc-ab84-6233a9b3156b,CPTAC,LAML,90b35a90-2c2d-4d1a-ae92-f431dd4b5f8a,3,1.3862943611198906
66a68ccc-896f-42a9-a4fd-a21f16459b42,CPTAC,LAML,7259b7bb-fe8c-4df6-8a23-1b3018582659,0,0.0
67b00b4a-c675-4838-9779-897d4687a9af,CPTAC,LAML,a5f1fa43-b151-4265-bc19-7b789fac993d,1,0.6931471805599453
67f6c9a6-4f70-4a0e-8229-db68054db498,CPTAC,LAML,1f36ff0d-36ef-444e-94e0-daf110972c27,1,0.6931471805599453
6ad102f2-8920-4a5e-b9de-b36aca31b0a8,CPTAC,LAML,601f6adf-3b0d-4f68-bda5-004bd24aabaa,5,1.791759469228055
6ecb8620-9dca-4f78-abf7-a8ab6403385a,CPTAC,LAML,366fc030-34bf-4b0e-8ed9-5f3d5b055063,3,1.3862943611198906
6f288d20-3ebf-4aef-9803-94ecf17d2afe,CPTAC,LAML,62c643e1-d8d1-44ea-9727-ecc0602c00dd,5,1.791759469228055
6fb0325b-7791-47a0-bfa4-109ae87dd320,CPTAC,LAML,51b6b8a7-daa2-42b0-a2ba-860a3b2509a9,8,2.1972245773362196
7042f864-614c-4379-9535-361fc402b1c6,CPTAC,LAML,f967991e-1423-4469-9829-9ee9d28048eb,3,1.3862943611198906
7122b61f-7819-444a-8785-5a861c798839,CPTAC,LAML,8a5a8342-c22f-423e-8432-7787dacb7a40,2,1.0986122886681096
75a61754-30e9-4ad0-9c20-5761b9bbc4ab,CPTAC,LAML,036c19e4-ca79-4aa8-8d32-4553f63fa9ba,1,0.6931471805599453
779547af-ef6f-4874-bc90-60502618e5c4,CPTAC,LAML,79cc9f4f-62dc-4433-b1d7-bc3b399a4a94,7,2.0794415416798357
79078337-7817-489e-ab6e-8ece8a90317e,CPTAC,LAML,7db54ff1-7176-4965-8811-d61324d60143,11,2.4849066497880004
7ae9f40d-0dad-4328-905e-836d4ac81e34,CPTAC,LAML,9bb3b31f-ef70-4a44-ae11-d41ecccca2ec,10,2.3978952727983707
7c8f8901-bdb3-4ce7-a841-ae3a7f70f2a1,CPTAC,LAML,471cc053-ae37-45c3-99cf-d757eecf5c7c,8,2.1972245773362196
803ba5cc-b319-4aa3-9bdf-3c0e867e2521,CPTAC,LAML,c78c2167-bc69-4496-bcae-a40fd0a85b30,1,0.6931471805599453
80b433c2-530a-4589-8ddc-0124a61240d3,CPTAC,LAML,5a809379-9abd-4dcc-9301-fbc0f725b0fb,0,0.0
8200b6fd-87a0-4671-bcf6-390b196c925f,CPTAC,LAML,6b0e6882-caa9-46ab-a96e-972779900fb7,11,2.4849066497880004
82be1f2b-8b39-40c5-87cd-a2c9986442ab,CPTAC,LAML,061e474b-ae41-452c-8479-60b33aee304d,0,0.0
84ef7524-1855-4f82-be9e-86b2856edfea,CPTAC,LAML,52ca7ed6-ec77-4aeb-8140-2049c5d20b7a,3,1.3862943611198906
85b7fdcb-2454-42ff-880a-38fff9269eb5,CPTAC,LAML,f51f6036-8215-4ac8-aede-679905e59b01,7,2.0794415416798357
88f54acc-2a39-409a-bb4b-17eeea0d59c7,CPTAC,LAML,634c2818-fde0-467f-98ca-a9439009d58b,8,2.1972245773362196
89b89fb6-91e8-4ab3-8672-c108791a95e2,CPTAC,LAML,1394973b-f604-4327-9cad-aefcf178cd33,7,2.0794415416798357
8b277d0f-f22a-4168-a189-5df2129c4ad2,CPTAC,LAML,af56f83b-7f40-4179-bcf1-f280d0ac2c3f,1,0.6931471805599453
8cd287fa-d91a-4a72-8808-f42bfae83943,CPTAC,LAML,e42abf29-fa64-4d83-a21c-0e7b73180914,4,1.6094379124341003
90318dda-7722-45d9-a102-cc84e1d3f1bf,CPTAC,LAML,92588d73-4767-409f-a5e7-83c8634ed241,0,0.0
905abef2-91b3-4148-9f9e-8c229d51ceea,CPTAC,LAML,c6197bb8-4aa4-452f-a175-d39881b3bb7a,4,1.6094379124341003
90f61e50-ab0a-4532-9ef9-bed69d990cf7,CPTAC,LAML,86e4dbe0-8f76-4b1a-b057-17465ea38abe,8,2.1972245773362196
92f19c41-33bb-4580-9871-51a6b27d6918,CPTAC,LAML,1d03959c-d202-4ea0-bb1e-b34ae5471b16,0,0.0
934bcf4a-60e2-4499-9685-4715246d2863,CPTAC,LAML,5f701502-cbf5-4787-80d1-a1c562a935df,3,1.3862943611198906
94cb5c05-8175-4f44-83b9-c52f51218eb8,CPTAC,LAML,2937c808-e12f-4b87-a979-47cb8752f4a6,0,0.0
94cbe28d-112e-435a-914a-b15b8024801c,CPTAC,LAML,7093b671-6d2c-4d04-abcd-d3feea3dfb1f,8,2.1972245773362196
9515599a-b3f8-4a11-b9ae-ba2f2c291396,CPTAC,LAML,10495097-e33c-4e80-b4b0-4e33b299dc66,7,2.0794415416798357
976bdbec-86ba-4313-a4a9-6278a5952b60,CPTAC,LAML,c006ed13-c825-4251-b115-cf4b7520517d,6,1.9459101490553132
9abc1155-520d-4d48-b8cf-b4482fc96055,CPTAC,LAML,0e542fa7-c688-494a-b73e-8886c476c42b,1,0.6931471805599453
9d5102ec-3ec5-4585-8c59-2a968f710471,CPTAC,LAML,4b88a3ab-56be-4da4-9782-53d1a26b6c38,1,0.6931471805599453
a16dcee2-ae49-42d9-93e3-fb4eb8c096a3,CPTAC,LAML,a66810c3-34b0-48de-8d34-eada680a288f,0,0.0
a17f8659-6748-4195-80cf-e3adcbe3c711,CPTAC,LAML,98cbd478-3172-4b6e-8c9c-8d6a9ac0c0ad,9,2.302585092994046
a2b1fbcd-95c5-4916-b5e4-c516e29b2812,CPTAC,LAML,d3c19081-cede-4432-8416-856c1ad98818,12,2.5649493574615367
a6e48442-0ae4-4507-81cc-8f2e50aa5438,CPTAC,LAML,b3233e19-935d-49b5-94bc-cacfd01a91d3,3,1.3862943611198906
a8385441-62e4-4261-babe-4b70c09aaf90,CPTAC,LAML,18f19a2d-2caf-49ee-b79f-e53b910afd89,0,0.0
a8497a35-c24a-4068-8bd7-3766503b5514,CPTAC,LAML,0952ad49-7552-4954-90a3-0ef87c62ac78,17,2.8903717578961645
a8f54b7a-bd04-4e5e-8db7-5698baec0c4a,CPTAC,LAML,822501c6-cfda-4474-9477-db9e95181d02,0,0.0
aab3ec09-561f-40ab-9795-9e85bea6e639,CPTAC,LAML,81b90c29-e298-4d89-9e46-16f053a252c3,3,1.3862943611198906
aafce599-e35c-480e-a765-829ebac1aa2c,CPTAC,LAML,6c805d38-2d86-443a-a16f-abde3ba8fda0,3,1.3862943611198906
ad060611-9da4-488d-a9a2-0d53388d093e,CPTAC,LAML,4e4e9262-baf3-49df-82b3-fac2c28c7a04,15,2.772588722239781
afe1c491-8144-449d-85e6-9922222144ab,CPTAC,LAML,768d4f55-58a0-472f-9be5-7aa3270d3d72,5,1.791759469228055
b118387b-b723-4c72-b97e-7c4bf450f903,CPTAC,LAML,67e9a375-7d32-40c3-a4aa-d3544f935658,7,2.0794415416798357
b201a4f3-ec74-473b-b945-1e0bd7a380e1,CPTAC,LAML,9a79523f-ebe2-47da-9d59-5bb31b855c24,0,0.0
b572a483-5a48-4d97-a4af-6eefd1708730,CPTAC,LAML,80b492b4-ccb8-413e-8e48-10b07902f92e,4,1.6094379124341003
b5d11c1b-dd26-4e05-a631-4b1d58a60b21,CPTAC,LAML,068254ec-0d8c-4b3c-84df-a8b053984527,1,0.6931471805599453
b71d54cf-9e98-4963-9219-62bc308ed4fb,CPTAC,LAML,d7899fb7-5f6b-4dd5-815c-2da808ef2c53,0,0.0
b7e469a4-8862-47d2-a991-0898778fbea3,CPTAC,LAML,18217e7b-d5a4-43b5-a5b0-6c36b5cd9ce8,5,1.791759469228055
c10d3941-3916-4311-841d-521f13b9019f,CPTAC,LAML,0851ebfc-fcd8-4b40-9bef-d6972626b818,4,1.6094379124341003
c9a5fc5a-3a91-4ed8-88a9-a6c403580580,CPTAC,LAML,44dcdb1c-0294-49d3-bd1f-c187bef2b889,2,1.0986122886681096
c9df1d97-09c5-4a8c-acfd-ba82daf44e40,CPTAC,LAML,3046957f-2b7c-443c-9279-4b744027d2e4,9,2.302585092994046
cea895e0-5c06-40af-a63e-7df271d750a1,CPTAC,LAML,fb09e813-2ee4-467d-994b-e1dbc1891dc9,4,1.6094379124341003
cf012c49-0f9a-4b3c-a5fe-708a87dca5fd,CPTAC,LAML,d18e0bf6-655d-44a0-a970-e9d9c4fe6776,3,1.3862943611198906
d012ecb9-911b-4701-a9ed-c0a971f602f0,CPTAC,LAML,6e9bf80b-6f4e-4e2d-ab44-6fbd60ba0951,8,2.1972245773362196
d2050f37-d465-4094-b179-3258bb4efb35,CPTAC,LAML,627edbc1-7ad8-4d2a-af20-72b9cbd467c8,2,1.0986122886681096
d3105217-6f7f-4315-b5ec-503cee376674,CPTAC,LAML,ac1fb94a-5e2a-43b1-a951-40941ed80fe4,0,0.0
d38c0dff-86d0-4733-a982-4f25b56dc915,CPTAC,LAML,88577f7a-279c-4bfa-8f12-534603962c6a,11,2.4849066497880004
d558f673-2e79-487f-a2c5-1745e536e970,CPTAC,LAML,246dfdac-8868-4916-bc1d-3749f868d2ae,9,2.302585092994046
d907b370-8df0-43dd-aa9f-09cd4221b246,CPTAC,LAML,8bac1843-68b0-4239-aa6b-128bb00b4048,15,2.772588722239781
d9ddbe8f-ed12-4672-963f-0b39dea269a5,CPTAC,LAML,8e751f3d-6a72-4806-9a32-1f946a3c6b94,4,1.6094379124341003
df6fa6ae-4858-45bc-ac10-fc23f90a4d2f,CPTAC,LAML,86ba83b8-531a-456f-ae6e-e35fec550440,0,0.0
e1590b08-4308-4288-8ecf-6b5e9d7628f8,CPTAC,LAML,f856a8e0-7f58-48c9-bdd0-2fb210185eca,0,0.0
e21968d0-4d72-4a83-88ce-4a8c13190b21,CPTAC,LAML,d8c02dee-69d5-425d-8fee-b9cd44ee0ef3,0,0.0
e28cc014-3361-4776-9e90-389dff7441fd,CPTAC,LAML,8df5ef9a-344d-42e0-993f-b62f6f65f990,0,0.0
e3d6192c-2812-481a-89f7-29365e1cd546,CPTAC,LAML,9f05292b-70e8-42ee-bd7f-5a998e4ea652,5,1.791759469228055
e3eb87fc-1f20-4630-9d00-916c8fa9297b,CPTAC,LAML,be167a42-8c95-4a87-9508-dc73a2f85b79,3,1.3862943611198906
e4902df5-6209-4f0d-9459-4e8fa04ea6b9,CPTAC,LAML,a2d3367a-c717-47ef-ae51-21ba8f78dd4b,5,1.791759469228055
e79e01ec-8857-4f55-9be4-452ee07a943d,CPTAC,LAML,cf13da56-619e-4152-aab8-9172cd825f02,4,1.6094379124341003
e9c07fec-3b81-4446-b848-c5eea4a3c1a9,CPTAC,LAML,2cce1ffa-b7c3-439f-9690-ea2ed7af0730,14,2.70805020110221
ea6afb24-0804-42f4-ad6f-d0782080d255,CPTAC,LAML,649c4517-8b56-42e9-a979-3603b633b705,2,1.0986122886681096
ec361919-69f8-4f31-b9cb-c6ee3978e4db,CPTAC,LAML,05de131b-d0c4-4581-910f-316163ff125c,1,0.6931471805599453
ed61276b-272d-4cd7-9f2d-754b1ed3ed66,CPTAC,LAML,e58e0439-7487-45fd-96d6-b6b71a9d6ba1,7,2.0794415416798357
ee230fa2-b736-4609-9693-6893f847b088,CPTAC,LAML,e8354eb0-cdbc-4905-8b8c-ae253f46cbe4,0,0.0
efab6f4b-779e-44d1-afaf-221b4727bbe9,CPTAC,LAML,e48f6d62-8b28-42db-9b12-fc6bc6b76e1d,13,2.639057329615259
f15a3ac5-8d66-4e94-8006-b8d18c739d4b,CPTAC,LAML,83a1e0c9-12fc-45dc-989f-e18226724a86,2,1.0986122886681096
f49c9a22-c113-4dc9-b0f9-2e9c48dda1c7,CPTAC,LAML,ce324a67-41c9-4192-bf93-553c4a7f222d,0,0.0
f4cf6a86-f783-4324-9fc1-f8bcce9f8eaa,CPTAC,LAML,902aff2e-240a-473d-8db5-53719bff3452,5,1.791759469228055
f7229f5e-a898-45fc-8423-b264edeb37d8,CPTAC,LAML,86f2cfc2-61e8-40e9-ab1d-b4bf43877229,3,1.3862943611198906
f93309bd-8513-4f06-b072-bd315a13d0c2,CPTAC,LAML,6b1e3738-187c-44d8-ba0f-8f7c092ae4a6,11,2.4849066497880004
fdf3b627-8bb9-4f05-a01c-f6082eec4f20,CPTAC,LAML,ae94cc91-159c-48d5-a383-9c18da2e03e7,6,1.9459101490553132
fff30c7d-6f71-406e-bd2e-432505160d17,CPTAC,LAML,db60d2ce-1aa6-460f-b0e5-75cb298e89f3,1,0.6931471805599453
